skill_id,skill_name,skill_type,reuse_level,esco_skill_id,description
comply-with-legislation-related-to-health-care,comply with legislation related to health care,skill/competence,cross-sector,key_10001,"Comply with the regional and national health legislation which regulates relations between suppliers, payers, vendors of the healthcare industry and patients, and the delivery of healthcare services."
propose-improvements-to-artistic-production,propose improvements to artistic production,skill/competence,sector-specific,key_10003,Assess past artistic activities with a view to improving future projects.
manage-data,manage data,skill/competence,sector-specific,key_10012,"Administer all types of data resources through their lifecycle by performing data profiling, parsing, standardisation, identity resolution, cleansing, enhancement and auditing. Ensure the data is fit for purpose, using specialised ICT tools to fulfil the data quality criteria."
read-lighting-plans,read lighting plans,skill/competence,sector-specific,key_10024,Read the instructions on the light plan to determine the light equipment needed and the right placement.
conduct-search-engine-optimisation,conduct search engine optimisation,skill/competence,cross-sector,key_10045,"Execute optimal marketing research and strategies on search engine processes, also known as search engine marketing (SEM), in order to increase online traffic and website exposure."
pedagogy,pedagogy,knowledge,cross-sector,key_10063,The discipline that concerns the theory and practice of education including the various instructional methods for educating individuals or groups.
search-databases,search databases,skill/competence,cross-sector,key_10072,Search for information or people using databases.
media-formats,media formats,knowledge,sector-specific,key_10078,"The various formats in which media can be made available to the audience, such as paper books, e-books, tapes, and analogue signal."
industrial-engineering,industrial engineering,knowledge,cross-sector,key_10084,"The field of engineering concerned with the development, improvement, and implementation of complex processes and systems of knowledge, people, equipment, etc."
set-up-machine-controls,set up machine controls,skill/competence,cross-sector,key_10089,"Set up or adjust machine controls to regulate conditions such as material flow, temperature, or pressure."
project-anarchy,Project Anarchy,knowledge,sector-specific,key_10138,"The mobile game engine which is a software framework that consists of integrated development environments and specialised design tools, designed for the rapid iteration of user-derived computer games."
hybrid-control-systems,hybrid control systems,knowledge,cross-sector,key_10152,Control systems containing both subsystems with continuous dynamics as well as subsystems with discrete dynamics.
cad-software,CAD software,knowledge,cross-sector,key_10153,"The computer-aided design (CAD) software for creating, modifying, analysing or optimising a design."
plan-ict-capacity,plan ICT capacity,skill/competence,occupation-specific,key_10161,"Schedule the longer-term hardware capacity, ICT infrastructure, computing resources, human resources and other aspects needed to meet changing demands for ICT products and services."
select-illustration-styles,select illustration styles,skill/competence,sector-specific,key_10179,"Select the appropriate style, medium, and techniques of illustration in line with the needs of the project and client's requests."
file-based-workflow,file-based workflow,knowledge,sector-specific,key_10180,"The recording of moving images without using tape, but by storing these digital videos on optical disks, hard drives, and other digital storage devices."
operate-garment-manufacturing-machines,operate garment manufacturing machines,skill/competence,sector-specific,key_10203,"Operate and monitor machines which make miscellaneous wearing apparel articles. Operate and monitor machines that fold cloth into measured length, and measure size of pieces."
ict-problem-management-techniques,ICT problem management techniques,knowledge,sector-specific,key_10206,The techniques related to identifying the solutions of the root cause of ICT incidents.
coordinate-activities-in-audio-recording-studio,coordinate activities in audio recording studio,skill/competence,cross-sector,key_10211,Monitor the daily operations in a audio recording studio. Make sure that persons involved in recording studio activities can produce the desired quality of sound according to customer specifications. Ensure the material is maintained and available.
data-protection,data protection,knowledge,sector-specific,key_10223,"The principles, ethical issues, regulations and protocols of data protection."
use-storyboards,use storyboards,skill/competence,sector-specific,key_10227,"Use a graphic presentation to convey, shot by shot, your creative vision and ideas on how a motion picture should look in terms of light, sound, visuals, costumes or make-up."
design-information-system,design information system,skill/competence,sector-specific,key_10237,"Define the architecture, composition, components, modules, interfaces and data for integrated information systems (hardware, software and network), based on system requirements and specifications."
web-strategy-assessment,web strategy assessment,knowledge,sector-specific,key_10240,Techniques for conducting a deep analysis of a company's web presence.
define-integration-strategy,define integration strategy,skill/competence,sector-specific,key_10244,"Specify strategies for system integration, incorporating the time schedule, the processes required to combine components into subsystems and systems, the means on how components will interface as well as the risks associated with the integration."
safeguard-online-privacy-and-identity,safeguard online privacy and identity,skill/competence,cross-sector,key_10245,"Apply methods and procedures to secure private information in digital spaces by limiting the sharing of personal data where possible, through use of passwords and settings on social networks, mobile device apps, cloud storage and other places, while ensuring other people's privacy; protect oneself from online fraud and threats and cyberbullying."
execute-ict-user-research-activities,execute ICT user research activities,skill/competence,sector-specific,key_10249,"Perform research tasks such as recruitment of participants, scheduling of tasks, collecting of empirical data, data analysis and production of materials in order to assess the interaction of users with an ICT system, program or application."
ml-computer-programming,ML (computer programming),knowledge,sector-specific,key_10255,"The techniques and principles of software development, such as analysis, algorithms, coding, testing and compiling of programming paradigms in ML."
ibm-websphere,IBM WebSphere,knowledge,sector-specific,key_10259,The application server IBM WebSphere provides flexible and secure Java EE runtime environments to support application infrastructure and deployments.
printed-goods-processes,printed goods processes,knowledge,cross-sector,key_10270,"The various types and characteristics of producing printed goods such as catalogues, flyers, etc."
audio-technology,audio technology,knowledge,cross-sector,key_10275,"The various technologies for producing, recording, and reproducing sound."
information-confidentiality,information confidentiality,knowledge,sector-specific,key_10287,"The mechanisms and regulations which allow for selective access control and guarantee that only authorised parties (people, processes, systems and devices) have access to data, the way to comply with confidential information and the risks of non-compliance."
inspect-data,inspect data,skill/competence,cross-sector,key_10289,"Analyse, transform and model data in order to discover useful information and to support decision-making."
ldap,LDAP,knowledge,sector-specific,key_10293,The computer language LDAP is a query language for retrieval of information from a database and of documents containing the needed information.
mentor-individuals,mentor individuals,skill/competence,cross-sector,key_10297,"Mentor individuals by providing emotional support, sharing experiences and giving advice to the individual to help them in their personal development, as well as adapting the support to the specific needs of the individual and heeding their requests and expectations."
multimedia-systems,multimedia systems,knowledge,cross-sector,key_10300,"The methods, procedures and techniques pertaining to the operation of multimedia systems, usually a combination of software and hardware, presenting various types of media such as video and audio."
study-relationships-between-characters,study relationships between characters,skill/competence,sector-specific,key_10302,Study characters in scripts and their relationships to each other.
teamwork-principles,teamwork principles,knowledge,cross-sector,key_10308,"The cooperation between people characterised by a unified commitment to achieving a given goal, participating equally, maintaining open communication, facilitating effective usage of ideas etc."
adjust-projector,adjust projector,skill/competence,sector-specific,key_10366,Adjust the controls of projection equipment to obtain a clear and well-positioned image.
graphics-editor-software,graphics editor software,knowledge,sector-specific,key_10379,"The field of graphical ICT tools which enable digital editing and composition of graphics, such as GIMP, Adobe Photoshop and Adobe Illustrator, to develop both 2D raster or 2D vector graphics."
havok-vision,Havok Vision,knowledge,sector-specific,key_10400,"The game engine that consists of integrated development environments and specialised design tools, designed for the rapid iteration of user-derived computer games."
apply-reverse-engineering,apply reverse engineering,skill/competence,sector-specific,key_10408,"Use techniques to extract information or disassemble an ICT component, software or system in order to analyse, correct and reassemble or reproduce it."
data-storage,data storage,knowledge,sector-specific,key_10420,"The physical and technical concepts of how digital data storage is organised in specific schemes both locally, such as hard-drives and random-access memories (RAM) and remotely, via network, internet or cloud."
develop-online-community-plan,develop online community plan,skill/competence,sector-specific,key_10422,"Create the community's plan to grow the online community, build usage, retain recent users and increase the user's participation."
manage-data-collection-systems,manage data collection systems,skill/competence,sector-specific,key_10425,"Develop and manage methods and strategies used to maximise data quality and statistical efficiency in the collection of data, in order to ensure the gathered data are optimised for further processing."
legal-requirements-of-ict-products,legal requirements of ICT products,knowledge,cross-sector,key_10436,The international regulations related to the development and use of ICT products.
legal-research,legal research,knowledge,cross-sector,key_10439,"The methods and procedures of research in legal matters, such as the regulations, and different approaches to analyses and source gathering, and the knowledge on how to adapt the research methodology to a specific case to obtain the required information."
interact-with-users-to-gather-requirements,interact with users to gather requirements,skill/competence,sector-specific,key_10445,Communicate with users to identify their requirements and collect them. Define all relevant user requirements and document them in an understandable and logical way for further analysis and specification.
litmos,Litmos,knowledge,sector-specific,key_10446,"The computer program Litmos is a e-learning platform for creating, administrating, arranging, reporting and delivering e-learning education courses or training programs. It is developed by the software company CallidusCloud."
manage-data-for-legal-matters,manage data for legal matters,skill/competence,sector-specific,key_10451,"Collect, organise and prepare data for analysis and review during investigation, regulatory filings and other legal processes."
synthesise-research-publications,synthesise research publications,skill/competence,cross-sector,key_10455,"Read and interpret scientific publications that present a research problem, the methodology, its solution and hypothesis. Compare them and extract the information needed."
postgresql,PostgreSQL,knowledge,sector-specific,key_10460,"The computer program PostgreSQL is a free and open-source software tool for creating, updating and managing databases, developed by the PostgreSQL Global Development Group."
manage-personal-professional-development,manage personal professional development,skill/competence,cross-sector,key_10461,Take responsibility for lifelong learning and continuous professional development. Engage in learning to support and update professional competence. Identify priority areas for professional development based on reflection about own practice and through contact with peers and stakeholders. Pursue a cycle of self-improvement and develop credible career plans.
draft-design-specifications,draft design specifications,skill/competence,cross-sector,key_10462,List the design specifications such as materials and parts to be used and a cost estimate.
keep-records-of-attendance,keep records of attendance,skill/competence,cross-sector,key_10472,Keep track of the pupils who are absent by recording their names on a list of absentees.
sakai,Sakai,knowledge,sector-specific,key_10495,"The computer program Sakai is a e-learning platform for creating, administrating, arranging, reporting and delivering e-learning education courses or training programs. It is developed by the software company Apereo."
specify-digital-game-scenes,specify digital game scenes,skill/competence,occupation-specific,key_10498,"Describe scenes of digital games by communicating and cooperating with artistic crew, designers and artists in order to define the scope of the game's virtual environments."
use-precision-tools,use precision tools,skill/competence,cross-sector,key_10505,"Use electronic, mechanical, electric, or optical precision tools, such as drilling machines, grinders, gear cutters and milling machines to boost accuracy while machining products."
operate-electronic-measuring-instruments,operate electronic measuring instruments,skill/competence,sector-specific,key_10513,"Tend a wide variety of devices for measuring electronic characteristics of system components, such as optical power meter, fibre power meter, digital power meter and multimeter."
manage-localisation,manage localisation,skill/competence,cross-sector,key_10516,Modify content or a product for the transference from one locale to another through the use of content translation or localisation service providers.
impart-business-plans-to-collaborators,impart business plans to collaborators,skill/competence,cross-sector,key_10518,"Diffuse, present, and communicate business plans and strategies to managers, employees making sure that objectives, actions, and important messages are properly conveyed."
execute-conversion-testing,execute conversion testing,skill/competence,occupation-specific,key_10521,"Plan, execute and measure conversion tests and experiments to test the possibility to convert one data format into another."
adhere-to-organisational-guidelines,adhere to organisational guidelines,skill/competence,cross-sector,key_10534,Adhere to organisational or department specific standards and guidelines. Understand the motives of the organisation and the common agreements and act accordingly.
integrate-marketing-strategies-with-the-global-strategy,integrate marketing strategies with the global strategy,skill/competence,cross-sector,key_10546,"Integrate the marketing strategy and its elements such as the market definition, competitors, price strategy, and communication with the general guidelines of the global strategy of the company."
create-advertisements,create advertisements,skill/competence,sector-specific,key_10547,"Use your creativity to draft advertiments. Keep in mind the costumer's requirements, target audience, media and marketing objectives."
manage-rented-goods-returns,manage rented goods returns,skill/competence,cross-sector,key_10572,Organise the return of rented goods to the distributor.
database-management-systems,database management systems,knowledge,sector-specific,key_10587,"The tools for creating, updating and managing databases, such as Oracle, MySQL and Microsoft SQL Server."
evaluate-cost-of-software-products,evaluate cost of software products,skill/competence,occupation-specific,key_10589,"Apply methods and techniques to estimate and evaluate the cost of software products during their life-cycle phases, including development and acquisition costs, cost of maintenance, incorporated cost of quality-compliance and non-compliance associated costs."
maintain-ict-identity-management,maintain ICT identity management,skill/competence,sector-specific,key_10598,"Administer identification, authentication and authorisation of individuals within a system and control their access to resources by associating user rights and restrictions with the established identity."
supervise-brand-management,supervise brand management,skill/competence,cross-sector,key_10602,"Supervise the promotion of a particular brand of goods, by liaising with the appropriate departments."
manage-inventory,manage inventory,skill/competence,sector-specific,key_10604,Control product inventory in balance of availability and storage costs.
design-database-backup-specifications,design database backup specifications,skill/competence,sector-specific,key_10605,Specify procedures to be performed on databases which ensure the copying and archiving of data for possible restoration in case of a data loss event.
advertising-techniques,advertising techniques,knowledge,cross-sector,key_10621,"The communication strategies intended to persuade or encourage an audience, and the different media which are used to achieve this goal."
operate-projector,operate projector,skill/competence,occupation-specific,key_10631,Operate projection equipment manually or with a control panel.
augmented-reality,augmented reality,knowledge,cross-sector,key_10637,"The process of adding diverse digital content (such as images, 3D objects, etc) on surfaces that exist in the real world. The user can interact in real-time with the technology by using devices such as mobile phones."
transcribe-ideas-into-musical-notation,transcribe ideas into musical notation,skill/competence,sector-specific,key_10656,"Transcribe/translate musical ideas into musical notation, using instruments, pen and paper, or computers."
types-of-pottery-material,types of pottery material,knowledge,sector-specific,key_10657,"Types of clays and mud and their appearance, properties, reaction to fire, etc."
manage-content-development-projects,manage content development projects,skill/competence,sector-specific,key_10658,"Plan and implement the creation, delivery and management of digital or printed content, develop a system that describes the entire editorial content development and publishing process and use ICT tools to support the process."
implement-a-virtual-private-network,implement a virtual private network,skill/competence,sector-specific,key_10686,"Create an encrypted connection between private networks, such as different local networks of a company, over the internet to ensure that only authorized users can access it and that the data cannot be intercepted."
oversee-clinical-information-system-activities,oversee clinical information system activities,skill/competence,occupation-specific,key_10690,"Supervise and oversee day-to-day operational and clinical information system activities such as CIS, which are used for collecting and storing clinical information regarding the healthcare delivery process."
clinical-science,clinical science,knowledge,sector-specific,key_10691,"The research and development of the techniques and equipment used by medical staff to prevent, diagnose and treat illness."
develop-revenue-generation-strategies,develop revenue generation strategies,skill/competence,sector-specific,key_10698,Elaborate methodologies through which a company markets and sells a product or service to generate income.
statistical-analysis-system-software,statistical analysis system software,knowledge,cross-sector,key_10706,"Specific software system (SAS) used for advanced analytics, business intelligence, data management, and predictive analytics."
draft-bill-of-materials,draft bill of materials,skill/competence,cross-sector,key_10717,"Set up a list of materials, components, and assemblies as well as the quantities needed to manufacture a certain product."
manage-healthcare-staff,manage healthcare staff,knowledge,cross-sector,key_10732,The managerial tasks and responsibilities required in a health care setting.
manual-draughting-techniques,manual draughting techniques,knowledge,cross-sector,key_10743,"Techniques used for creating detailed drawings of designs by using specialised pencils, rulers, templates and scales."
compare-contractors-bids,compare contractors' bids,skill/competence,cross-sector,key_10746,Compare proposals to award a contract in order to execute specified jobs within a prescribed frame of time.
manage-ict-virtualisation-environments,manage ICT virtualisation environments,skill/competence,sector-specific,key_10750,"Oversee tools, such as VMware, kvm, Xen, Docker, Kubernetes, and others, used to enable a virtual environments for different purposes such as hardware virtualization, desktop virtualisation, and operating system level virtualisation."
develop-food-scanner-devices,develop food scanner devices,skill/competence,sector-specific,key_10761,"Design and develop food scanning technologies that provide information on the level of allergens, chemicals, nutrients, calories and on ingredients in food."
develop-code-exploits,develop code exploits,skill/competence,sector-specific,key_10803,Create and test software exploits in a controlled environment to uncover and check system bugs or vulnerabilities.
operate-broadcast-equipment,operate broadcast equipment,skill/competence,sector-specific,key_10806,"Operate broadcast equipment to produce, switch, receive, record, edit, and reproduce television and radio signals."
coordinate-technological-activities,coordinate technological activities,skill/competence,sector-specific,key_10810,Give instructions to colleagues and other cooperating parties in order to reach the desired outcome of a technological project or achieve set goals within an organisation dealing with technology.
apparel-manufacturing-technology,apparel manufacturing technology,knowledge,sector-specific,key_10815,"Traditional and advanced apparel manufacturing technologies. Technologies including processes, machinery, etc. in order to compile and design pattern requirements, contribute to product costing and finalise assembly sequence and quality assurance criteria."
parrot-security-os,Parrot Security OS,knowledge,sector-specific,key_10829,"The operating system Parrot Security is a Linux distribution which performs penetration cloud testing, analysing security weaknesses for potentially unauthorised access."
design-application-interfaces,design application interfaces,skill/competence,sector-specific,key_10837,"Create and program application interfaces, their operations, inputs and outputs and underlying types."
market-analysis,market analysis,knowledge,cross-sector,key_10839,The field of market analysis and research and its particular research methods.
manage-closed-circuit-television-system,manage closed-circuit television system,skill/competence,cross-sector,key_10852,Oversee a system of cameras inside a facility which transmit a signal to a specific set of display devices.
unreal-engine,Unreal Engine,knowledge,sector-specific,key_10857,"The game engine Unreal Engine which is a software framework that consists of integrated development environments and specialised design tools, designed for the rapid iteration of user-derived computer games."
analyse-business-requirements,analyse business requirements,skill/competence,cross-sector,key_10859,Study clients' needs and expectations for a product or service in order to identify and resolve inconsistencies and possible disagreements of involved stakeholders.
content-marketing-strategy,content marketing strategy,knowledge,cross-sector,key_10862,The process of creation and share of media and publishing content in order to acquire customers.
produce-sales-reports,produce sales reports,skill/competence,sector-specific,key_10863,"Maintain records of calls made and products sold over a given time frame, including data regarding sales volumes, number of new accounts contacted and the costs involved."
read-engineering-drawings,read engineering drawings,skill/competence,cross-sector,key_10871,"Read the technical drawings of a product made by the engineer in order to suggest improvements, make models of the product or operate it."
online-analytical-processing,online analytical processing,knowledge,sector-specific,key_10877,"The online tools which analyse, aggregate and present multi-dimensional data enabling users to interactively and selectively extract and view data from specific points of view."
synfig,Synfig,knowledge,sector-specific,key_10879,The computer program Synfig is a graphical ICT tool which enables digital editing and composition of graphics to generate both 2D raster or 2D vector graphics. It is developed by Robert Quattlebaum.
develop-account-strategy,develop account strategy,skill/competence,cross-sector,key_10881,Create the strategic goals and actions for future interaction with an account for the organisation.
ict-system-programming,ICT system programming,knowledge,sector-specific,key_10890,"The methods and tools required to develop system software, specifications of system architectures and interfacing techniques between network and system modules and components."
e-commerce-systems,e-commerce systems,knowledge,sector-specific,key_10899,"Basic digital architecture and commercial transactions for trading products or services conducted via Internet, e-mail, mobile devices, social media, etc."
store-film-reels,store film reels,skill/competence,occupation-specific,key_10901,Store film reels safely after projection and after removing the markings.
adjust-ict-system-capacity,adjust ICT system capacity,skill/competence,sector-specific,key_10909,"Change the scope of an ICT system by adding or reallocating additional ICT system components, such as network components, servers or storage to meet capacity or volume demands."
open-source-model,Open source model,knowledge,sector-specific,key_10910,"The open source model consists of principles and fundamentals of service-oriented modelling for business and software systems that allow the design and specification of service-oriented business systems within a variety of architectural styles, such as enterprise architecture."
jboss,Jboss,knowledge,sector-specific,key_10911,The open-source application server JBoss is a Linux based platform which supports Java applications and large websites.
design-materials-for-multimedia-campaigns,design materials for multimedia campaigns,skill/competence,cross-sector,key_10921,"Draft and develop materials to be produced for a multimedia campaign, keeping in mind budgeting, scheduling and production."
supervise-work,supervise work,skill/competence,cross-sector,key_10941,Direct and supervise the day-to-day activities of subordinate personnel.
ensure-cross-department-cooperation,ensure cross-department cooperation,skill/competence,cross-sector,key_10949,"Guarantee communication and cooperation with all the entities and teams in a given organisation, according to the company strategy."
medical-informatics,medical informatics,knowledge,cross-sector,key_10951,The processes and tools used for the analysis and dissemination of medical data through computerized systems.
follow-research-on-special-needs-education,follow research on special needs education,skill/competence,sector-specific,key_10959,Keep up to date with new studies and related upcoming regulations concerning education for students with special needs.
convert-into-animated-object,convert into animated object,skill/competence,sector-specific,key_10986,"Convert real objects into visual animation elements, using animation techniques such as optical scanning."
follow-directions-of-the-artistic-director,follow directions of the artistic director,skill/competence,cross-sector,key_10992,Follow the instructions of the director while understanding his creative vision.
demonstrate-when-teaching,demonstrate when teaching,skill/competence,cross-sector,key_10996,"Present to others examples of your experience, skills, and competences that are appropriate to specific learning content to help students in their learning."
use-cad-software,use CAD software,skill/competence,cross-sector,key_11003,"Use computer-aided design (CAD) systems to assist in the creation, modification, analysis, or optimisation of a design."
assemble-video-tape-footage,assemble video tape footage,skill/competence,sector-specific,key_11005,"Assemble all raw video footage, with camera shots either recorded or transferred onto video tape in preparation for inputting into the computer."
apply-blended-learning,apply blended learning,skill/competence,cross-sector,key_11006,"Be familiar with blended learning tools by combining traditional face-to-face and online learning, using digital tools, online technologies, and e-learning methods."
configure-ict-system,configure ICT system,skill/competence,sector-specific,key_11029,Set up and customise an ICT system to meet requirements during initial implementation as well as when new business needs arise.
advise-on-environmental-remediation,advise on environmental remediation,skill/competence,cross-sector,key_11049,Advise on the development and implementation of actions which aim to remove sources of pollution and contamination from the environment.
check-system-parameters-against-reference-values,check system parameters against reference values,skill/competence,cross-sector,key_11051,Make sure that the measurable factors which define the operation of a system correspond to the predetermined norms.
maintain-telephony-system,maintain telephony system,skill/competence,sector-specific,key_11066,"Prevent telephone faults. Report to the electricians for changing of the equipment and manage telephone installations and moves. Maintain voice-mail system which includes adding, deleting mailboxes and managing security codes and provide voicemail instruction for staff."
repair-ict-devices,repair ICT devices,skill/competence,sector-specific,key_11071,"Maintain and repair ICT related equipment such as laptops, desktops, tablets, mobile devices, communications equipment, printers and any piece of computer related peripheral. Detect faults, malfunctions and replace parts if necessary."
ajax,AJAX,knowledge,sector-specific,key_11098,"The techniques and principles of software development, such as analysis, algorithms, coding, testing and compiling of programming paradigms in AJAX."
call-quality-assurance-management,call quality assurance management,knowledge,cross-sector,key_11109,Recording systems and monitoring procedures used in keeping track of call quality and methods for improvement.
operate-audio-equipment,operate audio equipment,skill/competence,sector-specific,key_11130,"Apply technologies for re-creation or recording of sounds, such as speaking, sound of instruments in electrical or mechanical form."
database-quality-standards,database quality standards,knowledge,sector-specific,key_11133,"Techniques and methods of estimation and evaluation of system quality and overall database quality, as well as the set quality standards and regulations."
c,C++,knowledge,sector-specific,key_11154,"The techniques and principles of software development, such as analysis, algorithms, coding, testing and compiling of programming paradigms in C++."
provide-guidelines-for-content-development,provide guidelines for content development,skill/competence,sector-specific,key_11156,"Develop standards and structures for content development such as formats, styles, layout, structures, content types, terminology, XML and DITA. Implement them in document type definitions and apply them during work process and evaluate results in light of established standards."
collaborate-in-the-development-of-marketing-strategies,collaborate in the development of marketing strategies,skill/competence,cross-sector,key_11175,Work together with a group of professionals to develop marketing strategies performing market analysis and financial viability while staying aligned with the company's goals.
work-safely-with-mobile-electrical-systems-under-supervision,work safely with mobile electrical systems under supervision,skill/competence,sector-specific,key_11179,Take the necessary precautions while providing temporary power distribution for performance and art facility purposes under supervision.
develop-digital-educational-materials,develop digital educational materials,skill/competence,cross-sector,key_11192,"Create resources and instructional materials (e-learning, educational video and audio material, educational prezi) using digital technologies to transfer insight and awareness in order to improve learners’ expertise."
work-with-respect-for-own-safety,work with respect for own safety,skill/competence,cross-sector,key_11208,Apply the safety rules according to training and instruction and based on a solid understanding of the prevention measures and risks to your own personal health and safety.
manage-digital-documents,manage digital documents,skill/competence,cross-sector,key_11220,"Manage various data formats and files by naming, publishing, transforming and sharing files and documents and transforming file formats."
take-measurements-of-performance-space,take measurements of performance space,skill/competence,occupation-specific,key_11223,Measure the performance space in order to calculate the amount of lighting equipment needed and where to place them.
communication-disorders,communication disorders,knowledge,cross-sector,key_11226,"The malfunction in a person's ability to comprehend, process and share concepts in various forms, such as verbal, non verbal or graphical during language, hearing, and speech communication processes."
work-with-virtual-learning-environments,work with virtual learning environments,skill/competence,cross-sector,key_11227,Incorporate the use of online learning environments and platforms into the process of instruction.
ensure-client-orientation,ensure client orientation,skill/competence,cross-sector,key_11236,Take actions which support business activities by considering client needs and satisfaction. This can be translated into developing a quality product appreciated by customers or dealing with community issues.
analyse-supply-chain-trends,analyse supply chain trends,skill/competence,sector-specific,key_11243,"Analyse and make predictions about trends and evolutions in supply chain operations in relation to technology, efficiency systems, types of products shipped, and logistical requirements for shipments, in order to remain at the forefront of supply chain methodologies."
teach-computer-science,teach computer science,skill/competence,sector-specific,key_11254,"Instruct students in the theory and practice of computer science, more specifically in the development of software systems, programming languages, artificial intelligence, and software security."
ensure-adherence-to-organisational-ict-standards,ensure adherence to organisational ICT standards,skill/competence,sector-specific,key_11256,"Guarantee that the state of events is in accordance with the ICT rules and procedures described by an organisation for their products, services and solutions."
present-artistic-design-proposals,present artistic design proposals,skill/competence,cross-sector,key_11269,"Prepare and present detailed design suggestions for a specific production to a mixed group of people, including technical, artistic and management staff."
identify-cross-curricular-links-with-other-subject-areas,identify cross-curricular links with other subject areas,skill/competence,sector-specific,key_11277,Recognise correlations and overlaps between your subject of expertise and other subjects. Decide on a levelled approach to the material with the teacher of the associated subject and adjust lesson plans accordingly.
manage-signoff-of-an-installed-system,manage signoff of an installed system,skill/competence,sector-specific,key_11286,Make sure an installed technical system is adequately transferred and signed off for.
mobile-device-software-frameworks,mobile device software frameworks,knowledge,sector-specific,key_11287,"The API (Application Program Interfaces), such as Android, iOS, windows phone which enables programmers to quickly and easily write applications for mobile devices."
filemaker-database-management-systems,Filemaker (database management systems),knowledge,sector-specific,key_11298,"The computer program FileMaker is a tool for creating, updating and managing databases, developed by the software company FileMaker Inc."
manage-portfolio,manage portfolio,skill/competence,cross-sector,key_11299,Maintain a personal portfolio by selecting your best photos or work and regularly adding new ones in order to show your professional skills and development.
lead-technology-development-of-an-organisation,lead technology development of an organisation,skill/competence,sector-specific,key_11302,Develop activities surrounding innovation and research in the field of technology within an organisation based on its strategic direction and growth goals. Provide guidance to colleagues how to best implement them.
use-measurement-instruments,use measurement instruments,skill/competence,cross-sector,key_11305,"Use different measurement instruments depending on the property to be measured. Utilise various instruments to measure length, area, volume, speed, energy, force, and others."
repair-equipment-on-site,repair equipment on site,skill/competence,cross-sector,key_11306,"Identify malfunctions and repair or replace multi-media, audio-visual and computer systems, hardware and equipment on site."
electric-drives,electric drives,knowledge,sector-specific,key_11318,Electromechanical systems that utilise electric motors to control the movement and processes of electrical machinery.
manage-archive-users-guidelines,manage archive users guidelines,skill/competence,sector-specific,key_11324,Establish policy guidelines on public access to a (digital) archive and the cautious use of present materials. Communicate the guidelines to archive visitors.
implement-sales-strategies,implement sales strategies,skill/competence,sector-specific,key_11325,Carry out the plan to gain competitive advantage on the market by positioning the company's brand or product and by targeting the right audience to sell this brand or product to.
maintain-internet-protocol-configuration,maintain internet protocol configuration,skill/competence,sector-specific,key_11332,Apply Internet Protocol Configuration (ipconfig) to gather data on Transmission Control Protocol/Internet Protocol (TCP/IP) configuration values in order to identify devices and their IP addresses.
give-constructive-feedback,give constructive feedback,skill/competence,cross-sector,key_11334,"Provide founded feedback through both criticism and praise in a respectful, clear, and consistent manner. Highlight achievements as well as mistakes and set up methods of formative assessment to evaluate work."
identify-legal-requirements,identify legal requirements,skill/competence,cross-sector,key_11335,"Conduct research for applicable legal and normative procedures and standards, analyse and derive legal requirements that apply to the organisation, its policies and products."
address-problems-critically,address problems critically,skill/competence,cross-sector,key_11340,"Identify the strengths and weaknesses of various abstract, rational concepts, such as issues, opinions, and approaches related to a specific problematic situation in order to formulate solutions and alternative methods of tackling the situation."
blackberry,BlackBerry,knowledge,sector-specific,key_11346,"The system software BlackBerry consists of features, restrictions, architectures and other characteristics of operating systems designed to run on mobile devices."
maintain-electronic-equipment,maintain electronic equipment,skill/competence,cross-sector,key_11353,"Check and repair electronic equipment. Detect malfunction, locate faults and take measures to prevent damage."
design-prototypes,design prototypes,skill/competence,cross-sector,key_11375,Design prototypes of products or components of products by applying design and engineering principles.
samurai-web-testing-framework,Samurai Web Testing Framework,knowledge,sector-specific,key_11385,The linux environment Samurai Web Testing Framework is a specialised penetration testing tool which tests security weaknesses of websites for potentially unauthorised access.
develop-statistical-software,develop statistical software,skill/competence,cross-sector,key_11393,"Participate in the various development stages of computer programs for econometric and statistical analysis, such as research, new product development, prototyping, and maintenance."
implement-anti-virus-software,implement anti-virus software,skill/competence,sector-specific,key_11394,"Download, install and update software to prevent, detect and remove malicious software, such as computer viruses."
define-ict-network-design-policies,define ICT network design policies,skill/competence,occupation-specific,key_11402,"Specify policies, principles, rules, processes and criteria for the design, planning and realisation of ICT networks."
mix-live-images,mix live images,skill/competence,sector-specific,key_11413,Follow different video streams of a live event and mix them together using specialised equipment and software.
sap-r3,SAP R3,knowledge,sector-specific,key_11415,"The techniques and principles of software development, such as analysis, algorithms, coding, testing and compiling of programming paradigms in SAP R3."
model-hardware,model hardware,skill/competence,sector-specific,key_11419,Model and simulate computer hardware using technical design software. Assess the viability of the product and examine the physical parameters to ensure a successful production process.
conduct-performance-tests,conduct performance tests,skill/competence,cross-sector,key_11424,"Conduct experimental, environmental and operational tests on models, prototypes or on the systems and equipment itself in order to test their strength and capabilities under normal and extreme conditions."
coordinate-music-with-scenes,coordinate music with scenes,skill/competence,sector-specific,key_11435,Coordinate the selection of music and sounds so they match the mood of the scene.
use-e-procurement,use e-procurement ,skill/competence,sector-specific,key_11439,"Use digital procurement technologies and e-procurement applications and tools in order to reduce administrative burden, improve efficiency, and strengthen transparency and accountability of procurement procedures."
manage-digital-identity,manage digital identity,skill/competence,cross-sector,key_11441,"Create and manage one or multiple digital identities, be able to protect one's own reputation, deal with the data that one produces through several digital tools, environments and services."
audiovisual-products,audiovisual products,knowledge,sector-specific,key_11465,"The different types of audiovisual products and their requirements, such as documentaries, low budget movies, television series, records, CDs, and others."
assist-children-with-special-needs-in-education-settings,assist children with special needs in education settings,skill/competence,sector-specific,key_11479,"Assist children with special needs, identifying their needs, modifying classroom equipment to accommodate them and helping them participate in school activities."
use-audio-reproduction-software,use audio reproduction software,skill/competence,sector-specific,key_11481,"Operate software and equipment that transform and reproduce digital, analogue sounds and sound waves into the desired perceivable audio to be streamed."
install-monitors-for-process-control,install monitors for process control,skill/competence,cross-sector,key_11494,Plan and deploy a system of monitors for controlling specific processes in an organisation or a system.
cloud-technologies,cloud technologies,knowledge,sector-specific,key_11497,"The technologies which enable access to hardware, software, data and services through remote servers and software networks irrespective of their location and architecture."
advise-on-lesson-plans,advise on lesson plans,skill/competence,cross-sector,key_11506,"Advise on the ways in which lesson plans for specific lessons can be improved in order to reach education goals, engage the students and adhere to the curriculum."
business-strategy-concepts,business strategy concepts,knowledge,cross-sector,key_11512,"The terminology related to the design and implementation of major trends and aims which are taken by an organisation's executives, while keeping in mind its resources, competition and environments."
measure-software-usability,measure software usability,skill/competence,sector-specific,key_11544,Check the convenience of the software product for the end user. Identify user problems and make adjustments to improve usability practice. Collect input data on how users evaluate software products.
frostbite-digital-game-creation-systems,Frostbite (digital game creation systems),knowledge,sector-specific,key_11546,"The game engine Frostbite which is a software framework that consists of integrated development environments and specialised design tools, designed for the rapid iteration of user-derived computer games."
develop-technological-improvement-strategies,develop technological improvement strategies,skill/competence,sector-specific,key_11550,"Create plans for the development and implementation of strategies which facilitate improvements in technological projects and in the efficiency of the project's procedures, taking into account analyses and relevant regulations."
spelling,spelling,knowledge,cross-sector,key_11552,The rules concerning the way words are spelled.
provide-written-content,provide written content,skill/competence,cross-sector,key_11553,Communicate information in written form via digital or print media according to the needs of the target group. Structure the content according to specifications and standards. Apply grammar and spelling rules.
types-of-audiovisual-formats,types of audiovisual formats,knowledge,cross-sector,key_11554,"Various audio and video formats, including digital."
interpret-technical-requirements,interpret technical requirements,skill/competence,sector-specific,key_11556,"Analyse, understand and apply the information provided regarding technical conditions."
create-3d-texture-map,create 3D texture map,skill/competence,occupation-specific,key_11559,"Add detail, colour or surface texture to a computer-based 3D-model or graphic."
test-system-accessibility-for-users-with-special-needs,test system accessibility for users with special needs,skill/competence,sector-specific,key_11564,Examine whether software interface complies with standards and regulations so that the system can be used by people with special needs.
carry-out-statistical-forecasts,carry out statistical forecasts,skill/competence,cross-sector,key_11567,"Undertake a systematic statistical examination of data representing past observed behaviour of the system to be forecast, including observations of useful predictors outside the system."
swift-computer-programming,Swift (computer programming),knowledge,sector-specific,key_11570,"The techniques and principles of software development, such as analysis, algorithms, coding, testing and compiling of programming paradigms in Swift."
ict-project-management-methodologies,ICT project management methodologies,knowledge,sector-specific,key_11583,"The methodologies or models for planning, managing and overseeing of ICT resources in order to meet specific goals, such methodologies are Waterfall, Incremental, V-Model, Scrum or Agile and using project management ICT tools."
moodle,Moodle,knowledge,sector-specific,key_11587,"The computer program Moodle is a e-learning platform for creating, administrating, arranging, reporting and delivering e-learning education courses or training programs."
design-hardware,design hardware,skill/competence,sector-specific,key_11588,Design and develop new computer hardware systems and components. Draft blueprints and assembly drawings specifying how the computer equipment should be build.
investment-analysis,investment analysis,knowledge,sector-specific,key_11602,The methods and tools for analysis of an investment compared to its potential return. Identification and calculation of profitability ratio and financial indicators in relation to associated risks to guide decision on investment.
control-engineering,control engineering,knowledge,cross-sector,key_11604,Subdiscipline of engineering that focuses on controlling the behaviour of systems through the use of sensors and actuators.
manage-software-localisation,manage software localisation,skill/competence,occupation-specific,key_11607,"Organise the transference process of a certain software from one locale to another, in order to expand the number of users, by modifying content through the use of user interface translation, while taking into consideration the properties of the future country the software will be introduced into."
pneumatics,pneumatics,knowledge,cross-sector,key_11615,The application of pressurised gas to produce mechanical motion.
analyse-texts-to-be-illustrated,analyse texts to be illustrated,skill/competence,sector-specific,key_11616,Analyse texts to be illustrated by researching and checking sources.
interpret-artistic-intentions,interpret artistic intentions,skill/competence,sector-specific,key_11619,Interpret the artistic intentions of the author.
develop-professional-network,develop professional network,skill/competence,cross-sector,key_11626,Reach out to and meet up with people in a professional context. Find common ground and use your contacts for mutual benefit. Keep track of the people in your personal professional network and stay up to date on their activities.
real-time-computing,real-time computing,knowledge,occupation-specific,key_11629,The ICT hardware and software systems which are bound to respond to input within precisely tight constraints of time
implement-ict-network-diagnostic-tools,implement ICT network diagnostic tools,skill/competence,sector-specific,key_11634,"Use software tools or components that monitor ICT network parameters, such as performance and throughput, provide data and statistics, diagnose errors, failures or bottlenecks and support decision making."
program-a-cnc-controller,program a CNC controller,skill/competence,cross-sector,key_11637,Set up the desired product design in the CNC controller of the CNC machine for product manufacturing.
prepare-purchasing-reportings,prepare purchasing reportings,skill/competence,sector-specific,key_11640,Prepare documentation and files related to product purchases.
define-artistic-approach,define artistic approach,skill/competence,sector-specific,key_11655,"Define your own artistic approach by analysing your previous work and your expertise, identifying the components of your creative signature, and starting from these explorations to describe your artistic vision."
design-microelectromechanical-systems,design microelectromechanical systems,skill/competence,cross-sector,key_11663,"Design and develop microelectromechanical systems (MEMS), such as microsensing devices. Make a model and a simulation using technical design software to assess the viability of the product and examine the physical parameters to ensure a successful production process."
guide-learners-in-using-assistive-technologies,guide learners in using assistive technologies,skill/competence,sector-specific,key_11667,"Instruct and guide learners on how to use assistive technologies appropriate to their specific learning challenge: such as word prediction, text-to-speech or speech recognition. Explain the features of the technology and its benefits for the learner."
sql-server,SQL Server,knowledge,sector-specific,key_11671,"The computer program SQL Server is a tool for creating, updating and managing databases, developed by the software company Microsoft."
adapt-existing-designs-to-changed-circumstances,adapt existing designs to changed circumstances,skill/competence,sector-specific,key_11674,Adapt an existing design to changed circumstances and ensure that the artistic quality of the original design is reflected in the final result.
achieve-sales-targets,achieve sales targets,skill/competence,cross-sector,key_11689,"Reach set sales goals, measured in revenue or sold units. Reach the target within a specific timeframe, prioritise sold products and services accordingly and plan in advance."
abide-by-regulations-on-banned-materials,abide by regulations on banned materials,skill/competence,sector-specific,key_11701,"Comply with regulations banning heavy metals in solder, flame retardants in plastics, and phthalate plasticisers in plastics and wiring harness insulations, under EU RoHS/WEEE Directives and China RoHS legislation."
integrate-content-into-output-media,integrate content into output media,skill/competence,sector-specific,key_11706,"Compile and integrate media and text content into online and offline systems, such as websites, platforms, applications and social media, for publishing and distribution."
perform-minor-repairs-to-equipment,perform minor repairs to equipment,skill/competence,cross-sector,key_11715,Conduct routine maintenance on equipment. Recognise and identify minor defects in equipment and make repairs if appropriate.
implement-cloud-security-and-compliance,implement cloud security and compliance,,sector-specific,key_11731,Implement and manage security policies and access controls on cloud. Differentiate between the roles and responsibilities within the shared responsibility model.
analyse-ict-technical-proposals,analyse ICT technical proposals,skill/competence,occupation-specific,key_11760,"Compare and assess technical requirements of an ICT product, service or solution in terms of quality, costs and compliance to specifications"
manage-online-content,manage online content,skill/competence,sector-specific,key_11766,"Ensure the website content is up to date, organised, attractive and meets the target audience needs, the requirements of the company and international standards by checking the links, setting the publishing time framework and order."
edit-recorded-sound,edit recorded sound,skill/competence,sector-specific,key_11775,"Edit audio footage using a variety of sofware, tools, and techniques such as crossfading, speed effects, and removing unwanted noises."
provide-ict-support,provide ICT support,skill/competence,cross-sector,key_11777,"Resolve ICT-related incidents and service requests from customers, clients or colleagues including password resets and updating databases such as Microsoft Exchange email."
ensure-proper-document-management,ensure proper document management,skill/competence,cross-sector,key_11781,"Guarantee that the tracking and recording standards and rules for document management are followed, such as ensuring that changes are identified, that documents remain readable and that obsoleted documents are not used."
style-sheet-languages,style sheet languages,knowledge,cross-sector,key_11798,"The field of computer language that conveys the presentation of structured documents such as Cascading Style Sheets (CSS). These documents have to adhere to style sheets, a set of stylistic rules such as font, color and layout."
implement-spam-protection,implement spam protection,skill/competence,sector-specific,key_11811,Install and configure software that supports email-users to filter messages that contain malware or that are unsolicited.
plan-act-lighting,plan act lighting,skill/competence,sector-specific,key_11813,Lay out the lighting of your act. Work together with technicians to make sure the lighting of your act conforms with the artistic vision.
develop-media-strategy,develop media strategy,skill/competence,cross-sector,key_11816,"Create the strategy on the type of content to be delivered to the target groups and which media to be used, taking into account the characteristics of the target audience and the media that will be used for content delivery."
apply-technical-communication-skills,apply technical communication skills,skill/competence,cross-sector,key_11832,"Explain technical details to non-technical customers, stakeholders, or any other interested parties in a clear and concise manner."
install-operating-system,install operating system,skill/competence,cross-sector,key_11836,"Install the operating system (OS) or software that manages the software resources and computer hardware on a computer system. The operating system is an essential component of any computer system and mediates between the hardware, the application programs, and the end user. Famous examples of computer operating systems include Microsoft Windows, Linux, and Mac OS."
advise-on-government-policy-compliance,advise on government policy compliance,skill/competence,cross-sector,key_11854,"Advise organisations on how they may improve their compliance to the applicable government policies they are required to adhere to, and the necessary steps which need to be taken in order to ensure complete compliance."
organise-project-meetings,organise project meetings,skill/competence,cross-sector,key_11855,"Organise project meetings such as the project kick-off meeting and the project review meeting. Plan the meeting agenda, set up conference calls, address any logistical needs and prepare documentation or hand-outs needed for the meeting. Ensure the participation of the project team, the project client and other relevant stakeholders. Draft and circulate the meeting minutes."
lighting-techniques,lighting techniques,knowledge,cross-sector,key_11865,The characteristics of techniques used to create atmospheres and effects on camera or on stage; the equipment required and appropriate setup to use.
matlab,MATLAB,knowledge,sector-specific,key_11866,"The techniques and principles of software development, such as analysis, algorithms, coding, testing and compiling of programming paradigms in MATLAB."
write-scientific-publications,write scientific publications,skill/competence,cross-sector,key_11873,"Present the hypothesis, findings, and conclusions of your scientific research in your field of expertise in a professional publication."
electromagnets,electromagnets,knowledge,sector-specific,key_11876,"Magnets in which magnetic fields are produced by electric current. By manipulating the electric current, the magnetic fields can be changed and manipulated as well, which allows more control than permanent non-electric magnets. Electromagnets are commonly used in electrical devices, such as loudspeakers, hard disks, MRI devices, and electric motors."
deliver-visual-presentation-of-data,deliver visual presentation of data,skill/competence,cross-sector,key_11882,Create visual representations of data such as charts or diagrams for easier understanding.
consult-with-stakeholders-on-implementation-of-a-production,consult with stakeholders on implementation of a production,skill/competence,sector-specific,key_11885,"Consult with different people and groups who hold a stake in the production. Be on the same page on the practical side of the production, and keep them up to date."
rig-3d-characters,rig 3D characters,skill/competence,cross-sector,key_11890,"Set up a skeleton, bound to the 3D mesh, made out of bones and joints that allow the 3D character to be bent into a desired position using specialized ICT tools."
organisational-structure,organisational structure,knowledge,cross-sector,key_11895,"Framework of the different departments within the organisation, as well its people, their roles and responsibilities."
ict-architectural-frameworks,ICT architectural frameworks,knowledge,sector-specific,key_11911,The set of requirements that describe an information system's architecture.
present-exhibition,present exhibition,skill/competence,sector-specific,key_11912,Present an exhibition and give educational lectures in a comprehensible way that is attractive to the public.
desktop-publishing,desktop publishing,knowledge,cross-sector,key_11918,The creation of documents using page layout skills on a computer. Desktop publishing software can generate layouts and produce typographic quality text and images.
implement-front-end-website-design,implement front-end website design,skill/competence,sector-specific,key_11931,Develop website layout and enhance user experience based on provided design concepts.
application-usability,application usability,knowledge,sector-specific,key_11934,"The process through which the learnability, efficiency, usefulness and ease of use of a software application can be defined and measured."
design-electromechanical-systems,design electromechanical systems,skill/competence,cross-sector,key_11963,"Draft sketches and design electromechanical systems, products, and components using Computer Aided Design (CAD) software and equipment."
report-analysis-results,report analysis results,skill/competence,cross-sector,key_11965,"Produce research documents or give presentations to report the results of a conducted research and analysis project, indicating the analysis procedures and methods which led to the results, as well as potential interpretations of the results."
give-live-presentation,give live presentation,skill/competence,cross-sector,key_11971,"Deliver a speech or talk in which a new product, service, idea, or piece of work is demonstrated and explained to an audience."
manage-project-metrics,manage project metrics,skill/competence,cross-sector,key_11985,"Gather, report, analyse and create key metrics for a project to help measure its success."
liaise-with-engineers,liaise with engineers,skill/competence,cross-sector,key_11994,"Collaborate with engineers to ensure common understanding and discuss product design, development and improvement."
analyse-customer-service-surveys,analyse customer service surveys,skill/competence,cross-sector,key_11997,Analyse results from surveys completed by passengers/customer. Analyse results to identify trends and draw conclusions.
unstructured-data,unstructured data,knowledge,sector-specific,key_11999,The information that is not arranged in a pre-defined manner or does not have a pre-defined data model and is difficult to understand and find patterns in without using techniques such as data mining.
ca-datacom-db,CA Datacom/DB,knowledge,sector-specific,key_12000,"The computer program CA Datacom/DB is a tool for creating, updating and managing databases, currently developed by the software company CA Technologies."
develop-working-procedures,develop working procedures,skill/competence,cross-sector,key_12020,Create standardised series of actions of a certain order to support the organisation.
communicate-in-foreign-languages-with-health-service-providers,communicate in foreign languages with health service providers,skill/competence,cross-sector,key_12048,Apply foreign languages in communicating with health service providers such as doctors and nurses.
work-with-composers,work with composers,skill/competence,sector-specific,key_12053,Communicate with composers to discuss various interpretations of their work.
gather-reference-materials,gather reference materials,skill/competence,cross-sector,key_12059,"Gathering reference materials such as drawings, illustrations and sketches, in the process of creating a painting or sculpture."
attend-music-recording-sessions,attend music recording sessions,skill/competence,sector-specific,key_12065,Attend recording sessions in order to make changes or adaptations to the musical score.
send-faulty-equipment-back-to-assembly-line,send faulty equipment back to assembly line,skill/competence,cross-sector,key_12068,Send equipment that didn't pass inspection back to the assembly line for re-assembly.
salt-tools-for-software-configuration-management,Salt (tools for software configuration management),knowledge,sector-specific,key_12077,"The tool Salt is a software program to perform configuration identification, control, status accounting and audit."
apply-for-government-funding,apply for government funding,skill/competence,cross-sector,key_12080,"Gather information on and apply for subsidies, grants, and other financing programmes provided by the government to small- and large-scale projects or organisations in various fields."
maintain-customer-records,maintain customer records,skill/competence,cross-sector,key_12082,Keep and store structured data and records about customers in accordance with customer data protection and privacy regulations.
maintain-computer-hardware,maintain computer hardware,skill/competence,cross-sector,key_12091,"Diagnose and detect malfunctions in computer hardware components and systems and remove, replace, or repair these components when necessary. Execute preventative equipment maintenance tasks, such as storing hardware components in clean, dust free, and non-humid spaces."
use-photographic-equipment,use photographic equipment,skill/competence,sector-specific,key_12098,"Use analogue or digital camera equipment, along with a variety of accessories such as tripods, filters and lenses."
quality-assurance-methodologies,quality assurance methodologies,knowledge,cross-sector,key_12104,"Quality assurance principles, standard requirements, and the set of processes and activities used for measuring, controlling and ensuring the quality of products and processes."
linq,LINQ,knowledge,sector-specific,key_12105,The computer language LINQ is a query language for retrieval of information from a database and of documents containing the needed information. It is developed by the software company Microsoft.
collaborate-on-costume-and-make-up-for-performances,collaborate on costume and make-up for performances,skill/competence,cross-sector,key_12106,Work with the staff responsible for costumes and make up in line with their creative vision and obtain directions from them about how make-up and costumes should look.
legal-terminology,legal terminology,knowledge,cross-sector,key_12110,The special terms and phrases used in the field of law.
study-media-sources,study media sources,skill/competence,sector-specific,key_12147,"Study various media sources such as broadcasts, print media, and online media in order to gather inspiration for the development of creative concepts."
electricity,electricity,knowledge,cross-sector,key_12148,"Understand the principles of electricity and electrical power circuits, as well as the associated risks."
electrical-testing-methods,electrical testing methods,knowledge,cross-sector,key_12151,"Test procedures performed on electrical equipment and machinery in order to check the performance and quality of the electrical equipment and their adherence to specifications. During these tests electrical properties, such as voltage, current, resistance, capacitance, and inductance, are measured using electrical measuring equipment, such as multimeters, oscilloscopes, and voltmeters."
source-digital-game-creation-systems,Source (digital game creation systems),knowledge,sector-specific,key_12161,"The game engine Source which is a software framework that consists of integrated development environments and specialised design tools, designed for the rapid iteration of user-derived computer games."
install-software,install software,skill/competence,cross-sector,key_12164,"Install machine-readable instructions, such as computer programs, in order to direct the computer's processor to perform a certain set of actions."
teach-digital-literacy,teach digital literacy,skill/competence,cross-sector,key_12168,"Instruct students in the theory and practice of (basic) digital and computer competency, such as typing efficiently, working with basic online technologies, and checking email. This also includes coaching students in the proper use of computer hardware equipment and software programmes."
online-moderation-techniques,online moderation techniques,knowledge,sector-specific,key_12201,The strategies and methods used to interact online and moderate online users and groups.
ict-recovery-techniques,ICT recovery techniques,knowledge,sector-specific,key_12210,"The techniques for recovering hardware or software components and data, after failure, corruption or damage."
design-objects-to-be-crafted,design objects to be crafted,skill/competence,sector-specific,key_12229,"Sketch, draw or design sketches and drawings from memory, live models, manufactured products or reference materials in the process of crafting and sculpting."
ict-system-user-requirements,ICT system user requirements,knowledge,sector-specific,key_12244,"The process intended to match user and organisation's needs with system components and services, by taking into consideration the available technologies and the techniques required to elicit and specify requirements, interrogating users to establish symptoms of problem and analysing symptoms."
replace-machines,replace machines,skill/competence,cross-sector,key_12247,Evaluate when to invest in replacing machines or machine tools and take the necessary actions.
safety-engineering,safety engineering,knowledge,cross-sector,key_12257,"The engineering discipline used to ensure that systems, machines and equipment work according to the set safety standards and laws, such as environmental law."
respond-to-customers-inquiries,respond to customers' inquiries,skill/competence,cross-sector,key_12264,"Answer customers' questions about itineraries, rates and reservations in person, by mail, by e-mail and on the phone."
audio-editing-software,audio editing software,knowledge,cross-sector,key_12271,"The various software for editing and generating audio, such as Adobe Audition, Soundforge, and Power Sound Editor."
fasten-components,fasten components,skill/competence,cross-sector,key_12275,Fasten components together according to blueprints and technical plans in order to create subassemblies or finished products.
operate-scientific-measuring-equipment,operate scientific measuring equipment,skill/competence,cross-sector,key_12281,"Operate devices, machinery, and equipment designed for scientific measurement. Scientific equipment consists of specialised measuring instruments refined to facilitate the acquisition of data."
review-development-process-of-an-organisation,review development process of an organisation,skill/competence,sector-specific,key_12282,"Judge, review and decide on directions of innovation and development processes in an organisation in order to improve efficiency and reduce costs."
plan-a-recording,plan a recording,skill/competence,cross-sector,key_12290,Make the necessary arrangements to record music.
manage-standards-for-data-exchange,manage standards for data exchange,skill/competence,sector-specific,key_12297,Set and maintain standards for transforming data from source schemas into the necessary data structure of a result schema.
manage-a-team,manage a team,skill/competence,cross-sector,key_12300,"Ensure clear and effective channels of communication across all departments within the organisation and support functions, both internally and externally ensuring that the team is aware of the standards and objectives of the department/business unit. Implement the disciplinary and grievance procedures as required ensuring that a fair and consistent approach to managing performance is consistently "
create-semantic-trees,create semantic trees,skill/competence,sector-specific,key_12306,Create coherent lists and hierarchies of concepts and terms to ensure consistent indexing in knowledge organisation systems.
set-sales-goals,set sales goals,skill/competence,sector-specific,key_12326,Set sales goals and objectives to be reached by a sales team within a period of time such as the target amount of sales made and new customers found.
apply-ict-systems-theory,apply ICT systems theory,skill/competence,sector-specific,key_12328,Implement principles of ICT systems theory in order to explain and document system characteristics that can be applied universally to other systems
operate-audio-signal-processors,operate audio-signal processors,skill/competence,cross-sector,key_12332,Operate audio-signal processors to alter auditory signals.
manage-employee-complaints,manage employee complaints,skill/competence,cross-sector,key_12339,"Manage and respond to employee complaints, in a correct and polite manner, offering a solution when possible or referring it to an authorized person when necessary."
supervise-camera-crew,supervise camera crew,skill/competence,sector-specific,key_12354,"Supervise the camera crew to make sure they use the right equipment, angles, frames, shots, etc., according to the creative vision."
projection-equipment,projection equipment,knowledge,occupation-specific,key_12356,"The different types of projection equipment, their properties, and usages."
develop-professional-network-with-researchers-and-scientists,develop professional network with researchers and scientists,skill/competence,cross-sector,key_12357,"Develop alliances, contacts or partnerships, and exchange information with others. Foster integrated and open collaborations where different stakeholders co-create shared value research and innovations. Develop your personal profile or brand and make yourself visible and available in face-to-face and online networking environments."
use-foreign-languages-for-health-related-research,use foreign languages for health-related research,skill/competence,cross-sector,key_12360,Use foreign languages for conducting and collaborating in health-related research.
monitor-ict-research,monitor ICT research,skill/competence,sector-specific,key_12361,Survey and investigate recent trends and developments in ICT research. Observe and anticipate mastery evolution.
data-quality-assessment,data quality assessment,knowledge,sector-specific,key_12362,"The process of revealing data issues using ​quality indicators, measures and metrics in order to plan data cleansing and data enrichment strategies according to data quality criteria."
record-music,record music,skill/competence,sector-specific,key_12363,Record a sound or musical performance in a studio or live environment. Use the appropriate equipment and your professional judgment to capture the sounds with optimal fidelity.
structure-information,structure information,skill/competence,cross-sector,key_12372,Organise information using systematic methods such as mental models and according to given standards in order to facilitate user information processing and understanding with respect to the specific requirements and characteristics of the output media.
project-configuration-management,project configuration management,knowledge,cross-sector,key_12378,"The process for the effective management of the key project artefacts and deliverables, ensuring that the correct versions are delivered to the project requestor and allowing project managers to identify the latest state of project artefacts and be able to gather all sources, documents, and other information for the project, prevent unauthorised changes, guarantee artefacts traceability and return"
python-computer-programming,Python (computer programming),knowledge,sector-specific,key_12387,"The techniques and principles of software development, such as analysis, algorithms, coding, testing and compiling of programming paradigms in Python."
business-ict-systems,business ICT systems,knowledge,sector-specific,key_12389,"The software packages, hardware devices and new technologies used in supporting business processes such as enterprise resource planning (ERP), customer relationship management (CRM), mobile devices and network solutions."
keep-records-of-work-progress,keep records of work progress,skill/competence,cross-sector,key_12394,"Maintain records of the progress of the work including time, defects, malfunctions, etc."
integrate-gender-dimension-in-research,integrate gender dimension in research,skill/competence,cross-sector,key_12405,Take into account in the whole research process the biological characteristics and the evolving social and cultural features of women and men (gender).
gamemaker-studio,Gamemaker Studio,knowledge,sector-specific,key_12407,"The cross-platform game engine which is written in Delphi programming language and consists of integrated development environments and specialised design tools, designed for the rapid iteration of user-derived computer games."
perform-project-management,perform project management,skill/competence,cross-sector,key_12408,"Manage and plan various resources, such as human resources, budget, deadline, results, and quality necessary for a specific project, and monitor the project's progress in order to achieve a specific goal within a set time and budget."
design-the-physical-outlook-of-games,design the physical outlook of games,skill/competence,occupation-specific,key_12421,"Creat physical appealing gambling, betting and lottery games, gaming tools and equipment such as lottery tickects, gaming tables, slot machines, etc."
write-inspection-reports,write inspection reports,skill/competence,cross-sector,key_12432,"Write the results and conclusions of the inspection in a clear and intelligible way. Log the inspection's processes such as contact, outcome, and steps taken."
systems-theory,systems theory,knowledge,sector-specific,key_12433,"The principles that can be applied to all types of systems at all hierarchical levels, which describe the system's internal organisation, its mechanisms of maintaining identity and stability and achieving adaptation and self-regulation and its dependencies and interaction with the environment."
document-your-own-practice,document your own practice,skill/competence,sector-specific,key_12439,"Documenting your own work practice for different purposes like assessment, time management, job application etc."
draw-sketches-to-develop-textile-articles-using-softwares,draw sketches to develop textile articles using softwares,skill/competence,sector-specific,key_12440,"Draw sketches to develop textiles or wearing apparel using softwares. They create visualisations of the motives, patterns or products in order to be manufactured."
ios,iOS,knowledge,sector-specific,key_12445,"The system software iOS consists of features, restrictions, architectures and other characteristics of operating systems designed to run on mobile devices."
manage-system-testing,manage system testing,skill/competence,sector-specific,key_12447,"Select, perform and track testings on software or hardware to detect system defects both within the integrated system units, the inter-assemblages and the system as a whole. Organise testings such as installation testing, security testing and graphical user interface testing."
competition-law,competition law,knowledge,cross-sector,key_12454,The legal regulations that maintain market competition by regulating anti-competitive behaviour of companies and organisations.
perform-copywriting,perform copywriting,skill/competence,cross-sector,key_12455,Write creative texts targeted to a specific audience for marketing and advertising purposes and ensure that the message convinces potential customers to buy a product or a service and facilitates a positive outlook on the organisation.
analyse-external-factors-of-companies,analyse external factors of companies,skill/competence,cross-sector,key_12456,"Perform research and analysis of the external factor pertaining to companies such as consumers, position in the market, competitors, and political situation."
automate-cloud-tasks,automate cloud tasks,skill/competence,sector-specific,key_12465,Automate manual or repeatable processes to minimize management overhead. Evaluate cloud automation alternatives for network deployments and tool-based alternatives for network operations and management.
perform-classroom-management,perform classroom management,skill/competence,cross-sector,key_12480,Maintain discipline and engage students during instruction.
ethics,ethics,knowledge,cross-sector,key_12485,"The philosophical study that deals with solving questions of human morality; it defines and systemises concepts such as right, wrong, and crime."
program-firmware,program firmware,skill/competence,cross-sector,key_12492,"Program permanent software with a read-only memory (ROM) on a hardware device, such as an integrated circuit."
supervise-sales-activities,supervise sales activities,skill/competence,sector-specific,key_12495,"Monitor and oversee the activities related to the ongoing sales in the shop to ensure that sales goals are met, assess areas for improvement, and identify or solve problems that customers could encounter."
office-software,office software,knowledge,cross-sector,key_12498,"The characteristics and functioning of software programs for office tasks such as word processing, spreadsheets, presentation, email and database."
perform-backups,perform backups,skill/competence,sector-specific,key_12499,Implement backup procedures to backup data and systems to ensure permanent and reliable system operation. Execute data backups in order to secure information by copying and archiving to ensure integrity during system integration and after data loss occurrence.
mobile-device-management,mobile device management,knowledge,sector-specific,key_12504,"The methods for managing the use of mobile devices within an organisation, while ensuring security."
signal-processing,signal processing,knowledge,sector-specific,key_12519,"The algorithms, applications and implementations that deal with the processing and transferring of information through analog or digital frequencies."
canvas-learning-management-systems,Canvas (learning management systems),knowledge,sector-specific,key_12523,"The Canvas network is an e-learning platform for creating, administrating, arranging, reporting and delivering e-learning education courses or training programs."
use-technical-documentation,use technical documentation,skill/competence,cross-sector,key_12536,Understand and use technical documentation in the overall technical process.
secondary-school-procedures,secondary school procedures,knowledge,cross-sector,key_12546,"The inner workings of a secondary school, such as the structure of the relevant education support and management, the policies, and the regulations."
ict-infrastructure,ICT infrastructure,knowledge,sector-specific,key_12569,"The system, network, hardware and software applications and components, as well as devices and processes that are used in order to develop, test, deliver, monitor, control or support ICT services."
present-reports,present reports,skill/competence,cross-sector,key_12577,"Display results, statistics and conclusions to an audience in a transparent and straightforward way."
blueprints,blueprints,knowledge,cross-sector,key_12584,"Must be able to read and understand blueprints, drawings and plans and maintain simple written records."
musical-theory,musical theory,knowledge,sector-specific,key_12588,The body of interrelated concepts that constitutes the theoretical background of music.
apply-operations-for-an-itil-based-environment,apply operations for an ITIL-based environment,skill/competence,occupation-specific,key_12591,Properly operate ITIL (Information Technology Infrastructure Library) based service desk procedures.
perform-product-planning,perform product planning,skill/competence,sector-specific,key_12601,"Identify and articulate market requirements that define a product’s feature set. Product planning serves as the basis for decisions about price, distribution and promotion."
have-computer-literacy,have computer literacy,skill/competence,cross-sector,key_12602,"Utilise computers, IT equipment and modern day technology in an efficient way."
electrical-wiring-plans,electrical wiring plans,knowledge,cross-sector,key_12603,"Pictorial representation of an electrical circuit. It shows the components of the circuit as simplified shapes, and the power and signal connections between the devices. It gives information about the relative position and arrangement of devices and terminals on the devices, to help in building or servicing the device. A wiring diagram is often used to troubleshoot problems and to make sure that a"
tolerate-stress,tolerate stress,skill/competence,sector-specific,key_12604,Maintain a temperate mental state and effective performance under pressure or adverse circumstances.
unity-digital-game-creation-systems,Unity (digital game creation systems),knowledge,sector-specific,key_12625,"The game engine Unity which is a software framework that consists of integrated development environments and specialised design tools, designed for the rapid iteration of user-derived computer games."
distributed-directory-information-services,distributed directory information services,knowledge,sector-specific,key_12637,"The directory services that automate the network management of security, user data and distributed resources and enable access to information in a computer system's directory."
regulations-on-substances,regulations on substances,knowledge,sector-specific,key_12638,"The national and international regulations on the classification, labelling and packaging of substances and mixtures, e.g. regulation (EC) No 1272/2008."
test-printed-circuit-boards,test printed circuit boards,skill/competence,sector-specific,key_12641,"Test the printed circuit board with special testing adapters to ensure optimal efficiency, functionality, and that everything works according to design. Adapt the testing devices to the type of circuit board."
identify-new-business-opportunities,identify new business opportunities,skill/competence,cross-sector,key_12645,Pursue potential customers or products in order to generate additional sales and ensure growth.
haskell,Haskell,knowledge,sector-specific,key_1267,"The techniques and principles of software development, such as analysis, algorithms, coding, testing and compiling of programming paradigms in Haskell."
use-functional-programming,use functional programming,skill/competence,sector-specific,key_12705,"Utilise specialised ICT tools to create computer code which treats computation as the evaluation of mathematical functions and seeks to avoid state and mutable data. Use programming languages which support this method such as LISP, PROLOG and Haskell."
manage-cloud-data-and-storage,manage cloud data and storage,skill/competence,sector-specific,key_12706,"Create and manage cloud data retention. Identify and implement data protection, encryption, and capacity planning needs."
ict-encryption,ICT encryption,knowledge,sector-specific,key_12708,"The conversion of electronic data into a format which is readable only by authorized parties which use key encryption techniques, such as Public Key Infrastructure (PKI) and Secure Socket Layer (SSL)."
provide-lesson-materials,provide lesson materials,skill/competence,cross-sector,key_12731,"Ensure that the necessary materials for teaching a class, such as visual aids, are prepared, up-to-date, and present in the instruction space."
marketing-mix,marketing mix,knowledge,cross-sector,key_12747,"Principle of marketing that describes the four fundamental elements in marketing strategies which are the product, the place, the price and the promotion."
gdpr,GDPR,knowledge,sector-specific,key_12749,The General Data Protection Regulation is the EU regulation on the protection of natural persons with regard to the processing of personal data and on the free movement of such data.
apply-organisational-techniques,apply organisational techniques,skill/competence,cross-sector,key_12750,"Employ a set of organisational techniques and procedures which facilitate the achievement of the set goals set such as detailed planning of personnel's schedules. Use these resources efficiently and sustainably, and show flexibility when required."
nursing-science,nursing science,knowledge,cross-sector,key_12760,The factors that influence human health and the therapeutic interventions that promote health with the purpose to improve individual`s mental and physical health.
authoring-software,authoring software,knowledge,cross-sector,key_12771,"The software that provides pre-programmed elements which allow the development of interactive multimedia applications in order to edit, structure and lay out content intended for publication."
adobe-photoshop-lightroom,Adobe Photoshop Lightroom,knowledge,sector-specific,key_12787,The computer program Adobe Photoshop Lightroom is a graphical ICT tool which enables digital editing and composition of graphics to generate both 2D raster or 2D vector graphics. It is developed by the software company Adobe.
grammar,grammar,knowledge,cross-sector,key_12788,"The set of structural rules governing the composition of clauses, phrases, and words in any given natural language."
market-pricing,market pricing,knowledge,sector-specific,key_12805,"Price volatility according to market and price elasticity, and the factors which influence pricing trends and changes in the market in the long and short term."
leadership-principles,leadership principles,knowledge,cross-sector,key_12807,"Set of traits and values which guide the actions of a leader with her/his employees and the company and provide direction throughout her/his career. These principles are also an important tool for self-evaluation to identify strengths and weaknesses, and seek self-improvement."
define-organisational-standards,define organisational standards,skill/competence,cross-sector,key_12816,"Write, implement and foster the internal standards of the company as part of the business plans for the operations and levels of performance that the company intends to achieve."
provide-technical-training,provide technical training,skill/competence,cross-sector,key_12821,Explain and demonstrate the use of training equipment and system functions.
scratch-computer-programming,Scratch (computer programming),knowledge,sector-specific,key_12830,"The techniques and principles of software development, such as analysis, algorithms, coding, testing and compiling of programming paradigms in Scratch."
analyse-staff-capacity,analyse staff capacity,skill/competence,cross-sector,key_12834,"Evaluate and identify staffing gaps in quantity, skills, performance revenue and surpluses."
process-based-management,Process-based management,knowledge,sector-specific,key_12842,"The process-based management approach is a methodology for planning, managing and overseeing of ICT resources in order to meet specific goals and using project management ICT tools."
common-aviation-safety-regulations,common aviation safety regulations,knowledge,sector-specific,key_12847,"The body of legislation and regulations that apply to the field of civil aviation at regional, national, European and International levels. Understand that regulations aimed at protecting citizens at all times in civil aviation; ensure that operators, citizens, and organisations comply with these rules."
assist-students-in-their-learning,assist students in their learning,skill/competence,cross-sector,key_12855,"Support and coach students in their work, give learners practical support and encouragement."
review-patient-s-medical-data,review patient's medical data,skill/competence,sector-specific,key_12860,"Assess and review relevant medical data of patients such as X-rays, medical history and laboratory reports."
read-musical-score,read musical score,skill/competence,sector-specific,key_12871,Read the musical score during rehearsal and live performance.
assist-scientific-research,assist scientific research,skill/competence,cross-sector,key_12873,"Assist engineers or scientists with conducting experiments, performing analysis, developing new products or processes, constructing theory, and quality control."
draft-scientific-or-academic-papers-and-technical-documentation,draft scientific or academic papers and technical documentation,skill/competence,cross-sector,key_1289,"Draft and edit scientific, academic or technical texts on different subjects."
incremental-development,Incremental development,knowledge,sector-specific,key_1290,The incremental development model is a methodology to design software systems and applications.
publishing-strategy,publishing strategy,knowledge,sector-specific,key_12906,"The methods, rules, media and tools of publishing content from content management systems in single sources or cross media."
maintain-database-performance,maintain database performance,skill/competence,sector-specific,key_12909,Calculate values for database parameters. Implement new releases and execute regular maintenance tasks such as establishing backup strategies and eliminating index fragmentation.
product-comprehension,product comprehension,knowledge,sector-specific,key_12911,"The offered products, their functionalities, properties and legal and regulatory requirements."
ict-network-cable-limitations,ICT network cable limitations,knowledge,sector-specific,key_12915,"The limitations, such as distance limitations and resistance of types of cables, such as fibre cable, coax cable and ethernet cable which are used for realising networks."
execute-feasibility-study,execute feasibility study,skill/competence,cross-sector,key_12936,"Perform the evaluation and assessment of the potential of a project, plan, proposition or new idea. Realise a standardised study which is based on extensive investigation and research to support the process of decision making."
maintain-sound-equipment,maintain sound equipment,skill/competence,sector-specific,key_12943,"Set up, check, maintain and repair sound equipment for a live performance establishment."
guarantee-customer-satisfaction,guarantee customer satisfaction,skill/competence,sector-specific,key_1296,"Handle customer expectations in a professional manner, anticipating and addressing their needs and desires. Provide flexible customer service to ensure customer satisfaction and loyalty."
operate-precision-machinery,operate precision machinery,skill/competence,cross-sector,key_12969,Operate machinery used for the making of small systems or components with a high level of precision.
domotic-systems,domotic systems,knowledge,sector-specific,key_12975,"Residential intelligent building installations for lighting, heating, security, etc that can be controlled remotely. Domotic systems aim at improving the quality of life inside houses and buildings, including enhancing the independence of people with disabilities and contributing to energy saving."
perform-quality-audits,perform quality audits,skill/competence,cross-sector,key_12979,"Execute regular, systematic and documented examinations of a quality system for verifying conformity with a standard based on objective evidence such as the implementation of processes, effectiveness in achieving quality goals and reduction and elimination of quality problems."
manage-environmental-impact-of-operations,manage environmental impact of operations,skill/competence,cross-sector,key_12992,"Manage the interaction with and impact on the environment by companies. Identify and assess environmental impacts of the production process and related services, and regulate a reduction of the effects on the environment and on people. Organise action plans and monitor any indicators of improvement."
taleo,Taleo,knowledge,sector-specific,key_12999,"The computer program Taleo is a e-learning platform for creating, administrating, arranging, reporting and delivering e-learning education courses or training programs."
android-mobile-operating-systems,Android (mobile operating systems),knowledge,sector-specific,key_13001,"The system software Android consists of features, restrictions, architectures and other characteristics of operating systems designed to run on mobile devices."
mechatronics,mechatronics,knowledge,cross-sector,key_13004,"Multidisciplinary field of engineering that combines principles of electrical engineering, telecommunications engineering, control engineering, computer engineering, and mechanical engineering in the design of products and manufacturing processes. The combination of these areas of engineering allows for the design and development of ""smart"" devices and the achievement of an optimal balance between"
cad-for-garment-manufacturing,CAD for garment manufacturing,knowledge,sector-specific,key_13024,Softwares of computer aided design for garment manufacturing which allow create 2 or 3 dimensional drawings.
use-e-services,use e-services,skill/competence,cross-sector,key_13028,"Use public and private online services, such as e-commerce, e-governance, e-banking, e-health services."
post-processing-of-photographs,post-processing of photographs,knowledge,cross-sector,key_13029,The characteristics of software and techniques used in post-processing photographs.
practise-camera-movements,practise camera movements,skill/competence,occupation-specific,key_13035,Practise operating the camera and the required movements for pre-arranged shots.
set-up-the-controller-of-a-machine,set up the controller of a machine,skill/competence,cross-sector,key_13059,Set up and give commands to a machine by dispatching the appropriate data and input into the (computer) controller corresponding with the desired processed product.
gather-reference-materials-for-artwork,gather reference materials for artwork,skill/competence,sector-specific,key_13070,"Gather samples of the materials you expect to use in the creation process, especially if the desired piece of art necessitates the intervention of qualified workers or specific production processes."
define-technical-requirements,define technical requirements,skill/competence,cross-sector,key_13073,"Specify technical properties of goods, materials, methods, processes, services, systems, software and functionalities by identifying and responding to the particular needs that are to be satisfied according to customer requirements."
teradata-database,Teradata Database,knowledge,sector-specific,key_13074,"The computer program Teradata Database is a tool for creating, updating and managing databases, developed by the software company Teradata Corporation."
analyse-network-bandwidth-requirements,analyse network bandwidth requirements,skill/competence,sector-specific,key_13078,Study the requirements on the transmission capacity of an ICT network or other telecommunication system.
lean-project-management,Lean project management,knowledge,sector-specific,key_13099,"The lean project management approach is a methodology for planning, managing and overseeing of ICT resources in order to meet specific goals and using project management ICT tools."
manage-open-publications,manage open publications,skill/competence,cross-sector,key_13106,"Be familiar with Open Publication strategies, with the use of information technology to support research, and with the development and management of CRIS (current research information systems) and institutional repositories. Provide licensing and copyright advice, use bibliometric indicators, and measure and report research impact."
identify-ict-system-weaknesses,identify ICT system weaknesses,skill/competence,sector-specific,key_13114,"Analyse the system and network architecture, hardware and software components and data in order to identify weaknesses and vulnerability to intrusions or attacks. Execute diagnostic operations on cyber infrastructure including research, identification, interpretation and categorization of vulnerabilities, associated attacks and malicious code (e.g. malware forensics and malicious network activity)"
develop-design-concept,develop design concept,skill/competence,sector-specific,key_13118,"Research information to develop new ideas and concepts for the design of a specific production. Read scripts and consult directors and other production staff members, in order to develop design concepts and plan productions."
kdevelop,KDevelop,knowledge,sector-specific,key_1313,"The computer program KDevelop is a suite of software development tools for writing programs, such as compiler, debugger, code editor, code highlights, packaged in a unified user interface. It is developed by the software community KDE."
properties-of-fabrics,properties of fabrics,knowledge,cross-sector,key_13131,"The influence of chemical composition and molecular arrangement of yarn and fibre properties and fabric structure on the physical properties of textile fabrics; the different fibre types, their physical and chemical characteristics and different material characteristics; the materials used in different processes and the effect on materials as they are processed."
support-ict-system-users,support ICT system users,skill/competence,sector-specific,key_13136,"Communicate with end users, instruct them on how to progress with tasks, use ICT support tools and methods to solve problems and identify possible side effects and provide solutions."
assemble-mechatronic-units,assemble mechatronic units,skill/competence,sector-specific,key_13141,"Assemble mechatronic units using mechanical, pneumatic, hydraulic, electrical, electronic, and information technology systems and components. Manipulate and attach metals through using welding and soldering techniques, glue, screws, and rivets. Install wiring. Install drive systems, sensors, actuators, and transducers. Mount switches, control devices, coverings, and protection."
agile-development,Agile development,knowledge,sector-specific,key_13167,The agile development model is a methodology to design software systems and applications.
build-business-relationships,build business relationships,skill/competence,cross-sector,key_13210,"Establish a positive, long-term relationship between organisations and interested third parties such as suppliers, distributors, shareholders and other stakeholders in order to inform them of the organisation and its objectives."
maintain-safe-engineering-watches,maintain safe engineering watches,skill/competence,sector-specific,key_13211,"Observe principles in keeping an engineering watch. Take over, accept and hand over a watch. Perform routine duties undertaken during a watch. Maintain the machinery space logs and the significance of the readings taken. Observe safety and emergency procedures. Observe safety precautions during a watch and take immediate actions in the event of fire or accident, with particular reference to oil sy"
apply-health-and-safety-standards,apply health and safety standards,skill/competence,cross-sector,key_13225,Adhere to standards of hygiene and safety established by respective authorities.
maintenance-of-printing-machines,maintenance of printing machines,knowledge,sector-specific,key_13228,Upkeep procedures and technical working of machines that produce printed graphical material.
adjust-manufacturing-equipment,adjust manufacturing equipment,skill/competence,cross-sector,key_13229,"Regulate and monitor the manufacturing equipment settings and process parameters, such as its temperature and power level. Review the manufacturing process and equipment and suggest improvements."
vbscript,VBScript,knowledge,sector-specific,key_13232,"The techniques and principles of software development, such as analysis, algorithms, coding, testing and compiling of programming paradigms in VBScript."
maintain-system-layout-for-a-production,maintain system layout for a production,skill/competence,sector-specific,key_13238,Establish a workable layout for the system you manage and maintain it for the duration of a production.
align-antennae-with-receiving-dishes,align antennae with receiving dishes,skill/competence,occupation-specific,key_13248,Align antennae with receiving dishes to obtain the clearest signal for transmission of broadcasts from field locations.
lead-disaster-recovery-exercises,lead disaster recovery exercises,skill/competence,sector-specific,key_13270,"Head exercises which educate people on what to do in case of an unforeseen disastrous event in the functioning or security of ICT systems, such as on recovery of data, protection of identity and information and which steps to take in order to prevent further problems."
computer-technology,computer technology,knowledge,cross-sector,key_13274,"Computers, computer networks and other information technologies and equipment that can store, retrieve, transmit and manipulate data."
identify-ict-user-needs,identify ICT user needs,skill/competence,sector-specific,key_13283,"Determine the needs and requirements of ICT users of a specific system by applying analytical methods, such as target group analysis."
marketing-principles,marketing principles,knowledge,cross-sector,key_13285,The principles of managing the relationship between consumers and products or services for the purpose of increasing sales and improving advertising techniques.
software-interaction-design,software interaction design,knowledge,sector-specific,key_13288,The methodologies for designing interaction between users and a software product or service to satisfy the needs and preferences of most of the people who will interface with the product and to simplify the communication between product and user such as Goal-oriented design.
penetration-testing-tool,penetration testing tool,knowledge,sector-specific,key_13301,"The specialised ICT tools which test security weaknesses of the system for potentially unauthorised access to system information such as Metasploit, Burp suite and Webinspect."
demonstrate-products-features,demonstrate products' features,skill/competence,sector-specific,key_13308,"Demonstrate how to use a product in a correct and safe manner, provide customers with information on the product's main features and benefits, explain operation, correct use and maintenance. Persuade potential customers to purchase items."
oracle-relational-database,Oracle Relational Database,knowledge,sector-specific,key_13317,"The computer program Oracle Rdb is a tool for creating, updating and managing databases, developed by the software company Oracle."
standard-sizing-systems-for-clothing,standard sizing systems for clothing,knowledge,sector-specific,key_13323,"Standard sizing systems for clothing developed by different countries. Differences among the systems and standards of different countries, the development of the systems according to the evolution of the shape of the human body and their usage in the clothing industry."
provide-customer-follow-up-services,provide customer follow-up services,skill/competence,cross-sector,key_13325,"Register, follow-up, solve and respond to customer requests, complaints and after-sales services."
electronic-communication,electronic communication,knowledge,cross-sector,key_13327,"Data communication performed through digital means such as computers, telephone or e-mail."
absorb-learning-management-systems,Absorb (learning management systems),knowledge,sector-specific,key_1333,"The learning system Absorb is an e-learning platform for creating, administrating and delivering e-learning education courses or training programs for secondary school students."
cobol,COBOL,knowledge,sector-specific,key_13334,"The techniques and principles of software development, such as analysis, algorithms, coding, testing and compiling of programming paradigms in COBOL."
utilise-decision-support-system,utilise decision support system,skill/competence,sector-specific,key_13335,Use the available ICT systems that can be used to support business or organisational decision making.
ensure-material-compliance,ensure material compliance,skill/competence,sector-specific,key_13337,Ensure that the materials provided by suppliers comply with the specified requirements.
edit-photographs,edit photographs,skill/competence,sector-specific,key_13338,"Resize, enhance and retouche photographs, using airbrushing, editing software and other techniques."
maintain-control-systems-for-automated-equipment,maintain control systems for automated equipment,skill/competence,sector-specific,key_13340,"Check, maintain and repair electrical and electronic elements. Check and update software of automated equipment."
protect-ict-devices,protect ICT devices,skill/competence,cross-sector,key_13344,"Protect devices and digital content, and understand risks and threats in digital environments. Know about safety and security measures and have due regard to reliability and privacy. Make use of tools and methods which maximise security of ICT devices and information by controlling access, such as passwords, digital signatures, biometry, and protecting systems such as firewall, antivirus, spam fil"
design-thinking,design thinking,knowledge,cross-sector,key_13354,"The process used to identify creative solutions to problem solving, by putting the user at its core. The five stages approach-empathise, define, ideate, prototype and test-are meant to challenge assumptions and iterate solutions that are better suited to the needs of the user."
create-content-title,create content title,skill/competence,cross-sector,key_13358,"Come up with an appealing title that draws people's attention to the content of your article, story or publication."
provide-multimedia-content,provide multimedia content,skill/competence,sector-specific,key_13366,"Develop multimedia materials such as screen shots, graphics, slide shows, animations and videos to be used as content integrated in a broader informational context."
set-up-sound-reinforcement-system,set up sound reinforcement system,skill/competence,sector-specific,key_13370,Set up an analogue sound reinforcement system in a live situation.
design-for-organisational-complexity,design for organisational complexity,skill/competence,sector-specific,key_13384,"Determine cross-account authentication and access strategy for complex organizations (for example, an organization with varying compliance requirements, multiple business units, and varying scalability requirements). Design networks and multi-account cloud environments for complex organizations."
hardware-architectures,hardware architectures,knowledge,sector-specific,key_13398,The designs laying out the physical hardware components and their interconnections.
plan-audiovisual-recording,plan audiovisual recording,skill/competence,cross-sector,key_13412,Plan audio-visual recordings.
monitor-communication-channels-performance,monitor communication channels' performance,skill/competence,sector-specific,key_13413,Search for possible faults. Perform visual checks. Analyse system indicators and use diagnostic devices.
keep-up-to-date-on-product-knowledge,keep up to date on product knowledge,skill/competence,sector-specific,key_1344,"Gather the latest information on developments related to the existing or supported products, methods or techniques."
establish-an-ict-customer-support-process,establish an ICT customer support process,skill/competence,sector-specific,key_13476,"Create a series of customer ICT service activities before, during and after a request. Ensure an adequate response or action, enhance the level of customer satisfaction and accumulate ICT product or service feedback."
control-of-expenses,control of expenses,skill/competence,cross-sector,key_13482,"Monitor and maintain effective cost controls, in regards to efficiencies, waste, overtime and staffing. Assessing excesses and strives for efficiency and productivity."
estimate-duration-of-work,estimate duration of work,skill/competence,cross-sector,key_13484,Produce accurate calculations on time necessary to fulfil future technical tasks based on past and present information and observations or plan the estimated duration of individual tasks in a given project.
copyright-legislation,copyright legislation,knowledge,cross-sector,key_13487,"Legislation describing the protection of the rights of original authors over their work, and how others can use it."
troubleshoot-website,troubleshoot website,skill/competence,occupation-specific,key_13493,"Detect the flaws and malfunctions of a website. Apply troubleshooting techniques on content, structure, interface and interactions in order to find the causes and solve the malfunctions."
advise-on-teaching-methods,advise on teaching methods,skill/competence,cross-sector,key_13519,"Advise education professionals on the proper adaptation of curricula in lesson plans, classroom management, professional conduct as a teacher, and other activities and methods related to teaching."
analyse-the-artistic-concept-based-on-stage-actions,analyse the artistic concept based on stage actions,skill/competence,sector-specific,key_1352,"Analyse the artistic concept, form and structure of a live performance based on observation during rehearsals or improvisation. Create a structured base for the design process of a specific production."
migrate-existing-data,migrate existing data,skill/competence,sector-specific,key_1353,"Apply migration and conversion methods for existing data, in order to transfer or convert data between formats, storage or computer systems."
set-up-projection-equipment,set up projection equipment,skill/competence,sector-specific,key_13530,Install and connect equipment for projection in an artistic context.
product-data-management,product data management,knowledge,cross-sector,key_13532,"The use of software to track all information concerning a product such as technical specifications, drawings, design specifications, and production costs."
test-ict-queries,test ICT queries,skill/competence,occupation-specific,key_13538,Assess that developed queries return and execute correct actions and data.
manage-supplies,manage supplies,skill/competence,cross-sector,key_1354,"Monitor and control the flow of supplies that includes the purchase, storage and movement of the required quality of raw materials, and also work-in-progress inventory. Manage supply chain activities and synchronise supply with demand of production and customer."
instructional-design-models,instructional design models,knowledge,sector-specific,key_13544,The guidelines or strategies for designing and developing instructions to ensure learners achieve the intended learning outcomes.
define-database-physical-structure,define database physical structure,skill/competence,sector-specific,key_1358,"Specify the physical configuration of database files on a given media. This consists of in-detail specifications of indexing options, data types and data elements placed in the data dictionary."
apply-intercultural-teaching-strategies,apply intercultural teaching strategies,skill/competence,cross-sector,key_13584,"Ensure that the content, methods, materials and the general learning experience is inclusive for all students and takes into account the expectations and experiences of learners from diverse cultural backgrounds. Explore individual and social stereotypes and develop cross-cultural teaching strategies."
environmental-management-monitors,environmental management monitors,knowledge,sector-specific,key_13585,The hardware and equipment suitable for measurement and live monitoring of environmental parameters.
hadoop,Hadoop,knowledge,sector-specific,key_13603,"The open-source data storing, analysis and processing framework which consists mainly in the MapReduce and Hadoop distributed file system (HDFS) components and it is used to provide support for managing and analysing large datasets."
principles-of-artificial-intelligence,principles of artificial intelligence,knowledge,sector-specific,key_13604,"The artificial intelligence theories, applied principles, architectures and systems, such as intelligent agents, multi-agent systems, expert systems, rule-based systems, neural networks, ontologies and cognition theories."
tend-lathe,tend lathe,skill/competence,cross-sector,key_13617,"Tend a lathe designed for cutting manufacturing processes on metal, wooden, plastic materials and others, monitor and operate it, according to regulations."
maltego,Maltego,knowledge,sector-specific,key_1365,"The platform Maltego is a forensic application that uses data mining to deliver on overview of organisations' environment, testing security weaknesses of the system for potentially unauthorised access and demonstrates the complexity of infrastructure failures."
train-employees,train employees,skill/competence,cross-sector,key_13655,Lead and guide employees through a process in which they are taught the necessary skills for the perspective job. Organise activities aimed at introducing the work and systems or improving the performance of individuals and groups in organisational settings.
ict-market,ICT market,knowledge,sector-specific,key_13658,"The processes, stakeholders and the dynamics of the chain of goods and services in the ICT market sector."
identify-potential-markets-for-companies,identify potential markets for companies,skill/competence,cross-sector,key_13659,Observe and analyse market research findings in order to determine promising and profitable markets. Consider the firm's specific advantage and match it with markets where such value proposition is missing.
sas-data-management,SAS Data Management,knowledge,sector-specific,key_13674,"The computer program SAS Data Management is a tool for integration of information from multiple applications, created and maintained by organisations, into one consistent and transparent data structure, developed by the software company SAS."
implement-a-firewall,implement a firewall,skill/competence,sector-specific,key_13677,"Download, install and update a network security system designed to prevent unauthorized access to a private network."
manage-keys-for-data-protection,manage keys for data protection,skill/competence,sector-specific,key_13679,"Select appropriate authentication and authorization mechanisms. Design, implement and troubleshoot key management and use. Design and implement a data encryption solution for data at rest and data in transit."
css,CSS,knowledge,sector-specific,key_13684,"The computer language CSS is a style sheet language that conveys the presentation of structured documents. These documents have to adhere to style sheets, a set of stylistic rules such as font, color and layout."
audiovisual-equipment,audiovisual equipment,knowledge,sector-specific,key_13699,The characteristics and usage of different tools that stimulate the sight and audio senses.
create-2d-painting,create 2D painting,skill/competence,cross-sector,key_13702,Produce a drawing by using a range of digital tools.
optoelectronics,optoelectronics,knowledge,cross-sector,key_13715,Branch of electronics and optics dedicated to the study and use of electronic devices that detect and control light.
software-components-suppliers,software components suppliers,knowledge,sector-specific,key_13729,The suppliers who can deliver the required software components.
sales-strategies,sales strategies,knowledge,sector-specific,key_13753,The principles concerning customer behaviour and target markets with the aim of promotion and sales of a product or a service.
content-development-processes,content development processes,knowledge,cross-sector,key_13762,"The specialised techniques used to design, write, compile, edit and organise digital content, such as text, graphics and videos for publishing purposes."
interpret-electronic-design-specifications,interpret electronic design specifications,skill/competence,sector-specific,key_13764,Analyse and understand detailed electronic design specifications.
whitehat-sentinel,WhiteHat Sentinel,knowledge,sector-specific,key_13776,"The computer program WhiteHat Sentinel is a specialised ICT tool which tests security weaknesses of the system for potentially unauthorised access to system information, developed by the software company WhiteHat Security."
render-3d-images,render 3D images,skill/competence,cross-sector,key_13799,Use specialised tools to convert 3D wire frame models into 2D images with 3D photorealistic effects or non-photorealistic rendering on a computer.
marklogic,MarkLogic,knowledge,sector-specific,key_13800,"The NoSQL enterprise non-relational database used for creating, updating and managing large amounts of unstructured data stored in the cloud and which provides features such as semantics, flexible data models and Hadoop integration."
audio-mastering,audio mastering,knowledge,sector-specific,key_13802,The post-production process where the finished recorded audio is transferred to a data storage device from which it will be copied.
robotics,robotics,knowledge,cross-sector,key_13822,"The branch of engineering that involves the design, operation, manufacture, and application of robots. Robotics is part of mechanical engineering, electrical engineering, and computer science and overlaps with mechatronics and automation engineering."
circuit-diagrams,circuit diagrams,knowledge,sector-specific,key_1383,"Read and comprehend circuit diagrams showing the connections between the devices, such as power and signal connections."
pascal-computer-programming,Pascal (computer programming),knowledge,sector-specific,key_13833,"The techniques and principles of software development, such as analysis, algorithms, coding, testing and compiling of programming paradigms in Pascal."
operate-sound-live,operate sound live,skill/competence,sector-specific,key_13835,Operate sound system and audio devices during rehearsals or in a live situation.
draw-up-artistic-production,draw up artistic production,skill/competence,sector-specific,key_1384,File and document a production in all its phases right after the performance period so that it can be reproduced and all relevant information remains accessible.
compose-description-for-web-elements,compose description for web elements,skill/competence,occupation-specific,key_13842,"Create texts to convey the message of a web element, such as images or frames, even in cases when it cannot be displayed to the user."
create-moving-images,create moving images,skill/competence,sector-specific,key_13846,Create and develop two-dimensional and three-dimensional images in motion and animations.
oversee-extra-curricular-activities,oversee extra-curricular activities,skill/competence,cross-sector,key_13858,Supervise and potentially organise educational or recreational activities for the students outside of mandatory classes.
prepare-production-prototypes,prepare production prototypes,skill/competence,cross-sector,key_13860,Prepare early models or prototypes in order to test concepts and replicability possibilities. Create prototypes to assess for pre-production tests.
assess-financial-viability,assess financial viability,skill/competence,cross-sector,key_13871,"Revise and analyse financial information and requirements of projects such as their budget appraisal, expected turnover, and risk assessment for determining the benefits and costs of the project. Assess if the agreement or project will redeem its investment, and whether the potential profit is worth the financial risk."
set-up-automotive-robot,set up automotive robot,skill/competence,cross-sector,key_13876,"Set up and programme an automotive robot working on machine processes and substituting or collaboratively supporting human labour, such as the six-axis automotive robot."
use-pattern-cutting-softwares,use pattern-cutting softwares,skill/competence,sector-specific,key_13891,"Use pattern-cutting softwares in order to create templates for the manufacturing of wearing apparel, made-up textile articles, and textile products. Set adequate patterns in softwares for replicability of products taking into account sizes and shapes."
work-with-an-artistic-team,work with an artistic team,skill/competence,sector-specific,key_13906,"Work closely with directors, fellow actors and playwrights to find the ideal interpretation to a role."
document-management,document management,knowledge,sector-specific,key_13914,"The methodology of tracking, managing and storing documents in a systematic and organised manner as well as keeping a record of the versions created and modified by specific users (history tracking)."
execute-integration-testing,execute integration testing,skill/competence,sector-specific,key_13920,"Perform testing of system or software components grouped in multiple ways to evaluate their ability to interconnect, their interface and their ability to provide global functionality."
provide-legal-advice,provide legal advice,skill/competence,cross-sector,key_13923,"Provide advice to clients in order to ensure that their actions are compliant with the law, as well as most beneficial for their situation and specific case, such as providing information, documentation, or advice on the course of action for a client should they want to take legal action or legal action is taken against them."
adapt-developed-game-to-the-market,adapt developed game to the market,skill/competence,sector-specific,key_13933,Follow gaming trends in order to adjust the development of new games to the current needs of the market.
analyse-legal-enforceability,analyse legal enforceability,skill/competence,cross-sector,key_13958,"Examine the client's present situation, ideas and wishes under a legal perspective to assess their legal justification or enforceability."
abap,ABAP,knowledge,sector-specific,key_13967,"The techniques and principles of software development, such as analysis, algorithms, coding, testing and compiling of programming paradigms in ABAP."
use-session-border-controller,use session border controller,skill/competence,sector-specific,key_13971,Manage calls during a given voice over Internet Protocol (VoIP) session and ensure security and quality of service by operating a session border controller (SBC).
cinematography,cinematography,knowledge,sector-specific,key_13979,The science of recording light and electromagnetic radiation in order to create a motion picture. The recording can happen electronically with an image sensor or chemically on light sensitive materials such as film stock.
replicate-customer-software-issues,replicate customer software issues,skill/competence,sector-specific,key_13980,Use specialised tools to replicate and analyse the conditions that caused the set of software states or outputs reported by the customer in order to provide adequate solutions.
development-delays,development delays,knowledge,cross-sector,key_14006,The condition in which a child or adult needs more time to reach certain development milestones than that needed by the average person not affected by a development delay.
set-up-basic-recording,set up basic recording,skill/competence,sector-specific,key_14024,Set up a basic stereo audio recording system.
process-customer-orders,process customer orders,skill/competence,cross-sector,key_14035,"Handle orders placed by customers. Receive the customer order and define a list of requirements, a working process, and a time frame. Execute the work as planned."
maintain-database-security,maintain database security,skill/competence,sector-specific,key_14041,Master a wide variety of information security controls in order to pursue maximal database protection.
store-performance-equipment,store performance equipment,skill/competence,sector-specific,key_14050,"Dismantle sound, light and video equipment after a performance event and store in a safe place."
deep-learning,deep learning,knowledge,cross-sector,key_14055,"The principles, methods and algorithms of deep learning, a subfield of artificial intelligence and machine learning. Common neural networks like perceptrons, feed-forward, backpropagation, and convolutional and recurrent neural networks."
organise-projects-to-fill-education-needs,organise projects to fill education needs,skill/competence,cross-sector,key_14062,"Fill education gaps by organising projects and activities that help people to grow academically, socially or emotionally."
work-with-the-lighting-crew,work with the lighting crew,skill/competence,cross-sector,key_14065,Work with the crew responsible for the lighting setup and operation to get directions from them on where to stand for an aesthetic result.
apply-good-clinical-practices,apply good clinical practices,skill/competence,sector-specific,key_14066,"Ensure compliance with and application of the ethical and scientific quality standards used to conduct, record and report clinical trials that involve human participation, at an international level."
develop-audit-plan,develop audit plan,skill/competence,cross-sector,key_14073,"Define all organisational tasks (time, place and order) and develop a checklist concerning the topics to be audited."
prototyping-development,Prototyping development,knowledge,sector-specific,key_14081,The prototyping development model is a methodology to design software systems and applications.
hardware-components-suppliers,hardware components suppliers,knowledge,sector-specific,key_14082,The suppliers who can deliver the required hardware components.
conduct-mobile-marketing,conduct mobile marketing,skill/competence,cross-sector,key_14087,Conduct mobile marketing using a mobile device e.g. tablet or smartphone. Gather personalised information and transfer it to customers in order to promote services or goods.
ict-performance-analysis-methods,ICT performance analysis methods,knowledge,sector-specific,key_14088,"The methods used to analyse software, ICT system and network performance which provide guidance to root causes of issues within information systems. The methods can analyse resource bottlenecks, application times, wait latencies and benchmarking results."
erlang,Erlang,knowledge,sector-specific,key_1409,"The techniques and principles of software development, such as analysis, algorithms, coding, testing and compiling of programming paradigms in Erlang."
scientific-research-methodology,scientific research methodology,knowledge,cross-sector,key_14091,"The theoretical methodology used in scientific research involving doing background research, constructing an hypothesis, testing it, analysing data and concluding the results."
liaise-with-educational-staff,liaise with educational staff,skill/competence,cross-sector,key_14095,"Communicate with the school staff such as teachers, teaching assistants, academic advisors, and the principal on issues relating to students' well-being. In the context of a university, liaise with the technical and research staff to discuss research projects and courses-related matters."
analyse-information-systems,analyse information systems,skill/competence,occupation-specific,key_14096,"Conduct analyses of information systems such as archives, libraries and documentation centers to verify their effectiveness. Develop specific problem solving techniques in order to improve the performance of the systems."
integrate-system-components,integrate system components,skill/competence,sector-specific,key_14106,Select and use integration techniques and tools to plan and implement integration of hardware and software modules and components in a system.
curriculum-objectives,curriculum objectives,knowledge,cross-sector,key_14128,The goals identified in curricula and defined learning outcomes.
ict-environmental-policies,ICT environmental policies,knowledge,occupation-specific,key_14131,"The international and organisational policies which deal with the assessment of the environmental impact of innovations and developments in the field of ICT, as well as with methods for reducing negative impact and applying ICT innovations to aid the environment."
analog-electronics-theory,analog electronics theory,knowledge,sector-specific,key_14134,The theory based on analogue circuits in which volumes (voltage or current) continuously vary over time.
verify-formal-ict-specifications,verify formal ICT specifications,skill/competence,sector-specific,key_14142,"Check capabilities, correctness and efficiency of intended algorithm or system to match certain formal specifications."
design-enterprise-architecture,design enterprise architecture,skill/competence,sector-specific,key_14143,"Analyse the business structure and provide a logical organisation of business processes and information infrastructure. Apply principles and practices which help organisations to realise their strategies, respond to disruptions and achieve their goals."
align-efforts-towards-business-development,align efforts towards business development,skill/competence,cross-sector,key_14161,"Synchronise the efforts, plans, strategies, and actions carried out in departments of companies towards the growth of business and its turnover. Keep business development as the ultimate outcome of any effort of the company."
apply-control-process-statistical-methods,apply control process statistical methods,skill/competence,cross-sector,key_14163,Apply statistical methods from Design of Experiments (DOE) and Statistical Process Control (SPC) in order to control manufacturing processes.
saas-service-oriented-modelling,SaaS (service-oriented modelling),knowledge,sector-specific,key_14173,"The SaaS model consists of principles and fundamentals of service-oriented modelling for business and software systems that allow the design and specification of service-oriented business systems within a variety of architectural styles, such as enterprise architecture."
develop-animations,develop animations,skill/competence,sector-specific,key_14177,"Design and develop visual animations using creativity and computer skills. Make objects or characters appear lifelike by manipulating light, colour, texture, shadow, and transparency, or manipulating static images to give the illusion of motion."
mobile-marketing,mobile marketing,knowledge,sector-specific,key_14183,"The study of marketing which uses mobile devices as a communication channel. This approach can provide potential customers with personalised information (using location or time context) which promotes products, services or ideas."
special-needs-education,special needs education,knowledge,cross-sector,key_14191,"The teaching methods, equipment and settings used to support students with special needs in achieving succes in school or community."
enhance-website-visibility,enhance website visibility,skill/competence,cross-sector,key_14207,"Promote the website to users, business partners and search engines. Optimise the website exposure to search engines, send out emails, determine pricing and policies and conduct marketing actions."
mechanics,mechanics,knowledge,cross-sector,key_14216,Theoretical and practical applications of the science studying the action of displacements and forces on physical bodies to the development of machinery and mechanical devices.
education-administration,education administration,knowledge,cross-sector,key_14219,"The processes related to the administrative areas of an education institution, its director, employees, and students."
ensure-conformity-to-specifications,ensure conformity to specifications,skill/competence,cross-sector,key_14230,Ensure that the assembled products are conform to the specifications given.
keep-up-with-trends,keep up with trends,skill/competence,cross-sector,key_14235,Monitor and follow new trends and developments in specific sectors.
manage-ict-data-classification,manage ICT data classification,skill/competence,sector-specific,key_1424,Oversee the classification system an organisation uses to organise its data. Assign an owner to each data concept or bulk of concepts and determine the value of each item of data.
insourcing-strategy,insourcing strategy,knowledge,sector-specific,key_14242,"The high level planning for managing and optimising business processes internally, usually in order to maintain control of critical aspects of work."
nexpose,Nexpose,knowledge,sector-specific,key_14246,"The computer program Nexpose is a specialised ICT tool which tests security weaknesses of the system for potentially unauthorised access to system information, developed by the software company Rapid7."
perform-clinical-coding-procedures,perform clinical coding procedures,skill/competence,sector-specific,key_14255,Match and record correctly the specific illnesses and treatments of a patient by using a clinical codes classification system.
manage-standard-enterprise-resource-planning-system,manage standard enterprise resource planning system,skill/competence,sector-specific,key_14260,"Collect, manage and interpret data relevant for companies related to shipping, payment, inventory, resources and manufacturing using specific business management software. Such software as Microsoft Dynamics​, SAP ERP, Oracle ERP."
internet-of-things,Internet of Things,knowledge,sector-specific,key_14264,"The general principles, categories, requirements, limitations and vulnerabilities of smart connected devices (most of them with intended internet connectivity)."
design-graphics,design graphics,skill/competence,cross-sector,key_14268,Apply a variety of visual techniques in order to design graphic material. Combine graphical elements to communicate concepts and ideas.
develop-course-outline,develop course outline,skill/competence,cross-sector,key_14270,Research and establish an outline of the course to be taught and calculate a time frame for the instructional plan in accordance with school regulations and curriculum objectives.
create-new-concepts,create new concepts,skill/competence,cross-sector,key_14277,Come up with new concepts.
secure-sensitive-customer-s-information,secure sensitive customer's information,skill/competence,sector-specific,key_14279,Select and apply security measures and regulations related to sensitive customer information with the aim of protecting their privacy.
create-solutions-to-problems,create solutions to problems,skill/competence,cross-sector,key_1428,"Solve problems which arise in planning, prioritising, organising, directing/facilitating action and evaluating performance. Use systematic processes of collecting, analysing, and synthesising information to evaluate current practice and generate new understandings about practice."
devops,DevOps,knowledge,sector-specific,key_14292,The DevOps development approach is a methodology to design software systems and applications focused on the collaboration and between software programmers and other ICT professionals and automation.
create-website-wireframe,create website wireframe,skill/competence,sector-specific,key_14297,"Develop an image or set of images that display the functional elements of a website or page, typically used for planning a website's functionality and structure."
install-signal-repeaters,install signal repeaters,skill/competence,sector-specific,key_14300,Set up and configure devices which enhance strength of signal of a communication channel to enable proper reception and reproduction in further places.
draft-project-documentation,draft project documentation,skill/competence,cross-sector,key_14333,"Prepare project documentation such as project charters, work plans, project handbooks, progress reports, deliverables and stakeholder matrices."
prepare-assembly-drawings,prepare assembly drawings,skill/competence,cross-sector,key_14343,"Create the drawings that identify the different components and materials, and that provide instructions as to how they should be assembled."
concepts-of-telecommunications,concepts of telecommunications,knowledge,sector-specific,key_14345,"The telecommunication principles, theories, models, equipment and processes such as transfer rate, bandwidth, signal-to-noise ratio, bit error ratio and C/N ratio, as well as the effect of the qualities of the transmission path on the operation and quality of telecommunications."
information-structure,information structure,knowledge,sector-specific,key_1438,"The type of infrastructure which defines the format of data: semi-structured, unstructured and structured."
communicate-analytical-insights,communicate analytical insights,skill/competence,sector-specific,key_14386,"Obtain analytical insights and share them with relevant teams, in order to enable them to optimise supply chain (SC) operations and planning."
participate-in-artistic-mediation-activities,participate in artistic mediation activities,skill/competence,sector-specific,key_14387,"Participate in cultural and artistic mediation activities: announce the activity, give a presentation or talk related to a piece of art or an exhibition, teach a class or a group, lead artistic mediation activities, lead or participate in a public discussion."
analyse-software-specifications,analyse software specifications,skill/competence,sector-specific,key_14399,"Assess the specifications of a software product or system to be developed by identifying functional and non-functional requirements, constraints and possible sets of use cases which illustrate interactions between the software and its users."
thc-hydra,THC Hydra,knowledge,sector-specific,key_14414,The package THC Hydra is a parallelized login cracker which tests security weaknesses of the systems' protocols for potentially unauthorised access to system information. The main features include network logon cracker and passwords reading and printing.
implement-corporate-governance,implement corporate governance,skill/competence,sector-specific,key_14416,"Apply a set of principles and mechanisms by which an organisation is managed and directed, set procedures of information, control flow and decision making, distribute rights and responsibilities among departments and individuals, set corporate objectives and monitor and evaluate actions and results."
process-data,process data,skill/competence,cross-sector,key_14419,"Enter information into a data storage and data retrieval system via processes such as scanning, manual keying or electronic data transfer in order to process large amounts of data."
health-and-safety-regulations,health and safety regulations,knowledge,cross-sector,key_14430,"Necessary health, safety, hygiene and environmental standards and legislation rules in the sector of particular activity."
set-up-equipment-in-a-timely-manner,set up equipment in a timely manner,skill/competence,sector-specific,key_14444,Make sure to set up equipment according to deadlines and time schedules.
omnipage,OmniPage,knowledge,sector-specific,key_14456,"The computer program OmniPage is software that electronically converts printed and typed images into machine-encoded text so that documents can be electronically stored, edited and digitally displayed."
apply-customer-engagement-strategy,apply customer engagement strategy,skill/competence,cross-sector,key_14459,Engage customers with a company or a brand by employing several methods such as humanisation of the brand and social media usage. The initiative for engagement can come either from the consumer or the company and the medium of engagement can be online as well as offline.
interpret-floor-plans,interpret floor plans,skill/competence,sector-specific,key_14462,Understand the results of moving the position of objects and patterns on floor plans by thinking three-dimensionally.
supervise-data-entry,supervise data entry,skill/competence,cross-sector,key_14468,"Supervise the entry of information such as addresses or names in a data storage and retrieval system via manual keying, electronic data transfer or by scanning."
report-on-environmental-issues,report on environmental issues,skill/competence,cross-sector,key_14479,"Compile environmental reports and communicate on issues. Inform the public or any interested parties in a given context on relevant recent developments in the environment, forecasts on the future of the environment, and any problems and possible solutions."
ensure-visual-quality-of-the-set,ensure visual quality of the set,skill/competence,sector-specific,key_14488,"Inspect and amend the scenery and set-dressing to make sure the visual quality is optimal with in constraints of time, budget and manpower."
convert-different-audiovisual-formats,convert different audiovisual formats,skill/competence,cross-sector,key_14495,Use specialised software to convert data from one audio and/or video format to another.
jenkins-tools-for-software-configuration-management,Jenkins (tools for software configuration management),knowledge,sector-specific,key_14518,"The tool Jenkins is a software program to perform configuration identification, control, status accounting and audit of software during its development and maintenance."
automation-technology,automation technology,knowledge,cross-sector,key_14525,"Set of technologies that make a process, system, or apparatus operate automatically through the use of control systems."
perform-ict-security-testing,perform ICT security testing,skill/competence,sector-specific,key_14526,"Execute types of security testing, such as network penetration testing, wireless testing, code reviews, wireless and/or firewall assessments in accordance with industry-accepted methods and protocols to identify and analyse potential vulnerabilities."
keep-records-on-sales,keep records on sales,skill/competence,sector-specific,key_14537,"Keep records of the activities of the sales of products and services, tracking which products and services were sold when and maintaining customer records, in order to facilitate improvements in the sales department."
adapt-to-changes-in-technological-development-plans,adapt to changes in technological development plans,skill/competence,sector-specific,key_14549,Modify the current design and development activities of technological projects to meet changes in requests or strategies. Ensure that the organisation's or client's needs are met and that any sudden requests which were not previously planned are implemented.
keep-up-with-digital-transformation-of-industrial-processes,keep up with digital transformation of industrial processes,skill/competence,sector-specific,key_1455,Keep up to date with digital innovations applicable to industrial processes. Integrate these transformations in the company's processes aiming for competitive and profitable business models.
approve-engineering-design,approve engineering design,skill/competence,cross-sector,key_14554,Give consent to the finished engineering design to go over to the actual manufacturing and assembly of the product.
n1ql,N1QL,knowledge,sector-specific,key_14564,The computer language N1QL is a query language for retrieval of information from a database and of documents containing the needed information. It is developed by the software company Couchbase.
maintain-ict-server,maintain ICT server,skill/competence,sector-specific,key_14567,"Diagnose and eliminate hardware faults via repair or replacement. Take preventive measures, review performance, update software, review accessibility."
operate-3d-computer-graphics-software,operate 3D computer graphics software,skill/competence,sector-specific,key_14572,"Use graphical ICT tools, such as Autodesk Maya, Blender which enable digital editing, modelling, rendering and composition of graphics. These tools are based in mathematical representation of three-dimensional objects."
perform-resource-planning,perform resource planning,skill/competence,cross-sector,key_14582,"Estimate the expected input in terms of time, human and financial resources necessary to achieve the project objectives."
make-strategic-business-decisions,make strategic business decisions,skill/competence,cross-sector,key_14598,"Analyse business information and consult directors for decision making purposes in a varied array of aspects affecting the prospect, productivity and sustainable operation of a company. Consider the options and alternatives to a challenge and make sound rational decisions based on analysis and experience."
use-it-tools,use IT tools,skill/competence,cross-sector,key_14605,"Application of computers, computer networks and other information technologies and equipment to storing, retrieving, transmitting and manipulating data, in the context of a business or enterprise."
ict-network-simulation,ICT network simulation,knowledge,sector-specific,key_14607,The methods and tools which enable modelling of the ICT network behaviour by calculating the data exchange among entities or capturing and reproducing characteristics from a functioning network.
prioritise-requests,prioritise requests,skill/competence,cross-sector,key_14608,Prioritise incidents and requests reported by customers or clients. Respond professionaly and in a timely fashion.
design-component-interfaces,design component interfaces,skill/competence,occupation-specific,key_14622,Use methods and tools to design and program interfaces of software and system components.
scan-photos,scan photos,skill/competence,sector-specific,key_14623,"Scan images into computers for editing, storage, and electronic transmission."
carry-out-forum-moderation,carry out forum moderation,skill/competence,cross-sector,key_14635,"Supervise communication activity on a web forum and other discussion platforms by assessing if the content adheres to forum regulations, enforcing rules of conduct, and ensuring the forum remains free of illegal material and conflict."
strategies-for-handling-cases-of-elder-abuse,strategies for handling cases of elder abuse,knowledge,sector-specific,key_14637,"The range of strategies and approaches utilised in the identification, termination, and prevention of instances of elder abuse. This incudes understanding of the methods and procedures used to recognise instances of elder abuse, the legal implications of abusive behaviour; and possible intervention and rehabilitation activities."
synthesise-information,synthesise information,skill/competence,cross-sector,key_14653,"Critically read, interpret, and summarize new and complex information from diverse sources."
company-policies,company policies,knowledge,sector-specific,key_14663,The set of rules that govern the activity of a company.
conduct-research-across-disciplines,conduct research across disciplines,skill/competence,cross-sector,key_14690,Work and use research findings and data across disciplinary and/or functional boundaries.
implement-strategic-planning,implement strategic planning,skill/competence,cross-sector,key_14691,Take action on the goals and procedures defined at a strategic level in order to mobilise resources and pursue the established strategies.
blockchain-consensus-mechanisms,blockchain consensus mechanisms,knowledge,sector-specific,key_14695,The different mechanisms and their characteristics that ensure a transaction is propagated correctly in the distributed ledger.
define-software-architecture,define software architecture,skill/competence,sector-specific,key_14696,"Create and document the structure of software products including components, coupling and interfaces. Ensure feasibility, functionality and compatibility with existing platforms."
supervise-plotting-of-stage-lights,supervise plotting of stage lights,skill/competence,occupation-specific,key_14698,"Make sure cues for stage lights are adequately entered into the lightboard. Put in levels, positions, changeovers, etc."
supervise-sound-production,supervise sound production,skill/competence,cross-sector,key_14718,Supervise the creation of sound and decide which music and sounds to use for the movie and theatre production.
ict-power-consumption,ICT power consumption,knowledge,sector-specific,key_14733,The energy consumption and types of models of software as well as hardware elements.
plan-research-process,plan research process,skill/competence,sector-specific,key_14735,Outline the research methodologies and schedule in order to ensure that the research can be thoroughly and efficiently executed and that the objectives can be met in a timely manner.
sap-data-services,SAP Data Services,knowledge,sector-specific,key_14753,"The computer program SAP Data Services is a tool for integration of information from multiple applications, created and maintained by organisations, into one consistent and transparent data structure, developed by the software company SAP."
follow-up-online-user-requests,follow up online user requests,skill/competence,cross-sector,key_14755,Take feedback from online visitors and take actions that address their requests according to their specific needs.
manage-email-hosting-service,manage email hosting service,skill/competence,sector-specific,key_14757,"Oversee the day-to-day running of a private email platform by maintaining and refining provided services, such as spam and virus protection, blocking advertisement, website redesigns and search engine optimisation."
design-puppets,design puppets,skill/competence,sector-specific,key_14762,"Design and construct puppets and movement control mechanism, based on sketches and/or scripts, for artistic and entertainment purposes."
supply-chain-management,supply chain management,knowledge,cross-sector,key_14768,"The flow of goods in the supply chain, movement and storage of raw materials, work-in-process inventory, and finished goods from point of origin to point of consumption."
develop-data-processing-applications,develop data processing applications,skill/competence,occupation-specific,key_14777,Create a customised software for processing data by selecting and using the appropriate computer programming language in order for an ICT system to produce demanded output based on expected input.
design-automation-components,design automation components,skill/competence,cross-sector,key_14779,"Design engineering parts, assemblies, products, or systems that contribute to the automation of industrial machines."
seek-innovation-in-current-practices,seek innovation in current practices,skill/competence,cross-sector,key_14781,"Search for improvements and present innovative solutions, creativity and alternative thinking to develop new technologies, methods or ideas for and answers to work-related problems."
operating-systems,operating systems,knowledge,sector-specific,key_14792,"The features, restrictions, architectures and other characteristics of operating systems such Linux, Windows, MacOS, etc."
ict-networking-hardware,ICT networking hardware,knowledge,cross-sector,key_14808,"The ICT network equipment or computer networking devices, such as UPS systems, electrical systems, networking facilities and structured cabling systems."
develop-contingency-plans-for-emergencies,develop contingency plans for emergencies,skill/competence,sector-specific,key_14824,"Compose procedures outlining specific actions to be taken in the event of an emergency, taking into account all the risks and dangers that could be involved, ensuring that the plans comply with safety legislation and represent the safest course of action."
manage-digital-archives,manage digital archives,skill/competence,sector-specific,key_14827,"Create and maintain computer archives and databases, incorporating latest developments in electronic information storage technology."
conduct-qualitative-research,conduct qualitative research,skill/competence,cross-sector,key_14829,"Gather relevant information by applying systematic methods, such as interviews, focus groups, text analysis, observations and case studies."
promote-the-participation-of-citizens-in-scientific-and-research-activities,promote the participation of citizens in scientific and research activities,skill/competence,cross-sector,key_14835,"Engage citizens in scientific and research activities and promote their contribution in terms of knowledge, time or resources invested."
provide-technical-documentation,provide technical documentation,skill/competence,cross-sector,key_1484,"Prepare documentation for existing and upcoming products or services, describing their functionality and composition in such a way that it is understandable for a wide audience without technical background and compliant with defined requirements and standards. Keep documentation up to date."
manage-information-sources,manage information sources,skill/competence,cross-sector,key_14861,Identify relevant internal and external information sources and providers. Organise the information workflow and define information deliverables.
follow-safety-procedures-when-working-at-heights,follow safety procedures when working at heights,skill/competence,cross-sector,key_14864,"Take necessary precautions and follow a set of measures that assess, prevent and tackle risks when working at a high distance from the ground. Prevent endangering people working under these structures and avoid falls from ladders, mobile scaffolding, fixed working bridges, single person lifts etc. since they may cause fatalities or major injuries."
ict-process-quality-models,ICT process quality models,knowledge,sector-specific,key_14865,"The quality models for ICT services which address the maturity of the processes, the adoption of recommended practices and their definition and institutionalisation that allow the organisation to reliably and sustainably produce required outcomes. It includes models in a lot of ICT areas."
participate-in-medical-records-auditing-activities,participate in medical records' auditing activities,skill/competence,sector-specific,key_14867,"Assist and help with any requests arisen during audits related to the archiving, filling and processing of medical records."
characteristics-of-services,characteristics of services,knowledge,sector-specific,key_14877,"The characteristics of a service that might include having acquired information about its application, function, features, use and support requirements."
field-programmable-gate-arrays,field-programmable gate arrays,knowledge,occupation-specific,key_14881,"The integrated circuits that can be repurposed to desired application or functionality requirements after their manufacturing, which allow users to tailor microcontrollers to meet their own individual needs."
software-metrics,software metrics,knowledge,sector-specific,key_14883,The metrics that measure a characteristic of the software system in order to determine the development of the software and evaluate it.
create-data-models,create data models,skill/competence,sector-specific,key_14894,"Use specific techniques and methodologies to analyse the data requirements of an organisation's business processes in order to create models for these data, such as conceptual, logical and physical models. These models have a specific structure and format."
instruct-on-set-up-of-equipment,instruct on set up of equipment,skill/competence,occupation-specific,key_14895,Instruct others on how to properly and safely set up equipment according to specifications and regulations.
maintain-ict-system,maintain ICT system,skill/competence,sector-specific,key_14899,Select and apply system and network monitoring techniques. Identify and fix operational problems. Ensure that system's capabilities and efficiency match company specifications.
sas-language,SAS language,knowledge,sector-specific,key_1491,"The techniques and principles of software development, such as analysis, algorithms, coding, testing and compiling of programming paradigms in SAS language."
use-an-application-specific-interface,use an application-specific interface,skill/competence,sector-specific,key_1492,Understand and use interfaces particular to an application or use case.
implement-ict-recovery-system,implement ICT recovery system,skill/competence,sector-specific,key_14925,"Create, manage and implement ICT system recovery plan in case of crisis in order to retrieve information and reacquire use of the system."
tune-up-wireless-audio-systems,tune up wireless audio systems,skill/competence,sector-specific,key_14928,Tune up a wireless audio system in a live situation.
draw-design-sketches,draw design sketches,skill/competence,cross-sector,key_14929,Create rough pictures to assist in creating and communicating design concepts.
design-electrical-systems,design electrical systems,skill/competence,cross-sector,key_1493,"Draft sketches and design electrical systems, products, and components using Computer Aided Design (CAD) software and equipment. Draw panel arrangement layouts, electrical schematics, electrical wiring diagrams, and other assembly details."
plan-shots,plan shots,skill/competence,occupation-specific,key_14948,"Plan complicated shots, such as explosions, before shooting."
collect-cyber-defence-data,collect cyber defence data,skill/competence,sector-specific,key_14953,"Collect data for cyber defence using various data collection tools. Data may be gathered from a number of internal or external sources such as online trade records, DNS request logs, email servers' logs, digital communications packet capturing, deep web resources, etc."
develop-design-ideas-cooperatively,develop design ideas cooperatively,skill/competence,sector-specific,key_14956,"Share and develop design ideas with the artistic team. Conceptualise new ideas independently and with others. Present your idea, gain feedback and take it into account. Make sure the design fits with the work of other designers."
coach-clients,coach clients,skill/competence,cross-sector,key_14963,Actively help clients to improve their strengths and confidence. Propose courses and workshops or coach them yourself.
design-user-interface,design user interface,skill/competence,sector-specific,key_14988,"Create software or device components which enable interaction between humans and systems or machines, using appropriate techniques, languages and tools so as to streamline interaction while using the system or machine."
develop-product-design,develop product design,skill/competence,sector-specific,key_14993,Convert market requirements into product design and development.
install-low-voltage-wiring,install low voltage wiring,skill/competence,cross-sector,key_14997,"Plan, deploy, troubleshoot and test low voltage wiring."
implement-data-warehousing-techniques,implement data warehousing techniques,skill/competence,sector-specific,key_15002,"Apply models and tools such as online analytical processing (OLAP) and Online transaction processing (OLTP), to integrate structured or unstructured data from sources, in order to create a central depository of historical and current data."
manage-ict-semantic-integration,manage ICT semantic integration,skill/competence,sector-specific,key_15023,"Oversee integration of public or internal databases and other data, by using semantic technologies to produce structured semantic output."
focus-lighting-equipment,focus lighting equipment,skill/competence,sector-specific,key_15030,"Focus already installed conventional lighting equipment, based on directions and information from somebody on the floor."
negotiate-buying-conditions,negotiate buying conditions,skill/competence,cross-sector,key_15037,"Negotiate terms such as price, quantity, quality, and delivery terms with vendors and suppliers in order to ensure the most beneficial buying conditions."
define-firewall-rules,define firewall rules,skill/competence,sector-specific,key_1504,Specify rules to govern a set of components aiming to limit access between groups of networks or a particular network and the internet.
use-personal-organization-software,use personal organization software,skill/competence,cross-sector,key_15040,"Use software tools, such as calendars, to-do lists, time-tracking, contact lists, to help in managing personal efficiency."
identify-ict-security-risks,identify ICT security risks,skill/competence,sector-specific,key_15049,"Apply methods and techniques to identify potential security threats, security breaches and risk factors using ICT tools for surveying ICT systems, analysing risks, vulnerabilities and threats and evaluating contingency plans."
supplier-management,supplier management,knowledge,sector-specific,key_15050,"The methods and techniques to ensure that external services and configuration items, which are necessary for the service delivery, are available as requested and as agreed at the service level."
perform-market-research,perform market research,skill/competence,cross-sector,key_15055,"Gather, assess and represent data about target market and customers in order to facilitate strategic development and feasibility studies. Identify market trends."
design-electronic-systems,design electronic systems,skill/competence,cross-sector,key_15077,"Draft sketches and design electronic systems, products, and components using Computer Aided Design (CAD) software and equipment. Make a simulation so that an assessment can be made of the viability of the product and so the physical parameters can be examined before the actual building of the product."
set-up-broadcast-equipment,set up broadcast equipment,skill/competence,occupation-specific,key_15079,"Set up and calibrate broadcast equipment to produce, switch, receive, record, edit, and reproduce television and radio signals."
control-production,control production,skill/competence,cross-sector,key_15082,"Plan, coordinate, and direct all production activities to insure the goods are made on time, in correct order, of adequate quality and composition, starting from intake goods up to shipping."
data-models,data models,knowledge,sector-specific,key_15084,"The techniques and existing systems used for structuring data elements and showing relationships between them, as well as methods for interpreting the data structures and relationships."
perform-software-recovery-testing,perform software recovery testing,skill/competence,sector-specific,key_15109,Execute testing using specialised software tools to force failure of software in a variety of ways and checking how fast and better the software can recover against any type of crash or failure.
communicate-with-a-non-scientific-audience,communicate with a non-scientific audience ,skill/competence,cross-sector,key_15116,"Communicate about scientific findings to a non-scientific audience, including the general public. Tailor the communication of scientific concepts, debates, findings to the audience, using a variety of methods for different target groups, including visual presentations."
analyse-work-related-written-reports,analyse work-related written reports,skill/competence,cross-sector,key_15125,"Read and comprehend job-related reports, analyse the content of reports and apply findings to daily work operations."
capture-one,Capture One,knowledge,sector-specific,key_15139,The computer program Capture One is a graphical ICT tool which enables digital editing and composition of graphics to generate both 2D raster or 2D vector graphics.
scala,Scala,knowledge,sector-specific,key_15146,"The techniques and principles of software development, such as analysis, algorithms, coding, testing and compiling of programming paradigms in Scala."
natural-language-processing,natural language processing,knowledge,sector-specific,key_15153,The technologies which enable ICT devices to understand and interact with users through human language.
cryengine,CryEngine,knowledge,sector-specific,key_1524,"The game engine CryEngine which is a software framework that consists of integrated development environments and specialised design tools, designed for the rapid iteration of user-derived computer games."
coordinate-manufacturing-production-activities,coordinate manufacturing production activities,skill/competence,cross-sector,key_1528,"Coordinate manufacturing activities based on production strategies, policies and plans. Study details of the planning such as expected quality of the products, quantities, cost, and labour required to foresee any action needed. Adjust processes and resources to minimise costs."
create-3d-environments,create 3D environments,skill/competence,sector-specific,key_1549,"Develop a computer-generated 3D representation of a setting such as simulated environment, where the users interact."
perform-online-data-analysis,perform online data analysis,skill/competence,cross-sector,key_1550,"Analyse online experiences and online data for purposes of understanding user behaviour, triggers of online attention, and other factors that could optimise webpage development and exposure."
manage-it-security-compliances,manage IT security compliances,skill/competence,sector-specific,key_1554,"Guide application and fulfilment of relevant industry standards, best practices and legal requirements for information security."
keywords-in-digital-content,keywords in digital content,knowledge,sector-specific,key_1591,The digital tools to conduct keyword research. The information retrieval systems identify the content of a document guided by keywords and metadata.
mark-film-reels,mark film reels,skill/competence,occupation-specific,key_1601,"Mark beginning, end, and light and sound extinguishing or increasing markers on the reel."
use-experience-map,use experience map,skill/competence,sector-specific,key_1607,"Examine all the interactions and touchpoints people have with a product, brand or service. Determine key variables such as duration and frequency of every touchpoint."
manage-government-funded-programmes,manage government-funded programmes,skill/competence,cross-sector,key_1616,"Implement and monitor the development of projects subsidized by regional, national or European authorities."
cooperate-with-education-professionals,cooperate with education professionals,skill/competence,cross-sector,key_1622,"Communicate with teachers or other professionals working in education in order to identify needs and areas of improvement in education systems, and to establish a collaborative relationship."
normalise-data,normalise data,skill/competence,sector-specific,key_1626,"Reduce data to their accurate core form (normal forms) in order to achieve such results as minimisation of dependency, elimination of redundancy, increase of consistency."
respect-publication-formats,respect publication formats,skill/competence,cross-sector,key_1642,Submit text material for printing purposes. Always respect the required and expected publication formats.
create-prototype-of-user-experience-solutions,create prototype of user experience solutions,skill/competence,sector-specific,key_1644,"Design and prepare mock-ups, prototypes and flows in order to test User Experience (UX) solutions or to collect feedback from users, customers, partners or stakeholders."
apply-system-organisational-policies,apply system organisational policies,skill/competence,cross-sector,key_1647,"Implement internal policies related to the development, internal and external usage of technological systems, such as software systems, network systems and telecommunications systems, in order to achieve a set of goals and targets regarding the efficient operations and growth of an organisation."
propose-ict-solutions-to-business-problems,propose ICT solutions to business problems,skill/competence,cross-sector,key_1648,"Suggest how to solve business issues, using ICT means, so that business processes are improved."
handle-different-pottery-materials,handle different pottery materials,skill/competence,sector-specific,key_1651,"Treat different recipes of clay and mud according to the genre (such as china) or the expected strength, look, colour, tradition or innovation in the creative process."
typography,typography,knowledge,cross-sector,key_1655,The procedure of arranging written texts for printing processes.
clinical-reports,clinical reports,knowledge,sector-specific,key_1678,"The methods, assessment practices, credentials and opinions gathering procedures necessary for writing clinical reports."
wiziq,WizIQ,knowledge,sector-specific,key_1679,"The computer program WizIQ is a e-learning platform for creating, administrating, arranging, reporting and delivering e-learning education courses or training programs."
administer-ict-system,administer ICT system,skill/competence,sector-specific,key_1681,"Handle components of ICT system by maintaining configuration, managing users, monitoring resource use, performing backups and installing hardware or software to comply with the set requirements."
stimulate-students-independence,stimulate students' independence,skill/competence,sector-specific,key_1689,"Encourage students with special needs to perform tasks independently, without the help from a caregiver and teach them personal independence skills."
integrate-strategic-foundation-in-daily-performance,integrate strategic foundation in daily performance,skill/competence,cross-sector,key_1695,"Reflect on the strategic foundation of companies, meaning their mission, vision, and values in order to integrate this foundation in the performance of the job position."
ensure-compliance-with-environmental-legislation,ensure compliance with environmental legislation,skill/competence,cross-sector,key_1698,"Monitor activities and perform tasks ensuring compliance with standards involving environmental protection and sustainability, and amend activities in the case of changes in environmental legislation. Ensure that the processes are compliant with environment regulations and best practices."
manage-research-data,manage research data,skill/competence,cross-sector,key_1703,Produce and analyse scientific data originating from qualitative and quantitative research methods. Store and maintain the data in research databases. Support the re-use of scientific data and be familiar with open data management principles.
manage-feedback,manage feedback,skill/competence,cross-sector,key_1713,Provide feedback to others. Evaluate and respond constructively and professionally to critical communication from colleagues and customers.
calculate-materials-to-build-equipment,calculate materials to build equipment,skill/competence,cross-sector,key_1718,Determine the amount and the kind of materals necessary to build certain machines or equipment.
plan-marketing-strategy,plan marketing strategy,skill/competence,cross-sector,key_1723,"Determine the objective of the marketing strategy whether it is for establishing image, implementing a pricing strategy, or raising awareness of the product. Establish approaches of marketing actions to ensure that goals are achieved efficiently and over a long term."
labour-legislation,labour legislation,knowledge,cross-sector,key_1724,"Legislation, on a national or international level, that governs labour conditions in various fields between labour parties such as the government, employees, employers, and trade unions."
respect-data-protection-principles,respect data protection principles,skill/competence,sector-specific,key_1755,Ensure that access to personal or institutional data conforms to the legal and ethical framework governing such access.
cain-and-abel-penetration-testing-tool,Cain and Abel (penetration testing tool),knowledge,sector-specific,key_1769,"The software tool Cain and Abel is a password recovery tool which tests the Microsoft Operating System for security weaknesses and potentially unauthorised access to system information. The tool decodes, decrypts and uncovers passwords by means such as brute-force and cryptanalysis attacks, network sniffing and protocols analysis."
assist-in-the-organisation-of-school-events,assist in the organisation of school events,skill/competence,cross-sector,key_1780,"Provide assistance in the planning and organisation of school events, such as the school's open house day, a sports game or a talent show."
systems-development-life-cycle,systems development life-cycle,knowledge,cross-sector,key_1781,"The sequence of steps, such as planning, creating, testing and deploying and the models for the development and life-cycle management of a system."
manage-ict-change-request-process,manage ICT change request process,skill/competence,sector-specific,key_1787,"Specify the incentive for an ICT change request, stating which adjustment in the system needs to be accomplished and execute or supervise the execution of it."
use-interface-description-language,use interface description language,skill/competence,occupation-specific,key_1794,Utilise specification language for describing interface connection among software components or programs in a programming-language-independent way. The languages which support this method are among others CORBA and WSDL.
apply-company-policies,apply company policies,skill/competence,cross-sector,key_1797,Apply the principles and rules that govern the activities and processes of an organisation.
plan-migration-to-cloud,plan migration to cloud,skill/competence,sector-specific,key_1799,"Select existing workloads and processes for potential migration to the cloud and choose migration tools. Determine a new cloud architecture for an existing solution, plan a strategy for migrating existing workloads to the cloud."
agile-project-management,Agile project management,knowledge,sector-specific,key_1811,"The agile project management approach is a methodology for planning, managing and overseeing of ICT resources in order to meet specific goals and using project management ICT tools."
carry-out-strategic-research,carry out strategic research,skill/competence,cross-sector,key_1812,Research long term possibilities for improvements and plan steps to achieve them.
network-management-system-tools,network management system tools,knowledge,sector-specific,key_1818,"The software or hardware tools which enable monitoring, analysis and supervision of individual network components or network parts within a larger network system."
use-markup-languages,use markup languages,skill/competence,sector-specific,key_1829,"Utilise computer languages that are syntactically distinguishable from the text, to add annotations to a document, specify layout and process types of documents such as HTML."
develop-automated-migration-methods,develop automated migration methods,skill/competence,sector-specific,key_1834,"Create automated transfer of ICT information between storage types, formats and systems to save human resources from performing the task manually."
load-equipment,load equipment,skill/competence,cross-sector,key_1837,Handle safe loading of equipment in given restrictive conditions.
perform-multiple-tasks-at-the-same-time,perform multiple tasks at the same time,skill/competence,cross-sector,key_1840,"Execute multiple tasks at the same time, being aware of key priorities."
inform-policy-makers-on-health-related-challenges,inform policy makers on health-related challenges,skill/competence,cross-sector,key_1862,Provide useful information related to health care professions to ensure policy decisions are made in the benefit of communities.
sales-argumentation,sales argumentation,knowledge,sector-specific,key_1894,Techniques and sales methods used in order to present a product or service to customers in a persuasive manner and to meet their expectations and needs.
gather-data-for-forensic-purposes,gather data for forensic purposes,skill/competence,sector-specific,key_1919,"Collect protected, fragmented or corrupted data and other online communication. Document and present findings from this process."
statistical-process-control,statistical process control,knowledge,cross-sector,key_1920,Method of quality control that uses statistics to monitor processes.
manage-consumables-stock,manage consumables stock,skill/competence,cross-sector,key_1923,Manage and monitor consumables stock to ensure that the production demands and deadlines can be met at all times.
rage-digital-game-creation-systems,RAGE (digital game creation systems),knowledge,sector-specific,key_1930,"The software framework that consists of integrated development environments and specialised design tools, designed for the rapid iteration of user-derived computer games."
coach-employees,coach employees,skill/competence,cross-sector,key_1939,"Maintain and improve employees' performance by coaching individuals or groups how to optimise specific methods, skills or abilities, using adapted coaching styles and methods. Tutor newly recruited employees and assist them in the learning of new business systems."
ruby-computer-programming,Ruby (computer programming),knowledge,sector-specific,key_1940,"The techniques and principles of software development, such as analysis, algorithms, coding, testing and compiling of programming paradigms in Ruby."
common-lisp,Common Lisp,knowledge,sector-specific,key_1944,"The techniques and principles of software development, such as analysis, algorithms, coding, testing and compiling of programming paradigms in Common Lisp."
apache-maven,Apache Maven,knowledge,sector-specific,key_1959,"The tool Apache Maven is a software program to perform configuration identification, control, status accounting and audit of software during its development and maintenance."
conduct-literature-research,conduct literature research,skill/competence,cross-sector,key_1963,Conduct a comprehensive and systematic research of information and publications on a specific literature topic. Present a comparative evaluative literature summary.
prepare-licence-agreements,prepare licence agreements,skill/competence,cross-sector,key_1968,"Make the legal contract ready, granting permission to use equipment, services, components, applications and intellectual property."
process-customer-requests-based-on-the-reach-regulation-1907-2006,process customer requests based on the REACh Regulation 1907 2006,skill/competence,sector-specific,key_1977,Reply to private consumer requests according to REACh Regulation 1907/2006 whereby chemical Substances of Very High Concern (SVHC) should be minimal. Advise customers on how to proceed and protect themselves if the presence of SVHC is higher than expected.
load-film-reels,load film reels,skill/competence,occupation-specific,key_1979,Load the film reels into the projector and unload them after the projection.
deliver-online-training,deliver online training,skill/competence,cross-sector,key_1984,"Provide training by using online technologies, adapting the learning materials, using e-learning methods, supporting the trainees and communicating online. Instruct virtual classrooms."
monitor-developments-in-technology-used-for-design,monitor developments in technology used for design,skill/competence,sector-specific,key_1988,"Identify and explore recent developments in technology and materials used in the live performance industry, in order to create an up-to-date technical background for one’s personal design work."
communicate-with-customers,communicate with customers,skill/competence,cross-sector,key_1992,"Respond to and communicate with customers in the most efficient and appropriate manner to enable them to access the desired products or services, or any other help they may require."
ict-network-routing,ICT network routing,knowledge,sector-specific,key_1993,The processes and techniques for choosing the best paths within an ICT network through which a packet can travel.
internal-risk-management-policy,internal risk management policy,knowledge,sector-specific,key_1994,"The internal risk management policies that identify, assess and prioritise risks in an IT environment. The methods used to minimise, monitor and control the possibility and the impact of disastrous events that affect the reaching of business goals."
assess-ict-knowledge,assess ICT knowledge,skill/competence,sector-specific,key_1997,Evaluate the implicit mastery of skilled experts in an ICT system to make it explicit for further analysis and usage.
translate-requirement-concepts-into-content,translate requirement concepts into content,skill/competence,sector-specific,key_1999,Develop digital content by following given requirements and guidelines.
lisp,Lisp,knowledge,sector-specific,key_2006,"The techniques and principles of software development, such as analysis, algorithms, coding, testing and compiling of programming paradigms in Lisp."
develop-electronic-test-procedures,develop electronic test procedures,skill/competence,cross-sector,key_2007,"Develop testing protocols to enable a variety of analyses of electronic systems, products, and components."
identify-customer-requirements,identify customer requirements,skill/competence,cross-sector,key_2012,"Apply techniques and tools, such as surveys, questionnaires, ICT applications, for eliciting, defining, analysing, documenting and maintaining user requirements from system, service or product."
manage-schedule-of-tasks,manage schedule of tasks,skill/competence,cross-sector,key_2017,"Maintain an overview of all the incoming tasks in order to prioritise the tasks, plan their execution, and integrate new tasks as they present themselves."
digital-game-genres,digital game genres,knowledge,sector-specific,key_2024,"The classification of video games based on their interaction with the game media, such as simulation games, strategy games, adventure games and arcade games."
assistive-technology-in-education,assistive technology in education,knowledge,occupation-specific,key_2030,"Digital devices and equipment that support learners with learning, communication or mobility challenges to access educational resources and achieve their full potential. It includes software such as text to speech and optical character recognition."
model-power-electronics,model power electronics,skill/competence,occupation-specific,key_2031,"Model and simulate power electronics systems, products, and components using technical design software. Assess the viability of the product and examine the physical parameters to ensure a successful production process."
green-computing,green computing,knowledge,occupation-specific,key_2034,"The use of ICT systems in an environmentally responsible and sustainable manner, such as the implementation of energy-efficient servers and central processing units (CPUs), reduction of resources and correct disposal of e-waste."
electronic-test-procedures,electronic test procedures,knowledge,cross-sector,key_2041,"Testing protocols that enable a variety of analyses of electronic systems, products, and components. These tests include the testing of electrical properties, such as voltage, current, resistance, capacitance, and inductance as well as the testing of specific electronic components, such as the electron tubes, semiconductors, integrated circuits, and batteries. These tests include visual inspection"
transfer-uncut-audiovisual-material-to-computer,transfer uncut audiovisual material to computer,skill/competence,sector-specific,key_2048,"Transfer uncut audiovisual materials to a computer, synchronise them and store them."
write-research-proposals,write research proposals,skill/competence,cross-sector,key_2054,"Synthetise and write proposals aiming to solve research problems. Draft the proposal baseline and objectives, the estimated budget, risks and impact. Document the advances and new developments on the relevant subject and field of study."
apply-conflict-management,apply conflict management,skill/competence,cross-sector,key_2055,"Take ownership of the handling of all complaints and disputes showing empathy and understanding to achieve resolution. Be fully aware of all Social Responsibility protocols and procedures, and be able to deal with a problematic gambling situation in a professional manner with maturity and empathy."
business-requirements-techniques,business requirements techniques,knowledge,sector-specific,key_2056,The procedures required to identify and analyse business and organisational needs.
informatica-powercenter,Informatica PowerCenter,knowledge,sector-specific,key_2064,"The computer program Informatica PowerCenter is a tool for integration of information from multiple applications, created and maintained by organisations, into one consistent and transparent data structure, developed by the software company Informatica."
prototyping-in-the-wearing-apparel-industry,prototyping in the wearing apparel industry,knowledge,occupation-specific,key_2067,"The main principles of prototyping for the manufacturing of wearing apparel and made-up textiles: sizes, body measurements, specification, and behaviour of fabrics after cutting."
identify-learning-disorders,identify learning disorders,skill/competence,cross-sector,key_2072,"Observe and detect symptoms of Specific Learning Difficulties such as attention deficit hyperactivity disorder (ADHD), dyscalculia, and dysgraphia in children or adult learners. Refer the student to the correct specialised educational expert if necessary."
human-robot-collaboration,human-robot collaboration,knowledge,sector-specific,key_2084,"Human-Robot Collaboration is the study of collaborative processes in which human and robot agents work together to achieve shared goals. Human-Robot Collaboration (HRC) is an interdisciplinary research area comprising classical robotics, human-computer interaction, artificial intelligence, design, cognitive sciences and psychology. It is related to the definition of the plans and the rules for com"
use-clinical-assessment-techniques,use clinical assessment techniques,skill/competence,sector-specific,key_2085,"Use clinical reasoning techniques and clinical judgement when applying a range of appropriate assessment techniques, such as mental status assessment, diagnosis, dynamic formulation, and potential treatment planning."
systems-thinking,systems thinking,knowledge,occupation-specific,key_2100,"The integrated approach to understanding how various constituents of a system interrelate, interact and influence one another within a whole logistic system."
apache-tomcat,Apache Tomcat,knowledge,sector-specific,key_2106,"The open-source web server Apache Tomcat provides a Java web server environment which uses a built in container where HTTP requests are loaded, allowing the Java web applications to run on local and server based systems."
edit-negatives,edit negatives,skill/competence,sector-specific,key_2107,Use different software products and techniques to process photographic negatives and adapt the images to the desired specifications.
software-ui-design-patterns,software UI design patterns,knowledge,sector-specific,key_2125,The reusable solutions and formalised best practices to solve common user interface tasks in software development and design.
reprography,reprography,knowledge,cross-sector,key_2155,"The process of reproducing, reprinting, or copying graphic material especially by mechanical or electronic means such as photography or xerography."
operate-a-camera,operate a camera,skill/competence,sector-specific,key_2157,Capture moving images with a camera. Operate the camera skilfully and safely to obtain high quality material.
sass,Sass,knowledge,sector-specific,key_2170,"The computer language Sass is a style sheet language that conveys the presentation of structured documents. These documents have to adhere to style sheets, a set of stylistic rules such as font, color and layout."
design-cloud-architecture,design cloud architecture,skill/competence,sector-specific,key_2182,"Design a multi-tier cloud architecture solution, which tolerates faults and is fit for the workload and other business needs. Identify elastic and scalable computing solutions, select high-performing and scalable storage solutions, and choose high-performing database solutions. Identify cost-effective storage, computing, and database services in the cloud."
establish-an-ict-security-prevention-plan,establish an ICT security prevention plan,skill/competence,occupation-specific,key_2186,"Define a set of measures and responsibilities to ensure the confidentiality, integrity and availability of information. Implement policies to prevent data breaches, detect and respond to unathorised access to systems and resources, including up-to-date security applications and employee education."
hardware-platforms,hardware platforms,knowledge,sector-specific,key_2192,The characteristics of the hardware configuration required to process the applications software product.
identify-suppliers,identify suppliers,skill/competence,cross-sector,key_2193,"Determine potential suppliers for further negotiation. Take into consideration aspects such as product quality, sustainability, local sourcing, seasonality and coverage of the area. Evaluate the likelihood of obtaining beneficial contracts and agreements with them."
design-power-electronics,design power electronics,skill/competence,occupation-specific,key_2196,"Design and develop power electronics systems, products, and components according to specifications. Select suitable ancillary devices for the intended application."
quality-assurance-procedures,quality assurance procedures,knowledge,cross-sector,key_2197,The procedures to inspect a product or system to ensure that it is according to specifications and requirements.
computer-forensics,computer forensics,knowledge,sector-specific,key_2202,The process of examining and recovering digital data from sources for legal evidence and crime investigation.
handle-helpdesk-problems,handle helpdesk problems,skill/competence,cross-sector,key_2205,"Investigate what causes problems, test and improve solutions in order to reduce number of calls to the helpdesk."
information-security-strategy,information security strategy,knowledge,sector-specific,key_2222,"The plan defined by a company which sets the information security objectives and measures to mitigate risks, define control objectives, establish metrics and benchmarks while complying with legal, internal and contractual requirements."
guarantee-students-safety,guarantee students' safety,skill/competence,cross-sector,key_2224,Ensure all students falling under an instructor or other person’s supervision are safe and accounted for. Follow safety precautions in the learning situation.
work-with-motion-picture-editing-team,work with motion picture editing team,skill/competence,sector-specific,key_2229,Work together with the motion picture editing team during post-production. Make sure the finished product is according to specifications and creative vision.
design-interaction-model,design interaction model,skill/competence,sector-specific,key_2231,"Design and develop an interaction model. Design a multi-turn conversation, use built-in intents and slots, handle unexpected conversational requests or responses, design multi-modal skills using one or more service interfaces (for example, audio, video, and gadgets)."
assign-homework,assign homework,skill/competence,sector-specific,key_2247,"Provide additional exercises and assignments that the students will prepare at home, explain them in a clear way, and determine the deadline and evaluation method."
production-processes,production processes,knowledge,cross-sector,key_2255,Materials and techniques required in the production and distribution processes.
optical-character-recognition-software,optical character recognition software,knowledge,cross-sector,key_2256,"The software that electronically converts printed and typed images into machine-encoded text so that documents can be electronically stored, edited and digitally displayed."
manage-technical-resources-stock,manage technical resources stock,skill/competence,sector-specific,key_2269,Manage and monitor technical resources stock to ensure that production demands and deadlines can be met at all times.
learning-needs-analysis,learning needs analysis,knowledge,cross-sector,key_2282,"The process of analysing a student's learning needs through observation and testing, potentially followed by the diagnosis of a learning disorder and a plan for additional support."
apply-soldering-techniques,apply soldering techniques,skill/competence,cross-sector,key_2284,"Apply and work with a variety of techniques in the process of soldering, such as soft soldering, silver soldering, induction soldering, resistance soldering, pipe soldering, mechanical and aluminium soldering."
particle-animation,particle animation,knowledge,occupation-specific,key_2285,"The field of particle animation, an animation technique in which large numbers of graphic objects are used to simulate phenomena, such as flames and explosions and 'fuzzy phenomena' that are difficult to reproduce using conventional rendering methods."
customer-segmentation,customer segmentation,knowledge,cross-sector,key_2287,The process whereby a target market is divided into specific sets of consumers for further market analysis.
contribute-to-continuity-of-health-care,contribute to continuity of health care,skill/competence,sector-specific,key_2288,Contribute to the delivery of coordinated and continuous healthcare.
operate-a-lighting-console,operate a lighting console,skill/competence,sector-specific,key_2297,"Operate a light board during rehearsal or live situations, based on visual cues or documentation."
visual-studio-net,Visual Studio .NET,knowledge,sector-specific,key_2302,"The techniques and principles of software development, such as analysis, algorithms, coding, testing and compiling of programming paradigms in Visual Basic."
implement-marketing-strategies,implement marketing strategies,skill/competence,cross-sector,key_2309,"Implement strategies which aim to promote a specific product or service, using the developed marketing strategies."
communicate-in-air-traffic-services,communicate in air traffic services,skill/competence,sector-specific,key_2330,Ensure the implementation of an efficient communication exchange in air traffic services (ATS) involving airport movement areas. Follow procedures within the network.
business-intelligence,business intelligence,knowledge,cross-sector,key_2335,The tools used to transform large amounts of raw data into relevant and helpful business information.
manage-digital-libraries,manage digital libraries,skill/competence,sector-specific,key_2344,"Collect, manage and preserve for permanent access digital content and offer to targeted user communities specialised search and retrieval functionality."
solve-technical-problems,solve technical problems,skill/competence,cross-sector,key_2354,"Identify technical problems when operating devices and using digital environments, and solve them (from trouble-shooting to solving more complex problems)."
conditions-for-professional-practice-of-clinical-psychology,conditions for professional practice of clinical psychology,knowledge,sector-specific,key_2360,"The institutional, legal and psychosocial conditions for professional practice of clinical psychology with the aim to apply them in the exercise of the psychological profession in health care."
adobe-photoshop,Adobe Photoshop,knowledge,sector-specific,key_2371,The computer program Adobe Photoshop is a graphical ICT tool which enables digital editing and composition of graphics to generate both 2D raster or 2D vector graphics. It is developed by the software company Adobe.
implement-ict-safety-policies,implement ICT safety policies,skill/competence,sector-specific,key_2374,"Apply guidelines related to securing access and use of computers, networks, applications and the computer data being managed."
consult-student-s-support-system,consult student's support system,skill/competence,cross-sector,key_2377,"Communicate with multiple parties, including teachers and the family of the student, to discuss the student's behaviour or academic performance."
create-gambling-games-concepts,create gambling games concepts,skill/competence,sector-specific,key_2383,"Imagine the concepts to be used in creating a gambling, betting and lottery game."
ibm-infosphere-datastage,IBM InfoSphere DataStage,knowledge,sector-specific,key_2388,"The computer program IBM InfoSphere DataStage is a tool for integration of information from multiple applications, created and maintained by organisations, into one consistent and transparent data structure, developed by the software company IBM."
work-ergonomically,work ergonomically,skill/competence,cross-sector,key_2409,Apply ergonomy principles in the organisation of the workplace while manually handling equipment and materials.
characteristics-of-products,characteristics of products,knowledge,sector-specific,key_2413,"The tangible characteristics of a product such as its materials, properties and functions, as well as its different applications, features, use and support requirements."
operate-the-sound-in-the-rehearsal-studio,operate the sound in the rehearsal studio,skill/competence,sector-specific,key_2418,"Create cues for any sound technicians and verify their understanding of them. If no sound crew are available, use others' cues to operate the sound system."
energy-saving-potential-of-automated-shift-systems,energy saving potential of automated shift systems,knowledge,occupation-specific,key_2420,Potential to save energy in automated shift systems through mechanisms such as improved efficiency and better anticipation of upcoming events.
web-analytics,web analytics,knowledge,cross-sector,key_2441,"The characteristics, tools and techniques for measurement, collection, analysis and reporting of web data to get information on the users' behaviour and to improve the performance of a website."
design-firmware,design firmware,skill/competence,cross-sector,key_2453,Design the appropriate firmware to a specific electronic system.
understand-artistic-concepts,understand artistic concepts,skill/competence,sector-specific,key_2455,"Interpret an artist's explanation or demonstration of their artistic concepts, inceptions and processes and strive to share their vision."
set-up-a-multi-track-recording,set up a multi-track recording,skill/competence,sector-specific,key_2476,Make the necessary preparations to record music or other sounds on several tracks.
mix-multi-track-recordings,mix multi-track recordings,skill/competence,sector-specific,key_2484,"Mix recorded sound from several sources using a mix panel, and edit it to obtain the desired mix."
study-sales-levels-of-products,study sales levels of products,skill/competence,cross-sector,key_2508,"Collect and analyse sales levels of products and services in order to use this information for determining the quantities to be produced in the following batches, customer feedback, price trends, and the efficiency of sales methods."
utilise-computer-aided-software-engineering-tools,utilise computer-aided software engineering tools,skill/competence,sector-specific,key_2509,"Use software tools (CASE) to support the development lifecycle, design and implementation of software and applications of high-quality that can be easily maintained."
edmodo,Edmodo,knowledge,sector-specific,key_2516,"The education network Edmodo is an e-learning platform for creating, administrating, arranging, reporting and delivering e-learning training and connecting teachers, students and parents."
defence-standard-procedures,defence standard procedures,knowledge,sector-specific,key_2523,"Methods and procedures typical for defence applications such as the NATO Standardization Agreements or STANAGs Standard definitions of the processes, procedures, terms, and conditions for common military or technical procedures or equipment. Guidelines for capability planners, programme managers and test managers to prescribe the necessary technical standards and profiles to achieve interoperabili"
conduct-impact-evaluation-of-ict-processes-on-business,conduct impact evaluation of ICT processes on business,skill/competence,cross-sector,key_2534,Evaluate the tangible consequences of the implementation of new ICT systems and functions on the current business structure and organisational procedures.
apply-3d-imaging-techniques,apply 3D imaging techniques,skill/competence,sector-specific,key_2561,"Implement a variety of techniques such as digital sculpting, curve modelling and 3D scanning to create, edit, preserve and use 3D images, such as point clouds, 3D vector graphic and 3D surface shapes."
monitor-machine-operations,monitor machine operations,skill/competence,cross-sector,key_2569,Observing machine operations and evaluating product quality thereby ensuring conformity to standards.
manage-alarm-system,manage alarm system,skill/competence,sector-specific,key_2579,Set up and maintain system for detection of intrusions and unauthorised entries into a facility.
follow-work-schedule,follow work schedule,skill/competence,cross-sector,key_2609,Manage the sequence of activities in order to deliver completed work on agreed deadlines by following a work schedule.
use-spreadsheets-software,use spreadsheets software,skill/competence,cross-sector,key_2616,"Use software tools to create and edit tabular data to carry out mathematical calculations, organise data and information, create diagrams based on data and to retrieve them."
java-computer-programming,Java (computer programming),knowledge,sector-specific,key_2630,"The techniques and principles of software development, such as analysis, algorithms, coding, testing and compiling of programming paradigms in Java."
maintain-information-network-hardware,maintain information network hardware,skill/competence,cross-sector,key_2638,"Assess the functionality and identify faults in the infrastructure of an information network, perform routine maintenance tasks which prevent failure and repair tasks in order to ensure permanent availability to system users."
electronic-equipment-standards,electronic equipment standards,knowledge,cross-sector,key_2648,"The national and international quality and safety standards and regulations with regards to the use and manufacture of electronic equipment and its components, such as semiconductors and printed circuit boards."
inspect-quality-of-products,inspect quality of products,skill/competence,cross-sector,key_2667,"Use various techniques to ensure the product quality is respecting the quality standards and specifications. Oversee defects, packaging and sendbacks of products to different production departments."
creatively-use-digital-technologies,creatively use digital technologies,skill/competence,cross-sector,key_2671,Use digital tools and technologies to create knowledge and to innovate processes and products. Engage individually and collectively in cognitive processing to understand and resolve conceptual problems and problem situations in digital environments.
plot-lighting-states,plot lighting states,skill/competence,sector-specific,key_2704,Set up and try out lighting states.
create-animated-narratives,create animated narratives,skill/competence,sector-specific,key_2716,"Develop animated narrative sequences and story lines, using computer software and hand drawing techniques."
develop-information-standards,develop information standards,skill/competence,cross-sector,key_2721,"Develop norms or requirements that establish uniform technical criteria, methods, processes and practices in the information management based on professional experience."
use-data-processing-techniques,use data processing techniques,skill/competence,cross-sector,key_2732,"Gather, process and analyse relevant data and information, properly store and update data and represent figures and data using charts and statistical diagrams."
mdx,MDX,knowledge,sector-specific,key_2736,The computer language MDX is a query language for retrieval of information from a database and of documents containing the needed information. It is developed by the software company Microsoft.
monitor-student-s-behaviour,monitor student's behaviour,skill/competence,cross-sector,key_2740,Supervise the student's social behaviour to discover anything unusual. Help solve any issues if necessary.
information-architecture,information architecture,knowledge,sector-specific,key_2750,"The methods through which information is generated, structured, stored, maintained, linked, exchanged and used."
use-creative-suite-software,use creative suite software,skill/competence,occupation-specific,key_2754,Use a creative software suite such as ''Adobe'' to aid in graphic designing.
creation-of-clinical-psychological-opinions,creation of clinical psychological opinions,knowledge,sector-specific,key_2767,The development of opinions based on specialised literature and evidence-based documentation in the field of clinical psychology.
principles-of-animation,principles of animation,knowledge,sector-specific,key_2769,"The principles of 2D and 3D animation, such as body motion, kinematics, overshoot, anticipation, squash and stretch."
cloud-security-and-compliance,cloud security and compliance,knowledge,sector-specific,key_2773,"Cloud security and compliance concepts, including shared responsibility model, cloud access management capabilities, and resources for security support."
pricing-strategies,pricing strategies,knowledge,cross-sector,key_2782,"The techniques, theories, and commonly accepted strategies regarding pricing of goods. The relation between pricing strategies and outcomes in the market such as profitability maximisation, deterrence of newcomers, or increase of market share."
run-a-projection,run a projection,skill/competence,sector-specific,key_2791,Operate projection equipment safely and efficiently to project images on a background in an artistic or cultural context.
shiva-digital-game-creation-systems,Shiva (digital game creation systems),knowledge,sector-specific,key_2796,"The cross-platform game engine which is a software framework that consists of integrated development environments and specialised design tools, designed for the rapid iteration of user-derived computer games."
microwave-principles,microwave principles,knowledge,sector-specific,key_2804,"The technologies used in transmission of information or energy via electromagnetic waves between 1000 and 100,000 MHz."
owasp-zap,OWASP ZAP,knowledge,sector-specific,key_2814,"The integrated testing tool OWASP Zed Attack Proxy (ZAP) is a specialised tool which tests web applications security weaknesses, replying on an automated scanner and a REST API."
develop-a-coaching-style,develop a coaching style,skill/competence,cross-sector,key_2832,"Develop a style for coaching individuals or groups that ensures all participants are at ease, and are able to acquire the necessary skills and competences provided in the coaching in a positive and productive manner."
analytical-methods-in-biomedical-sciences,analytical methods in biomedical sciences,knowledge,sector-specific,key_2843,"The various research, mathematical or analytical methods used in biomedical sciences."
solution-deployment,solution deployment,knowledge,sector-specific,key_2855,"The technologies and standards to be used during the installation, deployment and maintenance of software characteristics."
ensure-compliance-with-legal-requirements,ensure compliance with legal requirements,skill/competence,cross-sector,key_2860,"Guarantee compliance with established and applicable standards and legal requirements such as specifications, policies, standards or law for the goal that organisations aspire to achieve in their efforts."
perform-risk-analysis,perform risk analysis,skill/competence,cross-sector,key_2865,Identify and assess factors that may jeopardise the success of a project or threaten the organisation's functioning. Implement procedures to avoid or minimise their impact.
drupal,Drupal,knowledge,sector-specific,key_2868,"The open-source web-based software system written in PHP, used for creating, editing, publishing and archiving blogs, articles, web pages or press releases, which requires a higher level of technical understanding of HTML, CSS and PHP."
resolve-equipment-malfunctions,resolve equipment malfunctions,skill/competence,cross-sector,key_2870,"Identify, report and repair equipment damage and malfunctions. Communicate with field representatives and manufacturers to obtain repair and replacement components."
assess-conservation-needs,assess conservation needs,skill/competence,sector-specific,key_2883,"Assess and list the needs for conservation/restoration, in relation to current use and planned future use."
interpret-current-data,interpret current data,skill/competence,cross-sector,key_2900,"Analyse data gathered from sources such as market data, scientific papers, customer requirements and questionnaires which are current and up-to-date in order to assess development and innovation in areas of expertise."
manage-changes-in-ict-system,manage changes in ICT system,skill/competence,sector-specific,key_2901,"Plan, realise and monitor system changes and upgrades. Maintain earlier system versions. Revert, if necessary, to a safe older system version."
safeguard-artistic-quality-of-performance,safeguard artistic quality of performance,skill/competence,sector-specific,key_2904,"Observe the show, anticipate and react to possible technical problems, ensuring optimal artistic quality."
solve-problems-in-gambling-through-digital-means,solve problems in gambling through digital means,skill/competence,sector-specific,key_2925,"Use ICT resources, tools and competence in order to solve gambling, betting and lottery problems such as game operation problems."
lead-a-team,lead a team,skill/competence,cross-sector,key_2927,"Lead, supervise and motivate a group of people, in order to meet the expected results within a given timeline and with the foreseen resources in mind."
supply-machine-with-appropriate-tools,supply machine with appropriate tools,skill/competence,cross-sector,key_2935,Supply the machine with the necessary tools and items for a particular production purpose. Monitor the stock and replenish when needed.
disseminate-internal-communications,disseminate internal communications,skill/competence,cross-sector,key_2949,Disseminate internal communications using the different communication channels that a company has at its disposal.
create-original-drawings,create original drawings,skill/competence,sector-specific,key_2958,"Create original drawings, based on texts, thorough research and discussion with authors, journalists and specialists."
carry-out-project-activities,carry out project activities,skill/competence,cross-sector,key_2965,Carry out project activities based on the project work plan and schedule. Assist in the development and execution of project plans.
electricity-principles,electricity principles,knowledge,cross-sector,key_2976,"Electricity is created when electric current flows along a conductor. It entails the movement of free electrons between atoms. The more free electrons are present in a material, the better this material conducts. The three main parameters of electricity are the voltage, current (ampère), and resistance (ohm)."
angular,Angular,knowledge,sector-specific,key_2981,"The techniques and principles of software development, such as analysis, algorithms, coding, testing and compiling of programming paradigms in Angular."
compose-digital-game-story,compose digital game story,skill/competence,occupation-specific,key_3008,Create a digital game story by writing out a detailed plot and storyboard with descriptions and gameplay objectives.
engineering-principles,engineering principles,knowledge,cross-sector,key_3009,"The engineering elements like functionality, replicability, and costs in relation to the design and how they are applied in the completion of engineering projects."
interact-professionally-in-research-and-professional-environments,interact professionally in research and professional environments,skill/competence,cross-sector,key_3014,"Show consideration to others as well as collegiality. Listen, give and receive feedback and respond perceptively to others, also involving staff supervision and leadership in a professional setting."
operate-lighting-equipment,operate lighting equipment,skill/competence,sector-specific,key_3016,"Operate lighting equipment used during production of movies, commercials, animations and other visual productions to create an atmosphere with light."
set-up-sound-equipment,set up sound equipment,skill/competence,sector-specific,key_3024,Set up equipment to record sound. Test acoustics and make adjustments.
keep-up-with-the-latest-information-systems-solutions,keep up with the latest information systems solutions,skill/competence,sector-specific,key_3025,"Gather the latest information on existing information systems solutions which integrate software and hardware, as well as network components."
prepare-lesson-content,prepare lesson content,skill/competence,cross-sector,key_3036,"Prepare content to be taught in class in accordance with curriculum objectives by drafting exercises, researching up-to-date examples etc."
design-computer-network,design computer network,skill/competence,sector-specific,key_3058,"Develop and plan ICT networks, such as wide area network and local area network, that connect computers using cable or wireless connections and allow them to exchange data and assess their capacity requirements."
embedded-systems,embedded systems,knowledge,sector-specific,key_3066,"The computer systems and components with a specialised and autonomous function within a larger system or machine such as embedded systems software architectures, embedded peripherals, design principles and development tools."
engrade,Engrade,knowledge,sector-specific,key_3071,"The computer program Engrade is a e-learning platform for creating, administrating, arranging, reporting and delivering e-learning education courses or training programs."
manage-budgets,manage budgets,skill/competence,cross-sector,key_3081,"Plan, monitor and report on the budget."
computer-programming,computer programming,knowledge,cross-sector,key_3083,"The techniques and principles of software development, such as analysis, algorithms, coding, testing and compiling of programming paradigms (e.g. object oriented programming, functional programming) and of programming languages."
broadcast-equipment,broadcast equipment,knowledge,sector-specific,key_3088,"The use and operation of broadcast equipment such as broadcast consoles, routers, microphones, dual compressors, and other machinery."
product-life-cycle,product life-cycle,knowledge,sector-specific,key_3090,The management of the life-cycle of a product from the development stages to the market entry and market removal.
create-project-specifications,create project specifications,skill/competence,cross-sector,key_3095,"Define the workplan, duration, deliverables, resources and procedures a project has to follow to achieve its goals. Describe project goals, outcomes, results and implementation scenarios."
answer-requests-for-quotation,answer requests for quotation,skill/competence,cross-sector,key_3100,Make up prices and documents for the products that customers may purchase.
maintain-relationship-with-customers,maintain relationship with customers,skill/competence,sector-specific,key_3114,"Build a lasting and meaningful relationship with customers in order to ensure satisfaction and fidelity by providing accurate and friendly advice and support, by delivering quality products and services and by supplying after-sales information and service."
manage-project-information,manage project information,skill/competence,sector-specific,key_3129,Provide accurate and relevant information to all the parties involved in a project on time.
facilitate-teamwork-between-students,facilitate teamwork between students,skill/competence,sector-specific,key_3130,"Encourage students to cooperate with others in their learning by working in teams, for example through group activities."
set-quality-assurance-objectives,set quality assurance objectives,skill/competence,cross-sector,key_3135,"Define quality assurance targets and procedures and see to their maintenance and continued improvement by reviewing targets, protocols, supplies, processes, equipment and technologies for quality standards."
motivate-employees,motivate employees,skill/competence,cross-sector,key_3136,"Communicate with employees in order to ensure that their personal ambitions are in line with the business goals, and that they work to meet them."
create-storyboards,create storyboards,skill/competence,sector-specific,key_3161,Apply story development and plot lines and edit animations to create storyboards that render the flow of the animation. Map out key scenes and develop characters.
use-presentation-software,use presentation software,skill/competence,cross-sector,key_3162,"Use software tools to create digital presentations which combine various elements, such as graphs, images, text and other multimedia."
oracle-warehouse-builder,Oracle Warehouse Builder,knowledge,sector-specific,key_3180,"The computer program Oracle Warehouse Builder is a tool for integration of information from multiple applications, created and maintained by organisations, into one consistent and transparent data structure, developed by the software company Oracle."
monitor-developments-in-field-of-expertise,monitor developments in field of expertise,skill/competence,cross-sector,key_3185,"Keep up with new research, regulations, and other significant changes, labour market related or otherwise, occurring within the field of specialisation."
interfacing-techniques,interfacing techniques,knowledge,sector-specific,key_3187,The techniques that relate to interfaces between models and components.
consult-with-production-director,consult with production director,skill/competence,sector-specific,key_3206,"Consult with the director, producer and clients throughout the production and post-production process."
software-architecture-models,software architecture models,knowledge,sector-specific,key_3217,"The set of structures and models needed to understand or describe the software system, including the software elements, the relations between them and the properties of both elements and relations."
define-technology-strategy,define technology strategy,skill/competence,sector-specific,key_3236,"Create an overall plan of objectives, practices, principles and tactics related to the use of technologies within an organisation and describe the means to reach the objectives."
software-frameworks,software frameworks,knowledge,sector-specific,key_3244,The software development environments or tools used to improve the efficiency of new software development by providing specific features that support and guide the development.
set-up-portable-field-transmission-equipment,set up portable field transmission equipment,skill/competence,occupation-specific,key_3260,Set up and operate portable transmission equipment when broadcasting takes place outside of the studio.
decentralized-application-frameworks,decentralized application frameworks,knowledge,sector-specific,key_3262,"The different software frameworks, and their characteristics, advantages and disadvantages, that allow the development of decentralized applications on blockchain infrastructure. Examples are truffle, embark, epirus, openzeppelin, etc."
debug-software,debug software,skill/competence,sector-specific,key_3264,"Repair computer code by analysing testing results, locating the defects causing the software to output an incorrect or unexpected result and remove these faults."
provide-education-management-support,provide education management support,skill/competence,sector-specific,key_3275,Support the management of an education institution by directly assisting in the managerial duties or by providing information and guidance from your area of expertise to simplify the managerial tasks.
audio-post-production,audio post-production,knowledge,sector-specific,key_3282,The mixing process after the music recording phase where each song is edited individually into a finished product.
motion-capture,motion capture,knowledge,sector-specific,key_3287,The process and techniques for capturing the movement of human actors in order to create and animate digital characters that look and move as humanly as possible.
use-concurrent-programming,use concurrent programming,skill/competence,sector-specific,key_3297,"Utilise specialised ICT tools to create programs that can execute concurrent operations by splitting programs into parallel processes and, once computed, combining the outcomes together."
model-based-system-engineering,model based system engineering,knowledge,cross-sector,key_3311,"Model-based systems engineering (MBSE) is a methodology for systems engineering that uses visual modelling as the primary means of communicating information. It is focused on creating and exploiting domain models as the primary means of information exchange between engineers and engineering technicians, rather than on document-based information exchange. Therefore, it eliminates the communication "
data-mining,data mining,knowledge,sector-specific,key_3315,"The methods of artificial intelligence, machine learning, statistics and databases used to extract content from a dataset."
follow-a-brief,follow a brief,skill/competence,cross-sector,key_3318,"Interpret and meet requirements and expectations, as discussed and agreed upon with the customers."
cognitive-psychology,cognitive psychology,knowledge,cross-sector,key_3327,"The human mental processes such as attention, memory, language use, perception, problem solving, creativity and thinking."
provide-documentation,provide documentation,skill/competence,cross-sector,key_3336,Prepare and distribute documentation to ensure all people involved in the production receive relevant and up-to-date information.
curriculum-standards,curriculum standards,knowledge,cross-sector,key_3340,The governmental policies concerning educational curricula and the approved curricula from specific educational institutions.
determine-suitability-of-materials,determine suitability of materials,skill/competence,cross-sector,key_3343,"While designing products, determine if materials are suitable and available for production."
acoustics,acoustics,knowledge,cross-sector,key_3356,"The study of sound, its reflection, amplification and absorption in a space."
behavioural-science,behavioural science,knowledge,cross-sector,key_3361,The investigation and analysis of subject behaviour through regulated and lifelike observations and disciplined scientific experiments.
ensure-continuous-preparedness-for-audits,ensure continuous preparedness for audits,skill/competence,cross-sector,key_3368,"Ensure constant compliance with standards and requirements, such as keeping certifications up to date and monitoring activities to ensure correct procedures are followed, so that audits can occur smoothly and no negative aspects can be identified."
solder-electronics,solder electronics,skill/competence,cross-sector,key_3376,"Operate and use soldering tools and soldering iron, which supply high temperatures to melt the solder and to join electronic components."
less,LESS,knowledge,sector-specific,key_3379,"The computer language LESS is a style sheet language that conveys the presentation of structured documents. These documents have to adhere to style sheets, a set of stylistic rules such as font, color and layout."
cam-software,CAM software,knowledge,sector-specific,key_3382,"Different tools for computer-aided manufacturing (CAM) to control machinery and machine tools in the creation, modification, analysis, or optimisation as part of the manufacturing processes of workpieces."
measure-electrical-characteristics,measure electrical characteristics,skill/competence,cross-sector,key_3385,"Measure voltage, current, resistance or other electrical characteristics by using electrical measuring equipment such as multimeters, voltmeters, and ammeters."
ensure-compliance-with-waste-legislative-regulations,ensure compliance with waste legislative regulations,skill/competence,cross-sector,key_3392,"Implement and monitor company procedures for the collection, transport and disposal of waste, in compliance with all regulations and legal requirements."
manage-human-resources,manage human resources,skill/competence,cross-sector,key_3416,"Conduct employee recruitment, helping employees to develop their personal and organisational skills, knowledge, and competencies as well as providing feedback and performance appraisals. It includes motivating employees, by implementing rewarding systems (managing pay and benefit systems) in order to maximise employee performance with regard to employer's strategic objectives."
adobe-illustrator,Adobe Illustrator,knowledge,sector-specific,key_3426,The computer program Adobe Illustrator CC is a graphical ICT tool which enables digital editing and composition of graphics to generate both 2D raster or 2D vector graphics. It is developed by the software company Adobe.
perform-business-analysis,perform business analysis,skill/competence,cross-sector,key_3440,"Evaluate the condition of a business on its own and in relation to the competitive business domain, performing research, placing data in context of the business' needs and determining areas of opportunity."
analyse-score,analyse score,skill/competence,sector-specific,key_3455,"Analysing the score, form, themes and structure of a piece of music."
provide-ict-consulting-advice,provide ICT consulting advice,skill/competence,sector-specific,key_3460,"Advise on appropriate solutions in the field of ICT by selecting alternatives and optimising decisions while taking into account potential risks, benefits and overall impact to professional customers."
align-software-with-system-architectures,align software with system architectures,skill/competence,sector-specific,key_3468,Put system design and technical specifications in line with software architecture in order to ensure the integration and interoperability between components of the system.
nessus,Nessus,knowledge,sector-specific,key_3483,"The computer program Nessus is a specialised ICT tool which tests security weaknesses of the system for potentially unauthorised access to system information, developed by the software company Tenable Network Security."
perform-forensic-preservations-of-digital-devices,perform forensic preservations of digital devices,skill/competence,occupation-specific,key_3485,"Preserve integrity of ICT devices, such as laptops, desktops and other digital media, by storing them physically and using software such as PTK Forensics and EnCase to retrieve, store and trace digital information in a legal manner so that they can be used as evidence at an appropriate time."
plan-art-educational-activities,plan art educational activities,skill/competence,sector-specific,key_3495,"Plan and implement artistic facilities, performance, venues and museum-related educational activities and events."
conduct-content-quality-assurance,conduct content quality assurance,skill/competence,cross-sector,key_3513,"Carry out validation of content by reviewing it according to formal and functional quality, usability and applicable standards."
musical-instruments,musical instruments,knowledge,sector-specific,key_3562,"The different musical instruments, their ranges, timbre, and possible combinations."
manage-database,manage database,skill/competence,cross-sector,key_3568,"Apply database design schemes and models, define data dependencies, use query languages and database management systems (DBMS) to develop and manage databases."
plan-product-management,plan product management,skill/competence,cross-sector,key_3569,"Manage the scheduling of procedures which aim to maximise sales objectives, such as forecasting market trends, product placement, and sales planning."
manage-system-security,manage system security,skill/competence,sector-specific,key_3581,Analyse the critical assets of a company and identify weaknesses and vulnerabilities that lead to intrusion or attack. Apply security detection techniques. Understand cyber attack techniques and implement effective countermeasures.
check-film-reels,check film reels,skill/competence,occupation-specific,key_3606,Check the condition of film reels upon arrival and register them according company guidelines.
create-patterns-for-garments,create patterns for garments,skill/competence,sector-specific,key_3611,"Create patterns for garments using pattern making softwares or by hand from sketches provided by fashion designers or product requirements. Create patterns for different sizes, styles, and components of the garments."
intellectual-property-law,intellectual property law,knowledge,cross-sector,key_3614,The regulations that govern the set of rights protecting products of the intellect from unlawful infringement.
3d-printing-process,3D printing process,knowledge,sector-specific,key_3627,The process of reproducing 3D objects by using 3D printing technologies.
disseminate-results-to-the-scientific-community,disseminate results to the scientific community,skill/competence,cross-sector,key_3638,"Publicly disclose scientific results by any appropriate means, including conferences, workshops, colloquia and scientific publications."
provide-specialised-instruction-for-special-needs-students,provide specialised instruction for special needs students,skill/competence,sector-specific,key_3644,"Instruct students in need of specialised attention, often in small groups, catering to their individual needs, disorders, and disabilities. Promote the psychological, social, creative or physical development of children and teenagers using specific methods such as concentration exercises, role-plays, movement training, and painting."
operate-open-source-software,operate open source software,skill/competence,sector-specific,key_3645,"Operate Open Source software, knowing the main Open Source models, licensing schemes, and the coding practices commonly adopted in the production of Open Source software."
use-software-design-patterns,use software design patterns,skill/competence,sector-specific,key_3663,"Utilise reusable solutions, formalised best practices, to solve common ICT development tasks in software development and design."
perform-data-analysis,perform data analysis,skill/competence,cross-sector,key_3669,"Collect data and statistics to test and evaluate in order to generate assertions and pattern predictions, with the aim of discovering useful information in a decision-making process."
recognise-indicators-of-gifted-student,recognise indicators of gifted student,skill/competence,cross-sector,key_3670,"Observe students during instruction and identify signs of exceptionally high intelligence in a student, such as showing remarkable intellectual curiosity or showing restlessness due to boredom and or feelings of not being challenged."
integrated-circuits,integrated circuits,knowledge,cross-sector,key_3671,"Electronic components, made up from a set of electronic circuits which are placed on semiconductor material, such as silicon. Integrated circuits (IC) can hold billions of electronic components on a microscale and are one of basic components of electronic devices."
prolog-computer-programming,Prolog (computer programming),knowledge,sector-specific,key_3687,"The techniques and principles of software development, such as analysis, algorithms, coding, testing and compiling of programming paradigms in Prolog."
design-process,design process,skill/competence,cross-sector,key_3704,"Identify the workflow and resource requirements for a particular process, using a variety of tools such as process simulation software, flowcharting and scale models."
carry-out-tendering,carry out tendering,skill/competence,cross-sector,key_3712,"Place the request for a quotation to the organisation requesting a tender, then perform the work or supply the goods agreed with them during the tendering process."
use-logic-programming,use logic programming,skill/competence,sector-specific,key_3714,"Utilise specialised ICT tools to create computer code composed of series of sentences in logical form, expressing rules and facts about some problem domain. Use programming languages which support this method such as Prolog, Answer Set Programming and Datalog."
perform-in-circuit-test,perform in-circuit test,skill/competence,sector-specific,key_3725,"Conduct in-circuit test (ICT) to assess whether the printed circuit boards (PCB) were correctly manufactured. The ICT tests for shorts, resistance, and capacitance, and can be performed with a ""bed of nails"" tester or with a fixtureless in-circuit test (FICT)."
manage-briefs-for-clothing-manufacturing,manage briefs for clothing manufacturing,skill/competence,sector-specific,key_3738,Manage briefs from clients for the manufacturing of wearing apparel. Collect customers' demands and prepare them into specifications for the production.
monitor-sociological-trends,monitor sociological trends,skill/competence,sector-specific,key_3739,Identify and investigate sociological trends and movements in society.
provide-assistive-technology,provide assistive technology,skill/competence,occupation-specific,key_3740,Provide persons with assistive technology to enable them to perform activities more functionally.
tune-a-projector,tune a projector,skill/competence,sector-specific,key_3755,Focus and tune a projector.
translate-requirements-into-visual-design,translate requirements into visual design,skill/competence,cross-sector,key_3767,"Develop visual design from given specifications and requirements, based on the analysis of the scope and target audience. Create a visual representation of ideas such as logos, website graphics, digital games and layouts."
adapt-to-change-in-marketing,adapt to change in marketing,skill/competence,occupation-specific,key_3786,"Stay informed and adapt to developments, innovations and trends concerning marketing such as marketing tools and marketing technologies."
establish-data-processes,establish data processes,skill/competence,sector-specific,key_3787,"Use ICT tools to apply mathematical, algorithmic or other data manipulation processes in order to create information."
evaluate-project-plans,evaluate project plans,skill/competence,sector-specific,key_3791,Evaluate proposals and project plans and assess feasibility issues.
ict-network-security-risks,ICT network security risks,knowledge,sector-specific,key_3797,"The security risk factors, such as hardware and software components, devices, interfaces and policies in ICT networks, risk assessment techniques that can be applied to assess the severity and the consequences of security threats and contingency plans for each security risk factor."
speak-different-languages,speak different languages,skill/competence,cross-sector,key_3800,Master foreign languages to be able to communicate in one or more foreign languages.
computer-history,computer history,knowledge,sector-specific,key_3857,The history of computer development framed in a digitising society.
octopus-deploy,Octopus Deploy,knowledge,sector-specific,key_3860,The tool Octopus Deploy is a software program used to automate ASP.NET applications deployment to local or on the cloud servers.
compile-course-material,compile course material,skill/competence,cross-sector,key_3863,"Write, select or recommend a syllabus of learning material for the students enrolled in the course."
deliver-a-sales-pitch,deliver a sales pitch,skill/competence,sector-specific,key_3881,"Prepare and deliver an understandably constructed sales talk for a product or a service, identifying and using persuasive argumentation."
innovation-processes,innovation processes,knowledge,sector-specific,key_3898,"The techniques, models, methods and strategies which contribute to the promotion of steps towards innovation."
read-assembly-drawings,read assembly drawings,skill/competence,cross-sector,key_3918,Read and interpret drawings listing all the parts and subassemblies of a certain product. The drawing identifies the different components and materials and provides instructions on how to assemble a product.
harmonise-body-movements,harmonise body movements,skill/competence,sector-specific,key_3920,"Harmonise body movements in accordance to rhythm and melody, aestetic or dramatic concept, dramatic pace, etc."
openedge-advanced-business-language,OpenEdge Advanced Business Language,knowledge,sector-specific,key_3924,"The techniques and principles of software development, such as analysis, algorithms, coding, testing and compiling of programming paradigms in OpenEdge Advanced Business Language."
create-concept-of-digital-game,create concept of digital game,skill/competence,occupation-specific,key_3984,"Develop and communicate every aspect of overall game vision. Communicate and collaborate with technical crew, artistic and design teams to implement the game vision."
assessment-processes,assessment processes,knowledge,cross-sector,key_4009,"Various evaluation techniques, theories, and tools applicable in the assessment of students, participants in a programme, and employees. Different assessment strategies such as initial, formative, summative and self- assessment are used for varying purposes."
execute-analytical-mathematical-calculations,execute analytical mathematical calculations,skill/competence,cross-sector,key_4011,Apply mathematical methods and make use of calculation technologies in order to perform analyses and devise solutions to specific problems.
perform-customers-needs-analysis,perform customers’ needs analysis,skill/competence,cross-sector,key_4013,Analyse the habits and needs of customers and target groups in order to devise and apply new marketing strategies and to sell more goods in a more effective way.
track-price-trends,track price trends,skill/competence,sector-specific,key_4019,"Monitor the direction and momentum of the product prices on a long-term basis, identify and predict the movement of prices as well as identify the recurring trends."
set-up-multimedia-equipment,set up multimedia equipment,skill/competence,occupation-specific,key_4035,"Set up and test the multimedia and related systems and technology, according to their specifications."
procurement-of-ict-network-equipment,procurement of ICT network equipment,knowledge,sector-specific,key_4038,The products available from network equipment providers and methods for selecting and procuring the equipment.
develop-organisational-policies,develop organisational policies,skill/competence,cross-sector,key_4041,Develop and supervise the implementation of policies aimed at documenting and detailing the procedures for the operations of the organisation in the lights of its strategic planning.
use-traditional-illustration-techniques,use traditional illustration techniques,skill/competence,sector-specific,key_4044,"Create drawings using traditional illustration techniques such as watercolour, pen and ink, airbrush art, oil painting, pastels, wood engraving, and linoleum cuts."
documentation-types,documentation types,knowledge,sector-specific,key_4050,The characteristics of internal and external documentation types aligned with the product life cycle and their specific content types.
record-test-data,record test data,skill/competence,cross-sector,key_4052,Record data which has been identified specifically during preceding tests in order to verify that outputs of the test produce specific results or to review the reaction of the subject under exceptional or unusual input.
use-polygonal-modelling,use polygonal modelling,skill/competence,occupation-specific,key_4087,Represent 3D models by using line segments to connect vertices in order to create polygonal mesh on surfaces.
transpose-music,transpose music,skill/competence,sector-specific,key_4088,Transposing music into an alternate key while keeping the original tone structure.
troubleshoot,troubleshoot,skill/competence,cross-sector,key_4094,"Identify operating problems, decide what to do about it and report accordingly."
optimise-financial-performance,optimise financial performance,skill/competence,cross-sector,key_4098,"Direct and coordinate the organisation's financial operations and budget activities, in order to optimise financial performance."
observe-student-s-progress,observe student's progress,skill/competence,cross-sector,key_4102,Follow up on students’ learning progress and assess their achievements and needs.
escort-students-on-a-field-trip,escort students on a field trip,skill/competence,cross-sector,key_4115,Accompany students on an educational trip outside the school environment and ensure their safety and cooperation.
manage-staff,manage staff,skill/competence,cross-sector,key_4116,"Manage employees and subordinates, working in a team or individually, to maximise their performance and contribution. Schedule their work and activities, give instructions, motivate and direct the workers to meet the company objectives. Monitor and measure how an employee undertakes their responsibilities and how well these activities are executed. Identify areas for improvement and make suggestio"
protect-personal-data-and-privacy,protect personal data and privacy,skill/competence,cross-sector,key_4119,Protect personal data and privacy in digital environments. Understand how to use and share personally identifiable information while being able to protect oneself and others from damages. Understand that digital services use a “Privacy policy” to inform how personal data is used.
health-care-occupation-specific-ethics,health care occupation-specific ethics,knowledge,cross-sector,key_4122,"The moral standards and procedures, ethical questions and obligations specific to occupations in a health care setting such as respect for human dignity, self-determination, informed consent and patient confidentiality."
iterative-development,Iterative development,knowledge,sector-specific,key_4124,The iterative development model is a methodology to design software systems and applications.
monitor-mixing-in-a-live-situation,monitor mixing in a live situation,skill/competence,sector-specific,key_4151,"Monitor mixing in a live audio situation, under own responsibility."
visual-presentation-techniques,visual presentation techniques,knowledge,sector-specific,key_4165,"The visual representation and interaction techniques, such as histograms, scatter plots, surface plots, tree maps and parallel coordinate plots, that can be used to present abstract numerical and non-numerical data, in order to reinforce the human understanding of this information."
draw-up-lighting-plan,draw up lighting plan,skill/competence,sector-specific,key_4168,Create technical drawings and documentation within the lighting department.
ict-hardware-specifications,ICT hardware specifications,knowledge,cross-sector,key_4171,"The characteristics, uses and operations of various hardware products such as printers, screens, and laptops."
test-power-electronics,test power electronics,skill/competence,occupation-specific,key_4178,"Test power electronics using appropriate equipment. Gather and analyse data on systems and components, such as analogue and digital circuit tolerance, power losses and overall efficiency as electricity works its way through circuits. Monitor and evaluate system performance and take action if needed."
prevent-undesired-changes-to-sound-design,prevent undesired changes to sound design,skill/competence,sector-specific,key_4217,"Adapt your maintenance of sound equipment to prevent undesired changes in the sound balance and design, safeguarding the overall production quality."
funding-methods,funding methods,knowledge,cross-sector,key_4219,"The financial possibilities for funding projects such as the traditional ones, namely loans, venture capital, public or private grants up to alternative methods such as crowdfunding."
develop-information-security-strategy,develop information security strategy,skill/competence,sector-specific,key_4226,"Create company strategy related to the safety and security of information in order to maximise information integrity, availability and data privacy."
printing-on-large-scale-machines,printing on large scale machines,knowledge,sector-specific,key_4231,"Methods, processes, and restrictions related to printing on machines that produce large quantities and sizes of graphic print materials."
digitise-documents,digitise documents,skill/competence,cross-sector,key_4269,"Load analog documents by converting them into a digital format, using specialised hardware and software."
assemble-sensors,assemble sensors,skill/competence,sector-specific,key_4270,Mount chips on a sensor substrate and attach them using soldering or wafer bumping techniques.
execute-email-marketing,execute email marketing,skill/competence,cross-sector,key_4271,"Conceptualise and write targeted customer emails, manage customer emails for the brand email marketing programmes in order to ensure enhanced profit and improved customer communication and prospection."
remove-defective-products,remove defective products,skill/competence,cross-sector,key_4280,Remove defective materials from the production line.
assess-power-needs,assess power needs,skill/competence,cross-sector,key_4287,Prepare and manage the provision of electrical power for different areas.
liaise-with-educational-support-staff,liaise with educational support staff,skill/competence,cross-sector,key_4288,"Communicate with education management, such as the school principal and board members, and with the education support team such as the teaching assistant, school counsellor or academic advisor on issues relating the students' well-being."
advise-on-strengthening-security,advise on strengthening security,skill/competence,sector-specific,key_4292,Provide information and guidance to clients on how to prevent security threats and incidents.
geographic-information-systems,geographic information systems,knowledge,sector-specific,key_4313,"The tools involved in geographical mapping and positioning, such as GPS (global positioning systems), GIS (geographical information systems), and RS (remote sensing)."
advise-on-safety-improvements,advise on safety improvements,skill/competence,cross-sector,key_4317,Provide relevant recommendations following the conclusion of an investigation; ensure that recommendations are duly considered and where appropriate acted upon.
manufacturing-processes,manufacturing processes,knowledge,cross-sector,key_4318,"The steps required through which a material is transformed into a product, its development and full-scale manufacturing."
apply-tools-for-content-development,apply tools for content development,skill/competence,cross-sector,key_4325,"Use specialised content development tools such as content and terminology management systems, translation memory systems, language checker and editors to generate, compile and transform content according to specified standards."
define-security-policies,define security policies,skill/competence,sector-specific,key_4330,"Design and execute a written set of rules and policies that have the aim of securing an organisation concerning constraints on behaviour between stakeholders, protective mechanical constraints and data-access constraints."
apply-statistical-analysis-techniques,apply statistical analysis techniques,skill/competence,cross-sector,key_4348,"Use models (descriptive or inferential statistics) and techniques (data mining or machine learning) for statistical analysis and ICT tools to analyse data, uncover correlations and forecast trends."
maintain-internal-communication-systems,maintain internal communication systems,skill/competence,cross-sector,key_4351,Maintain an effective internal communication system among employees and department managers.
photography,photography,knowledge,cross-sector,key_4354,Art and practice of creating aesthetically appealing images by recording light or electromagnetic radiation.
provide-user-documentation,provide user documentation,skill/competence,cross-sector,key_4356,"Develop and organise the distribution of structured documents to assist people using a particular product or system, such as written or visual information about an application system and how to use it."
maintain-electrical-equipment,maintain electrical equipment,skill/competence,cross-sector,key_4362,"Test electrical equipment for malfunctions. Take safety measures, company guidelines, and legislation concerning electrical equipment into account. Clean, repair and replace parts and connections as required."
do-cloud-refactoring,do cloud refactoring,skill/competence,sector-specific,key_4364,"Optimize application to best use cloud services and features, migrate existing application code to run on cloud infrastructure."
consultation-methods,consultation methods,knowledge,sector-specific,key_4365,"Techniques used to facilitate clear and open communication and the provision of advice between individuals, communities or the government, such as discussion groups or one-on-one interviews."
build-predictive-models,build predictive models,skill/competence,sector-specific,key_4381,Create models to predict the probability of an outcome.
optics,optics,knowledge,cross-sector,key_4382,The science that studies the elements and reaction of light.
analyse-the-scenography,analyse the scenography,skill/competence,sector-specific,key_4390,Analyse the selection and distribution of material elements on a stage.
run-a-media-server,run a media server,skill/competence,cross-sector,key_4409,Set up and run a media server.
ensure-safety-of-mobile-electrical-systems,ensure safety of mobile electrical systems,skill/competence,sector-specific,key_4433,Take the necessary precautions while providing temporary power distribution independently. Measure and power up an installation.
evaluate-research-activities,evaluate research activities,skill/competence,cross-sector,key_4434,"Review proposals, progress, impact and outcomes of peer researchers, including through open peer review."
publishing-industry,publishing industry,knowledge,cross-sector,key_4435,"Key stakeholders in the publishing industry. Acquisition, marketing and distribution of newspapers, books, magazines and other informative works, including electronic media."
perform-quality-control-of-design-during-a-run,perform quality control of design during a run,skill/competence,sector-specific,key_4443,Control and ensure the quality of design results during a run.
machine-learning,machine learning,knowledge,cross-sector,key_4444,"The principles, methods and algorithms of machine learning, a subfield of artificial intelligence. Common machine learning models such as supervised or unsupervised models, semi- supervised models and reinforcement learning models."
cadd-software,CADD software,knowledge,cross-sector,key_4446,The computer-aided design and drafting (CADD) is the use of computer technology for design and design documentation. CAD software replaces manual drafting with an automated process.
organisational-policies,organisational policies,knowledge,sector-specific,key_4450,The policies to achieve set of goals and targets regarding the development and maintenance of an organisation.
develop-educational-resources,develop educational resources,skill/competence,cross-sector,key_4456,"Create and develop educational resources for visitors, school groups, families and special interest groups."
assist-with-litigation-matters,assist with litigation matters,skill/competence,cross-sector,key_4462,"Provide assistance with the management of litigation matters, including document collection and investigation."
oracle-data-integrator,Oracle Data Integrator,knowledge,sector-specific,key_4486,"The computer program Oracle Data Integrator is a tool for integration of information from multiple applications, created and maintained by organisations, into one consistent and transparent data structure, developed by the software company Oracle."
quality-and-cycle-time-optimisation,quality and cycle time optimisation,knowledge,cross-sector,key_4497,The most optimal rotation or cycle time and over-all quality of a tool or a machine's processes.
evaluate-education-programmes,evaluate education programmes,skill/competence,cross-sector,key_4503,Evaluate ongoing training programmes and advise on potential optimisation.
special-needs-learning-equipment,special needs learning equipment,knowledge,sector-specific,key_4508,"The materials used by a special needs teacher for training students with special educational needs in their classes, more specifically tools such as sensory equipment and equipment for stimulating motor skills."
create-software-design,create software design,skill/competence,sector-specific,key_4526,Transpose a series of requirements into a clear and organised software design.
ict-quality-policy,ICT quality policy,knowledge,sector-specific,key_4527,"The quality policy of the organisation and its objectives, the acceptable level of quality and the techniques to measure it, its legal aspects and the duties of specific departments to ensure quality."
principles-of-distributed-ledger-technology,principles of distributed ledger technology,knowledge,sector-specific,key_4528,"The distributed ledger theories, applied principles, architectures and systems, such as decentralization, consensus mechanisms, smart contracts, trust, etc."
apply-change-management,apply change management,skill/competence,cross-sector,key_4535,Manage development within an organisation by anticipating changes and making managerial decisions to ensure that the members involved are as less disturbed as possible.
create-scorm-packages,create SCORM packages,skill/competence,sector-specific,key_4539,Develop educational packages for e-learning platforms using the Sharable Content Object Reference Model (SCORM) standard.
use-specialised-design-software,use specialised design software,skill/competence,cross-sector,key_4541,Developing new designs mastering specialised software.
blockchain-openness,blockchain openness,knowledge,sector-specific,key_4547,"The different levels of openness of a blockchain, their differences, and their advantages and disadvantages. Examples are permissionless, permissioned, and hybrid blockchains"
design-drawings,design drawings,knowledge,cross-sector,key_4548,"Understand design drawings detailing the design of products, tools, and engineering systems."
engineering-control-theory,engineering control theory,knowledge,sector-specific,key_4552,The interdisciplinary branch of engineering that deals with the behaviour of dynamical systems with inputs and how their behaviour is modified by feedback.
use-software-for-data-preservation,use software for data preservation,skill/competence,cross-sector,key_4553,Utilise specialised applications and software to collect and preserve digital information.
use-computer-aided-engineering-systems,use computer-aided engineering systems,skill/competence,cross-sector,key_4561,Use computer-aided engineering software to conduct stress analyses on engineering designs.
manage-ict-project,manage ICT project,skill/competence,sector-specific,key_4564,"Plan, organize, control and document procedures and resources, such as human capital, equipment and mastery, in order to achieve specific goals and objectives related to ICT systems, services or products, within specific constraints, such as scope, time, quality and budget."
digital-compositing,digital compositing,knowledge,cross-sector,key_4590,"The process and software for digitally assembling multiple images to make one, final image."
maintain-relationship-with-suppliers,maintain relationship with suppliers,skill/competence,sector-specific,key_4597,"Build a lasting and meaningful relationship with suppliers and service providers in order to establish a positive, profitable and enduring collaboration, co-operation and contract negotiation."
javascript,JavaScript,knowledge,sector-specific,key_4598,"The techniques and principles of software development, such as analysis, algorithms, coding, testing and compiling of programming paradigms in JavaScript."
decision-support-systems,decision support systems,knowledge,sector-specific,key_4601,The ICT systems that can be used to support business or organisational decision making.
db2,DB2,knowledge,sector-specific,key_4602,"The computer program IBM DB2 is a tool for creating, updating and managing databases, developed by the software company IBM."
optimise-choice-of-ict-solution,optimise choice of ICT solution,skill/competence,sector-specific,key_4606,"Select the appropriate solutions in the field of ICT while taking into account potential risks, benefits and overall impact."
microsoft-access,Microsoft Access,knowledge,sector-specific,key_4608,"The computer program Access is a tool for creating, updating and managing databases, developed by the software company Microsoft."
test-for-emotional-patterns,test for emotional patterns,skill/competence,cross-sector,key_4621,Discern patterns in the emotions of individuals by using various tests in order to understand the causes of these emotions.
comply-with-legal-regulations,comply with legal regulations,skill/competence,cross-sector,key_4622,"Ensure you are properly informed of the legal regulations that govern a specific activity and adhere to its rules, policies and laws."
design-web-based-courses,design web-based courses,skill/competence,cross-sector,key_4634,"Create web-based training and instruction courses using dynamic and static online tools to deliver learning outcomes to the audience of the course. Web tools used here can include streaming video and audio, live internet broadcasts, information portals, chatrooms and bulletin boards."
evaluate-marketing-content,evaluate marketing content,skill/competence,cross-sector,key_4636,"Revise, assess, align, and approves marketing material and content defined in the marketing plan. Evaluate written word, images, print or video advertisements, public speeches, and statements in accordance with the marketing objectives."
assemble-hardware-components,assemble hardware components,skill/competence,cross-sector,key_4645,"Assemble the necessary hardware components, such as the motherboard, Central Processing Unit (CPU), hard drive, disk drive, power supply unit, RAM, PCI card, mouse, keyboard, cameras and other necessary components to build the computer device. Attach the components manually using screwdrivers or use assembly machines and install the wiring."
ict-accessibility-standards,ICT accessibility standards,knowledge,sector-specific,key_4665,"The recommendations for making ICT content and applications more accessible to a wider range of people, mostly with disabilities, such as blindness and low vision, deafness and hearing loss and cognitive limitations. It includes standards such as Web Content Accessibility Guidelines (WCAG)."
perform-dimensionality-reduction,perform dimensionality reduction,skill/competence,cross-sector,key_4668,"Reduce the number of variables or features for a dataset in machine learning algorithms through methods such as principal component analysis, matrix factorization, autoencoder methods, and others."
electrical-engineering,electrical engineering,knowledge,cross-sector,key_4672,"Understand electrical engineering, a field of engineering that deals with the study and application of electricity, electronics, and electromagnetism."
engage-composers,engage composers,skill/competence,sector-specific,key_4674,Engage services of professional composers to write the score for a music piece.
3d-texturing,3D texturing,knowledge,sector-specific,key_4687,The process of applying a type of surface to a 3D image.
printed-circuit-boards-testing-methods,printed circuit boards testing methods,knowledge,cross-sector,key_4688,"Printed circuit board (PCB) testing methods consist of those processes in which PCB components or systems are tested, such as the in-circuit test (ICT), joint test action group (JTAG) test, and automated optical inspection (AOI)."
analyse-large-scale-data-in-healthcare,analyse large-scale data in healthcare,skill/competence,sector-specific,key_4691,"Carry out large-scale data gathering such as questionnaire surveys, and analyse the obtained data."
prepare-financial-auditing-reports,prepare financial auditing reports,skill/competence,cross-sector,key_4692,"Compile information on audit findings of financial statements and financial management in order to prepare reports, point out improvement possibilities, and confirm governability."
data-warehouse,data warehouse,knowledge,occupation-specific,key_4698,The data storage system that analyses and reports on data such as a data mart.
cue-a-performance,cue a performance,skill/competence,sector-specific,key_4703,Plan the technical actions and interventions during an artistic performance. Determine when actors go on and off stage. Make sure these cues are followed to ensure a smooth running of the performance.
electromagnetism,electromagnetism,knowledge,sector-specific,key_4707,The study of electromagnetic forces and the interaction between electric and magnetic fields. The interaction between electrically charged particles can create magnetic fields with a certain range or frequency and electricity can be produced by the changing of these magnetic fields.
monitor-manufacturing-quality-standards,monitor manufacturing quality standards,skill/competence,cross-sector,key_4709,Monitor quality standards in manufacturing and finishing process.
xquery,XQuery,knowledge,sector-specific,key_4730,The computer language XQuery is a query language for retrieval of information from a database and of documents containing the needed information. It is developed by the international standards organisation World Wide Web Consortium.
design-ict-hardware-placement,design ICT hardware placement,skill/competence,occupation-specific,key_4750,Describe and plan how cables and related hardware items will be placed throughout the building.
ict-security-standards,ICT security standards,knowledge,sector-specific,key_4764,The standards regarding ICT security such as ISO and the techniques required to ensure compliance of the organisation with them.
perl,Perl,knowledge,sector-specific,key_4775,"The techniques and principles of software development, such as analysis, algorithms, coding, testing and compiling of programming paradigms in Perl."
communicate-during-show,communicate during show,skill/competence,sector-specific,key_4780,"Communicate efficiently with other professionals during a live performance show, anticipating any possible malfunctioning."
adapt-artistic-plan-to-location,adapt artistic plan to location,skill/competence,sector-specific,key_4797,Adjust plans to other locations with regards to the artistic concept.
waste-management,waste management,knowledge,cross-sector,key_4809,"The methods, materials and regulations used to collect, transport, treat and dispose of waste. This includes recycling and monitoring of waste disposal."
dispose-of-hazardous-waste,dispose of hazardous waste,skill/competence,cross-sector,key_4811,Dispose of dangerous materials such as chemical or radioactive substances according to environmental and to health and safety regulations.
demonstrate-disciplinary-expertise,demonstrate disciplinary expertise,skill/competence,cross-sector,key_4824,"Demonstrate deep knowledge and complex understanding of a specific research area, including responsible research, research ethics and scientific integrity principles, privacy and GDPR requirements, related to research activities within a specific discipline."
use-consulting-techniques,use consulting techniques,skill/competence,cross-sector,key_4825,Advise clients in different personal or professional matters.
inform-on-safety-standards,inform on safety standards,skill/competence,cross-sector,key_4826,"Inform managers and staff regarding workplace health and safety standards,,especially in the case of dangerous environments, such as in the construction or mining industry."
use-different-communication-channels,use different communication channels,skill/competence,cross-sector,key_4832,"Make use of various types of communication channels such as verbal, handwritten, digital and telephonic communication with the purpose of constructing and sharing ideas or information."
provide-ict-system-training,provide ICT system training,skill/competence,sector-specific,key_4844,"Plan and conduct training of staff on system and network issues. Utilise training material, evaluate and report on the learning progress of trainees."
conduct-quality-control-analysis,conduct quality control analysis,skill/competence,cross-sector,key_4848,"Conduct inspections and tests of services, processes, or products to evaluate quality."
monitor-quality-of-broadcasts,monitor quality of broadcasts,skill/competence,occupation-specific,key_4855,"Monitor strength, clarity, and reliability of incoming and outgoing signals to adjust equipment as necessary to maintain the quality of the broadcast."
manage-business-knowledge,manage business knowledge,skill/competence,cross-sector,key_4856,"Set up structures and distribution policies to enable or improve information exploitation using appropriate tools to extract, create and expand business mastery."
printing-techniques,printing techniques,knowledge,cross-sector,key_4857,"The techniques and processes to reproduce text and images using a master form or template such as letterpress printing, gravure, and laser printing."
perform-technical-sound-check,perform technical sound check,skill/competence,sector-specific,key_4858,Prepare and run a technical sound check before rehearsals or live shows. Check instrument setup and ensure correct functioning of the audio equipment. Anticipate possible technical problems during a live show.
industrial-software,industrial software,knowledge,cross-sector,key_4864,"The selection of software that aids in estimating, managing and scheduling industrial processes such as design, work flow and production improvement."
perform-data-mining,perform data mining,skill/competence,sector-specific,key_4869,"Explore large datasets to reveal patterns using statistics, database systems or artificial intelligence and present the information in a comprehensible way."
assess-employees-capability-levels,assess employees' capability levels,skill/competence,cross-sector,key_4883,Evaluate the capabilities of employees by creating criteria and systematic testing methods for measuring expertise of individuals within an organisation.
adjust-engineering-designs,adjust engineering designs,skill/competence,cross-sector,key_4896,Adjust designs of products or parts of products so that they meet requirements.
operate-precision-measuring-equipment,operate precision measuring equipment,skill/competence,cross-sector,key_4899,"Measure the size of a processed part when checking and marking it to check if it is up to standard by use of two and three dimensional precision measuring equipment such as a caliper, a micrometer, and a measuring gauge."
pentaho-data-integration,Pentaho Data Integration,knowledge,sector-specific,key_4900,"The computer program Pentaho Data Integration is a tool for integration of information from multiple applications, created and maintained by organisations, into one consistent and transparent data structure, developed by the software company Pentaho."
emergent-technologies,emergent technologies,knowledge,cross-sector,key_4904,"The recent trends, developments and innovations in modern technologies such as biotechnology, artificial intelligence and robotics."
smalltalk-computer-programming,Smalltalk (computer programming),knowledge,sector-specific,key_4909,"The techniques and principles of software development, such as analysis, algorithms, coding, testing and compiling of programming paradigms in Smalltalk."
personal-directing-styles,personal directing styles,knowledge,sector-specific,key_4913,Understand and analyse the behaviour of specific directors.
identify-technological-needs,identify technological needs,skill/competence,cross-sector,key_4914,Assess needs and identify digital tools and possible technological responses to address them. Adjust and customise digital environments to personal needs (e.g. accessibility).
use-manual-draughting-techniques,use manual draughting techniques,skill/competence,cross-sector,key_4929,"Use non-computerised draughting techniques to make detailed drawings of designs by hand with specialised tools such as pencils, rulers and templates."
mathematics,mathematics,knowledge,cross-sector,key_4933,"Mathematics is the study of topics such as quantity, structure, space, and change. It involves the identification of patterns and formulating new conjectures based on them. Mathematicians strive to prove the truth or falsity of these conjectures. There are many fields of mathematics, some of which are widely used for practical applications."
php,PHP,knowledge,sector-specific,key_4939,"The techniques and principles of software development, such as analysis, algorithms, coding, testing and compiling of programming paradigms in PHP."
software-anomalies,software anomalies,knowledge,sector-specific,key_4951,"The deviations of what is standard and exceptional events during software system performance, identification of incidents that can alter the flow and the process of system execution."
database,database,knowledge,cross-sector,key_4957,"The classification of databases, that includes their purpose, characteristics, terminology, models and use such as XML databases, document-oriented databases and full text databases."
keep-task-records,keep task records,skill/competence,cross-sector,key_4958,Organise and classify records of prepared reports and correspondence related to the performed work and progress records of tasks.
ensure-legal-gaming,ensure legal gaming,skill/competence,sector-specific,key_4959,Monitor gaming operations to ensure that juridical regulations and house rules are respected at all times.
digital-marketing-techniques,digital marketing techniques,knowledge,sector-specific,key_4962,"The marketing techniques used on the web to reach and engage with stakeholders, customers and clients."
openedge-database,OpenEdge Database,knowledge,sector-specific,key_4966,"The computer program OpenEdge Database is a tool for creating, updating and managing databases, developed by the software company Progress Software Corporation."
update-design-results-during-rehearsals,update design results during rehearsals,skill/competence,sector-specific,key_4967,"Updating the design results based on observation of the stage image during the rehearsals, especially where the different designs and the action are integrated."
respond-to-incidents-in-cloud,respond to incidents in cloud,skill/competence,sector-specific,key_4969,Troubleshoot issues with the cloud and determine how to restore operations. Design and automate disaster recovery strategies and evaluate a deployment for points of failure.
operate-video-equipment,operate video equipment,skill/competence,cross-sector,key_4970,Use of various types of video equipment.
take-pictures,take pictures,skill/competence,sector-specific,key_4974,"Take photographs of individual people, families and groups, either in a studio setting or on location."
adolescent-socialisation-behaviour,adolescent socialisation behaviour,knowledge,cross-sector,key_4986,"The social dynamics through which young adults live amongst each other, expressing their likes and dislikes and the rules of communication between generations."
use-databases,use databases,skill/competence,cross-sector,key_4990,"Use software tools for managing and organising data in a structured environment which consists of attributes, tables and relationships in order to query and modify the stored data."
xcode,Xcode,knowledge,sector-specific,key_5002,"The computer program Xcode is a suite of software development tools for writing programs, such as compiler, debugger, code editor, code highlights, packaged in a unified user interface. It is developed by the software company Apple."
meet-expectations-of-target-audience,meet expectations of target audience,skill/competence,cross-sector,key_5012,Research the needs and expectations of the target audience to ensure the program's theme meets both.
manage-student-relationships,manage student relationships,skill/competence,cross-sector,key_5013,Manage the relations between students and between student and teacher. Act as a just authority and create an environment of trust and stability.
follow-ethical-code-of-conduct-of-gambling,follow ethical code of conduct of gambling,skill/competence,sector-specific,key_5028,"Follow the rules and ethical code used in gambling, betting and lottery. Keep the entertainment of players in mind."
develop-solutions-to-information-issues,develop solutions to information issues,skill/competence,cross-sector,key_5034,Analyse information needs and challenges to develop effective technological solutions.
purchase-music,purchase music,skill/competence,occupation-specific,key_5038,Purchase the rights to music pieces while making sure all legal requirements are met.
assess-users-interaction-with-ict-applications,assess users' interaction with ICT applications,skill/competence,sector-specific,key_5089,"Evaluate how users interact with ICT applications in order to analyse their behaviour, draw conclusions (for instance about their motives, expectations and goals) and improve applications' functionalities."
perform-test-run,perform test run,skill/competence,cross-sector,key_5090,"Perform tests putting a system, machine, tool or other equipment through a series of actions under actual operating conditions in order to assess its reliability and suitability to realise its tasks, and adjust settings accordingly."
define-manufacturing-quality-criteria,define manufacturing quality criteria,skill/competence,sector-specific,key_5119,"Define and describe the criteria by which data quality is measured for manufacturing purposes, such as international standards and manufacturing regulations."
integrate-ict-data,integrate ICT data,skill/competence,sector-specific,key_5121,Combine data from sources to provide unified view of the set of these data.
interpret-illustration-needs,interpret illustration needs,skill/competence,sector-specific,key_5126,"Communicate with clients, editors and authors in order to interpret and fully understand their professional needs."
maintain-an-artistic-portfolio,maintain an artistic portfolio,skill/competence,sector-specific,key_5136,"Maintain portfolios of artistic work to show styles, interests, abilities and realisations."
analyse-big-data,analyse big data,skill/competence,cross-sector,key_5160,"Collect and evaluate numerical data in large quantities, especially for the purpose of identifying patterns between the data."
assembly-computer-programming,Assembly (computer programming),knowledge,sector-specific,key_5164,"The techniques and principles of software development, such as analysis, algorithms, coding, testing and compiling of programming paradigms in Assembly."
system-backup-best-practice,system backup best practice,knowledge,cross-sector,key_5168,The procedures related to preparing for recovery or continuation of technology infrastructure vital to an organisation.
align-content-with-form,align content with form,skill/competence,cross-sector,key_5183,Align form and content to make sure they fit together.
spiral-development,Spiral development,knowledge,sector-specific,key_5189,The spiral development model is a methodology to design software systems and applications.
software-components-libraries,software components libraries,knowledge,sector-specific,key_5191,"The software packages, modules, web services and resources that cover a set of related functions and the databases where these reusable components can be found."
conduct-scholarly-research,conduct scholarly research,skill/competence,cross-sector,key_5196,Plan scholarly research by formulating the research question and conducting empirical or literature research in order to investigate the truth of the research question.
schoology,Schoology,knowledge,sector-specific,key_5208,"The computer program Schoology is a e-learning platform for creating, administrating, arranging, reporting and delivering e-learning education courses or training programs."
provide-cost-benefit-analysis-reports,provide cost benefit analysis reports,skill/competence,cross-sector,key_5214,"Prepare, compile and communicate reports with broken down cost analysis on the proposal and budget plans of the company. Analyse the financial or social costs and benefits of a project or investment in advance over a given period of time."
product-usage-risks-analysis,product usage risks analysis,knowledge,cross-sector,key_5236,"The methods to analyse product associated risks, in possible customer environment, their magnitude, consequences and likely outcomes in order to mitigate them by warning messages, safety instructions and maintenance support."
film-production-process,film production process,knowledge,sector-specific,key_5246,"The various development stages of making a film, such as scriptwriting, financing, shooting, editing, and distribution."
objectstore,ObjectStore,knowledge,sector-specific,key_5250,"The computer program ObjectStore is a tool for creating, updating and managing databases, developed by the software company Object Design, Incorporated."
recruit-employees,recruit employees,skill/competence,cross-sector,key_5253,"Hire new employees by scoping the job role, advertising, performing interviews and selecting staff in line with company policy and legislation."
keep-up-to-date-with-training-subjects,keep up-to-date with training subjects,skill/competence,sector-specific,key_5276,Gather the latest information on the subjects of the training process in order to be updated with the required know-how.
chef-tools-for-software-configuration-management,Chef (tools for software configuration management),knowledge,sector-specific,key_5283,"The tool Chef is a software program which performs infrastructure configuration identification, control and automation aiming to ease the applications deployment."
electronic-and-telecommunication-equipment,electronic and telecommunication equipment,knowledge,sector-specific,key_5286,"The offered electronic and telecommunication equipment and products, their functionalities, properties and legal and regulatory requirements."
handle-data-samples,handle data samples,skill/competence,cross-sector,key_5289,Collect and select a set of data from a population by a statistical or other defined procedure.
customise-software-for-drive-system,customise software for drive system,skill/competence,cross-sector,key_5292,Adapt and customise software to the specific machine or application.
gimp-graphics-editor-software,GIMP (graphics editor software),knowledge,sector-specific,key_5298,The computer program GIMP is a graphical ICT tool which enables digital editing and composition of graphics to generate both 2D raster or 2D vector graphics. It is developed by The GIMP Development Team.
microelectronics,microelectronics,knowledge,cross-sector,key_5332,"Microelectronics is a subdiscipline of electronics and relates the study, design, and manufacture of small electronic components, such as microchips."
manipulate-puppets,manipulate puppets,skill/competence,sector-specific,key_5333,"Manipulate puppets by the use of strings, rods, wires, electronics or directly by his or her own hands placed inside the puppet or holding it externally, so as to create the illusion of life."
apply-desktop-publishing-techniques,apply desktop publishing techniques,skill/competence,cross-sector,key_5336,Apply desktop publishing techniques to create page layouts and typographic quality text.
manage-tender-processes,manage tender processes,skill/competence,cross-sector,key_5338,Organise the process of writing and designing proposals or bids for tenders.
arrange-parent-teacher-meeting,arrange parent teacher meeting,skill/competence,cross-sector,key_5341,Set up joined and individual meetings with students' parents to discuss their child's academic progress and general well-being.
hardware-components,hardware components,knowledge,cross-sector,key_5348,"The essential components that make up a hardware system, such as liquid-crystal displays (LCD), camera sensors, microprocessors, memories, modems, batteries and their interconnections."
implement-ict-coding-conventions,implement ICT coding conventions,skill/competence,occupation-specific,key_5359,"Apply guidelines for ICT programming techniques, such as conventions, code design patterns and practices to achieve higher security, reliability, better readability and maintenance of the product."
attend-rehearsals,attend rehearsals,skill/competence,cross-sector,key_5362,"Attend rehearsals in order to adapt sets, costumes, make-up, lighting, camera set up, etc."
prepare-sound-equipment-on-stage,prepare sound equipment on stage,skill/competence,sector-specific,key_5373,"Set up, rig, connect, test and tune audio equipment on stage."
support-managers,support managers,skill/competence,cross-sector,key_5375,Provide support and solutions to managers and directors in regards with their business needs and requests for the running of a business or the daily operations of a business unit.
assess-informational-needs,assess informational needs,skill/competence,sector-specific,key_5381,Communicate with clients or users in order to identify which information they require and the methods with which they can access it.
c-2,C#,knowledge,sector-specific,key_5384,"The techniques and principles of software development, such as analysis, algorithms, coding, testing and compiling of programming paradigms in C#."
provide-training-on-technological-business-developments,provide training on technological business developments,skill/competence,occupation-specific,key_5392,Give training to colleagues on the technological innovation projects and functional implementations in a business which improves the organisation's business efficiency.
design-principles,design principles,knowledge,cross-sector,key_5404,"The elements used in design such as unity, scale, proportion, balance, symmetry, space, form, texture, colour, light, shade and congruence and their application into practice."
create-training-materials,create training materials,skill/competence,cross-sector,key_5409,Develop and compile training items and resources according to didactical methods and training needs and using specific types of media.
work-safely-with-machines,work safely with machines,skill/competence,cross-sector,key_5418,Check and safely operate machines and equipment required for your work according to manuals and instructions.
ensure-compliance-with-company-regulations,ensure compliance with company regulations,skill/competence,cross-sector,key_5431,"Guarantee that employees' activities follow company regulations, as implemented through client and corporate guidelines, directives, policies and programmes."
teach-in-academic-or-vocational-contexts,teach in academic or vocational contexts,skill/competence,cross-sector,key_5443,"Instruct students in the theory and practice of academic or vocational subjects, transferring the content of own and others' research activities."
analyse-scanned-data-of-the-body,analyse scanned data of the body,skill/competence,sector-specific,key_5446,"Analyse 3D scanned data for the development of prototypes, of avatars, for the creation of size charts, the garment pattern modification, alteration and manipulation, and for testing fit."
update-budget,update budget,skill/competence,sector-specific,key_5447,Make sure that a given budget remains up to date using most recent and most accurate information. Anticipate possible variations and ensure that the set budgetary goals can be reached within the given context.
manage-profitability,manage profitability,skill/competence,cross-sector,key_5454,Regularly review sales and profit performance.
apply-systemic-design-thinking,apply systemic design thinking,skill/competence,cross-sector,key_5462,"Apply the process of combining systems thinking methodologies with human-centred design in order to solve complex societal challenges in an innovative and sustainable way. This is most often applied in social innovation practices that focus less on designing stand-alone products and services to designing complex service systems, organizations or policies that bring value to the society as a whole."
document-project-progress,document project progress,skill/competence,cross-sector,key_5465,"Record the project planning and development, the work steps, the required resources and the final results in order to present and keep track of the realised and ongoing projects."
increase-the-impact-of-science-on-policy-and-society,increase the impact of science on policy and society ,skill/competence,cross-sector,key_5467,Influence evidence-informed policy and decision making by providing scientific input to and maintaining professional relationships with policymakers and other stakeholders.
manage-ict-data-architecture,manage ICT data architecture,skill/competence,sector-specific,key_5483,"Oversee regulations and use ICT techniques to define the information systems architecture and to control data gathering, storing, consolidation, arrangement and usage in an organisation."
rewrite-musical-scores,rewrite musical scores,skill/competence,sector-specific,key_5484,"Rewrite original musical scores in different musical genres and styles; change rhythm, harmony tempo or instrumentation."
mysql,MySQL,knowledge,sector-specific,key_5492,"The computer program MySQL is a tool for creating, updating and managing databases, currently developed by the software company Oracle."
design-cloud-networks,design cloud networks,skill/competence,sector-specific,key_5494,"Apply cloud networking concepts and implement connectivity services of cloud. Given customer requirements, define network architectures on cloud, propose optimized designs based on the evaluation of an existing implementation. Evaluate and optimize cost allocations given a network design, its cloud resources, and application data flow."
identify-training-needs,identify training needs,skill/competence,cross-sector,key_5497,"Analyse the training problems and identify the training requirements of an organisation or individuals, so as to provide them with instruction tailored to their prior mastery, profile, means and problem."
apply-business-acumen,apply business acumen,skill/competence,cross-sector,key_5506,Take appropriate actions in a business environment in order to maximise possible outcome from each situation.
manage-project-changes,manage project changes,skill/competence,cross-sector,key_5511,"Manage requested or identified changes to the original project planning, assess the need to implement the changes and communicate them to the different project stakeholders. Update the relevant project documentation."
set-up-cameras,set up cameras,skill/competence,sector-specific,key_5516,Put cameras in place and prepare them for use.
triplestore,TripleStore,knowledge,sector-specific,key_5538,The RDF store or TripleStore is a database used for storage and retrieval of Resource Description Framework triples (subject-predicate-object data entities) which can be accessed by semantic queries.
develop-financial-statistics-reports,develop financial statistics reports,skill/competence,cross-sector,key_5566,Create financial and statistical reports based on collected data which are to be presented to managing bodies of an organisation.
apply-advanced-manufacturing,apply advanced manufacturing,skill/competence,cross-sector,key_5567,"Improve production rates, efficiencies, yields, costs, and changeovers of products and processes using relevant advanced, innovative, and cutting edge technology."
telecommunication-trunking,telecommunication trunking,knowledge,sector-specific,key_5571,The method of providing network access to many clients while keeping smaller number of connection components by grouping and sharing connection circuits and frequencies.
demonstrate-games,demonstrate games,skill/competence,cross-sector,key_5580,Explain and demonstrate games and game rules to new players/visitors.
manage-findable-accessible-interoperable-and-reusable-data,manage findable accessible interoperable and reusable data,skill/competence,cross-sector,key_5588,"Produce, describe, store, preserve and (re) use scientific data based on FAIR (Findable, Accessible, Interoperable, and Reusable) principles, making data as open as possible, and as closed as necessary."
upgrade-firmware,upgrade firmware,skill/competence,cross-sector,key_5589,"Update basic or integrated software included in devices, network components and embedded systems."
training-subject-expertise,training  subject expertise,knowledge,cross-sector,key_5592,"The topic, content and methods of the training, acquired by doing research and following training courses."
firmware,firmware,knowledge,cross-sector,key_5600,"Firmware is a software program with a read-only memory (ROM) and a set of instructions that is permanently inscribed on a hardware device. Firmware is commonly used in electronic systems such as computers, mobile phones, and digital cameras."
manage-sound-quality,manage sound quality,skill/competence,cross-sector,key_5610,Perform sound checks. Set up audio equipment for optimal sound output before as well as during performance. Regulate the volume during broadcasts by controlling the audio equipment
perform-scientific-research,perform scientific research,skill/competence,cross-sector,key_5611,"Gain, correct or improve knowledge about phenomena by using scientific methods and techniques, based on empirical or measurable observations."
research-new-ideas,research new ideas,skill/competence,cross-sector,key_5619,Thorough research for information to develop new ideas and concepts for the design of a specific production based.
attack-vectors,attack vectors,knowledge,sector-specific,key_5635,"Method or pathway deployed by hackers to penetrate or target systems with the end to extract information, data, or money from private or public entities."
printing-materials,printing materials,knowledge,sector-specific,key_5636,"The materials, such as paper, film, metal foils, and glass, on which texts or designs can be transferred by applying ink through direct pressure or with intermediate rollers."
implement-customer-follow-up,implement customer follow-up,skill/competence,sector-specific,key_5637,Implement strategies that ensures post-sale follow up of customer satisfaction or loyalty regarding one's product or service.
create-sketches,create sketches,skill/competence,sector-specific,key_5645,Draw sketches to prepare for a drawing or as a standalone artistic technique.
metasploit,Metasploit,knowledge,sector-specific,key_5651,The framework Metasploit is a penetration testing tool which tests security weaknesses of the system for potentially unauthorised access to system information. The tool is based on the concept of 'exploit' which implies executing code on the target machine this way taking advantage of the bugs and vulnerabilities of the target machine.
build-recommender-systems,build recommender systems,skill/competence,occupation-specific,key_5652,Construct recommendation systems based on large data sets using programming languages or computer tools to create a subclass of information filtering system that seeks to predict the rating or preference a user gives to an item.
internet-governance,internet governance,knowledge,sector-specific,key_5653,"The principles, regulations, norms and programs that shape the evolution and use of internet, such as internet domain names management, registries and registrars, according to ICANN/IANA regulations and recommendations, IP addresses and names, name servers, DNS, TLDs and aspects of IDNs and DNSSEC."
develop-environmental-policy,develop environmental policy,skill/competence,cross-sector,key_5659,Develop an organisational policy on sustainable development and compliance with environmental legislation in line with policy mechanisms used in the field of environmental protection.
social-media-marketing-techniques,social media marketing techniques,knowledge,cross-sector,key_5664,The marketing methods and strategies used to increase attention and website traffic through social media channels.
perform-data-cleansing,perform data cleansing,skill/competence,cross-sector,key_5675,"Detect and correct corrupt records from data sets, ensure that the data become and remain structured according to guidelines."
align-components,align components,skill/competence,cross-sector,key_5715,Align and lay out components in order to put them together correctly according to blueprints and technical plans.
r,R,knowledge,sector-specific,key_5722,"The techniques and principles of software development, such as analysis, algorithms, coding, testing and compiling of programming paradigms in R."
use-personal-protection-equipment,use personal protection equipment,skill/competence,cross-sector,key_5726,"Make use of protection equipment according to training, instruction and manuals. Inspect the equipment and use it consistently."
develop-training-programmes,develop training programmes,skill/competence,sector-specific,key_5728,Design programmes where employees or future employees are taught the necessary skills for the job or to improve and expand skills for new activities or tasks. Select or design activities aimed at introducing the work and systems or improving the performance of individuals and groups in organisational settings.
manage-intellectual-property-rights,manage intellectual property rights,skill/competence,sector-specific,key_5732,Deal with the private legal rights that protect the products of the intellect from unlawful infringement.
set-up-audiovisual-peripheral-equipment,set up audiovisual peripheral equipment,skill/competence,cross-sector,key_5733,"Set up audiovisual peripheral equipment such as tripods, cables, microphones, monitors, and others."
identify-market-requirements-for-ict-documentation,identify market requirements for ICT documentation,skill/competence,occupation-specific,key_5743,"Conduct research and analyse the specific documentation requirements of the markets (for instance language, applicable standards or legal requirements and cultural conditions) and derive concrete specifications for ICT documentation development."
manage-operational-budgets,manage operational budgets,skill/competence,cross-sector,key_5746,"Prepare, monitor and adjust operational budgets together with the economical/administrative manager/professionals in the arts institute/unit/project."
design-digital-call-to-action,design digital call to action,skill/competence,occupation-specific,key_5769,"Appeal the audience in order to provoke their instant response. Use imperative verb forms in the message such as ""Visit us now!""."
work-in-an-aviation-team,work in an aviation team,skill/competence,sector-specific,key_5772,"Work confidently in a group in general aviation services, in which each individual operates in their own area of responsibility to reach a common goal, such as a good customer interaction, air safety, and aircraft maintenance."
unload-equipment,unload equipment,skill/competence,sector-specific,key_5773,Handle safe unloading of equipment in given restrictive conditions.
types-of-electronics,types of electronics,knowledge,cross-sector,key_5787,"The different categories of electronics, such as consumer electronics, medical devices, microelectronics, computers, information and communication equipment, and measuring equipment."
test-hardware,test hardware,skill/competence,cross-sector,key_5797,"Test computer hardware systems and components using appropriate equipment and testing methods, such as the system test (ST), the ongoing reliability test (ORT), and the in-circuit test (ICT). Monitor and evaluate system performance and take action if needed."
groovy,Groovy,knowledge,sector-specific,key_5804,"The techniques and principles of software development, such as analysis, algorithms, coding, testing and compiling of programming paradigms in Groovy."
musical-genres,musical genres,knowledge,cross-sector,key_5812,"Different musical styles and genres such as blues, jazz, reggae, rock, or indie."
hardware-testing-methods,hardware testing methods,knowledge,cross-sector,key_5832,"Those processes in which hardware components or systems are tested, such as the system test (ST), the ongoing reliability test (ORT), and the in-circuit test (ICT)."
vyper,Vyper,knowledge,sector-specific,key_5841,"The techniques and principles of software development, such as analysis, algorithms, coding, testing and compiling of programming paradigms in Vyper."
use-technical-drawing-software,use technical drawing software,skill/competence,cross-sector,key_5870,Create technical designs and technical drawings using specialised software.
disability-care,disability care,knowledge,sector-specific,key_5880,"The specific methods and practices used in providing care to people with physical, intellectual and learning disabilities."
analyse-network-configuration-and-performance,analyse network configuration and performance,skill/competence,sector-specific,key_5885,"Analyse essential network data (e.g., router configuration files, routing protocols), network traffic capacity and performance characteristics of ICT networks, such as wide area network and local area network, that connect computers using cable or wireless connections and allow them to exchange data."
create-digital-game-characters,create digital game characters,skill/competence,occupation-specific,key_5890,Develop a typology of characters for digital games and identify their exact role in the gameplay and the narrative.
algorithms,algorithms,knowledge,cross-sector,key_5898,"The self-contained step-by-step sets of operations that carry out calculations, data processing and automated reasoning, usually to solve problems."
lams,LAMS,knowledge,sector-specific,key_5901,"The computer program LAMS is a e-learning platform for creating, administrating, arranging, reporting and delivering e-learning education courses or training programs. It is developed by the LAMS Foundation."
conduct-costume-research,conduct costume research,skill/competence,sector-specific,key_5904,"Ensure that costumes and pieces of clothing in visual artistic productions are historically correct. Conduct research and study primary sources in literature, pictures, museums, newspapers, paintings, etc."
define-data-quality-criteria,define data quality criteria,skill/competence,sector-specific,key_5913,"Specify the criteria by which data quality is measured for business purposes, such as inconsistencies, incompleteness, usability for purpose and accuracy."
proxy-servers,proxy servers,knowledge,sector-specific,key_5939,"The proxy tools which act as an intermediary for requests from users searching for resources e.g. files and web pages from other servers such as Burp, WebScarab, Charles or Fiddler."
conduct-clinical-software-research,conduct clinical software research,skill/competence,occupation-specific,key_5952,"Oversee and undertake the necessary research to succesfully purchase, design, develop, test, train and implement software regarding clinical care and according to health plans guidelines."
electronics-principles,electronics principles,knowledge,sector-specific,key_5953,"The study of electric energy, more specifically electron, control and its prominent principles regarding integrated circuits and electrical systems."
aircrack-penetration-testing-tool,Aircrack (penetration testing tool),knowledge,sector-specific,key_5954,"The computer program Aircrack is a cracking program which recovers 802.11 WEP and WPA-PSK keys by making several network attacks such as FMS, KoreK and PTW attacks."
adapt-to-changing-situations,adapt to changing situations,skill/competence,cross-sector,key_5960,"Change approach to situations based on unexpected and sudden changes in people's needs and mood or in trends; shift strategies, improvise and naturally adapt to those circumstances."
codenvy,Codenvy,knowledge,sector-specific,key_5970,The tool Codenvy is a platform used to create on-demand workspaces in the cloud where developers can collaborate on coding projects and work together before they merge their work to the main repository.
analyse-business-processes,analyse business processes,skill/competence,cross-sector,key_5982,Study the contribution of the work processes to the business goals and monitor their efficiency and productivity.
artificial-neural-networks,artificial neural networks,knowledge,cross-sector,key_5984,A network of artificial neurons composed for solving artificial intelligence problems. These computing systems are inspired by the biological neural networks that constitute brains. Understanding of its general model and its elements. Knowledge of its use possibilities for automation.
report-test-findings,report test findings,skill/competence,cross-sector,key_5989,"Report test results with a focus on findings and recommendations, differentiating results by levels of severity. Include relevant information from the test plan and outline the test methodologies, using metrics, tables, and visual methods to clarify where needed."
use-content-management-system-software,use content management system software,skill/competence,cross-sector,key_6008,"Use software that allows publishing, editing and modifying content as well as maintenance from a central interface."
electrical-discharge,electrical discharge,knowledge,cross-sector,key_6009,"The qualities and applications of electrical discharge, including voltage and electrodes."
asp-net,ASP.NET,knowledge,sector-specific,key_6012,"The techniques and principles of software development, such as analysis, algorithms, coding, testing and compiling of programming paradigms in ASP.NET."
select-artistic-materials-to-create-artworks,select artistic materials to create artworks,skill/competence,sector-specific,key_6019,"Select artistic materials based on strength, colour, texture, balance, weight, size, and other characteristics that should guarantee the feasibility of the artistic creation regarding the expected shape, color, etc.- even though the result might vary from it. Artistic materials such as paint, ink, water colours, charcoal, oil, or computer software can be used as much as garbage, living products (f"
manage-quantitative-data,manage quantitative data,skill/competence,cross-sector,key_6036,"Gather, process and present quantitative data. Use the appropriate programs and methods for validating, organising and interpreting data."
adapt-teaching-to-student-s-capabilities,adapt teaching to student's capabilities,skill/competence,cross-sector,key_6041,Identify the learning struggles and successes of students. Select teaching and learning strategies that support students’ individual learning needs and goals.
education-law,education law,knowledge,cross-sector,key_6068,"The area of law and legislation that concerns education policies and the people working in the sector in an (inter)national context, such as teachers, students, and administrators."
pack-electronic-equipment,pack electronic equipment,skill/competence,sector-specific,key_6076,Safely pack sensitive electronic equipment for storage and transport.
backbox-penetration-testing-tool,Backbox (penetration testing tool),knowledge,sector-specific,key_6102,"The software BackBox is a Linux distribution which tests security weaknesses of the system for potentially unauthorised access to system information by information gathering, forensic, wireless and VoIP analysis, exploitation and reverse engineering."
cyber-attack-counter-measures,cyber attack counter-measures,knowledge,sector-specific,key_6110,"The strategies, techniques and tools that can be used to detect and avert malicious attacks against organisations' information systems, infrastructures or networks. Examples are secure hash algorithm (SHA) and message digest algorithm (MD5) for securing network communications, intrusion prevention systems (IPS), public-key infrastructure (PKI) for encryption and digital signatures in applications."
apl,APL,knowledge,sector-specific,key_6127,"The techniques and principles of software development, such as analysis, algorithms, coding, testing and compiling of programming paradigms in APL."
adapt-to-artists-creative-demands,adapt to artists' creative demands,skill/competence,sector-specific,key_6139,"Work with artists, striving to understand the creative vision and adapting to it. Make full use of your talents and skills to reach the best possible result."
sql,SQL,knowledge,sector-specific,key_6161,The computer language SQL is a query language for retrieval of information from a database and of documents containing the needed information. It is developed by the American National Standards Institute and the International Organization for Standardization.
technical-drawings,technical drawings,knowledge,cross-sector,key_6182,"Drawing software and the various symbols, perspectives, units of measurement, notation systems, visual styles and page layouts used in technical drawings."
apply-teaching-strategies,apply teaching strategies,skill/competence,cross-sector,key_6183,"Employ various approaches, learning styles, and channels to instruct students, such as communicating content in terms they can understand, organising talking points for clarity, and repeating arguments when necessary. Use a wide range of teaching devices and methodologies appropriate to the class content, the learners' level, goals, and priorities."
forecast-account-metrics,forecast account metrics,skill/competence,cross-sector,key_6186,Make predictions on the movement of account measurements and data which give insight into an organisation's financial state in order to aid analyses and evaluate potential risks.
answer-incoming-calls,answer incoming calls,skill/competence,cross-sector,key_6188,Respond to customers' inquiries and provide customers with appropriate information.
maintain-students-discipline,maintain students' discipline,skill/competence,cross-sector,key_6200,Make sure students follow the rules and code of behaviour established in the school and take the appropriate measures in case of violation or misbehaviour.
program-sound-cues,program sound cues,skill/competence,sector-specific,key_6256,Program sound cues and rehearse sound states before or during rehearsals.
perform-contract-compliance-audits,perform contract compliance audits,skill/competence,cross-sector,key_6271,"Execute a thorough contract compliance audit, ensuring that goods or services are being delivered in a correct and timely fashion, checking for clerical errors or missed credits and discounts and starting procedures for cash recovery."
use-object-oriented-programming,use object-oriented programming,skill/competence,sector-specific,key_6280,"Utilise specialised ICT tools for programming paradigm based on the concept of objects, which can contain data in the form of fields and code in the form of procedures. Use programming languages which support this method such as JAVA and C++."
develop-inclusive-communication-material,develop inclusive communication material,skill/competence,cross-sector,key_6282,"Develop inclusive communication resources. Provide appropriate accessible digital, print and signage information and apply the appropriate language to support the representation and inclusion of people with disabilities. Make websites and online facilities accessible, e.g., ensuring compatibility with screen readers."
organise-compositions,organise compositions,skill/competence,sector-specific,key_6293,"Arrange and adapt existing musical compositions, add variations to existing melodies or compositions manually or with the use of computer software. Redistribute instrumental parts."
object-oriented-modelling,object-oriented modelling,knowledge,sector-specific,key_6296,"The object-oriented paradigm, which is based on classes, objects, methods and interfaces and their application in software design and analysis, programming organisation and techniques."
government-policy,government policy,knowledge,cross-sector,key_6309,"The political activities, plans, and intentions of a government for a legislative session for concrete causes."
synchronise-with-mouth-movements,synchronise with mouth movements,skill/competence,sector-specific,key_6320,Synchronise sound recording with the mouth movements of the original actor.
contract-law,contract law,knowledge,cross-sector,key_6324,"The field of legal principles that govern written agreements between parties concerning the exchange of goods or services, including contractual obligations and termination."
webcms,WebCMS,knowledge,sector-specific,key_6326,"The web-based software systems used for creating, editing, publishing and archiving blogs, articles, web pages or press releases which are mostly managed by users with limited web programming knowledge."
create-technical-plans,create technical plans,skill/competence,cross-sector,key_6336,"Create detailed technical plans of machinery, equipment, tools and other products."
perform-soundchecks,perform soundchecks,skill/competence,sector-specific,key_6348,Test the sound equipment of a venue to ensure smooth operation during the performance. Cooperate with performers to make sure the venue equipment is adjusted for the requirements of the performance.
perform-video-editing,perform video editing,skill/competence,sector-specific,key_6353,"Rearrange and edit video footage in the course of the post-production process. Edit the footage using a variety of sofware, tools, and techniques such as colour correction and effects, speed effects, and audio enhancing."
verify-feasibility,verify feasibility,skill/competence,cross-sector,key_6356,Interpret an artistic plan and verify whether the described design can be executed.
oversee-quality-control,oversee quality control,skill/competence,cross-sector,key_6371,Monitor and assure the quality of the provided goods or services by overseeing that all the factors of the production meet quality requirements. Supervise product inspection and testing.
plan-software-testing,plan software testing,skill/competence,sector-specific,key_6386,"Create and supervise tests plans. Decide on allocation of resources, tools and techniques. Set testing criteria for balancing incurred risks in case of remaining defects, adapt budgets and plan additional costs."
select-camera-apertures,select camera apertures,skill/competence,sector-specific,key_6388,"Adjust lens apertures, shutter speeds and camera focus."
use-access-control-software,use access control software,skill/competence,sector-specific,key_6400,"Utilise software to define the roles and manage user authentication, privileges and access rights to ICT systems, data and services."
sparql,SPARQL,knowledge,sector-specific,key_6401,The computer language SPARQL is a query language for retrieval of information from a database and of documents containing the needed information. It is developed by the international standards organisation World Wide Web Consortium.
monitor-educational-developments,monitor educational developments,skill/competence,cross-sector,key_6412,"Monitor the changes in educational policies, methodologies and research by reviewing relevant literature and liaising with education officials and institutions."
research-website-users,research website users,skill/competence,cross-sector,key_6425,Record and analyse website traffic by distributing surveys or using e-commerce and analytics. Identify the needs and preferences of target visitors in order to apply marketing strategies to increase website traffic.
use-scripting-programming,use scripting programming,skill/competence,sector-specific,key_6457,"Utilise specialised ICT tools to create computer code that is interpreted by the corresponding run-time environments in order to extend applications and automate common computer operations. Use programming languages which support this method such as Unix Shell scripts, JavaScript, Python and Ruby."
apply-for-research-funding,apply for research funding,skill/competence,cross-sector,key_6465,Identify key relevant funding sources and prepare research grant application in order to obtain funds and grants. Write research proposals.
prevent-fire-in-a-performance-environment,prevent fire in a performance environment,skill/competence,sector-specific,key_6467,"Take steps to prevent fire in a performance environment. Make sure the space complies with fire safety rules, with sprinklers and fire extinguishers installed where necessary. Make sure staff are aware of fire prevention measures."
e-learning,e-learning,knowledge,sector-specific,key_6486,The strategies and didactical methods of learning in which the main elements include the use of ICT technologies.
create-digital-images,create digital images,skill/competence,cross-sector,key_6494,"Create and process two-dimensional and three-dimensional digital images depicting animated objects or illustrating a process, using computer animation or modelling programs."
ict-debugging-tools,ICT debugging tools,knowledge,sector-specific,key_6532,"The ICT tools used to test and debug programs and software code, such as GNU Debugger (GDB), Intel Debugger (IDB), Microsoft Visual Studio Debugger, Valgrind and WinDbg."
brightspace-learning-management-systems,Brightspace (learning management systems),knowledge,sector-specific,key_6545,"The computer program Brightspace is a e-learning platform for creating, administrating, arranging, reporting and delivering e-learning education courses or training programs. It is developed by the software company D2L Corporation."
solidity,Solidity,knowledge,sector-specific,key_6549,"The techniques and principles of software development, such as analysis, algorithms, coding, testing and compiling of programming paradigms in Solidity."
gather-feedback-from-employees,gather feedback from employees,skill/competence,cross-sector,key_6550,"Communicate in an open and positive manner in order to assess levels of satisfaction with employees, their outlook on the work environment, and in order to identify problems and devise solutions."
carry-out-environmental-audits,carry out environmental audits,skill/competence,cross-sector,key_6574,Use equipment to measure various environmental parameters in order to identify environmental problems and investigate manners in which they can be resolved. Perform inspections in order to ensure compliance with environmental legislation.
telecommunication-industry,telecommunication industry,knowledge,cross-sector,key_6577,"The major players on the telecommunications market such as organisations manufacturing and distributing telephone terminal equipment, mobile devices, accessibility, and network security."
ict-capacity-planning-strategies,ICT capacity planning strategies,knowledge,sector-specific,key_6584,"The methods, techniques and ICT tools used for planning the maximum amount of work that an organisation is capable of completing in a given period, based on the number of machines, workers and shifts and taking into account constraints such as quality problems, delays and material handling."
de-rig-electronic-equipment,de-rig electronic equipment,skill/competence,cross-sector,key_6586,Remove and store various types of electronic equipment safely after use.
neuromarketing-techniques,neuromarketing techniques,knowledge,sector-specific,key_6591,A field of marketing which uses medical technologies such as functional Magnetic Resonance Imaging (fMRI) to study the brain’s responses to marketing stimuli.
store-digital-data-and-systems,store digital data and systems,skill/competence,cross-sector,key_6602,"Use software tools to archive data by copying and backing them up, in order to ensure their integrity and to prevent data loss."
wear-appropriate-protective-gear,wear appropriate protective gear,skill/competence,cross-sector,key_6603,"Wear relevant and necessary protective gear, such as protective goggles or other eye protection, hard hats, safety gloves."
brainstorm-ideas,brainstorm ideas,skill/competence,cross-sector,key_6611,"Pitch your ideas and concepts to fellow members of the creative team in order to come up with alternatives, solutions and better versions."
deploy-cloud-resource,deploy cloud resource,skill/competence,sector-specific,key_6626,"Identify and execute steps required to provision cloud resources, such as networks, servers, storage, applications, GPUs, and services. Define the cloud global infrastructure and remediate deployment issues."
assist-customers,assist customers,skill/competence,sector-specific,key_6627,"Provide support and advice to customers in making purchasing decisions by finding out their needs, selecting suitable service and products for them and politely answering questions about products and services."
select-recording-source,select recording source,skill/competence,occupation-specific,key_6639,Select the source from which programs will be recorded such as satellite or studio.
hardware-materials,hardware materials,knowledge,sector-specific,key_6644,"The characteristics, applications and environmental effects of materials used to develop hardware."
kali-linux,Kali Linux,knowledge,sector-specific,key_6670,"The Kali Linux tool is a penetration testing tool which tests security weaknesses of the systems for potentially unauthorised access to system information by information gathering, vulnerability analysis and wireless and passwords attacks."
ict-sales-methodologies,ICT sales methodologies,knowledge,sector-specific,key_6676,"The practices used in the ICT sector to promote and sell products, services or applications such as SPIN Selling, Conceptual Selling and SNAP Selling."
test-wireless-devices,test wireless devices,skill/competence,occupation-specific,key_6678,"Analyse and test wireless devices and digital platforms that use power management integrated circuits (PMIC), radio frequency integrated circuits (RFIC) or wireless chipsets."
legal-standards-in-gambling,legal standards in gambling,knowledge,sector-specific,key_6701,"The legal requirements, rules and limitations in gambling and betting activities."
musical-notation,musical notation,knowledge,cross-sector,key_6715,"The systems used to visually represent music through the use of written symbols, including ancient or modern musical symbols."
business-analysis,business analysis,knowledge,cross-sector,key_6716,"The research field which addresses the identification of business needs and problems and the determination of the solutions that would mitigate or prevent the smooth functioning of a business. Business analysis comprises IT solutions, market challenges, policy development and strategic matters."
proofread-text,proofread text,skill/competence,cross-sector,key_6726,"Read a text thoroughly, search for, review and correct errors to ensure content is valid for publishing."
outsourcing-model,Outsourcing model,knowledge,sector-specific,key_6751,"The outsourcing model consists of principles and fundamentals of service-oriented modelling for business and software systems that allow the design and specification of service-oriented business systems within a variety of architectural styles, such as enterprise architecture."
puppet-tools-for-software-configuration-management,Puppet (tools for software configuration management),knowledge,sector-specific,key_6760,"The tool Puppet is a software program to perform configuration identification, control, status accounting and audit."
use-ict-ticketing-system,use ICT ticketing system,skill/competence,cross-sector,key_6763,"Utilise a specialised system to track registration, processing and resolution of issues in an organisation by assigning each of these issues a ticket, registering inputs from involved persons, tracking changes and displaying the status of the ticket, until it is completed."
archive-documentation-related-to-work,archive documentation related to work,skill/competence,sector-specific,key_6772,Select relevant documentation related to the ongoing or complete work and take steps to archive it in a way that ensures its future accessibility.
programmable-logic-controller,programmable logic controller,knowledge,cross-sector,key_6776,Programmable logic controllers or PLC's are computer control systems used for the monitoring and control of input and output as well as the automation of electromechanical processes.
marker-making,marker making,knowledge,sector-specific,key_6777,"Marker diagram of a precise arrangement of pattern pieces for a specific style and the sizes to be cut from a single spread. Markers can be made by manually tracing master patterns onto the fabric or paper or by manipulating and plotting computerised pattern images. Process of determining the most efficient layout of pattern pieces for a specified style, fabric and distribution of sizes."
manage-disaster-recovery-plans,manage disaster recovery plans,skill/competence,cross-sector,key_6780,"Prepare, test and execute, when necessary, a plan of action to retrieve or compensate lost information system data."
consult-with-sound-editor,consult with sound editor,skill/competence,sector-specific,key_6784,Consult on the sounds required with the sound editor.
prepare-youths-for-adulthood,prepare youths for adulthood,skill/competence,cross-sector,key_6792,Work with children and young people to identify the skills and abilities they will need to become effective citizens and adults and to prepare them for independence.
estimate-impact-of-risks,estimate impact of risks,skill/competence,sector-specific,key_6794,"Estimate the potential losses associated with an identified risk by applying standard risk analysis practices to develop an estimate of probability and impact on the company. Take both financial and non-financial impacts into account. Use qualitative and quantitative risk analysis techniques to identify, rate and prioritise risks."
write-database-documentation,write database documentation,skill/competence,sector-specific,key_6803,Develop documentation containing information about the database that is relevant to end users.
apply-social-media-marketing,apply social media marketing,skill/competence,cross-sector,key_6805,"Employ website traffic of social media such as Facebook and Twitter to generate attention and participation of existing and potential customers through discussion forums, web logs, microblogging and social communities for gaining a quick overview or insight into topics and opinions in the social web and handle inbound leads or inquiries."
work-with-the-director-of-photography,work with the director of photography,skill/competence,sector-specific,key_6812,Work with the director of photography on the artistic and creative vision that needs to be followed during production of a movie or theatre production.
coordinate-purchasing-activities,coordinate purchasing activities,skill/competence,sector-specific,key_6814,"Coordinate and manage procurement and renting processes including purchasing, renting, planning, tracking and reporting in a cost efficient way on an organisational level."
work-closely-with-news-teams,work closely with news teams,skill/competence,sector-specific,key_6827,"Work closely with news teams, photographers and editors."
use-repair-manuals,use repair manuals,skill/competence,cross-sector,key_6832,"Apply the information, such as periodic maintenance charts, step by step repair instructions, troubleshooting information and overhaul procedures to perform routine maintenance and repairs."
create-annual-marketing-budget,create annual marketing budget,skill/competence,cross-sector,key_6873,"Make the calculation of both the income and expenditures that are expected to be paid over the coming year concerning the marketing related activities such as advertising, selling and delivering products to people."
prepare-personal-work-environment,prepare personal work environment,skill/competence,cross-sector,key_6884,Correct settings or positions for your working instruments and adjust them before starting operations.
legal-case-management,legal case management,knowledge,cross-sector,key_6895,"The procedures of a legal case from opening to closing, such as the documentation that needs to be prepared and handled, the people involved in different stages of the case, and the requirements that need to be met before the case can be closed."
intervene-with-actions-on-stage,intervene with actions on stage,skill/competence,sector-specific,key_6898,"Take your cues from actions on the stagte and interact with them. Take decision on the exact timing and procedure in a live environment, in order to product a fluid and consistent performance."
corporate-social-responsibility,corporate social responsibility,knowledge,sector-specific,key_6906,The handling or managing of business processes in a responsible and ethical manner considering the economic responsibility towards shareholders as equally important as the responsibility towards environmental and social stakeholders.
smart-contract,smart contract,knowledge,sector-specific,key_6920,A software program in which the terms of a contract or transaction are directly coded. Smart contracts are executed automatically upon fulfilment of the terms and therefore require no third party to oversee and register the contract or transaction.
hybrid-model,hybrid model,knowledge,sector-specific,key_6946,"The hybrid model consists of principles and fundamentals of service-oriented modelling for business and software systems that allow the design and specification of service-oriented business systems within a variety of architectural styles, such as enterprise architecture."
adjust-video-transmissions,adjust video transmissions,skill/competence,occupation-specific,key_6973,"Adjust the fidelity, brightness, and contrast of video transmissions by using video console control panels."
ensure-information-security,ensure information security,skill/competence,cross-sector,key_6982,"Ensure that the information gathered during surveillance or investigations remains in the hands of those authorised to receive and use it, and does not fall into enemy or otherwise non-authorised individuals' hands."
film-music-techniques,film music techniques,knowledge,sector-specific,key_6987,Understand how film music can create desired effects or moods.
identify-customer-s-needs,identify customer's needs,skill/competence,sector-specific,key_6994,"Use appropriate questions and active listening in order to identify customer expectations, desires and requirements according to product and services."
read-standard-blueprints,read standard blueprints,skill/competence,cross-sector,key_7010,"Read and comprehend standard blueprints, machine, and process drawings."
drug-interaction-management,drug interaction management,knowledge,sector-specific,key_7015,The managerial activities related to patient`s interaction with the medical treatment provided.
hydraulics,hydraulics,knowledge,cross-sector,key_7019,The power transmission systems that use the force of flowing liquids to transmit power.
physics,physics,knowledge,cross-sector,key_7030,"The natural science involving the study of matter, motion, energy, force and related notions."
crowdsourcing-strategy,crowdsourcing strategy,knowledge,sector-specific,key_7035,"The high level planning for managing and optimising business processes, ideas or content by gathering contributions from a big community of people, including on-line groups."
develop-documentation-in-accordance-with-legal-requirements,develop documentation in accordance with legal requirements,skill/competence,cross-sector,key_7041,"Create professionally written content describing products, applications, components, functions or services in compliance with legal requirements and internal or external standards."
information-extraction,information extraction,knowledge,sector-specific,key_7047,The techniques and methods used for eliciting and extracting information from unstructured or semi-structured digital documents and sources.
utilise-regular-expressions,utilise regular expressions,skill/competence,occupation-specific,key_7050,Combine characters from a specific alphabet using well defined rules to generate character strings that can be used to describe a language or a pattern.
provide-feedback-to-teachers,provide feedback to teachers,skill/competence,cross-sector,key_7053,"Communicate with the teacher in order to provide them with detailed feedback on their teaching performance, class management and curriculum adherence."
web-programming,web programming,knowledge,sector-specific,key_7067,"The programming paradigm that is based on combining markup (which adds context and structure to text) and other web programming code, such as AJAX, javascript and PHP, in order to carry out appropriate actions and visualise the content."
implement-ict-risk-management,implement ICT risk management,skill/competence,sector-specific,key_7074,"Develop and implement procedures for identifying, assessing, treating and mitigating ICT risks, such as hacks or data leaks, according to the company's risk strategy, procedures and policies. Analyse and manage security risks and incidents. Recommend measures to improve digital security strategy."
staf,STAF,knowledge,sector-specific,key_7076,"The tool STAF is a software program to perform configuration identification, control, status accounting and audit."
ensure-equipment-availability,ensure equipment availability,skill/competence,cross-sector,key_7077,"Ensure that the necessary equipment is provided, ready and available for use before start of procedures."
instrument-performance-elements,instrument performance elements,knowledge,cross-sector,key_7079,"Elements that indicate or influence instrument performance. A first indication of the performance of the instrument is the accuracy or precision of the instrument, such as its response time, resolution, and range. A second indication of performance is the technical performance of the instrument, such as its power level, the electromagnetic interference, and transient voltages. A third indication o"
printed-circuit-boards,printed circuit boards,knowledge,cross-sector,key_7087,"Printed circuit boards (PCB) are essential components to almost all electronic devices. They consist of thin wafers or substrates on which electronic components, such as microchips, are placed. The electronic components are electrically connected through conductive tracks and pads."
develop-automated-software-tests,develop automated software tests,skill/competence,sector-specific,key_7089,"Create software test sets in an automated manner, ​using specialised languages or tools, that can be performed by testing tools in order to save resources, gain efficiency and effectiveness in test execution."
audit-techniques,audit techniques,knowledge,cross-sector,key_7094,"The techniques and methods that support a systematic and independent examination of data, policies, operations and performances using computer-assisted audit tools and techniques (CAATs) such as spreadsheets, databases, statistical analysis and business intelligence software."
calibrate-mechatronic-instruments,calibrate mechatronic instruments,skill/competence,sector-specific,key_7103,Correct and adjust the reliability of an mechatronic instrument by measuring output and comparing results with the data of a reference device or a set of standardised results. This is done in regular intervals which are set by the manufacturer.
create-business-process-models,create business process models,skill/competence,cross-sector,key_7104,"Develop formal and informal descriptions of the business processes and the organisational structure by using business process models, notations and tools."
waterfall-development,Waterfall development,knowledge,sector-specific,key_7109,The waterfall development model is a methodology to design software systems and applications.
manage-engineering-project,manage engineering project,skill/competence,cross-sector,key_7110,"Manage engineering project resources, budget, deadlines, and human resources, and plan schedules as well as any technical activities pertinent to the project."
maintain-responsive-design,maintain responsive design,skill/competence,occupation-specific,key_7122,Ensure that the website runs on the latest technology and is multi-platform compatible and mobile-friendly.
educate-on-data-confidentiality,educate on data confidentiality,skill/competence,cross-sector,key_7128,"Share information with and instruct users in the risks involved with data, especially risks to the confidentiality, integrity, or availability of data. Educate them on how to ensure data protection."
create-3d-characters,create 3D characters,skill/competence,sector-specific,key_7133,Develop 3D models by transforming and digitising previously designed characters using specialised 3D tools
disability-types,disability types,knowledge,cross-sector,key_7135,"The nature and types of disabilities affecting the human beings such as physical, cognitive, mental, sensory, emotional or developmental and the specific needs and access requirements of disabled people."
vagrant,Vagrant,knowledge,sector-specific,key_7144,"The tool Vagrant is a software program to perform configuration identification, control, status accounting and audit."
maintain-broadcast-equipment,maintain broadcast equipment,skill/competence,occupation-specific,key_7147,"Maintain, check, and repair broadcast equipment to ensure continuity of operations."
develop-with-cloud-services,develop with cloud services,skill/competence,sector-specific,key_7154,"Write code that interacts with cloud services by using APIs, SDKs, and cloud CLI. Write code for serverless applications, translate functional requirements into application design, implement application design into application code."
eclipse-integrated-development-environment-software,Eclipse (integrated development environment software),knowledge,sector-specific,key_7157,"The computer program Eclipse is a suite of software development tools for writing programs, such as compiler, debugger, code editor, code highlights, packaged in a unified user interface. It is developed by the Eclipse Foundation."
design-database-scheme,design database scheme,skill/competence,sector-specific,key_7191,"Draft a database scheme by following the Relational Database Management System (RDBMS) rules in order to create a logically arranged group of objects such as tables, columns and processes."
consumer-electronics,consumer electronics,knowledge,sector-specific,key_7194,"The functioning of electronic consumer goods such as TVs, radios, cameras and other audio and video equipment."
multi-professional-cooperation-in-health-care,multi-professional cooperation in health care,knowledge,sector-specific,key_7199,"The way to behave during team meetings, visits and meetings in multi-professional cooperation especially with other health professionals."
test-mechatronic-units,test mechatronic units,skill/competence,sector-specific,key_7215,Test mechatronic units using appropriate equipment. Gather and analyse data. Monitor and evaluate system performance and take action if needed.
art-history,art history,knowledge,sector-specific,key_7219,"The history of art and artists, the artistic trends throughout centuries and their contemporary evolutions."
learning-management-systems,learning management systems,knowledge,cross-sector,key_7223,"The e-learning platform for creating, administrating, arranging, reporting and delivering e-learning education courses or training programs."
apply-strategic-thinking,apply strategic thinking,skill/competence,cross-sector,key_7226,"Apply generation and effective application of business insights and possible opportunities, in order to achieve competitive business advantage on a long-term basis."
technically-design-a-sound-system,technically design a sound system,skill/competence,sector-specific,key_7238,"Set up, test and operate a complex audio system, based on a given sound concept. This could be a permanent as well as a temporary installation."
maintenance-operations,maintenance operations,knowledge,cross-sector,key_7241,"The preservation and restoration of products and systems, and the methods and logistics of these practices."
design-integrated-circuits,design integrated circuits,skill/competence,cross-sector,key_7258,"Design and draft integrated circuits (IC) or semiconductors, such as microchips, used in electronic products. Integrate all necessary components, such as diodes, transistors, and resistors. Pay attention to the design of input signals, output signals, and power availability."
wordpress,WordPress,knowledge,sector-specific,key_7266,"The open-source web-based software systems used for creating, editing, publishing and archiving blogs, articles, web pages or press releases which are mostly managed by users with limited web programming knowledge."
glue-film-reels,glue film reels,skill/competence,occupation-specific,key_7283,Glue film reels together with a splicer.
prospect-new-customers,prospect new customers,skill/competence,sector-specific,key_7293,"Initiate activities in order to attract new and interesting customers. Ask for recommendations and references, find places where potential customers can be located."
aesthetics,aesthetics,knowledge,cross-sector,key_7302,Set of principles based on which something is appealing and beautiful.
maintain-audiovisual-equipment,maintain audiovisual equipment,skill/competence,sector-specific,key_7327,"Perform routine maintenance tasks on audiovisual equipment as well as minor repairs, such as replacing parts and calibrating the instruments, on equipment used in processing sound and images."
ict-communications-protocols,ICT communications protocols,knowledge,sector-specific,key_7329,The system of rules which allow the exchange of information between computers or other devices via computer networks.
3d-lighting,3D lighting,knowledge,sector-specific,key_7331,The arrangement or digital effect which simulates lighting in a 3D environment.
solve-location-and-navigation-problems-by-using-gps-tools,solve location and navigation problems by using GPS tools,skill/competence,sector-specific,key_7363,"Use applications and devices which provide users with accurate assessment of their location using system of satellites, such as navigation systems."
risk-management,risk management,knowledge,cross-sector,key_7364,"The process of identifying, assessing, and prioritising of all types of risks and where they could come from, such as natural causes, legal changes, or uncertainty in any given context, and the methods for dealing with risks effectively."
apply-gaming-psychology,apply gaming psychology,skill/competence,sector-specific,key_7369,Employ human psychology principles for gaming development strategies in order to create appealing games.
environmental-legislation,environmental legislation,knowledge,cross-sector,key_7385,The environmental policies and legislation applicable in a certain domain.
sql-server-integration-services,SQL Server Integration Services,knowledge,sector-specific,key_7389,"The computer program SQL Server Integration Services is a tool for integration of information from multiple applications, created and maintained by organisations, into one consistent and transparent data structure, developed by the software company Microsoft."
structure-soundtrack,structure soundtrack,skill/competence,occupation-specific,key_7390,Structure the music and sound a film to make sure that all components work together.
ansible,Ansible,knowledge,sector-specific,key_7392,"The tool Ansible is a software program to perform configuration identification, control, status accounting and audit."
outsourcing-strategy,outsourcing strategy,knowledge,sector-specific,key_7393,The high level planning for managing and optimising external services of providers to execute business processes.
ict-system-integration,ICT system integration,knowledge,sector-specific,key_7401,"The principles of integrating ICT components and products from a number of sources to create an operational ICT system, techniques which ensure interoperability and interfaces between components and the system."
assess-students,assess students,skill/competence,cross-sector,key_7409,"Evaluate the students' (academic) progress, achievements, course knowledge and skills through assignments, tests, and examinations. Diagnose their needs and track their progress, strengths, and weaknesses. Formulate a summative statement of the goals the student achieved."
study-website-behaviour-patterns,study website behaviour patterns,skill/competence,cross-sector,key_7410,"Research, analyse and optimise business results and user experience online through the use of tracking website metric tools."
conduct-online-competitive-analysis,conduct online competitive analysis,skill/competence,sector-specific,key_7432,Assess strengths and weaknesses of current and potential competitors. Analyse competitors' web strategies.
broadcast-using-internet-protocol,broadcast using Internet Protocol,skill/competence,occupation-specific,key_7449,Manage broadcasting over the internet by properly using the Internet Protocol in order to ensure the broadcast is accessible to users.
cisco,Cisco,knowledge,sector-specific,key_7452,The products available from the network equipment provider Cisco and methods for selecting and procuring the equipment.
sensors,sensors,knowledge,cross-sector,key_7455,"Sensors are transducers that can detect or sense characteristics in their environment. They detect changes in the apparatus or environment and provide a corresponding optical or electrical signal. Sensors are commonly divided in six classes: mechanical, electronic, thermal, magnetic, electrochemical, and optical sensors."
oracle-weblogic,Oracle WebLogic,knowledge,sector-specific,key_7470,The application server Oracle WebLogic is Java EE based application server which serves as a middle tier that links the back-end databases to the related applications.
communicate-in-healthcare,communicate in healthcare,skill/competence,cross-sector,key_7483,"Communicate effectively with patients, families and other caregivers, health care professionals, and community partners."
project-management,project management,knowledge,sector-specific,key_7484,"Understand project management and the activities which comprise this area. Know the variables implied in project management such as time, resources, requirements, deadlines, and responding to unexpected events."
implement-data-quality-processes,implement data quality processes,skill/competence,cross-sector,key_7490,"Apply quality analysis, validation and verification techniques on data to check data quality integrity."
ensure-information-privacy,ensure information privacy,skill/competence,sector-specific,key_7500,"Design and implement business processes and technical solutions to guarantee data and information confidentiality in compliance with legal requirements, also considering public expectations and political issues of privacy."
collect-customer-feedback-on-applications,collect customer feedback on applications,skill/competence,cross-sector,key_7501,Gather a response and analyse data from customers to identify requests or problems in order to improve applications and overall customer satisfaction.
unified-modelling-language,unified modelling language,knowledge,sector-specific,key_7506,The general-purpose modelling language used in software development to offer a standard visualisation of system designs.
deploy-ict-systems,deploy ICT systems,skill/competence,sector-specific,key_7515,"Deliver and instalI computers or ICT systems, ensuring testing and preparation for use."
transmission-technology,transmission technology,knowledge,cross-sector,key_7523,"Technologies that allow the transmission of analogue or digital information signals over a point-to-point or a point-to-multipoint through the use of communication channels or transmission media, such as optical fibre, copper wire, or wireless communication channels. The information or data are usually transmitted as an electromagnetic signal, such as radio waves or microwaves."
utilise-content-types,utilise content types,skill/competence,cross-sector,key_7532,"Use MIME types and subtypes as standard identifier to indicate the type of data that a file contains such as the type of link, object, script and style elements and the media type."
develop-ict-test-suite,develop ICT test suite,skill/competence,sector-specific,key_7540,Create a series of test cases to check software behaviour versus specifications. These test cases are then to be used during subsequent testing.
install-image-equipment,install image equipment,skill/competence,occupation-specific,key_7552,Install and connect projection and image equipment.
operate-an-audio-mixing-console,operate an audio mixing console,skill/competence,sector-specific,key_7553,Operate an audio mixing system during rehearsals or during live performances.
evaluate-training,evaluate training,skill/competence,cross-sector,key_7557,"Assess the realisation of the training's learning outcomes and goals, the quality of teaching, and give transparent feedback to the trainers and trainees."
engineering-processes,engineering processes,knowledge,sector-specific,key_7565,The systematic approach to the development and maintenance of engineering systems.
calculate-design-costs,calculate design costs,skill/competence,sector-specific,key_7581,Calculate design costs to make sure the project is financially viable.
learning-difficulties,learning difficulties,knowledge,cross-sector,key_7588,"The learning disorders some students face in an academic context, especially Specific Learning Difficulties such as dyslexia, dyscalculia, and concentration deficit disorders."
issue-purchase-orders,issue purchase orders,skill/competence,sector-specific,key_7590,Produce and review the documents needed to authorise shipment of a product from the supplier at a specified price and within specific terms.
provide-information,provide information,skill/competence,cross-sector,key_7591,"Ensure quality and correctness of provided information, depending on the type of audience and context."
maintain-robotic-equipment,maintain robotic equipment,skill/competence,sector-specific,key_7596,"Diagnose and detect malfunctions in robotic components and systems and remove, replace, or repair these components when necessary. Execute preventative equipment maintenance tasks, such as storing robotic components in clean, dust-free, and non-humid spaces."
image-formation,image formation,knowledge,cross-sector,key_7597,"The principles and factors determining the formation of an image such as geometry, radiometry, photometry, sampling and analog to digital conversion."
use-methodologies-for-user-centered-design,use methodologies for user-centered design,skill/competence,sector-specific,key_7605,"Use design methodologies in which the needs, wishes and limitations of end users of a product, service or process are given extensive attention at each stage of the design process."
operate-relational-database-management-system,operate relational database management system,skill/competence,sector-specific,key_7606,"Extract, store and verify information using database management systems based on the relational database model, which arranges data into tables of rows and columns, such as Oracle Database, Microsoft SQL Server and MySQL."
plan-digital-marketing,plan digital marketing,skill/competence,cross-sector,key_7607,"Develop digital marketing strategies for both leisure and business purposes, create websites and deal with mobile technology and social networking."
use-communication-equipment,use communication equipment,skill/competence,sector-specific,key_7609,"Set up, test and operate different types of communication equipment such as transmission equipment, digital network equipment, or telecommunications equipment."
adapt-to-type-of-media,adapt to type of media,skill/competence,sector-specific,key_7613,"Adapt to different types of media such as television, movies, commercials, and others. Adapt work to type of media, scale of production, budget, genres within type of media, and others."
develop-organisational-information-goals,develop organisational information goals,skill/competence,occupation-specific,key_7634,"Develop and interpret organisational information goals, creating specific policies and procedures."
use-testing-equipment,use testing equipment,skill/competence,cross-sector,key_7647,Use equipment to test performance and operation of machinery.
perform-ict-troubleshooting,perform ICT troubleshooting,skill/competence,cross-sector,key_7649,"Identify problems with servers, desktops, printers, networks, and remote access, and perform actions which solve the problems."
task-algorithmisation,task algorithmisation,knowledge,cross-sector,key_7658,The techniques to convert unstructured descriptions of a process into step-by-step sequence of actions of a finite number of steps.
plan-social-media-marketing-campaigns,plan social media marketing campaigns,skill/competence,sector-specific,key_7680,Plan and implement a marketing campaign on social media.
analyse-consumer-buying-trends,analyse consumer buying trends,skill/competence,cross-sector,key_7692,Analyse buying habits or currently prevalent customer behaviour.
online-ads-campaign-techniques,online ads campaign techniques,knowledge,cross-sector,key_7693,Techniques to plan and implement a marketing campaign on online ads platforms.
develop-ict-workflow,develop ICT workflow,skill/competence,sector-specific,key_7697,"Create repeatable patterns of ICT activity within an organisation which enhances the systematic transformations of products, informational processes and services through their production."
assist-students-with-equipment,assist students with equipment,skill/competence,cross-sector,key_7699,Provide assistance to students when working with (technical) equipment used in practice-based lessons and solve operational problems when necessary.
tools-for-ict-test-automation,tools for ICT test automation,knowledge,sector-specific,key_7709,"The specialised software to execute or control tests and compare predicted testing outputs with actual testing results such as Selenium, QTP and LoadRunner"
sales-promotion-techniques,sales promotion techniques,knowledge,sector-specific,key_7715,The techniques used to persuade customers to purchase a product or a service.
improve-business-processes,improve business processes,skill/competence,cross-sector,key_7733,Optimise the series of operations of an organisation to achieve efficiency. Analyse and adapt existing business operations in order to set new objectives and meet new goals.
apply-publicity-code,apply publicity code,skill/competence,occupation-specific,key_7734,"Apply legislation and rules to present products to a public in texts, pictures and other symbols."
plan-teamwork,plan teamwork,skill/competence,sector-specific,key_7742,Plan the working schedule of a group of people in order to meet all time and quality requirements.
use-query-languages,use query languages,skill/competence,sector-specific,key_7747,Retrieve information from a database or information system using computer languages designed for the retrieval of data.
signal-cues-to-announcers,signal cues to announcers,skill/competence,occupation-specific,key_7754,Signal when a song or commercial is about to end or begin to announcers so they know when to start or stop talking.
follow-clinical-guidelines,follow clinical guidelines,skill/competence,cross-sector,key_7756,"Follow agreed protocols and guidelines in support of healthcare practice which are provided by healthcare institutions, professional associations, or authorities and also scientific organisations."
nosql,NoSQL,knowledge,sector-specific,key_7795,"The Not Only SQL non-relational database used for creating, updating and managing large amounts of unstructured data stored in the cloud."
maintain-a-central-project-repository,maintain a central project repository,skill/competence,cross-sector,key_7800,Store project files and documents in a central repository accessible to the project manager and to all the project teams. Use available online tools and dedicated software.
identify-software-for-warehouse-management,identify software for warehouse management,skill/competence,cross-sector,key_7810,"Identify relevant software and applications used for warehouse management systems, their characteristics and value added to warehouse management operations."
ict-help-platforms,ICT help platforms,knowledge,sector-specific,key_7828,The platforms for delivering help systems for operating systems.
lathe-machine-parts,lathe machine parts,knowledge,cross-sector,key_7829,"The different parts of a lathe machine and their applications, such as the compound, the bed, the sadle, the cross slide, the cutting tool, the lathe dog and more."
design-circuit-boards,design circuit boards,skill/competence,cross-sector,key_7839,"Draught circuit boards used in electronic product such as cell phones and computers, make sure to include integrated circuits and microchips in the design."
analyse-environmental-data,analyse environmental data,skill/competence,sector-specific,key_7847,Analyse data that interpret correlations between human activities and environmental effects.
ict-security-legislation,ICT security legislation,knowledge,sector-specific,key_7861,"The set of legislative rules that safeguards information technology, ICT networks and computer systems and legal consequences which result from their misuse. Regulated measures include firewalls, intrusion detection, anti-virus software and encryption."
handle-rental-overdues,handle rental overdues,skill/competence,sector-specific,key_7874,Identifying rental delays of return and applying the appropriate measures such as additional payment and adjust availability of rentable items.
provide-software-testing-documentation,provide software testing documentation,skill/competence,sector-specific,key_7890,Describe software testing procedures to technical team and analysis of test outcomes to users and clients in order to inform them about state and efficiency of software.
test-microelectronics,test microelectronics,skill/competence,sector-specific,key_7924,Test microelectronics using appropriate equipment. Gather and analyse data. Monitor and evaluate system performance and take action if needed.
perform-software-unit-testing,perform software unit testing,skill/competence,sector-specific,key_7927,Test single units of source code to determine whether or not they are suitable for use by creating short code fragments.
develop-software-prototype,develop software prototype,skill/competence,sector-specific,key_7930,Create a first incomplete or preliminary version of a piece of software application to simulate some specific aspects of the final product.
optimise-production,optimise production,skill/competence,sector-specific,key_7935,"Analyse and identify the strengths and weaknesses of solutions, conclusions or approaches to problems; formulate and plan alternatives."
collect-ict-data,collect ICT data,skill/competence,cross-sector,key_7952,Gather data by designing and applying search and sampling methods.
assemble-performance-equipment,assemble performance equipment,skill/competence,sector-specific,key_7955,"Set up sound, light and video equipment on stage before performance event according to specifications."
organisational-resilience,organisational resilience,knowledge,sector-specific,key_7956,"The strategies, methods and techniques that increase the organisation's capacity to protect and sustain the services and operations that fulfil the organisational mission and create lasting values by effectively addressing the combined issues of security, preparedness, risk and disaster recovery."
monitor-technology-trends,monitor technology trends,skill/competence,cross-sector,key_7962,"Survey and investigate recent trends and developments in technology. Observe and anticipate their evolution, according to current or future market and business conditions."
deal-with-pressure-from-unexpected-circumstances,deal with pressure from unexpected circumstances,skill/competence,sector-specific,key_7972,Strive to achieve objectives despite the pressures arising from unexpected factors outside of your control.
use-cam-software,use CAM software,skill/competence,cross-sector,key_7976,"Use computer-aided manufacturing (CAM) programmes to control machinery and machine tools in the creation, modification, analysis, or optimisation as part of the manufacturing processes of workpieces."
develop-strategy-to-solve-problems,develop strategy to solve problems,skill/competence,cross-sector,key_7979,"Develop specific goals and plans to prioritise, organise, and accomplish work."
robotic-components,robotic components,knowledge,cross-sector,key_7981,"The components that can be found in robotic systems, such as microprocessors, electronics, sensors, circuit boards, encoders, servomotors, controllers, pneumatics or hydraulics."
define-measurable-marketing-objectives,define measurable marketing objectives,skill/competence,cross-sector,key_7984,"Outline the measurable performance indicators of the marketing plan such as market share, customer value, brand awareness, and sales revenues. Follow up on the progress of these indicators during the development of the marketing plan."
monitor-automated-machines,monitor automated machines,skill/competence,cross-sector,key_7986,"Continuously check up on the automated machine's set-up and execution or make regular control rounds. If necessary, record and interpret data on the operating conditions of installations and equipment in order to identify abnormalities."
convert-scribbles-into-virtual-sketches,convert scribbles into virtual sketches,skill/competence,occupation-specific,key_7992,Use software to convert the roughly drawn representation of a design into a two-dimensional geometrical sketch that they can further develop to obtain the final concept.
analyse-ict-system,analyse ICT system,skill/competence,sector-specific,key_7996,"Analyse the functioning and performance of information systems in order to define their goals, architecture and services and set procedures and operations to meet end users requirements."
manage-workflow-processes,manage workflow processes,skill/competence,cross-sector,key_7998,"Develop, document and implement traffic and workflow processes across the company for different functions. Liaise with several departments and services such as account management and the creative director to plan and resource work."
coordinate-engineering-teams,coordinate engineering teams,skill/competence,cross-sector,key_8002,"Plan, coordinate and supervise engineering activities together with engineers and engineering technicians. Ensure clear and effective channels of communication across all departments. Make sure the team is aware of the standards and objectives of the research and development."
health-psychology,health psychology,knowledge,sector-specific,key_8008,"The development, implementations and evaluation of health psychological concepts."
computer-vision,computer vision,knowledge,cross-sector,key_8012,"The definition and functioning of computer vision. Computer vision tools to allow computers to extract information from digital images such as photographs or video. Areas of application to solve real-world problems like security, autonomous driving, robotic manufacturing and inspection, digital image classification, medical image processing and diagnosis, and others."
advise-client-on-technical-possibilities,advise client on technical possibilities,skill/competence,cross-sector,key_8022,"Recommend technical solutions, including systems, to the client within the framework of a project."
gamesalad,GameSalad,knowledge,sector-specific,key_8027,The drag-and-drop software interface that consists of specialised design tools used for the rapid iteration of user-derived computer games by users with limited programming knowledge.
computer-science,computer science,knowledge,cross-sector,key_8028,"The scientific and practical study that deals with the foundations of information and computation, namely algorithms, data structures, programming, and data architecture. It deals with the practicability, structure and mechanisation of the methodical procedures that manage the acquisition, processing, and access to information."
test-for-behavioural-patterns,test for behavioural patterns,skill/competence,cross-sector,key_8050,Discern patterns in the behaviour of individuals by using various tests in order to understand the causes of their behaviour.
john-the-ripper-penetration-testing-tool,John The Ripper (penetration testing tool),knowledge,sector-specific,key_8052,The tool John the Ripper is a password recovery tool which tests security weaknesses of the systems for potentially unauthorised access to system information. The key features of this tool are the strength-checking code and password hash code.
operate-private-branch-exchange,operate private branch exchange,skill/competence,sector-specific,key_8082,"Handle Private Branch Exchange (PBX), a telecommunication system within an organisation that switches calls between users on local lines. At the same time the system allows all users to share external phone lines."
assess-sound-quality,assess sound quality,skill/competence,sector-specific,key_8088,Assess the recorded sound and music. Make sure it conforms to specifications.
identify-education-needs,identify education needs,skill/competence,cross-sector,key_8094,"Identify the needs of students, organisations and companies in terms of provision of education in order to aid in the development of curricula and education policies."
collect-healthcare-user-s-general-data,collect healthcare user's general data,skill/competence,sector-specific,key_8115,Collect qualitative and quantitative data related to the healthcare user's anagraphic data and provide support on filling out the present and past history questionnaire and record the measures/tests performed by the practitioner.
finish-project-within-budget,finish project within budget,skill/competence,cross-sector,key_8116,Make sure to stay within budget. Adapt work and materials to budget.
use-automatic-programming,use automatic programming,skill/competence,sector-specific,key_8120,"Utilise specialised software tools to generate computer code from specifications, such as diagrams, structured informations or other means of describing functionality."
cost-management,cost management,knowledge,sector-specific,key_8129,"The process of planning, monitoring and adjusting the expenses and revenues of a business in order to achieve cost efficiency and capability."
vocal-techniques,vocal techniques,knowledge,cross-sector,key_8132,The various techniques for using your voice correctly without exhausting or damaging it when changing voice in tone and volume.
develop-virtual-game-engine,develop virtual game engine,skill/competence,sector-specific,key_8135,Create a virtual software framework that abstracts the details of doing common game-related tasks.
design-the-digital-interface-of-gambling-betting-and-lottery-games,"design the digital interface of gambling, betting and lottery games",skill/competence,occupation-specific,key_8168,"Create the digital outlook of gambling, betting and lottery games to make them appealing to the audience."
execute-ict-audits,execute ICT audits,skill/competence,sector-specific,key_8180,"Organise and execute audits in order to evaluate ICT systems, compliance of components of systems, information processing systems and information security. Identify and collect potential critical issues and recommend solutions based on required standards and solutions."
collaborate-with-music-librarians,collaborate with music librarians,skill/competence,sector-specific,key_8181,Communicate and work together with music librarians to ensure permanent availability of scores.
design-database-in-the-cloud,design database in the cloud,skill/competence,sector-specific,key_8203,"Apply design principles for an adaptive, elastic, automated, loosely coupled databases making use of cloud infrastructure. Aim to remove any single point of failure through distributed database design."
animate-3d-organic-forms,animate 3D organic forms,skill/competence,sector-specific,key_8221,"Vitalise digital 3D models of organic items, such as emotions or face movements of characters and place them in a digital 3D environment."
statistics,statistics,knowledge,cross-sector,key_8223,"The study of statistical theory, methods and practices such as collection, organisation, analysis, interpretation and presentation of data. It deals with all aspects of data including the planning of data collection in terms of the design of surveys and experiments in order to forecast and plan work-related activities."
attend-to-ict-systems-quality,attend to ICT systems quality,skill/competence,sector-specific,key_8232,"Ensure correct operations which comply fully with specific needs and outcomes in terms of the development, integration, security and overall management of ICT systems."
record-customers-personal-data,record customers' personal data,skill/competence,sector-specific,key_8255,Gather and record customers' personal data into the system; obtain all signatures and documents required for rental.
graphic-design,graphic design,knowledge,cross-sector,key_8266,The techniques to create a visual representation of ideas and messages.
learning-technologies,learning technologies,knowledge,sector-specific,key_8269,"The technologies and channels, including digital, to enhance learning."
assemble-robots,assemble robots,skill/competence,sector-specific,key_8280,"Assemble robotic machines, devices, and components according to engineering drawings. Program and install the necessary components of robotic systems, such as robot controllers, conveyors, and end-of-arm tools."
cyber-security,cyber security,knowledge,sector-specific,key_8309,"The methods that protect ICT systems, networks, computers, devices, services, digital information and people against illegal or unauthorised use."
synchronise-sound-with-images,synchronise sound with images,skill/competence,sector-specific,key_8323,Synchronise recorded sound with footage.
prosthetic-devices,prosthetic devices,knowledge,sector-specific,key_8331,"The various artificial replacements of body parts or limbs, which were lost during a trauma, disease or an accident."
manage-flight-data-communications-programme,manage flight data communications programme,skill/competence,sector-specific,key_8334,"Manage the exchanges of digital data between air traffic controllers and pilots to enable efficient aviation operations, such as trajectory-based routing and optimised profile descents. Support the safety-of-flight command, control, and information services by providing data connectivity. Provide ground automated message generation, transmission, and routing."
set-up-light-board,set up light board,skill/competence,sector-specific,key_8335,"Install, connect and try out light board in a live performance environment."
contact-customers,contact customers,skill/competence,sector-specific,key_8353,Contact customers by telephone in order to respond to inquiries or to notify them of claim investigation results or any planned adjustments.
develop-artistic-project-budgets,develop artistic project budgets,skill/competence,sector-specific,key_8354,"Developing artistic project budgets for approval, estimating deadlines and material costs."
use-word-processing-software,use word processing software,skill/competence,cross-sector,key_8356,"Use computer software applications for composition, editing, formatting, and printing of any sort of written material."
plan-learning-curriculum,plan learning curriculum,skill/competence,cross-sector,key_8367,"Organise content, form, methods and technologies for delivery of study experiences that occur during educational effort which leads to gaining learning outcomes."
analyse-test-data,analyse test data,skill/competence,cross-sector,key_8371,"Interpret and analyse data collected during testing in order to formulate conclusions, new insights or solutions."
environmental-threats,environmental threats,knowledge,sector-specific,key_8374,"The threats for the environment which are related to biological, chemical, nuclear, radiological, and physical hazards."
ibm-infosphere-information-server,IBM InfoSphere Information Server,knowledge,sector-specific,key_8375,"The software program IBM InfoSphere Information Server is a platform for integration of information from multiple applications, created and maintained by organisations, into one consistent and transparent data structure, developed by the software company IBM."
create-clay-figures,create clay figures,skill/competence,cross-sector,key_8397,Create mobile figures out of clay using different materials and processes.
cae-software,CAE software,knowledge,cross-sector,key_8405,The software to perform computer-aided engineering (CAE) analysis tasks such as Finite Element Analysis and Computional Fluid Dynamics.
artificial-lighting-systems,artificial lighting systems,knowledge,sector-specific,key_8429,"Types of artificial lighting and their power consumption. HF fluorescent lighting, LED lighting, natural daylight and programmed control systems allow an efficient use of energy."
waste-removal-regulations,waste removal regulations,knowledge,sector-specific,key_8437,Know and understand the regulations and legal agreements governing the performance of waste removal activities.
use-back-up-and-recovery-tools,use back-up and recovery tools,skill/competence,cross-sector,key_8448,"Use tools which allow users to copy and archive computer software, configurations and data and recover them in case of loss."
conduct-quantitative-research,conduct quantitative research,skill/competence,cross-sector,key_8456,"Execute a systematic empirical investigation of observable phenomena via statistical, mathematical or computational techniques."
design-2d-pattern-for-footwear-3d-visualisation,design 2D pattern for footwear 3D visualisation,skill/competence,sector-specific,key_8458,"Prepare the 2D pattern, identify the positioning of elements and possibility of type and properties of footwear choice, for visualisation on the 3D avatar as well as the rendering technologies to obtain a realistic garment."
service-oriented-modelling,service-oriented modelling,knowledge,sector-specific,key_8460,"The principles and fundamentals of service-oriented modelling for business and software systems that allow the design and specification of service-oriented business systems within a variety of architectural styles, such as enterprise architecture and application architecture."
innovate-in-ict,innovate in ICT,skill/competence,sector-specific,key_8462,"Create and describe new original research and innovation ideas within the field of information and communication technologies, compare to the emerging technologies and trends and plan the development of new ideas."
apply-research-ethics-and-scientific-integrity-principles-in-research-activities,apply research ethics and scientific integrity principles in research activities,skill/competence,cross-sector,key_8464,"Apply fundamental ethical principles and legislation to scientific research, including issues of research integrity. Perform, review, or report research avoiding misconducts such as fabrication, falsification, and plagiarism."
remove-computer-virus-or-malware-from-a-computer,remove computer virus or malware from a computer,skill/competence,cross-sector,key_8472,Carry out actions to remove computer viruses or other types of malware from a computer.
utilise-machine-learning,utilise machine learning,skill/competence,sector-specific,key_8476,"Use techniques and algorithms that are able to extract mastery out of data, learn from it and make predictions, to be used for program optimisation, application adaptation, pattern recognition, filtering, search engines and computer vision."
microsoft-visual-c,Microsoft Visual C++,knowledge,sector-specific,key_8477,"The computer program Visual C++ is a suite of software development tools for writing programs, such as compiler, debugger, code editor, code highlights, packaged in a unified user interface. It is developed by the software company Microsoft."
oversee-development-of-software,oversee development of software,skill/competence,sector-specific,key_8489,"Organise, plan and supervise the development of the applications and frameworks in order to create a software product, from the earliest planning stages to the final product test."
ibm-informix,IBM Informix,knowledge,sector-specific,key_8510,"The computer program IBM Informix is a tool for creating, updating and managing databases, developed by the software company IBM."
mix-sound-in-a-live-situation,mix sound in a live situation,skill/competence,sector-specific,key_8534,Mix audio signals from multiple sound sources during rehearsals or in a live situation.
create-database-diagrams,create database diagrams,skill/competence,sector-specific,key_8547,Develop the database design models and diagrams which establish the structure of a database by using modelling software tools to be implemented in further processes.
sketchbook-pro,SketchBook Pro,knowledge,sector-specific,key_8551,The computer program SketchBook Pro is a graphical ICT tool which enables digital editing and composition of graphics to generate both 2D raster or 2D vector graphics. It is developed by the software company Autodesk.
develop-ict-device-driver,develop ICT device driver,skill/competence,occupation-specific,key_8569,Create a software program that controls the working of an ICT device and its interaction with other applications.
direct-inward-dialing,direct inward dialing,knowledge,sector-specific,key_8582,"The telecommunication service that provides a company with a series of telephone numbers for internal use, such as individual telephone numbers for each employee or every workstation. Using Direct Inward Dialing (DID), a company does not need another line for every connection."
interpret-technical-texts,interpret technical texts,skill/competence,sector-specific,key_8584,"Read and understand technical texts that provide information on how to perform a task, usually explained in steps."
communicate-test-results-to-other-departments,communicate test results to other departments,skill/competence,cross-sector,key_8589,"Communicate testing information such as testing schedules, samples testing statistics and test results, to the relevant departments."
levels-of-software-testing,levels of software testing,knowledge,sector-specific,key_8592,"The levels of testing in the software development process, such as unit testing, integration testing, system testing and acceptance testing."
follow-standards-for-machinery-safety,follow standards for machinery safety,skill/competence,sector-specific,key_8597,Apply basic safety standards and machine-specific technical standards to prevent risks connected with the use of machines in the workplace.
manage-resources-for-educational-purposes,manage resources for educational purposes,skill/competence,sector-specific,key_8599,"Identify the necessary resources needed for learning purposes, such as materials in class or arranged transportation for a field trip. Apply for the corresponding budget and follow up on the orders."
manage-ict-legacy-implication,manage ICT legacy implication,skill/competence,sector-specific,key_8602,"Oversee the transfer process from a legacy (an outdated system) to a current system by mapping, interfacing, migrating, documenting and transforming data."
install-electronic-communication-equipment,install electronic communication equipment,skill/competence,sector-specific,key_8605,Set up and deploy digital and analogue electronic communications. Understand electronic diagrams and equipment specifications.
typescript,TypeScript,knowledge,sector-specific,key_8619,"The techniques and principles of software development, such as analysis, algorithms, coding, testing and compiling of programming paradigms in TypeScript."
world-wide-web-consortium-standards,World Wide Web Consortium standards,knowledge,cross-sector,key_8628,"The standards, technical specifications and guidelines developed by the international organisation World Wide Web Consortium (W3C) which allow the design and development of web applications."
discuss-artwork,discuss artwork,skill/competence,sector-specific,key_8632,"Introduce and discuss the nature and content of art work, achieved or to be produced with an audience, art directors, catalogue editors, journalists, and other parties of interest."
apply-information-security-policies,apply information security policies,skill/competence,sector-specific,key_8635,"Implement policies, methods and regulations for data and information security in order to respect confidentiality, integrity and availability principles."
microsoft-visio,Microsoft Visio,knowledge,sector-specific,key_8643,The computer program Microsoft Visio is a graphical ICT tool which enables digital editing and composition of graphics to generate both 2D raster or 2D vector graphics. It is developed by the software company Microsoft.
power-electronics,power electronics,knowledge,cross-sector,key_8644,"The functioning, design, and usage of electronics that control and convert electric power. Power conversion systems are usually categorised as AC-DC or rectifiers, DC-AC or inverters, DC-DC converters, and AC-AC converters."
design-microelectronics,design microelectronics,skill/competence,cross-sector,key_8648,"Design and develop microelectronic systems, products, and components according to specifications, such as microchips."
promote-open-innovation-in-research,promote open innovation in research,skill/competence,cross-sector,key_8653,"Apply techniques, models, methods and strategies which contribute to the promotion of steps towards innovation through collaboration with people and organizations outside the organisation."
address-identified-risks,address identified risks,skill/competence,sector-specific,key_8657,"Implement a risk treatment plan to address the risks identified during the assessment phase, avoid their occurrence and/or minimise their impact. Evaluate the different options available to reduce the exposure to the identified risks, based on the risk appetite of an organisation, the accepted level of tolerance and the cost of treatment."
forecast-workload,forecast workload,skill/competence,cross-sector,key_8670,"Predict and define workload needed to be done in a certain amount of time, and the time it would take to perform these tasks."
oracle-application-development-framework,Oracle Application Development Framework,knowledge,sector-specific,key_8674,"The Java framework software development environment which provide specific features and components (such as enhanced reusability features, visual and declarative programming) that support and guide enterprise applications development."
market-research,market research,knowledge,cross-sector,key_8678,"The processes, techniques, and purposes comprised in the first step for developing marketing strategies such as the collection of information about customers and the definition of segments and targets."
jsss,JSSS,knowledge,sector-specific,key_8682,"The computer language JSSS is a style sheet language that conveys the presentation of structured documents. These documents have to adhere to style sheets, a set of stylistic rules such as font, color and layout."
set-up-animation-elements,set up animation elements,skill/competence,sector-specific,key_8685,"Test and set up characters, props or environments to ensure they appear correctly from all required camera positions and angles."
respond-to-enquiries,respond to enquiries,skill/competence,cross-sector,key_8698,Respond to enquiries and requests for information from other organisations and members of the public.
analyse-clothing-3d-prototypes,analyse clothing 3d prototypes,skill/competence,occupation-specific,key_8711,Analyse the prototype in order to adjust the pattern of clothing elements on the 3D avatar.
internal-auditing,internal auditing,knowledge,cross-sector,key_8718,"The practice of observing, testing, and evaluating in a systematic manner the processes of the organisation in order to improve effectivity, reduce risks, and add value to the organisation by installing a preventive culture."
accounting-techniques,accounting techniques,knowledge,cross-sector,key_8720,"The techniques of recording and summarising business and financial transactions and analysing, verifying, and reporting the results."
maintain-data-entry-requirements,maintain data entry requirements,skill/competence,sector-specific,key_8736,Uphold conditions for data entry. Follow procedures and apply data program techniques.
calibrate-electronic-instruments,calibrate electronic instruments,skill/competence,cross-sector,key_8738,Correct and adjust the reliability of an electronic instrument by measuring output and comparing results with the data of a reference device or a set of standardised results. This is done in regular intervals which are set by the manufacturer and using calibration devices.
develop-educational-activities,develop educational activities,skill/competence,sector-specific,key_8765,"Develop speeches, activities and workshops in order to foster access and comprehension to the artistic creation processes. It can address a particular cultural and artistic event such as a show or an exhibition, or it can be related to a specific discipline (theatre, dance, drawing, music, photography etc.). Liaise with storytelles, craftspeople and artists."
translate-artistic-concepts-to-technical-designs,translate artistic concepts to technical designs,skill/competence,cross-sector,key_8768,Cooperate with the artistic team in order to facilitate the transition from the creative vision and its artistic concepts to a technical design.
discharge-employees,discharge employees,skill/competence,cross-sector,key_8777,Dismiss employees from their job.
conduct-research-interview,conduct research interview,skill/competence,cross-sector,key_8792,"Use professional researching and interviewing methods and techniques to gather relevant data, facts or information, to gain new insights and to fully comprehend the message of the interviewee."
distributed-computing,distributed computing,knowledge,sector-specific,key_8797,The software process in which computer components interact over a network and send messages to communicate on their actions.
measure-customer-feedback,measure customer feedback,skill/competence,cross-sector,key_8812,Evaluate customer's comments in order to find out whether customers feel satisfied or dissatisfied with the product or service.
work-safely-with-chemicals,work safely with chemicals,skill/competence,sector-specific,key_8818,"Take the necessary precautions for storing, using and disposing chemical products."
computer-engineering,computer engineering,knowledge,cross-sector,key_8825,"Engineering discipline that combines computer science with electrical engineering to develop computer hardware and software. Computer engineering occupies itself with electronics, software design, and the integration of hardware and software."
trigonometry,trigonometry,knowledge,sector-specific,key_8837,The subdiscipline of mathematics which explores relationships among angles and lengths of triangles.
determine-visual-concepts,determine visual concepts,skill/competence,sector-specific,key_8838,Determine how best to represent a concept visually.
microprocessors,microprocessors,knowledge,cross-sector,key_8841,Computer processors on a microscale that integrate the computer central processing unit (CPU) on a single chip.
blackarch,BlackArch,knowledge,sector-specific,key_8844,The BlackArch Linux distribution is a penetration testing tool which tests security weaknesses of the system for potentially unauthorised access to system information.
perform-machine-maintenance,perform machine maintenance,skill/competence,cross-sector,key_8852,"Perform regular maintenance, possibly including corrections and alterations, on a machine or machine tool to ensure it remains in a proper productive state."
integrate-new-products-in-manufacturing,integrate new products in manufacturing,skill/competence,cross-sector,key_8859,"Assist with the integration of new systems, products, methods, and components in the production line. Ensure that production workers are properly trained and follow the new requirements."
operate-remote-broadcast-equipment,operate remote broadcast equipment,skill/competence,sector-specific,key_8860,Handle equipment that is used for broadcasting from locations which are far from central station. The pickup unit (RPU) is the most common tool for this communication.
support-a-designer-in-the-developing-process,support a designer in the developing process,skill/competence,sector-specific,key_8868,Support designers in the course of the developing process.
promote-environmental-awareness,promote environmental awareness,skill/competence,cross-sector,key_8875,Promote sustainability and raise awareness about the environmental impact of human and industrial activity based on the carbon footprints of business processes and other practices.
motion-graphics,motion graphics,knowledge,cross-sector,key_8888,"The techniques and software for creating the illusion of motion such as keyframing, Adobe After Effects, and Nuke."
games-rules,games rules,knowledge,sector-specific,key_8894,Set of principles and rules that govern a game
create-puppets,create puppets,skill/competence,sector-specific,key_8898,"Construct hand, string, rod and shadow puppets from materials such as wood, papier maché, Styrofoam, wires, metal and rubber, using hand and machine tools."
keep-records-of-customer-interaction,keep records of customer interaction,skill/competence,cross-sector,key_8905,"Recording details of inquiries, comments and complaints received from customers, as well as actions to be taken."
evaluate-employees,evaluate employees,skill/competence,cross-sector,key_8915,Analyse employees' individual performances over a certain time span and communicate your conclusions to the employee in question or higher management.
use-software-libraries,use software libraries,skill/competence,sector-specific,key_8916,Utilise collections of codes and software packages which capture frequently used routines to help programmers simplify their work.
contextualise-artistic-work,contextualise artistic work,skill/competence,sector-specific,key_8934,"Identify influences and situate your work within a specific trend which may be of an artistic, aesthetic, or philosophical natures. Analyse the evolution of artistic trends, consult experts in the field, attend events, etc."
examine-engineering-principles,examine engineering principles,skill/competence,cross-sector,key_8936,"Analyse the principles that need to be considered for engineering designs and projects such as functionality, replicability, costs and other principles."
e-learning-software-infrastructure,e-learning software infrastructure,knowledge,sector-specific,key_8937,The infrastructure properties and specifications required to set up the e-learning environment which provides learning experiences to the audience.
monitor-legislation-developments,monitor legislation developments,skill/competence,cross-sector,key_8943,"Monitor changes in rules, policies and legislation, and identify how they may influence the organisation, existing operations, or a specific case or situation."
advise-on-machinery-malfunctions,advise on machinery malfunctions,skill/competence,cross-sector,key_8960,Offer advice to service technicians in case of machinery malfunctions and other technical repair tasks.
develop-creative-ideas,develop creative ideas,skill/competence,cross-sector,key_8963,Developing new artistic concepts and creative ideas.
ajax-framework,Ajax Framework,knowledge,sector-specific,key_8974,The Ajax software development environments which provide specific features and components that support and guide web applications development.
analyse-the-need-for-technical-resources,analyse the need for technical resources,skill/competence,sector-specific,key_8975,Define and make a list of the required resources and equipment based on the technical needs of the production.
quality-standards,quality standards,knowledge,cross-sector,key_9001,"The national and international requirements, specifications and guidelines to ensure that products, services and processes are of good quality and fit for purpose."
track-key-performance-indicators,track key performance indicators,skill/competence,cross-sector,key_9022,"Identify the quantifiable measures that a company or industry uses to gauge or compare performance in terms of meeting their operational and strategic goals, using preset performance indicators."
research-equipment-needs,research equipment needs,skill/competence,cross-sector,key_9034,"Research equipment or required machine parts; compare sources, prices and delivery times."
prepress-processes,prepress processes,knowledge,cross-sector,key_9040,"The processes that occur between the creation of a print layout and the final printing, such as copyediting, proofing, proofreading and others."
create-special-effects,create special effects,skill/competence,sector-specific,key_9049,"Create special visual effects as required by the script, mixing chemicals and fabricating specific parts out of a wide variety of materials."
behavioural-disorders,behavioural disorders,knowledge,cross-sector,key_9070,"The often emotionally disruptive types of behaviour a child or adult can show, such as attention deficit hyperactivity disorder (ADHD) or oppositional defiant disorder (ODD)."
cloud-monitoring-and-reporting,cloud monitoring and reporting,knowledge,sector-specific,key_9097,"The metrics and alarms utilizing cloud monitoring services, in particular performance and availability metrics."
wireshark,Wireshark,knowledge,sector-specific,key_9130,"The Wireshark tool is a penetration testing tool which evaluates security weaknesses, analysing network protocols through deep protocol inspection, live capture, display filters, offline analysis, VoIP analysis, protocol decryption."
forecast-future-ict-network-needs,forecast future ICT network needs,skill/competence,sector-specific,key_9133,Identify current data traffic and estimate how growth will affect the ICT network.
software-design-methodologies,software design methodologies,knowledge,sector-specific,key_9148,"The methodologies such as Scrum, V-model and Waterfall to design software systems and applications."
use-digital-illustration-techniques,use digital illustration techniques,skill/competence,sector-specific,key_9149,Create drawings using digital illustration programmes and techniques.
create-flowchart-diagram,create flowchart diagram,skill/competence,cross-sector,key_9152,Compose a diagram that illustrates systematic progress through a procedure or system using connecting lines and a set of symbols.
supervise-daily-information-operations,supervise daily information operations,skill/competence,cross-sector,key_9155,Direct daily operations of different units. Coordinate program/project activities to assure the respect of costs and time.
use-3d-scanners-for-clothing,use 3D scanners for clothing,skill/competence,sector-specific,key_9156,Use different 3D body scanners and softwares to capture the shape and size of the human body in order to produce 3D body model for the creation of avatars and mannequins.
advise-on-training-courses,advise on training courses,skill/competence,cross-sector,key_9158,"Provide information on possible training options or qualifications and available funding resources, depending on the needs and educational background of the individual."
web-application-security-threats,web application security threats,knowledge,sector-specific,key_9159,"The attacks, vectors, emergent threats on websites, web applications and web services, the rankings of their severity identified by dedicated communities such as OWASP."
blockchain-platforms,blockchain platforms,knowledge,sector-specific,key_9161,"The different integrated infrastructures, each with their own characteristics, that allow the development of blockchain applications. Examples are multichain, ehtereum, hyperledger, corda, ripple, openchain, etc."
coordinate-marketing-plan-actions,coordinate marketing plan actions,skill/competence,cross-sector,key_9162,"Manage the overview of the marketing actions such as the marketing planning, internal financial resource granting, advertising materials, implementation, control, and communication efforts."
create-data-sets,create data sets,skill/competence,cross-sector,key_9170,Generate a collection of new or existing related data sets that are made up out of separate elements but can be manipulated as one unit.
maintain-plan-for-continuity-of-operations,maintain plan for continuity of operations,skill/competence,sector-specific,key_9184,"Update methodology which contains steps to ensure that facilities of an organisation are able to continue operating, in case of broad range of unforeseen events."
acquire-system-component,acquire system component,skill/competence,sector-specific,key_9194,"Obtain hardware, software or network components which match other system components in order to expand it and perform necessary tasks."
promote-education-programmes,promote education programmes,skill/competence,cross-sector,key_9197,"Promote ongoing research into education and the development of new education programmes and policies in order to obtain support and funds, and to raise awareness."
create-pen-and-paper-images,create pen-and-paper images,skill/competence,sector-specific,key_9207,"Draw pen-and-paper images and prepare them to be edited, scanned, coloured, textured and digitally animated."
organise-training,organise training,skill/competence,cross-sector,key_9208,"Make the necessary preparations to conduct a training session. Provide equipment, supplies and exercise materials. Ensure the training runs smoothly."
clean-equipment,clean equipment,skill/competence,cross-sector,key_9215,Perform cleaning routines after equipment use.
perform-customer-management,perform customer management,skill/competence,cross-sector,key_9222,"Identify and understand the customer's needs. Communicate and engage with stakeholders in designing, promoting and evaluating services."
human-computer-interaction,human-computer interaction,knowledge,sector-specific,key_9225,The study of the behaviour and interaction between digital devices and human beings.
maintain-projection-equipment,maintain projection equipment,skill/competence,occupation-specific,key_9227,"Maintain, test and repair the projection equipment to safeguard the quality of the images and sound."
execute-software-tests,execute software tests,skill/competence,sector-specific,key_9228,"Perform tests to ensure that a software product will perform flawlessly under the specified customer requirements and identify software defects (bugs) and malfunctions, using specialised software tools and testing techniques."
plot-lighting-states-with-automated-lights,plot lighting states with automated lights,skill/competence,sector-specific,key_9244,Technically manipulate light boards for automated lights. Set up and try out lighting states with automated lights.
analyse-internal-factors-of-companies,analyse internal factors of companies,skill/competence,cross-sector,key_9247,"Research and understand various internal factors that influence the operation of companies such as its culture, strategic foundation, products, prices, and available resources."
write-work-related-reports,write work-related reports,skill/competence,cross-sector,key_9250,Compose work-related reports that support effective relationship management and a high standard of documentation and record keeping. Write and present results and conclusions in a clear and intelligible way so they are comprehensible to a non-expert audience.
monitor-system-performance,monitor system performance,skill/competence,sector-specific,key_9251,"Measure system reliability and performance before, during and after component integration and during system operation and maintenance. Select and use performance monitoring tools and techniques, such as special software."
coach-staff-for-running-the-performance,coach staff for running the performance,skill/competence,sector-specific,key_9255,Give instructions to all team members about how they should run the performance.
meet-deadlines,meet deadlines,skill/competence,cross-sector,key_9258,Ensure operative processes are finished at a previously agreed-upon time.
perform-image-editing,perform image editing,skill/competence,cross-sector,key_9259,Edit various types of images such as analogue and digital photographs or illustrations.
brand-marketing-techniques,brand marketing techniques,knowledge,cross-sector,key_9283,The methods and systems used in researching and establishing a brand identity for marketing purposes.
integrated-development-environment-software,integrated development environment software,knowledge,sector-specific,key_9285,"The suite of software development tools for writing programs, such as compiler, debugger, code editor, code highlights, packaged in a unified user interface, such as Visual Studio or Eclipse."
manage-contracts,manage contracts,skill/competence,cross-sector,key_9291,"Negotiate the terms, conditions, costs and other specifications of a contract while making sure they comply with legal requirements and are legally enforceable. Oversee the execution of the contract, agree on and document any changes in line with any legal limitations."
hire-new-personnel,hire new personnel,skill/competence,cross-sector,key_9318,Hire new personnel for a company or organisation payroll via a prepared set of procedures. Make staffing decisions and direct selection co-workers.
grovo,Grovo,knowledge,sector-specific,key_9336,"The learning management system Grovo is an e-learning platform for creating, administrating, arranging, reporting and delivering e-learning education courses or training programs."
information-categorisation,information categorisation,knowledge,sector-specific,key_9362,The process of classifying the information into categories and showing relationships between the data for some clearly defined purposes.
write-technical-reports,write technical reports,skill/competence,cross-sector,key_9373,Compose technical customer reports understandable for people without technical background.
develop-programming-schedule,develop programming schedule,skill/competence,sector-specific,key_9391,Develop a schedule for the broadcast of television and radio programs. Decide how much airtime a program gets.
digital-image-processing,digital image processing,knowledge,cross-sector,key_9392,"The different aspects and practices of image processing and manipulation like image interpolation, aliasing, image enhancement, contrast stretching, histogram processing and equalization, singular value decomposition, singular value equalization, wavelets filtering and many others."
perform-escalation-procedure,perform escalation procedure,skill/competence,cross-sector,key_9396,"Assess situations in which a solution cannot be provided right away, and ensure that it is brought to the next levels of support."
collaborate-with-a-technical-staff-in-artistic-productions,collaborate with a technical staff in artistic productions,skill/competence,cross-sector,key_9426,"Coordinate your artistic activities with others who specialise in the technical side of the project. Inform the technical staff of your plans and methods and obtain feedback on feasibility, cost, procedures and other relevant information. Be able to understand the vocabulary and the practises about technical issues"
ict-project-management,ICT project management,knowledge,sector-specific,key_9431,"The methodologies for the planning, implementation, review and follow-up of ICT projects, such as the development, integration, modification and sales of ICT products and services, as well as projects relating technological innovation in the field of ICT."
consult-with-editor,consult with editor,skill/competence,cross-sector,key_9432,"Consult with the editor of a book, magazine, journal or other publications about expectations, requirements, and progress."
coordinate-educational-programmes,coordinate educational programmes,skill/competence,cross-sector,key_9444,"Plan and coordinate educational and public outreach programs such as workshops, tours, lectures and classes."
consult-with-business-clients,consult with business clients,skill/competence,sector-specific,key_9446,"Communicate with clients of a business or business project in order to introduce new ideas, obtain feedback, and find solutions to problems."
electronics,electronics,knowledge,cross-sector,key_9479,"The functioning of electronic circuit boards, processors, chips, and computer hardware and software, including programming and applications. Apply this knowledge to ensure electronic equipment runs smoothly."
usability-engineering,usability engineering,knowledge,sector-specific,key_9484,The methods of assessing usability and deriving structured recommendations from the results of an usability test with respect to user needs and behaviours in order to achieve efficient and elegant user interface design.
supervise-staff,supervise staff,skill/competence,cross-sector,key_9490,"Oversee the selection, training, performance and motivation of staff."
apply-risk-management-processes,apply risk management processes,skill/competence,cross-sector,key_9502,"Identify risks and apply a risk management process, e.g. hazard analysis and critical control points (HACCP)."
digital-game-creation-systems,digital game creation systems,knowledge,sector-specific,key_9508,"The integrated development environments and specialised design tools, designed for the rapid iteration of user-derived computer games."
conduct-environmental-surveys,conduct environmental surveys,skill/competence,cross-sector,key_9512,Conduct surveys in order to collect information for analysis and management of environmental risks within an organisation or in a wider context.
windows-phone,Windows Phone,knowledge,sector-specific,key_9516,"The system software Windows Phone consists of features, restrictions, architectures and other characteristics of operating systems designed to run on mobile devices."
compile-content,compile content,skill/competence,cross-sector,key_9521,"Retrieve, select and organise content from specific sources, according to the requirements of the output media such as printed materials, online applications, platforms, websites and video."
apply-grammar-and-spelling-rules,apply grammar and spelling rules,skill/competence,cross-sector,key_9527,Apply the rules of spelling and grammar and ensure consistency throughout texts.
analyse-supply-chain-strategies,analyse supply chain strategies,skill/competence,cross-sector,key_9533,"Examine an organisation's planning details of production, their expected output units, quality, quantity, cost, time available and labour requirements. Provide suggestions in order to improve products, service quality and reduce costs."
rapid-application-development,Rapid application development,knowledge,sector-specific,key_9540,The rapid application development model is a methodology to design software systems and applications.
assess-supplier-risks,assess supplier risks,skill/competence,sector-specific,key_9541,"Evaluate supplier performance in order to assess if suppliers follow the agreed contracts, meet the standard requirements and provide the desired quality."
formulate-game-rules,formulate game rules,skill/competence,sector-specific,key_9542,Compose a series of rules as to how to play a game.
apply-ict-system-usage-policies,apply ICT system usage policies,skill/competence,sector-specific,key_9543,Follow written and ethical laws and policies regarding proper ICT system usage and administration.
manage-content-metadata,manage content metadata,skill/competence,cross-sector,key_9545,"Apply content management methods and procedures to define and use metadata concepts, such as the data of creation, in order to describe, organise and archive content such as documents, video and audio files, applications and images."
analyse-the-context-of-an-organisation,analyse the context of an organisation,skill/competence,cross-sector,key_9548,Study the external and internal environment of an organisation by identifying its strengths and weaknesses in order to provide a base for company strategies and further planning.
mobile-operating-systems,mobile operating systems,knowledge,sector-specific,key_9562,"The features, restrictions, architectures and other characteristics of operating systems designed to run on mobile devices, such as Android or iOS."
manage-software-releases,manage software releases,skill/competence,occupation-specific,key_9573,Examine and approve suggested software development releases. Manage further release process.
3d-modelling,3D modelling,knowledge,cross-sector,key_9575,The process of developing a mathematical representation of any three-dimensional surface of an object via specialised software. The product is called a 3D model. It can be displayed as a two-dimensional image through a process called 3D rendering or used in a computer simulation of physical phenomena. The model can also be physically created using 3D printing devices.
publish-academic-research,publish academic research,skill/competence,cross-sector,key_9576,"Conduct academic research, in universities and research institutions, or on a personal account, publish it in books or academic journals with the aim of contributing to a field of expertise and achieving personal academic accreditation."
demonstrate-motivation-for-sales,demonstrate motivation for sales,skill/competence,sector-specific,key_9580,Show incentives that drive someone to reach sales goals and business targets.
data-analytics,data analytics,knowledge,cross-sector,key_9586,The science of analysing and making decisions based on raw data collected from various sources. Includes knowledge of techniques using algorithms that derive insights or trends from that data to support decision-making processes.
qlikview-expressor,QlikView Expressor,knowledge,sector-specific,key_9587,"The computer program QlikView Expressor is a tool for integration of information from multiple applications, created and maintained by organisations, into one consistent and transparent data structure, developed by the software company Qlik."
cooperate-to-resolve-information-issues,cooperate to resolve information issues,skill/competence,occupation-specific,key_9595,"Meet up and communicate with managers, salesmen, and others to facilitate cooperation and resolve problems."
analyse-a-script,analyse a script,skill/competence,sector-specific,key_9596,"Break down a script by analysing the dramaturgy, form, themes and structure of a script. Conduct relevant research if necessary."
operate-printing-machinery,operate printing machinery,skill/competence,sector-specific,key_9607,"Operate machinery for various types of printed documents, adjusting the font, paper size, and weight. This allows ascenders and descenders to be correctly placed."
business-process-modelling,business process modelling,knowledge,sector-specific,key_9611,"The tools, methods and notations such as Business Process Model and Notation (BPMN) and Business Process Execution Language (BPEL), used to describe and analyse the characteristics of a business process and model its further development."
maintain-test-equipment,maintain test equipment,skill/competence,cross-sector,key_9618,Maintain equipment used for testing the quality of systems and products.
use-customer-relationship-management-software,use customer relationship management software,skill/competence,cross-sector,key_9621,"Use specialised software to manage company’s interactions with current and future customers. Organise, automate and synchronise sales, marketing, customer service, and technical support, to increase targeted sales."
promote-the-transfer-of-knowledge,promote the transfer of knowledge,skill/competence,cross-sector,key_9624,"Deploy broad awareness of processes of knowledge valorisation aimed to maximise the two–way flow of technology, intellectual property, expertise and capability between the research base and industry or the public sector."
comply-with-quality-standards-related-to-healthcare-practice,comply with quality standards related to healthcare practice,skill/competence,sector-specific,key_9646,"Apply quality standards related to risk management, safety procedures, patients feedback, screening and medical devices in daily practice, as they are recognized by the national professional associations and authorities."
resource-description-framework-query-language,resource description framework query language,knowledge,sector-specific,key_9656,The query languages such as SPARQL which are used to retrieve and manipulate data stored in Resource Description Framework format (RDF).
coffeescript,CoffeeScript,knowledge,sector-specific,key_9663,"The techniques and principles of software development, such as analysis, algorithms, coding, testing and compiling of programming paradigms in CoffeeScript."
objective-c,Objective-C,knowledge,sector-specific,key_9674,"The techniques and principles of software development, such as analysis, algorithms, coding, testing and compiling of programming paradigms in Objective-C."
computer-equipment,computer equipment,knowledge,sector-specific,key_9678,"The offered computers, computer peripheral equipment and software products, their functionalities, properties and legal and regulatory requirements."
simulate-mechatronic-design-concepts,simulate mechatronic design concepts,skill/competence,sector-specific,key_9684,Simulate mechatronic design concepts through creating mechanical models and performing tolerance analysis.
prepare-scientific-reports,prepare scientific reports,skill/competence,cross-sector,key_9700,"Prepare reports that describe results and processes of scientific or technical research, or assess its progress. These reports help researchers to keep up to date with recent findings."
information-governance-compliance,information governance compliance,knowledge,occupation-specific,key_9704,"The policies regarding processes and procedures for use of information, the balance between information availability and information security and IPR (Intellectual Property Rights) and personal data protection."
abbyy-finereader,ABBYY FineReader,knowledge,sector-specific,key_9714,"The computer program ABBYY FineReader is software that electronically converts printed and typed images into machine-encoded text so that documents can be electronically stored, edited and digitally displayed."
think-abstractly,think abstractly,skill/competence,cross-sector,key_9719,"Demonstrate the ability to use concepts in order to make and understand generalisations, and relate or connect them to other items, events, or experiences."
record-multi-track-sound,record multi-track sound,skill/competence,sector-specific,key_9731,Recording and mixing audio signals from different sound sources on a multi-track recorder.
draft-music-cue-breakdown,draft music cue breakdown,skill/competence,occupation-specific,key_9748,"Draft a cue breakdown by rewriting the script from a musical point of view, helping the composer to estimate the tempo and meter of the score."
channel-marketing,channel marketing,knowledge,cross-sector,key_9750,"The strategies and practices, including channel sales, that involve distributing products directly and indirectly through partners in order to bring the products to the end consumer."
organise-resources-for-artistic-production,organise resources for artistic production,skill/competence,cross-sector,key_9780,"Coordinate human, material and capital resources within artistic productions, based on the given documentation e.g. scripts."
javascript-framework,JavaScript Framework,knowledge,sector-specific,key_9791,"The JavaScript software development environments which provide specific features and components ( such as HTML generation tools, Canvas support or Visual design) that support and guide JavaScript web applications development."
balance-database-resources,balance database resources,skill/competence,sector-specific,key_9795,"Stabilise the workload and resources of a database, by controlling the demand of transactions, allocating disk spaces and ensuring reliability of the servers in order to optimise cost and risk ratio."
control-objectives-for-information-and-related-technology,control objectives for information and related technology,knowledge,occupation-specific,key_9801,"The risk and controls framework such as Control Objectives for Information and Related Technology (COBIT), which supports decision makers to resolve the gap between business risks, requirements and technical issues."
3d-body-scanning-technologies,3D body scanning technologies,knowledge,sector-specific,key_9806,The principles and usage of technologies for 3D body scanning used to capture the size and shape of the human body.
prepare-digital-art-for-master-photograph,prepare digital art for master photograph,skill/competence,sector-specific,key_9819,"Assemble, typeset, scan and produce digital art ready to be photographed as a master copy."
mechanical-engineering,mechanical engineering,knowledge,sector-specific,key_9821,"Discipline that applies principles of physics, engineering and materials science to design, analyse, manufacture and maintain mechanical systems."
operate-call-distribution-system,operate call distribution system,skill/competence,sector-specific,key_9827,Apply assigning methods (mostly used in call centres) to provide clients with the best possible service by connecting them with the most suitable agent.
draw-up-instrument-setup,draw up instrument setup,skill/competence,sector-specific,key_9834,Document musical instrument setup.
id-tech,id Tech,knowledge,sector-specific,key_9835,"The game engine id Tech which is a software framework that consists of integrated development environments and specialised design tools, designed for the rapid iteration of user-derived computer games."
plan-marketing-campaigns,plan marketing campaigns,skill/competence,cross-sector,key_9843,"Develop a method to promote a product through different channels, such as television, radio, print and online platforms, social media with the aim to communicate and deliver value to customers."
manage-performance-light-quality,manage performance light quality,skill/competence,sector-specific,key_9853,Perform light checks and adjust for optimal light quality before and during performance.
rig-lights,rig lights,skill/competence,cross-sector,key_9854,"Rig, connect, try out and de-rig lighting equipment."
post-secondary-school-procedures,post-secondary school procedures,knowledge,sector-specific,key_9860,"The inner workings of a post-secondary school, such as the structure of the relevant education support and management, the policies, and the regulations."
edit-digital-moving-images,edit digital moving images,skill/competence,sector-specific,key_9862,Use specialised software to edit video images for use in an artistic production.
ict-software-specifications,ICT software specifications,knowledge,sector-specific,key_9863,"The characteristics, use and operations of various software products such as computer programmes and application software."
estimate-costs-of-installing-telecommunication-devices,estimate costs of installing telecommunication devices,skill/competence,sector-specific,key_9865,"Estimate the total installation costs of telecommunication devices such as modems, routers, analogue switches, optical fibre, and landline phones."
query-languages,query languages,knowledge,sector-specific,key_9870,The field of standardised computer languages for retrieval of information from a database and of documents containing the needed information.
data-extraction-transformation-and-loading-tools,"data extraction, transformation and loading tools",knowledge,cross-sector,key_9876,"The tools for integration of information from multiple applications, created and maintained by organisations, into one consistent and transparent data structure."
conduct-ict-code-review,conduct ICT code review,skill/competence,sector-specific,key_9877,Examine and review systematically computer source code to identify errors in any stage of development and to improve the overall software quality.
tools-for-software-configuration-management,tools for software configuration management,knowledge,sector-specific,key_9878,"The software programs to perform configuration identification, control, status accounting and audit, such as CVS, ClearCase, Subversion, GIT and TortoiseSVN perform this management."
develop-reporting-software,develop reporting software,skill/competence,occupation-specific,key_9879,Create reporting software and applications used for creating reports on data.
introduce-new-employees,introduce new employees,skill/competence,cross-sector,key_9901,"Give new employees a tour in the company, introduce them to the colleagues, explain them the corporate culture, routines and working methods and get them settled in their working place."
keep-personal-administration,keep personal administration,skill/competence,cross-sector,key_9912,File and organise personal administration documents comprehensively.
solve-ict-system-problems,solve ICT system problems,skill/competence,cross-sector,key_9916,"Identify potential component malfunctions. Monitor, document and communicate about incidents. Deploy appropriate resources with minimal outage and deploy appropriate diagnostic tools."
business-processes,business processes,knowledge,cross-sector,key_9930,"Processes which an organisation applies to improve efficiency, set new objectives and reach goals in a profitable and timely manner."
perform-procurement-processes,perform procurement processes,skill/competence,cross-sector,key_9932,"Undertake ordering of services, equipment, goods or ingredients, compare costs and check the quality to ensure optimal payoff for the organisation."
grade-patterns-for-wearing-apparel,grade patterns for wearing apparel,skill/competence,cross-sector,key_9947,Grading patterns by performing processes of resizing initial patterns in order to create nest of patterns to fit various body types and sizes.
database-development-tools,database development tools,knowledge,sector-specific,key_9950,"The methodologies and tools used for creating logical and physical structure of databases, such as logical data structures, diagrams, modelling methodologies and entity-relationships."
maximise-sales-revenues,maximise sales revenues,skill/competence,cross-sector,key_9958,"Increase possible sales volumes and avoid losses through cross-selling, upselling or promotion of additional services."
publicity-code,publicity code,knowledge,occupation-specific,key_9984,"The legislation and rules of publicity when presenting a product in text, pictures or other symbols."
heroengine,HeroEngine,knowledge,sector-specific,key_9995,"The cloud-based real-time collaborative platform that consists of integrated development environments and specialised design tools, designed for the rapid iteration of user-derived computer games."
