career_title,skill_id,skill_name,relation_type
telecommunications engineer,systems-development-life-cycle,systems development life-cycle,essential
telecommunications engineer,ict-network-routing,ICT network routing,essential
telecommunications engineer,ict-network-security-risks,ICT network security risks,essential
telecommunications engineer,procurement-of-ict-network-equipment,procurement of ICT network equipment,essential
telecommunications engineer,telecommunication-industry,telecommunication industry,essential
telecommunications engineer,ict-communications-protocols,ICT communications protocols,essential
telecommunications engineer,quality-assurance-methodologies,quality assurance methodologies,essential
telecommunications engineer,ict-system-user-requirements,ICT system user requirements,essential
telecommunications engineer,signal-processing,signal processing,essential
telecommunications engineer,design-computer-network,design computer network,essential
telecommunications engineer,design-process,design process,essential
telecommunications engineer,provide-ict-system-training,provide ICT system training,essential
telecommunications engineer,interact-with-users-to-gather-requirements,interact with users to gather requirements,essential
telecommunications engineer,implement-a-virtual-private-network,implement a virtual private network,essential
telecommunications engineer,adjust-ict-system-capacity,adjust ICT system capacity,essential
telecommunications engineer,define-technical-requirements,define technical requirements,essential
telecommunications engineer,analyse-network-bandwidth-requirements,analyse network bandwidth requirements,essential
telecommunications engineer,support-ict-system-users,support ICT system users,essential
telecommunications engineer,use-session-border-controller,use session border controller,essential
telecommunications engineer,haskell,Haskell,optional
telecommunications engineer,erlang,Erlang,optional
telecommunications engineer,sas-language,SAS language,optional
telecommunications engineer,agile-project-management,Agile project management,optional
telecommunications engineer,ruby-computer-programming,Ruby (computer programming),optional
telecommunications engineer,common-lisp,Common Lisp,optional
telecommunications engineer,lisp,Lisp,optional
telecommunications engineer,visual-studio-net,Visual Studio .NET,optional
telecommunications engineer,java-computer-programming,Java (computer programming),optional
telecommunications engineer,computer-programming,computer programming,optional
telecommunications engineer,prolog-computer-programming,Prolog (computer programming),optional
telecommunications engineer,openedge-advanced-business-language,OpenEdge Advanced Business Language,optional
telecommunications engineer,javascript,JavaScript,optional
telecommunications engineer,perl,Perl,optional
telecommunications engineer,smalltalk-computer-programming,Smalltalk (computer programming),optional
telecommunications engineer,php,PHP,optional
telecommunications engineer,assembly-computer-programming,Assembly (computer programming),optional
telecommunications engineer,c-2,C#,optional
telecommunications engineer,telecommunication-trunking,telecommunication trunking,optional
telecommunications engineer,r,R,optional
telecommunications engineer,groovy,Groovy,optional
telecommunications engineer,asp-net,ASP.NET,optional
telecommunications engineer,apl,APL,optional
telecommunications engineer,cisco,Cisco,optional
telecommunications engineer,microsoft-visual-c,Microsoft Visual C++,optional
telecommunications engineer,typescript,TypeScript,optional
telecommunications engineer,coffeescript,CoffeeScript,optional
telecommunications engineer,objective-c,Objective-C,optional
telecommunications engineer,ml-computer-programming,ML (computer programming),optional
telecommunications engineer,ajax,AJAX,optional
telecommunications engineer,c,C++,optional
telecommunications engineer,sap-r3,SAP R3,optional
telecommunications engineer,swift-computer-programming,Swift (computer programming),optional
telecommunications engineer,ict-project-management-methodologies,ICT project management methodologies,optional
telecommunications engineer,matlab,MATLAB,optional
telecommunications engineer,python-computer-programming,Python (computer programming),optional
telecommunications engineer,scratch-computer-programming,Scratch (computer programming),optional
telecommunications engineer,process-based-management,Process-based management,optional
telecommunications engineer,lean-project-management,Lean project management,optional
telecommunications engineer,vbscript,VBScript,optional
telecommunications engineer,cobol,COBOL,optional
telecommunications engineer,pascal-computer-programming,Pascal (computer programming),optional
telecommunications engineer,abap,ABAP,optional
telecommunications engineer,ict-networking-hardware,ICT networking hardware,optional
telecommunications engineer,scala,Scala,optional
telecommunications engineer,provide-technical-documentation,provide technical documentation,optional
telecommunications engineer,assess-ict-knowledge,assess ICT knowledge,optional
telecommunications engineer,implement-ict-safety-policies,implement ICT safety policies,optional
telecommunications engineer,provide-user-documentation,provide user documentation,optional
telecommunications engineer,create-software-design,create software design,optional
telecommunications engineer,use-different-communication-channels,use different communication channels,optional
telecommunications engineer,solve-location-and-navigation-problems-by-using-gps-tools,solve location and navigation problems by using GPS tools,optional
telecommunications engineer,perform-ict-troubleshooting,perform ICT troubleshooting,optional
telecommunications engineer,operate-private-branch-exchange,operate private branch exchange,optional
telecommunications engineer,forecast-future-ict-network-needs,forecast future ICT network needs,optional
telecommunications engineer,analyse-business-requirements,analyse business requirements,optional
telecommunications engineer,implement-ict-network-diagnostic-tools,implement ICT network diagnostic tools,optional
telecommunications engineer,apply-technical-communication-skills,apply technical communication skills,optional
telecommunications engineer,give-live-presentation,give live presentation,optional
telecommunications engineer,build-business-relationships,build business relationships,optional
telecommunications engineer,implement-a-firewall,implement a firewall,optional
telecommunications engineer,integrate-system-components,integrate system components,optional
telecommunications engineer,perform-resource-planning,perform resource planning,optional
ICT security administrator,ict-network-security-risks,ICT network security risks,essential
ICT security administrator,system-backup-best-practice,system backup best practice,essential
ICT security administrator,internet-governance,internet governance,essential
ICT security administrator,cyber-attack-counter-measures,cyber attack counter-measures,essential
ICT security administrator,organisational-resilience,organisational resilience,essential
ICT security administrator,database-development-tools,database development tools,essential
ICT security administrator,quality-assurance-methodologies,quality assurance methodologies,essential
ICT security administrator,mobile-device-management,mobile device management,essential
ICT security administrator,internet-of-things,Internet of Things,essential
ICT security administrator,operating-systems,operating systems,essential
ICT security administrator,manage-it-security-compliances,manage IT security compliances,essential
ICT security administrator,apply-company-policies,apply company policies,essential
ICT security administrator,manage-ict-data-architecture,manage ICT data architecture,essential
ICT security administrator,perform-ict-troubleshooting,perform ICT troubleshooting,essential
ICT security administrator,attend-to-ict-systems-quality,attend to ICT systems quality,essential
ICT security administrator,interpret-technical-texts,interpret technical texts,essential
ICT security administrator,solve-ict-system-problems,solve ICT system problems,essential
ICT security administrator,maintain-ict-identity-management,maintain ICT identity management,essential
ICT security administrator,ensure-proper-document-management,ensure proper document management,essential
ICT security administrator,identify-ict-system-weaknesses,identify ICT system weaknesses,essential
ICT security administrator,maintain-database-security,maintain database security,essential
ICT security administrator,implement-cloud-security-and-compliance,implement cloud security and compliance,optional
ICT security administrator,computer-forensics,computer forensics,optional
ICT security administrator,information-security-strategy,information security strategy,optional
ICT security administrator,cloud-security-and-compliance,cloud security and compliance,optional
ICT security administrator,ict-security-standards,ICT security standards,optional
ICT security administrator,ict-security-legislation,ICT security legislation,optional
ICT security administrator,cyber-security,cyber security,optional
ICT security administrator,cloud-monitoring-and-reporting,cloud monitoring and reporting,optional
ICT security administrator,web-application-security-threats,web application security threats,optional
ICT security administrator,information-confidentiality,information confidentiality,optional
ICT security administrator,ict-infrastructure,ICT infrastructure,optional
ICT security administrator,ict-encryption,ICT encryption,optional
ICT security administrator,assess-ict-knowledge,assess ICT knowledge,optional
ICT security administrator,implement-ict-safety-policies,implement ICT safety policies,optional
ICT security administrator,manage-database,manage database,optional
ICT security administrator,respond-to-incidents-in-cloud,respond to incidents in cloud,optional
ICT security administrator,use-scripting-programming,use scripting programming,optional
ICT security administrator,store-digital-data-and-systems,store digital data and systems,optional
ICT security administrator,execute-ict-audits,execute ICT audits,optional
ICT security administrator,remove-computer-virus-or-malware-from-a-computer,remove computer virus or malware from a computer,optional
ICT security administrator,execute-software-tests,execute software tests,optional
ICT security administrator,safeguard-online-privacy-and-identity,safeguard online privacy and identity,optional
ICT security administrator,implement-a-virtual-private-network,implement a virtual private network,optional
ICT security administrator,manage-ict-virtualisation-environments,manage ICT virtualisation environments,optional
ICT security administrator,address-problems-critically,address problems critically,optional
ICT security administrator,implement-anti-virus-software,implement anti-virus software,optional
ICT security administrator,perform-backups,perform backups,optional
ICT security administrator,manage-cloud-data-and-storage,manage cloud data and storage,optional
ICT security administrator,build-business-relationships,build business relationships,optional
ICT security administrator,lead-disaster-recovery-exercises,lead disaster recovery exercises,optional
ICT security administrator,train-employees,train employees,optional
ICT security administrator,implement-a-firewall,implement a firewall,optional
ICT security administrator,manage-keys-for-data-protection,manage keys for data protection,optional
software analyst,business-requirements-techniques,business requirements techniques,essential
software analyst,software-architecture-models,software architecture models,essential
software analyst,software-design-methodologies,software design methodologies,essential
software analyst,legal-requirements-of-ict-products,legal requirements of ICT products,essential
software analyst,ict-system-user-requirements,ICT system user requirements,essential
software analyst,data-models,data models,essential
software analyst,translate-requirements-into-visual-design,translate requirements into visual design,essential
software analyst,create-software-design,create software design,essential
software analyst,analyse-business-processes,analyse business processes,essential
software analyst,develop-documentation-in-accordance-with-legal-requirements,develop documentation in accordance with legal requirements,essential
software analyst,develop-software-prototype,develop software prototype,essential
software analyst,manage-ict-legacy-implication,manage ICT legacy implication,essential
software analyst,design-information-system,design information system,essential
software analyst,interact-with-users-to-gather-requirements,interact with users to gather requirements,essential
software analyst,execute-feasibility-study,execute feasibility study,essential
software analyst,define-technical-requirements,define technical requirements,essential
software analyst,identify-ict-user-needs,identify ICT user needs,essential
software analyst,define-software-architecture,define software architecture,essential
software analyst,create-data-models,create data models,essential
software analyst,haskell,Haskell,optional
software analyst,incremental-development,Incremental development,optional
software analyst,erlang,Erlang,optional
software analyst,sas-language,SAS language,optional
software analyst,agile-project-management,Agile project management,optional
software analyst,ruby-computer-programming,Ruby (computer programming),optional
software analyst,common-lisp,Common Lisp,optional
software analyst,lisp,Lisp,optional
software analyst,visual-studio-net,Visual Studio .NET,optional
software analyst,java-computer-programming,Java (computer programming),optional
software analyst,mdx,MDX,optional
software analyst,computer-programming,computer programming,optional
software analyst,prolog-computer-programming,Prolog (computer programming),optional
software analyst,openedge-advanced-business-language,OpenEdge Advanced Business Language,optional
software analyst,iterative-development,Iterative development,optional
software analyst,javascript,JavaScript,optional
software analyst,xquery,XQuery,optional
software analyst,perl,Perl,optional
software analyst,smalltalk-computer-programming,Smalltalk (computer programming),optional
software analyst,php,PHP,optional
software analyst,assembly-computer-programming,Assembly (computer programming),optional
software analyst,spiral-development,Spiral development,optional
software analyst,c-2,C#,optional
software analyst,r,R,optional
software analyst,groovy,Groovy,optional
software analyst,asp-net,ASP.NET,optional
software analyst,apl,APL,optional
software analyst,object-oriented-modelling,object-oriented modelling,optional
software analyst,sparql,SPARQL,optional
software analyst,outsourcing-model,Outsourcing model,optional
software analyst,hybrid-model,hybrid model,optional
software analyst,waterfall-development,Waterfall development,optional
software analyst,unified-modelling-language,unified modelling language,optional
software analyst,service-oriented-modelling,service-oriented modelling,optional
software analyst,levels-of-software-testing,levels of software testing,optional
software analyst,typescript,TypeScript,optional
software analyst,ict-project-management,ICT project management,optional
software analyst,rapid-application-development,Rapid application development,optional
software analyst,resource-description-framework-query-language,resource description framework query language,optional
software analyst,coffeescript,CoffeeScript,optional
software analyst,objective-c,Objective-C,optional
software analyst,query-languages,query languages,optional
software analyst,ict-problem-management-techniques,ICT problem management techniques,optional
software analyst,ml-computer-programming,ML (computer programming),optional
software analyst,ldap,LDAP,optional
software analyst,open-source-model,Open source model,optional
software analyst,ajax,AJAX,optional
software analyst,c,C++,optional
software analyst,sap-r3,SAP R3,optional
software analyst,swift-computer-programming,Swift (computer programming),optional
software analyst,ict-project-management-methodologies,ICT project management methodologies,optional
software analyst,matlab,MATLAB,optional
software analyst,linq,LINQ,optional
software analyst,python-computer-programming,Python (computer programming),optional
software analyst,scratch-computer-programming,Scratch (computer programming),optional
software analyst,process-based-management,Process-based management,optional
software analyst,lean-project-management,Lean project management,optional
software analyst,agile-development,Agile development,optional
software analyst,vbscript,VBScript,optional
software analyst,cobol,COBOL,optional
software analyst,pascal-computer-programming,Pascal (computer programming),optional
software analyst,abap,ABAP,optional
software analyst,prototyping-development,Prototyping development,optional
software analyst,saas-service-oriented-modelling,SaaS (service-oriented modelling),optional
software analyst,devops,DevOps,optional
software analyst,n1ql,N1QL,optional
software analyst,scala,Scala,optional
software analyst,use-an-application-specific-interface,use an application-specific interface,optional
software analyst,create-prototype-of-user-experience-solutions,create prototype of user experience solutions,optional
software analyst,ensure-compliance-with-legal-requirements,ensure compliance with legal requirements,optional
software analyst,create-project-specifications,create project specifications,optional
software analyst,provide-ict-consulting-advice,provide ICT consulting advice,optional
software analyst,manage-ict-project,manage ICT project,optional
software analyst,ensure-compliance-with-company-regulations,ensure compliance with company regulations,optional
software analyst,analyse-ict-system,analyse ICT system,optional
software analyst,monitor-system-performance,monitor system performance,optional
software analyst,solve-ict-system-problems,solve ICT system problems,optional
software analyst,manage-system-testing,manage system testing,optional
software analyst,identify-ict-system-weaknesses,identify ICT system weaknesses,optional
performance video operator,understand-artistic-concepts,understand artistic concepts,essential
performance video operator,run-a-media-server,run a media server,essential
performance video operator,translate-artistic-concepts-to-technical-designs,translate artistic concepts to technical designs,essential
performance video operator,support-a-designer-in-the-developing-process,support a designer in the developing process,essential
performance video operator,edit-digital-moving-images,edit digital moving images,essential
performance video operator,interpret-artistic-intentions,interpret artistic intentions,essential
performance video operator,use-technical-documentation,use technical documentation,essential
performance video operator,keep-up-with-trends,keep up with trends,essential
performance video operator,lead-a-team,lead a team,optional
performance video operator,provide-documentation,provide documentation,optional
performance video operator,update-budget,update budget,optional
performance video operator,plan-teamwork,plan teamwork,optional
performance video operator,advise-client-on-technical-possibilities,advise client on technical possibilities,optional
performance video operator,manage-personal-professional-development,manage personal professional development,optional
performance video operator,mix-live-images,mix live images,optional
performance video operator,develop-professional-network,develop professional network,optional
performance video operator,adapt-existing-designs-to-changed-circumstances,adapt existing designs to changed circumstances,optional
performance lighting designer,understand-artistic-concepts,understand artistic concepts,essential
performance lighting designer,use-specialised-design-software,use specialised design software,essential
performance lighting designer,research-new-ideas,research new ideas,essential
performance lighting designer,meet-deadlines,meet deadlines,essential
performance lighting designer,present-artistic-design-proposals,present artistic design proposals,essential
performance lighting designer,adapt-existing-designs-to-changed-circumstances,adapt existing designs to changed circumstances,essential
performance lighting designer,use-technical-documentation,use technical documentation,essential
performance lighting designer,keep-up-with-trends,keep up with trends,essential
performance lighting designer,develop-design-ideas-cooperatively,develop design ideas cooperatively,essential
performance lighting designer,labour-legislation,labour legislation,optional
performance lighting designer,copyright-legislation,copyright legislation,optional
performance lighting designer,lead-a-team,lead a team,optional
performance lighting designer,provide-documentation,provide documentation,optional
performance lighting designer,update-budget,update budget,optional
performance lighting designer,calculate-design-costs,calculate design costs,optional
performance lighting designer,translate-artistic-concepts-to-technical-designs,translate artistic concepts to technical designs,optional
performance lighting designer,analyse-the-need-for-technical-resources,analyse the need for technical resources,optional
performance lighting designer,manage-personal-professional-development,manage personal professional development,optional
performance lighting designer,develop-professional-network,develop professional network,optional
integration engineer,procurement-of-ict-network-equipment,procurement of ICT network equipment,essential
integration engineer,ict-communications-protocols,ICT communications protocols,essential
integration engineer,ict-project-management-methodologies,ICT project management methodologies,essential
integration engineer,ict-system-user-requirements,ICT system user requirements,essential
integration engineer,software-components-suppliers,software components suppliers,essential
integration engineer,provide-technical-documentation,provide technical documentation,essential
integration engineer,apply-company-policies,apply company policies,essential
integration engineer,use-scripting-programming,use scripting programming,essential
integration engineer,deploy-ict-systems,deploy ICT systems,essential
integration engineer,apply-ict-system-usage-policies,apply ICT system usage policies,essential
integration engineer,define-integration-strategy,define integration strategy,essential
integration engineer,analyse-network-bandwidth-requirements,analyse network bandwidth requirements,essential
integration engineer,integrate-system-components,integrate system components,essential
integration engineer,design-component-interfaces,design component interfaces,essential
integration engineer,haskell,Haskell,optional
integration engineer,sas-language,SAS language,optional
integration engineer,systems-development-life-cycle,systems development life-cycle,optional
integration engineer,agile-project-management,Agile project management,optional
integration engineer,ruby-computer-programming,Ruby (computer programming),optional
integration engineer,common-lisp,Common Lisp,optional
integration engineer,apache-maven,Apache Maven,optional
integration engineer,ict-network-routing,ICT network routing,optional
integration engineer,lisp,Lisp,optional
integration engineer,information-security-strategy,information security strategy,optional
integration engineer,visual-studio-net,Visual Studio .NET,optional
integration engineer,java-computer-programming,Java (computer programming),optional
integration engineer,information-architecture,information architecture,optional
integration engineer,solution-deployment,solution deployment,optional
integration engineer,embedded-systems,embedded systems,optional
integration engineer,computer-programming,computer programming,optional
integration engineer,interfacing-techniques,interfacing techniques,optional
integration engineer,model-based-system-engineering,model based system engineering,optional
integration engineer,prolog-computer-programming,Prolog (computer programming),optional
integration engineer,openedge-advanced-business-language,OpenEdge Advanced Business Language,optional
integration engineer,javascript,JavaScript,optional
integration engineer,perl,Perl,optional
integration engineer,php,PHP,optional
integration engineer,assembly-computer-programming,Assembly (computer programming),optional
integration engineer,software-components-libraries,software components libraries,optional
integration engineer,hardware-components,hardware components,optional
integration engineer,c-2,C#,optional
integration engineer,r,R,optional
integration engineer,groovy,Groovy,optional
integration engineer,asp-net,ASP.NET,optional
integration engineer,apl,APL,optional
integration engineer,ict-debugging-tools,ICT debugging tools,optional
integration engineer,puppet-tools-for-software-configuration-management,Puppet (tools for software configuration management),optional
integration engineer,staf,STAF,optional
integration engineer,vagrant,Vagrant,optional
integration engineer,ansible,Ansible,optional
integration engineer,ict-system-integration,ICT system integration,optional
integration engineer,cisco,Cisco,optional
integration engineer,engineering-processes,engineering processes,optional
integration engineer,tools-for-ict-test-automation,tools for ICT test automation,optional
integration engineer,microsoft-visual-c,Microsoft Visual C++,optional
integration engineer,objective-c,Objective-C,optional
integration engineer,tools-for-software-configuration-management,tools for software configuration management,optional
integration engineer,ml-computer-programming,ML (computer programming),optional
integration engineer,ict-system-programming,ICT system programming,optional
integration engineer,ajax,AJAX,optional
integration engineer,c,C++,optional
integration engineer,sap-r3,SAP R3,optional
integration engineer,swift-computer-programming,Swift (computer programming),optional
integration engineer,matlab,MATLAB,optional
integration engineer,salt-tools-for-software-configuration-management,Salt (tools for software configuration management),optional
integration engineer,ict-recovery-techniques,ICT recovery techniques,optional
integration engineer,python-computer-programming,Python (computer programming),optional
integration engineer,ict-infrastructure,ICT infrastructure,optional
integration engineer,scratch-computer-programming,Scratch (computer programming),optional
integration engineer,process-based-management,Process-based management,optional
integration engineer,lean-project-management,Lean project management,optional
integration engineer,cobol,COBOL,optional
integration engineer,pascal-computer-programming,Pascal (computer programming),optional
integration engineer,abap,ABAP,optional
integration engineer,jenkins-tools-for-software-configuration-management,Jenkins (tools for software configuration management),optional
integration engineer,scala,Scala,optional
integration engineer,use-an-application-specific-interface,use an application-specific interface,optional
integration engineer,communicate-with-customers,communicate with customers,optional
integration engineer,utilise-computer-aided-software-engineering-tools,utilise computer-aided software engineering tools,optional
integration engineer,design-computer-network,design computer network,optional
integration engineer,adapt-to-changing-situations,adapt to changing situations,optional
integration engineer,use-back-up-and-recovery-tools,use back-up and recovery tools,optional
integration engineer,implement-anti-virus-software,implement anti-virus software,optional
integration engineer,perform-project-management,perform project management,optional
integration engineer,implement-a-firewall,implement a firewall,optional
search engine optimisation expert,keywords-in-digital-content,keywords in digital content,essential
search engine optimisation expert,web-analytics,web analytics,essential
search engine optimisation expert,social-media-marketing-techniques,social media marketing techniques,essential
search engine optimisation expert,content-marketing-strategy,content marketing strategy,essential
search engine optimisation expert,perform-online-data-analysis,perform online data analysis,essential
search engine optimisation expert,apply-social-media-marketing,apply social media marketing,essential
search engine optimisation expert,use-customer-relationship-management-software,use customer relationship management software,essential
search engine optimisation expert,conduct-search-engine-optimisation,conduct search engine optimisation,essential
search engine optimisation expert,manage-content-development-projects,manage content development projects,essential
search engine optimisation expert,provide-written-content,provide written content,essential
search engine optimisation expert,integrate-content-into-output-media,integrate content into output media,essential
search engine optimisation expert,enhance-website-visibility,enhance website visibility,essential
search engine optimisation expert,behavioural-science,behavioural science,optional
search engine optimisation expert,digital-marketing-techniques,digital marketing techniques,optional
search engine optimisation expert,mobile-marketing,mobile marketing,optional
search engine optimisation expert,translate-requirements-into-visual-design,translate requirements into visual design,optional
search engine optimisation expert,execute-email-marketing,execute email marketing,optional
search engine optimisation expert,use-different-communication-channels,use different communication channels,optional
search engine optimisation expert,provide-cost-benefit-analysis-reports,provide cost benefit analysis reports,optional
search engine optimisation expert,use-content-management-system-software,use content management system software,optional
search engine optimisation expert,study-website-behaviour-patterns,study website behaviour patterns,optional
search engine optimisation expert,plan-digital-marketing,plan digital marketing,optional
search engine optimisation expert,identify-ict-user-needs,identify ICT user needs,optional
search engine optimisation expert,create-content-title,create content title,optional
search engine optimisation expert,perform-market-research,perform market research,optional
ICT test analyst,levels-of-software-testing,levels of software testing,essential
ICT test analyst,set-quality-assurance-objectives,set quality assurance objectives,essential
ICT test analyst,report-test-findings,report test findings,essential
ICT test analyst,plan-software-testing,plan software testing,essential
ICT test analyst,develop-ict-test-suite,develop ICT test suite,essential
ICT test analyst,provide-software-testing-documentation,provide software testing documentation,essential
ICT test analyst,execute-software-tests,execute software tests,essential
ICT test analyst,address-problems-critically,address problems critically,essential
ICT test analyst,replicate-customer-software-issues,replicate customer software issues,essential
ICT test analyst,agile-project-management,Agile project management,optional
ICT test analyst,mdx,MDX,optional
ICT test analyst,visual-presentation-techniques,visual presentation techniques,optional
ICT test analyst,decision-support-systems,decision support systems,optional
ICT test analyst,xquery,XQuery,optional
ICT test analyst,sparql,SPARQL,optional
ICT test analyst,ict-debugging-tools,ICT debugging tools,optional
ICT test analyst,tools-for-ict-test-automation,tools for ICT test automation,optional
ICT test analyst,resource-description-framework-query-language,resource description framework query language,optional
ICT test analyst,query-languages,query languages,optional
ICT test analyst,ldap,LDAP,optional
ICT test analyst,ict-project-management-methodologies,ICT project management methodologies,optional
ICT test analyst,linq,LINQ,optional
ICT test analyst,process-based-management,Process-based management,optional
ICT test analyst,lean-project-management,Lean project management,optional
ICT test analyst,ict-performance-analysis-methods,ICT performance analysis methods,optional
ICT test analyst,n1ql,N1QL,optional
ICT test analyst,manage-schedule-of-tasks,manage schedule of tasks,optional
ICT test analyst,debug-software,debug software,optional
ICT test analyst,apply-statistical-analysis-techniques,apply statistical analysis techniques,optional
ICT test analyst,use-scripting-programming,use scripting programming,optional
ICT test analyst,develop-automated-software-tests,develop automated software tests,optional
ICT test analyst,conduct-ict-code-review,conduct ICT code review,optional
ICT test analyst,measure-software-usability,measure software usability,optional
ICT test analyst,give-live-presentation,give live presentation,optional
ICT test analyst,perform-quality-audits,perform quality audits,optional
ICT test analyst,perform-software-recovery-testing,perform software recovery testing,optional
digital forensics expert,computer-forensics,computer forensics,essential
digital forensics expert,ict-network-security-risks,ICT network security risks,essential
digital forensics expert,ict-security-standards,ICT security standards,essential
digital forensics expert,cyber-attack-counter-measures,cyber attack counter-measures,essential
digital forensics expert,resource-description-framework-query-language,resource description framework query language,essential
digital forensics expert,query-languages,query languages,essential
digital forensics expert,information-confidentiality,information confidentiality,essential
digital forensics expert,penetration-testing-tool,penetration testing tool,essential
digital forensics expert,manage-it-security-compliances,manage IT security compliances,essential
digital forensics expert,gather-data-for-forensic-purposes,gather data for forensic purposes,essential
digital forensics expert,provide-ict-consulting-advice,provide ICT consulting advice,essential
digital forensics expert,perform-forensic-preservations-of-digital-devices,perform forensic preservations of digital devices,essential
digital forensics expert,develop-information-security-strategy,develop information security strategy,essential
digital forensics expert,use-software-for-data-preservation,use software for data preservation,essential
digital forensics expert,use-scripting-programming,use scripting programming,essential
digital forensics expert,educate-on-data-confidentiality,educate on data confidentiality,essential
digital forensics expert,apply-reverse-engineering,apply reverse engineering,essential
digital forensics expert,manage-data-for-legal-matters,manage data for legal matters,essential
digital forensics expert,implement-ict-network-diagnostic-tools,implement ICT network diagnostic tools,essential
digital forensics expert,identify-ict-system-weaknesses,identify ICT system weaknesses,essential
digital forensics expert,secure-sensitive-customer-s-information,secure sensitive customer's information,essential
digital forensics expert,perform-ict-security-testing,perform ICT security testing,essential
digital forensics expert,identify-ict-security-risks,identify ICT security risks,essential
digital forensics expert,maltego,Maltego,optional
digital forensics expert,cain-and-abel-penetration-testing-tool,Cain and Abel (penetration testing tool),optional
digital forensics expert,hardware-platforms,hardware platforms,optional
digital forensics expert,information-security-strategy,information security strategy,optional
digital forensics expert,mdx,MDX,optional
digital forensics expert,information-architecture,information architecture,optional
digital forensics expert,owasp-zap,OWASP ZAP,optional
digital forensics expert,nessus,Nessus,optional
digital forensics expert,xquery,XQuery,optional
digital forensics expert,metasploit,Metasploit,optional
digital forensics expert,aircrack-penetration-testing-tool,Aircrack (penetration testing tool),optional
digital forensics expert,backbox-penetration-testing-tool,Backbox (penetration testing tool),optional
digital forensics expert,sparql,SPARQL,optional
digital forensics expert,kali-linux,Kali Linux,optional
digital forensics expert,ict-security-legislation,ICT security legislation,optional
digital forensics expert,john-the-ripper-penetration-testing-tool,John The Ripper (penetration testing tool),optional
digital forensics expert,blackarch,BlackArch,optional
digital forensics expert,wireshark,Wireshark,optional
digital forensics expert,ldap,LDAP,optional
digital forensics expert,data-storage,data storage,optional
digital forensics expert,legal-requirements-of-ict-products,legal requirements of ICT products,optional
digital forensics expert,parrot-security-os,Parrot Security OS,optional
digital forensics expert,samurai-web-testing-framework,Samurai Web Testing Framework,optional
digital forensics expert,cloud-technologies,cloud technologies,optional
digital forensics expert,linq,LINQ,optional
digital forensics expert,ict-encryption,ICT encryption,optional
digital forensics expert,hardware-architectures,hardware architectures,optional
digital forensics expert,whitehat-sentinel,WhiteHat Sentinel,optional
digital forensics expert,nexpose,Nexpose,optional
digital forensics expert,thc-hydra,THC Hydra,optional
digital forensics expert,n1ql,N1QL,optional
digital forensics expert,implement-ict-safety-policies,implement ICT safety policies,optional
digital forensics expert,design-computer-network,design computer network,optional
digital forensics expert,use-different-communication-channels,use different communication channels,optional
digital forensics expert,perform-data-mining,perform data mining,optional
digital forensics expert,analyse-network-configuration-and-performance,analyse network configuration and performance,optional
digital forensics expert,manage-cloud-data-and-storage,manage cloud data and storage,optional
digital forensics expert,collect-cyber-defence-data,collect cyber defence data,optional
ICT security engineer,information-security-strategy,information security strategy,essential
ICT security engineer,information-architecture,information architecture,essential
ICT security engineer,ict-security-standards,ICT security standards,essential
ICT security engineer,emergent-technologies,emergent technologies,essential
ICT security engineer,attack-vectors,attack vectors,essential
ICT security engineer,cyber-attack-counter-measures,cyber attack counter-measures,essential
ICT security engineer,business-analysis,business analysis,essential
ICT security engineer,risk-management,risk management,essential
ICT security engineer,ict-security-legislation,ICT security legislation,essential
ICT security engineer,organisational-resilience,organisational resilience,essential
ICT security engineer,cyber-security,cyber security,essential
ICT security engineer,unstructured-data,unstructured data,essential
ICT security engineer,operating-systems,operating systems,essential
ICT security engineer,manage-it-security-compliances,manage IT security compliances,essential
ICT security engineer,perform-risk-analysis,perform risk analysis,essential
ICT security engineer,keep-up-with-the-latest-information-systems-solutions,keep up with the latest information systems solutions,essential
ICT security engineer,provide-ict-consulting-advice,provide ICT consulting advice,essential
ICT security engineer,perform-data-analysis,perform data analysis,essential
ICT security engineer,troubleshoot,troubleshoot,essential
ICT security engineer,develop-information-security-strategy,develop information security strategy,essential
ICT security engineer,define-security-policies,define security policies,essential
ICT security engineer,keep-task-records,keep task records,essential
ICT security engineer,define-data-quality-criteria,define data quality criteria,essential
ICT security engineer,report-test-findings,report test findings,essential
ICT security engineer,manage-disaster-recovery-plans,manage disaster recovery plans,essential
ICT security engineer,ensure-information-security,ensure information security,essential
ICT security engineer,implement-ict-risk-management,implement ICT risk management,essential
ICT security engineer,educate-on-data-confidentiality,educate on data confidentiality,essential
ICT security engineer,analyse-ict-system,analyse ICT system,essential
ICT security engineer,execute-ict-audits,execute ICT audits,essential
ICT security engineer,execute-software-tests,execute software tests,essential
ICT security engineer,monitor-system-performance,monitor system performance,essential
ICT security engineer,define-technical-requirements,define technical requirements,essential
ICT security engineer,identify-ict-system-weaknesses,identify ICT system weaknesses,essential
ICT security engineer,verify-formal-ict-specifications,verify formal ICT specifications,essential
ICT security engineer,identify-ict-security-risks,identify ICT security risks,essential
ICT security engineer,business-intelligence,business intelligence,optional
ICT security engineer,cloud-security-and-compliance,cloud security and compliance,optional
ICT security engineer,embedded-systems,embedded systems,optional
ICT security engineer,internet-governance,internet governance,optional
ICT security engineer,project-management,project management,optional
ICT security engineer,cloud-monitoring-and-reporting,cloud monitoring and reporting,optional
ICT security engineer,web-application-security-threats,web application security threats,optional
ICT security engineer,c,C++,optional
ICT security engineer,cloud-technologies,cloud technologies,optional
ICT security engineer,ict-project-management-methodologies,ICT project management methodologies,optional
ICT security engineer,python-computer-programming,Python (computer programming),optional
ICT security engineer,ict-encryption,ICT encryption,optional
ICT security engineer,leadership-principles,leadership principles,optional
ICT security engineer,process-based-management,Process-based management,optional
ICT security engineer,lean-project-management,Lean project management,optional
ICT security engineer,copyright-legislation,copyright legislation,optional
ICT security engineer,internet-of-things,Internet of Things,optional
ICT security engineer,ict-process-quality-models,ICT process quality models,optional
ICT security engineer,manage-ict-change-request-process,manage ICT change request process,optional
ICT security engineer,implement-ict-safety-policies,implement ICT safety policies,optional
ICT security engineer,manage-changes-in-ict-system,manage changes in ICT system,optional
ICT security engineer,create-project-specifications,create project specifications,optional
ICT security engineer,provide-user-documentation,provide user documentation,optional
ICT security engineer,optimise-choice-of-ict-solution,optimise choice of ICT solution,optional
ICT security engineer,remove-computer-virus-or-malware-from-a-computer,remove computer virus or malware from a computer,optional
ICT security engineer,track-key-performance-indicators,track key performance indicators,optional
ICT security engineer,consult-with-business-clients,consult with business clients,optional
ICT security engineer,safeguard-online-privacy-and-identity,safeguard online privacy and identity,optional
ICT security engineer,implement-a-virtual-private-network,implement a virtual private network,optional
ICT security engineer,implement-anti-virus-software,implement anti-virus software,optional
ICT security engineer,manage-digital-identity,manage digital identity,optional
ICT security engineer,ensure-proper-document-management,ensure proper document management,optional
ICT security engineer,implement-spam-protection,implement spam protection,optional
ICT security engineer,give-live-presentation,give live presentation,optional
ICT security engineer,manage-a-team,manage a team,optional
ICT security engineer,perform-project-management,perform project management,optional
ICT security engineer,lead-disaster-recovery-exercises,lead disaster recovery exercises,optional
ICT security engineer,implement-a-firewall,implement a firewall,optional
ICT security engineer,manage-keys-for-data-protection,manage keys for data protection,optional
ICT teacher secondary school,ict-hardware-specifications,ICT hardware specifications,essential
ICT teacher secondary school,e-learning,e-learning,essential
ICT teacher secondary school,computer-science,computer science,essential
ICT teacher secondary school,ict-software-specifications,ICT software specifications,essential
ICT teacher secondary school,office-software,office software,essential
ICT teacher secondary school,computer-technology,computer technology,essential
ICT teacher secondary school,monitor-developments-in-field-of-expertise,monitor developments in field of expertise,essential
ICT teacher secondary school,demonstrate-when-teaching,demonstrate when teaching,essential
ICT teacher secondary school,develop-digital-educational-materials,develop digital educational materials,essential
ICT teacher secondary school,work-with-virtual-learning-environments,work with virtual learning environments,essential
ICT teacher secondary school,teach-computer-science,teach computer science,essential
ICT teacher secondary school,give-constructive-feedback,give constructive feedback,essential
ICT teacher secondary school,maintain-computer-hardware,maintain computer hardware,essential
ICT teacher secondary school,teach-digital-literacy,teach digital literacy,essential
ICT teacher secondary school,use-it-tools,use IT tools,essential
ICT teacher secondary school,computer-history,computer history,optional
ICT teacher secondary school,disability-types,disability types,optional
ICT teacher secondary school,ict-communications-protocols,ICT communications protocols,optional
ICT teacher secondary school,human-computer-interaction,human-computer interaction,optional
ICT teacher secondary school,perform-ict-troubleshooting,perform ICT troubleshooting,optional
sound operator,understand-artistic-concepts,understand artistic concepts,essential
sound operator,translate-artistic-concepts-to-technical-designs,translate artistic concepts to technical designs,essential
sound operator,support-a-designer-in-the-developing-process,support a designer in the developing process,essential
sound operator,use-audio-reproduction-software,use audio reproduction software,essential
sound operator,interpret-artistic-intentions,interpret artistic intentions,essential
sound operator,edit-recorded-sound,edit recorded sound,essential
sound operator,use-technical-documentation,use technical documentation,essential
sound operator,keep-up-with-trends,keep up with trends,essential
sound operator,lead-a-team,lead a team,optional
sound operator,provide-documentation,provide documentation,optional
sound operator,update-budget,update budget,optional
sound operator,plan-teamwork,plan teamwork,optional
sound operator,advise-client-on-technical-possibilities,advise client on technical possibilities,optional
sound operator,manage-personal-professional-development,manage personal professional development,optional
sound operator,develop-professional-network,develop professional network,optional
sound operator,adapt-existing-designs-to-changed-circumstances,adapt existing designs to changed circumstances,optional
ICT disaster recovery analyst,system-backup-best-practice,system backup best practice,essential
ICT disaster recovery analyst,product-usage-risks-analysis,product usage risks analysis,essential
ICT disaster recovery analyst,ict-debugging-tools,ICT debugging tools,essential
ICT disaster recovery analyst,ict-problem-management-techniques,ICT problem management techniques,essential
ICT disaster recovery analyst,ict-recovery-techniques,ICT recovery techniques,essential
ICT disaster recovery analyst,ict-performance-analysis-methods,ICT performance analysis methods,essential
ICT disaster recovery analyst,manage-it-security-compliances,manage IT security compliances,essential
ICT disaster recovery analyst,apply-company-policies,apply company policies,essential
ICT disaster recovery analyst,conduct-impact-evaluation-of-ict-processes-on-business,conduct impact evaluation of ICT processes on business,essential
ICT disaster recovery analyst,manage-system-security,manage system security,essential
ICT disaster recovery analyst,develop-information-security-strategy,develop information security strategy,essential
ICT disaster recovery analyst,define-security-policies,define security policies,essential
ICT disaster recovery analyst,optimise-choice-of-ict-solution,optimise choice of ICT solution,essential
ICT disaster recovery analyst,manage-disaster-recovery-plans,manage disaster recovery plans,essential
ICT disaster recovery analyst,maintain-plan-for-continuity-of-operations,maintain plan for continuity of operations,essential
ICT disaster recovery analyst,report-analysis-results,report analysis results,essential
ICT disaster recovery analyst,perform-backups,perform backups,essential
ICT disaster recovery analyst,build-business-relationships,build business relationships,essential
ICT disaster recovery analyst,protect-ict-devices,protect ICT devices,essential
ICT disaster recovery analyst,implement-ict-recovery-system,implement ICT recovery system,essential
ICT disaster recovery analyst,identify-ict-security-risks,identify ICT security risks,essential
ICT disaster recovery analyst,network-management-system-tools,network management system tools,optional
ICT disaster recovery analyst,internal-risk-management-policy,internal risk management policy,optional
ICT disaster recovery analyst,information-security-strategy,information security strategy,optional
ICT disaster recovery analyst,ict-network-security-risks,ICT network security risks,optional
ICT disaster recovery analyst,software-anomalies,software anomalies,optional
ICT disaster recovery analyst,cyber-attack-counter-measures,cyber attack counter-measures,optional
ICT disaster recovery analyst,ict-communications-protocols,ICT communications protocols,optional
ICT disaster recovery analyst,organisational-resilience,organisational resilience,optional
ICT disaster recovery analyst,cyber-security,cyber security,optional
ICT disaster recovery analyst,levels-of-software-testing,levels of software testing,optional
ICT disaster recovery analyst,windows-phone,Windows Phone,optional
ICT disaster recovery analyst,mobile-operating-systems,mobile operating systems,optional
ICT disaster recovery analyst,blackberry,BlackBerry,optional
ICT disaster recovery analyst,unstructured-data,unstructured data,optional
ICT disaster recovery analyst,ios,iOS,optional
ICT disaster recovery analyst,ict-infrastructure,ICT infrastructure,optional
ICT disaster recovery analyst,android-mobile-operating-systems,Android (mobile operating systems),optional
ICT disaster recovery analyst,hardware-architectures,hardware architectures,optional
ICT disaster recovery analyst,ict-power-consumption,ICT power consumption,optional
ICT disaster recovery analyst,ict-process-quality-models,ICT process quality models,optional
ICT disaster recovery analyst,manage-staff,manage staff,optional
ICT disaster recovery analyst,respond-to-incidents-in-cloud,respond to incidents in cloud,optional
ICT disaster recovery analyst,develop-strategy-to-solve-problems,develop strategy to solve problems,optional
ICT disaster recovery analyst,implement-a-virtual-private-network,implement a virtual private network,optional
ICT disaster recovery analyst,give-live-presentation,give live presentation,optional
embedded system designer,systems-development-life-cycle,systems development life-cycle,essential
embedded system designer,embedded-systems,embedded systems,essential
embedded system designer,ict-communications-protocols,ICT communications protocols,essential
embedded system designer,task-algorithmisation,task algorithmisation,essential
embedded system designer,tools-for-software-configuration-management,tools for software configuration management,essential
embedded system designer,real-time-computing,real-time computing,essential
embedded system designer,signal-processing,signal processing,essential
embedded system designer,provide-ict-consulting-advice,provide ICT consulting advice,essential
embedded system designer,create-software-design,create software design,essential
embedded system designer,develop-creative-ideas,develop creative ideas,essential
embedded system designer,create-flowchart-diagram,create flowchart diagram,essential
embedded system designer,define-technical-requirements,define technical requirements,essential
embedded system designer,interpret-electronic-design-specifications,interpret electronic design specifications,essential
embedded system designer,analyse-software-specifications,analyse software specifications,essential
embedded system designer,haskell,Haskell,optional
embedded system designer,erlang,Erlang,optional
embedded system designer,sas-language,SAS language,optional
embedded system designer,network-management-system-tools,network management system tools,optional
embedded system designer,ruby-computer-programming,Ruby (computer programming),optional
embedded system designer,common-lisp,Common Lisp,optional
embedded system designer,apache-maven,Apache Maven,optional
embedded system designer,lisp,Lisp,optional
embedded system designer,visual-studio-net,Visual Studio .NET,optional
embedded system designer,java-computer-programming,Java (computer programming),optional
embedded system designer,computer-programming,computer programming,optional
embedded system designer,prolog-computer-programming,Prolog (computer programming),optional
embedded system designer,openedge-advanced-business-language,OpenEdge Advanced Business Language,optional
embedded system designer,javascript,JavaScript,optional
embedded system designer,ict-security-standards,ICT security standards,optional
embedded system designer,perl,Perl,optional
embedded system designer,smalltalk-computer-programming,Smalltalk (computer programming),optional
embedded system designer,php,PHP,optional
embedded system designer,assembly-computer-programming,Assembly (computer programming),optional
embedded system designer,software-components-libraries,software components libraries,optional
embedded system designer,hardware-components,hardware components,optional
embedded system designer,c-2,C#,optional
embedded system designer,r,R,optional
embedded system designer,groovy,Groovy,optional
embedded system designer,asp-net,ASP.NET,optional
embedded system designer,apl,APL,optional
embedded system designer,puppet-tools-for-software-configuration-management,Puppet (tools for software configuration management),optional
embedded system designer,staf,STAF,optional
embedded system designer,ansible,Ansible,optional
embedded system designer,ict-system-integration,ICT system integration,optional
embedded system designer,engineering-processes,engineering processes,optional
embedded system designer,tools-for-ict-test-automation,tools for ICT test automation,optional
embedded system designer,microsoft-visual-c,Microsoft Visual C++,optional
embedded system designer,typescript,TypeScript,optional
embedded system designer,coffeescript,CoffeeScript,optional
embedded system designer,objective-c,Objective-C,optional
embedded system designer,ml-computer-programming,ML (computer programming),optional
embedded system designer,ajax,AJAX,optional
embedded system designer,c,C++,optional
embedded system designer,sap-r3,SAP R3,optional
embedded system designer,swift-computer-programming,Swift (computer programming),optional
embedded system designer,matlab,MATLAB,optional
embedded system designer,salt-tools-for-software-configuration-management,Salt (tools for software configuration management),optional
embedded system designer,python-computer-programming,Python (computer programming),optional
embedded system designer,scratch-computer-programming,Scratch (computer programming),optional
embedded system designer,vbscript,VBScript,optional
embedded system designer,cobol,COBOL,optional
embedded system designer,hardware-architectures,hardware architectures,optional
embedded system designer,pascal-computer-programming,Pascal (computer programming),optional
embedded system designer,abap,ABAP,optional
embedded system designer,jenkins-tools-for-software-configuration-management,Jenkins (tools for software configuration management),optional
embedded system designer,ict-network-simulation,ICT network simulation,optional
embedded system designer,field-programmable-gate-arrays,field-programmable gate arrays,optional
embedded system designer,scala,Scala,optional
embedded system designer,provide-technical-documentation,provide technical documentation,optional
embedded system designer,utilise-computer-aided-software-engineering-tools,utilise computer-aided software engineering tools,optional
embedded system designer,collect-customer-feedback-on-applications,collect customer feedback on applications,optional
embedded system designer,build-business-relationships,build business relationships,optional
embedded system designer,verify-formal-ict-specifications,verify formal ICT specifications,optional
software tester,software-architecture-models,software architecture models,essential
software tester,software-anomalies,software anomalies,essential
software tester,levels-of-software-testing,levels of software testing,essential
software tester,software-metrics,software metrics,essential
software tester,report-test-findings,report test findings,essential
software tester,provide-software-testing-documentation,provide software testing documentation,essential
software tester,perform-software-unit-testing,perform software unit testing,essential
software tester,execute-software-tests,execute software tests,essential
software tester,address-problems-critically,address problems critically,essential
software tester,replicate-customer-software-issues,replicate customer software issues,essential
software tester,haskell,Haskell,optional
software tester,erlang,Erlang,optional
software tester,sas-language,SAS language,optional
software tester,agile-project-management,Agile project management,optional
software tester,ruby-computer-programming,Ruby (computer programming),optional
software tester,common-lisp,Common Lisp,optional
software tester,lisp,Lisp,optional
software tester,visual-studio-net,Visual Studio .NET,optional
software tester,java-computer-programming,Java (computer programming),optional
software tester,mdx,MDX,optional
software tester,computer-programming,computer programming,optional
software tester,prolog-computer-programming,Prolog (computer programming),optional
software tester,openedge-advanced-business-language,OpenEdge Advanced Business Language,optional
software tester,javascript,JavaScript,optional
software tester,xquery,XQuery,optional
software tester,perl,Perl,optional
software tester,smalltalk-computer-programming,Smalltalk (computer programming),optional
software tester,php,PHP,optional
software tester,assembly-computer-programming,Assembly (computer programming),optional
software tester,software-components-libraries,software components libraries,optional
software tester,hardware-components,hardware components,optional
software tester,c-2,C#,optional
software tester,r,R,optional
software tester,groovy,Groovy,optional
software tester,asp-net,ASP.NET,optional
software tester,apl,APL,optional
software tester,sparql,SPARQL,optional
software tester,ict-debugging-tools,ICT debugging tools,optional
software tester,audit-techniques,audit techniques,optional
software tester,tools-for-ict-test-automation,tools for ICT test automation,optional
software tester,microsoft-visual-c,Microsoft Visual C++,optional
software tester,typescript,TypeScript,optional
software tester,resource-description-framework-query-language,resource description framework query language,optional
software tester,coffeescript,CoffeeScript,optional
software tester,objective-c,Objective-C,optional
software tester,query-languages,query languages,optional
software tester,ml-computer-programming,ML (computer programming),optional
software tester,ldap,LDAP,optional
software tester,ajax,AJAX,optional
software tester,c,C++,optional
software tester,sap-r3,SAP R3,optional
software tester,swift-computer-programming,Swift (computer programming),optional
software tester,ict-project-management-methodologies,ICT project management methodologies,optional
software tester,matlab,MATLAB,optional
software tester,application-usability,application usability,optional
software tester,unstructured-data,unstructured data,optional
software tester,linq,LINQ,optional
software tester,python-computer-programming,Python (computer programming),optional
software tester,scratch-computer-programming,Scratch (computer programming),optional
software tester,process-based-management,Process-based management,optional
software tester,lean-project-management,Lean project management,optional
software tester,vbscript,VBScript,optional
software tester,cobol,COBOL,optional
software tester,pascal-computer-programming,Pascal (computer programming),optional
software tester,abap,ABAP,optional
software tester,ict-performance-analysis-methods,ICT performance analysis methods,optional
software tester,n1ql,N1QL,optional
software tester,scala,Scala,optional
software tester,manage-schedule-of-tasks,manage schedule of tasks,optional
software tester,debug-software,debug software,optional
software tester,plan-software-testing,plan software testing,optional
software tester,use-scripting-programming,use scripting programming,optional
software tester,develop-automated-software-tests,develop automated software tests,optional
software tester,develop-ict-test-suite,develop ICT test suite,optional
software tester,conduct-ict-code-review,conduct ICT code review,optional
software tester,measure-software-usability,measure software usability,optional
software tester,execute-integration-testing,execute integration testing,optional
software tester,perform-software-recovery-testing,perform software recovery testing,optional
gambling games designer,aesthetics,aesthetics,essential
gambling games designer,graphic-design,graphic design,essential
gambling games designer,games-rules,games rules,essential
gambling games designer,create-gambling-games-concepts,create gambling games concepts,essential
gambling games designer,apply-publicity-code,apply publicity code,essential
gambling games designer,formulate-game-rules,formulate game rules,essential
gambling games designer,use-technical-drawing-software,use technical drawing software,optional
gambling games designer,apply-gaming-psychology,apply gaming psychology,optional
gambling games designer,design-the-digital-interface-of-gambling-betting-and-lottery-games,"design the digital interface of gambling, betting and lottery games",optional
gambling games designer,adapt-developed-game-to-the-market,adapt developed game to the market,optional
gambling games designer,develop-animations,develop animations,optional
gambling games designer,design-graphics,design graphics,optional
ICT help desk manager,characteristics-of-products,characteristics of products,essential
ICT help desk manager,organisational-structure,organisational structure,essential
ICT help desk manager,characteristics-of-services,characteristics of services,essential
ICT help desk manager,keep-up-to-date-on-product-knowledge,keep up to date on product knowledge,essential
ICT help desk manager,create-solutions-to-problems,create solutions to problems,essential
ICT help desk manager,communicate-with-customers,communicate with customers,essential
ICT help desk manager,manage-staff,manage staff,essential
ICT help desk manager,use-ict-ticketing-system,use ICT ticketing system,essential
ICT help desk manager,educate-on-data-confidentiality,educate on data confidentiality,essential
ICT help desk manager,forecast-workload,forecast workload,essential
ICT help desk manager,provide-ict-support,provide ICT support,essential
ICT help desk manager,analyse-staff-capacity,analyse staff capacity,essential
ICT help desk manager,secure-sensitive-customer-s-information,secure sensitive customer's information,essential
ICT help desk manager,ict-quality-policy,ICT quality policy,optional
ICT help desk manager,ict-help-platforms,ICT help platforms,optional
ICT help desk manager,ict-market,ICT market,optional
ICT help desk manager,ict-process-quality-models,ICT process quality models,optional
ICT help desk manager,coach-employees,coach employees,optional
ICT help desk manager,manage-schedule-of-tasks,manage schedule of tasks,optional
ICT help desk manager,use-customer-relationship-management-software,use customer relationship management software,optional
ICT help desk manager,perform-project-management,perform project management,optional
ICT help desk manager,train-employees,train employees,optional
ICT help desk manager,prioritise-requests,prioritise requests,optional
online community manager,keywords-in-digital-content,keywords in digital content,essential
online community manager,web-analytics,web analytics,essential
online community manager,pricing-strategies,pricing strategies,essential
online community manager,corporate-social-responsibility,corporate social responsibility,essential
online community manager,market-research,market research,essential
online community manager,brand-marketing-techniques,brand marketing techniques,essential
online community manager,content-marketing-strategy,content marketing strategy,essential
online community manager,online-moderation-techniques,online moderation techniques,essential
online community manager,marketing-mix,marketing mix,essential
online community manager,authoring-software,authoring software,essential
online community manager,market-pricing,market pricing,essential
online community manager,marketing-principles,marketing principles,essential
online community manager,perform-online-data-analysis,perform online data analysis,essential
online community manager,integrate-strategic-foundation-in-daily-performance,integrate strategic foundation in daily performance,essential
online community manager,manage-feedback,manage feedback,essential
online community manager,plan-marketing-strategy,plan marketing strategy,essential
online community manager,translate-requirement-concepts-into-content,translate requirement concepts into content,essential
online community manager,evaluate-marketing-content,evaluate marketing content,essential
online community manager,use-different-communication-channels,use different communication channels,essential
online community manager,manage-profitability,manage profitability,essential
online community manager,use-content-management-system-software,use content management system software,essential
online community manager,research-website-users,research website users,essential
online community manager,apply-social-media-marketing,apply social media marketing,essential
online community manager,create-annual-marketing-budget,create annual marketing budget,essential
online community manager,analyse-consumer-buying-trends,analyse consumer buying trends,essential
online community manager,define-measurable-marketing-objectives,define measurable marketing objectives,essential
online community manager,track-key-performance-indicators,track key performance indicators,essential
online community manager,coordinate-marketing-plan-actions,coordinate marketing plan actions,essential
online community manager,analyse-internal-factors-of-companies,analyse internal factors of companies,essential
online community manager,plan-marketing-campaigns,plan marketing campaigns,essential
online community manager,develop-online-community-plan,develop online community plan,essential
online community manager,impart-business-plans-to-collaborators,impart business plans to collaborators,essential
online community manager,integrate-marketing-strategies-with-the-global-strategy,integrate marketing strategies with the global strategy,essential
online community manager,manage-content-development-projects,manage content development projects,essential
online community manager,collaborate-in-the-development-of-marketing-strategies,collaborate in the development of marketing strategies,essential
online community manager,provide-written-content,provide written content,essential
online community manager,develop-professional-network,develop professional network,essential
online community manager,analyse-customer-service-surveys,analyse customer service surveys,essential
online community manager,analyse-external-factors-of-companies,analyse external factors of companies,essential
online community manager,create-content-title,create content title,essential
online community manager,identify-potential-markets-for-companies,identify potential markets for companies,essential
online community manager,align-efforts-towards-business-development,align efforts towards business development,essential
online community manager,carry-out-forum-moderation,carry out forum moderation,essential
online community manager,follow-up-online-user-requests,follow up online user requests,essential
online community manager,perform-market-research,perform market research,essential
online community manager,analyse-work-related-written-reports,analyse work-related written reports,essential
online community manager,business-intelligence,business intelligence,optional
online community manager,behavioural-science,behavioural science,optional
online community manager,information-confidentiality,information confidentiality,optional
online community manager,content-development-processes,content development processes,optional
online community manager,manage-schedule-of-tasks,manage schedule of tasks,optional
online community manager,identify-technological-needs,identify technological needs,optional
online community manager,develop-inclusive-communication-material,develop inclusive communication material,optional
online community manager,manage-content-metadata,manage content metadata,optional
online community manager,conduct-search-engine-optimisation,conduct search engine optimisation,optional
online community manager,identify-ict-user-needs,identify ICT user needs,optional
online community manager,use-personal-organization-software,use personal organization software,optional
data warehouse designer,information-structure,information structure,essential
data warehouse designer,data-warehouse,data warehouse,essential
data warehouse designer,database,database,essential
data warehouse designer,web-programming,web programming,essential
data warehouse designer,ict-security-legislation,ICT security legislation,essential
data warehouse designer,business-process-modelling,business process modelling,essential
data warehouse designer,resource-description-framework-query-language,resource description framework query language,essential
data warehouse designer,query-languages,query languages,essential
data warehouse designer,database-development-tools,database development tools,essential
data warehouse designer,database-management-systems,database management systems,essential
data warehouse designer,systems-theory,systems theory,essential
data warehouse designer,migrate-existing-data,migrate existing data,essential
data warehouse designer,use-markup-languages,use markup languages,essential
data warehouse designer,develop-automated-migration-methods,develop automated migration methods,essential
data warehouse designer,assess-ict-knowledge,assess ICT knowledge,essential
data warehouse designer,manage-database,manage database,essential
data warehouse designer,create-software-design,create software design,essential
data warehouse designer,use-databases,use databases,essential
data warehouse designer,write-database-documentation,write database documentation,essential
data warehouse designer,design-database-scheme,design database scheme,essential
data warehouse designer,operate-relational-database-management-system,operate relational database management system,essential
data warehouse designer,identify-software-for-warehouse-management,identify software for warehouse management,essential
data warehouse designer,create-database-diagrams,create database diagrams,essential
data warehouse designer,create-data-sets,create data sets,essential
data warehouse designer,analyse-business-requirements,analyse business requirements,essential
data warehouse designer,manage-standards-for-data-exchange,manage standards for data exchange,essential
data warehouse designer,apply-ict-systems-theory,apply ICT systems theory,essential
data warehouse designer,define-technical-requirements,define technical requirements,essential
data warehouse designer,haskell,Haskell,optional
data warehouse designer,erlang,Erlang,optional
data warehouse designer,sas-language,SAS language,optional
data warehouse designer,agile-project-management,Agile project management,optional
data warehouse designer,ruby-computer-programming,Ruby (computer programming),optional
data warehouse designer,common-lisp,Common Lisp,optional
data warehouse designer,lisp,Lisp,optional
data warehouse designer,visual-studio-net,Visual Studio .NET,optional
data warehouse designer,java-computer-programming,Java (computer programming),optional
data warehouse designer,mdx,MDX,optional
data warehouse designer,computer-programming,computer programming,optional
data warehouse designer,prolog-computer-programming,Prolog (computer programming),optional
data warehouse designer,openedge-advanced-business-language,OpenEdge Advanced Business Language,optional
data warehouse designer,javascript,JavaScript,optional
data warehouse designer,db2,DB2,optional
data warehouse designer,microsoft-access,Microsoft Access,optional
data warehouse designer,xquery,XQuery,optional
data warehouse designer,perl,Perl,optional
data warehouse designer,smalltalk-computer-programming,Smalltalk (computer programming),optional
data warehouse designer,php,PHP,optional
data warehouse designer,openedge-database,OpenEdge Database,optional
data warehouse designer,assembly-computer-programming,Assembly (computer programming),optional
data warehouse designer,objectstore,ObjectStore,optional
data warehouse designer,c-2,C#,optional
data warehouse designer,mysql,MySQL,optional
data warehouse designer,triplestore,TripleStore,optional
data warehouse designer,r,R,optional
data warehouse designer,groovy,Groovy,optional
data warehouse designer,asp-net,ASP.NET,optional
data warehouse designer,apl,APL,optional
data warehouse designer,sparql,SPARQL,optional
data warehouse designer,microsoft-visual-c,Microsoft Visual C++,optional
data warehouse designer,ibm-informix,IBM Informix,optional
data warehouse designer,typescript,TypeScript,optional
data warehouse designer,coffeescript,CoffeeScript,optional
data warehouse designer,objective-c,Objective-C,optional
data warehouse designer,ml-computer-programming,ML (computer programming),optional
data warehouse designer,ldap,LDAP,optional
data warehouse designer,postgresql,PostgreSQL,optional
data warehouse designer,ajax,AJAX,optional
data warehouse designer,c,C++,optional
data warehouse designer,filemaker-database-management-systems,Filemaker (database management systems),optional
data warehouse designer,sap-r3,SAP R3,optional
data warehouse designer,swift-computer-programming,Swift (computer programming),optional
data warehouse designer,ict-project-management-methodologies,ICT project management methodologies,optional
data warehouse designer,sql-server,SQL Server,optional
data warehouse designer,matlab,MATLAB,optional
data warehouse designer,unstructured-data,unstructured data,optional
data warehouse designer,ca-datacom-db,CA Datacom/DB,optional
data warehouse designer,linq,LINQ,optional
data warehouse designer,python-computer-programming,Python (computer programming),optional
data warehouse designer,scratch-computer-programming,Scratch (computer programming),optional
data warehouse designer,process-based-management,Process-based management,optional
data warehouse designer,teradata-database,Teradata Database,optional
data warehouse designer,lean-project-management,Lean project management,optional
data warehouse designer,vbscript,VBScript,optional
data warehouse designer,oracle-relational-database,Oracle Relational Database,optional
data warehouse designer,cobol,COBOL,optional
data warehouse designer,product-data-management,product data management,optional
data warehouse designer,marklogic,MarkLogic,optional
data warehouse designer,pascal-computer-programming,Pascal (computer programming),optional
data warehouse designer,abap,ABAP,optional
data warehouse designer,n1ql,N1QL,optional
data warehouse designer,data-models,data models,optional
data warehouse designer,scala,Scala,optional
data warehouse designer,define-database-physical-structure,define database physical structure,optional
data warehouse designer,perform-data-analysis,perform data analysis,optional
data warehouse designer,use-access-control-software,use access control software,optional
data warehouse designer,store-digital-data-and-systems,store digital data and systems,optional
data warehouse designer,use-query-languages,use query languages,optional
data warehouse designer,design-database-in-the-cloud,design database in the cloud,optional
data warehouse designer,use-back-up-and-recovery-tools,use back-up and recovery tools,optional
data warehouse designer,develop-reporting-software,develop reporting software,optional
data warehouse designer,design-database-backup-specifications,design database backup specifications,optional
data warehouse designer,apply-technical-communication-skills,apply technical communication skills,optional
data warehouse designer,manage-cloud-data-and-storage,manage cloud data and storage,optional
data warehouse designer,build-business-relationships,build business relationships,optional
data warehouse designer,perform-resource-planning,perform resource planning,optional
data warehouse designer,design-user-interface,design user interface,optional
data protection officer,internal-risk-management-policy,internal risk management policy,essential
data protection officer,information-security-strategy,information security strategy,essential
data protection officer,ict-security-legislation,ICT security legislation,essential
data protection officer,internal-auditing,internal auditing,essential
data protection officer,information-governance-compliance,information governance compliance,essential
data protection officer,data-protection,data protection,essential
data protection officer,information-confidentiality,information confidentiality,essential
data protection officer,gdpr,GDPR,essential
data protection officer,respect-data-protection-principles,respect data protection principles,essential
data protection officer,ensure-compliance-with-legal-requirements,ensure compliance with legal requirements,essential
data protection officer,develop-organisational-policies,develop organisational policies,essential
data protection officer,protect-personal-data-and-privacy,protect personal data and privacy,essential
data protection officer,develop-information-security-strategy,develop information security strategy,essential
data protection officer,use-consulting-techniques,use consulting techniques,essential
data protection officer,develop-training-programmes,develop training programmes,essential
data protection officer,ensure-information-privacy,ensure information privacy,essential
data protection officer,apply-information-security-policies,apply information security policies,essential
data protection officer,monitor-legislation-developments,monitor legislation developments,essential
data protection officer,manage-data-for-legal-matters,manage data for legal matters,essential
data protection officer,identify-legal-requirements,identify legal requirements,essential
data protection officer,advise-on-government-policy-compliance,advise on government policy compliance,essential
data protection officer,define-organisational-standards,define organisational standards,essential
data protection officer,train-employees,train employees,essential
data protection officer,risk-management,risk management,optional
data protection officer,apply-system-organisational-policies,apply system organisational policies,optional
data protection officer,conduct-impact-evaluation-of-ict-processes-on-business,conduct impact evaluation of ICT processes on business,optional
data protection officer,maintain-internal-communication-systems,maintain internal communication systems,optional
data protection officer,document-project-progress,document project progress,optional
data protection officer,perform-data-cleansing,perform data cleansing,optional
data protection officer,estimate-impact-of-risks,estimate impact of risks,optional
data protection officer,address-identified-risks,address identified risks,optional
data protection officer,write-work-related-reports,write work-related reports,optional
data protection officer,manage-digital-identity,manage digital identity,optional
data protection officer,perform-project-management,perform project management,optional
data protection officer,manage-keys-for-data-protection,manage keys for data protection,optional
ICT presales engineer,customer-segmentation,customer segmentation,essential
ICT presales engineer,business-intelligence,business intelligence,essential
ICT presales engineer,ict-sales-methodologies,ICT sales methodologies,essential
ICT presales engineer,keep-up-to-date-on-product-knowledge,keep up to date on product knowledge,essential
ICT presales engineer,apply-conflict-management,apply conflict management,essential
ICT presales engineer,comply-with-legal-regulations,comply with legal regulations,essential
ICT presales engineer,identify-customer-s-needs,identify customer's needs,essential
ICT presales engineer,prepare-scientific-reports,prepare scientific reports,essential
ICT presales engineer,develop-revenue-generation-strategies,develop revenue generation strategies,essential
ICT presales engineer,define-technical-requirements,define technical requirements,essential
ICT presales engineer,perform-market-research,perform market research,essential
ICT presales engineer,sas-language,SAS language,optional
ICT presales engineer,emergent-technologies,emergent technologies,optional
ICT presales engineer,digital-marketing-techniques,digital marketing techniques,optional
ICT presales engineer,software-components-libraries,software components libraries,optional
ICT presales engineer,hardware-components,hardware components,optional
ICT presales engineer,statistical-analysis-system-software,statistical analysis system software,optional
ICT presales engineer,ict-system-user-requirements,ICT system user requirements,optional
ICT presales engineer,market-pricing,market pricing,optional
ICT presales engineer,ict-market,ICT market,optional
ICT presales engineer,software-components-suppliers,software components suppliers,optional
ICT presales engineer,implement-marketing-strategies,implement marketing strategies,optional
ICT presales engineer,deliver-a-sales-pitch,deliver a sales pitch,optional
ICT presales engineer,apply-statistical-analysis-techniques,apply statistical analysis techniques,optional
ICT presales engineer,use-different-communication-channels,use different communication channels,optional
ICT presales engineer,identify-training-needs,identify training needs,optional
ICT presales engineer,coordinate-technological-activities,coordinate technological activities,optional
ICT presales engineer,develop-account-strategy,develop account strategy,optional
ICT presales engineer,perform-project-management,perform project management,optional
digital prototyper,3d-body-scanning-technologies,3D body scanning technologies,essential
digital prototyper,prepare-production-prototypes,prepare production prototypes,essential
illustrator,labour-legislation,labour legislation,essential
illustrator,intellectual-property-law,intellectual property law,essential
illustrator,art-history,art history,essential
illustrator,graphic-design,graphic design,essential
illustrator,copyright-legislation,copyright legislation,essential
illustrator,follow-work-schedule,follow work schedule,essential
illustrator,follow-a-brief,follow a brief,essential
illustrator,interpret-illustration-needs,interpret illustration needs,essential
illustrator,finish-project-within-budget,finish project within budget,essential
illustrator,consult-with-business-clients,consult with business clients,essential
illustrator,select-illustration-styles,select illustration styles,essential
illustrator,analyse-texts-to-be-illustrated,analyse texts to be illustrated,essential
illustrator,ict-software-specifications,ICT software specifications,optional
illustrator,multimedia-systems,multimedia systems,optional
illustrator,desktop-publishing,desktop publishing,optional
illustrator,edit-negatives,edit negatives,optional
illustrator,create-animated-narratives,create animated narratives,optional
illustrator,create-original-drawings,create original drawings,optional
illustrator,use-traditional-illustration-techniques,use traditional illustration techniques,optional
illustrator,apply-desktop-publishing-techniques,apply desktop publishing techniques,optional
illustrator,create-sketches,create sketches,optional
illustrator,use-digital-illustration-techniques,use digital illustration techniques,optional
illustrator,perform-image-editing,perform image editing,optional
illustrator,edit-photographs,edit photographs,optional
illustrator,create-2d-painting,create 2D painting,optional
illustrator,design-graphics,design graphics,optional
computer vision engineer,computer-programming,computer programming,essential
computer vision engineer,machine-learning,machine learning,essential
computer vision engineer,statistics,statistics,essential
computer vision engineer,integrated-development-environment-software,integrated development environment software,essential
computer vision engineer,digital-image-processing,digital image processing,essential
computer vision engineer,python-computer-programming,Python (computer programming),essential
computer vision engineer,principles-of-artificial-intelligence,principles of artificial intelligence,essential
computer vision engineer,provide-technical-documentation,provide technical documentation,essential
computer vision engineer,normalise-data,normalise data,essential
computer vision engineer,utilise-computer-aided-software-engineering-tools,utilise computer-aided software engineering tools,essential
computer vision engineer,interpret-current-data,interpret current data,essential
computer vision engineer,establish-data-processes,establish data processes,essential
computer vision engineer,execute-analytical-mathematical-calculations,execute analytical mathematical calculations,essential
computer vision engineer,apply-statistical-analysis-techniques,apply statistical analysis techniques,essential
computer vision engineer,perform-dimensionality-reduction,perform dimensionality reduction,essential
computer vision engineer,handle-data-samples,handle data samples,essential
computer vision engineer,perform-data-cleansing,perform data cleansing,essential
computer vision engineer,implement-data-quality-processes,implement data quality processes,essential
computer vision engineer,develop-software-prototype,develop software prototype,essential
computer vision engineer,use-software-libraries,use software libraries,essential
computer vision engineer,manage-data-collection-systems,manage data collection systems,essential
computer vision engineer,deliver-visual-presentation-of-data,deliver visual presentation of data,essential
computer vision engineer,report-analysis-results,report analysis results,essential
computer vision engineer,define-technical-requirements,define technical requirements,essential
computer vision engineer,develop-data-processing-applications,develop data processing applications,essential
computer vision engineer,image-formation,image formation,optional
computer vision engineer,resource-description-framework-query-language,resource description framework query language,optional
computer vision engineer,query-languages,query languages,optional
computer vision engineer,signal-processing,signal processing,optional
computer vision engineer,deep-learning,deep learning,optional
computer vision engineer,use-markup-languages,use markup languages,optional
computer vision engineer,debug-software,debug software,optional
computer vision engineer,perform-data-mining,perform data mining,optional
computer vision engineer,define-data-quality-criteria,define data quality criteria,optional
computer vision engineer,conduct-quantitative-research,conduct quantitative research,optional
computer vision engineer,conduct-qualitative-research,conduct qualitative research,optional
computer vision engineer,create-data-models,create data models,optional
computer vision engineer,design-user-interface,design user interface,optional
embedded systems security engineer,information-security-strategy,information security strategy,essential
embedded systems security engineer,embedded-systems,embedded systems,essential
embedded systems security engineer,computer-programming,computer programming,essential
embedded systems security engineer,ict-network-security-risks,ICT network security risks,essential
embedded systems security engineer,ict-security-standards,ICT security standards,essential
embedded systems security engineer,software-anomalies,software anomalies,essential
embedded systems security engineer,cyber-attack-counter-measures,cyber attack counter-measures,essential
embedded systems security engineer,internet-of-things,Internet of Things,essential
embedded systems security engineer,provide-technical-documentation,provide technical documentation,essential
embedded systems security engineer,manage-it-security-compliances,manage IT security compliances,essential
embedded systems security engineer,utilise-computer-aided-software-engineering-tools,utilise computer-aided software engineering tools,essential
embedded systems security engineer,perform-risk-analysis,perform risk analysis,essential
embedded systems security engineer,keep-up-with-the-latest-information-systems-solutions,keep up with the latest information systems solutions,essential
embedded systems security engineer,provide-ict-consulting-advice,provide ICT consulting advice,essential
embedded systems security engineer,use-software-design-patterns,use software design patterns,essential
embedded systems security engineer,define-security-policies,define security policies,essential
embedded systems security engineer,report-test-findings,report test findings,essential
embedded systems security engineer,develop-software-prototype,develop software prototype,essential
embedded systems security engineer,analyse-ict-system,analyse ICT system,essential
embedded systems security engineer,develop-ict-device-driver,develop ICT device driver,essential
embedded systems security engineer,interpret-technical-texts,interpret technical texts,essential
embedded systems security engineer,use-software-libraries,use software libraries,essential
embedded systems security engineer,create-flowchart-diagram,create flowchart diagram,essential
embedded systems security engineer,execute-software-tests,execute software tests,essential
embedded systems security engineer,monitor-system-performance,monitor system performance,essential
embedded systems security engineer,define-technical-requirements,define technical requirements,essential
embedded systems security engineer,identify-ict-system-weaknesses,identify ICT system weaknesses,essential
embedded systems security engineer,perform-ict-security-testing,perform ICT security testing,essential
embedded systems security engineer,identify-ict-security-risks,identify ICT security risks,essential
embedded systems security engineer,organisational-resilience,organisational resilience,optional
embedded systems security engineer,cloud-technologies,cloud technologies,optional
embedded systems security engineer,ict-encryption,ICT encryption,optional
embedded systems security engineer,debug-software,debug software,optional
embedded systems security engineer,develop-creative-ideas,develop creative ideas,optional
embedded systems security engineer,perform-project-management,perform project management,optional
embedded systems security engineer,integrate-system-components,integrate system components,optional
embedded systems security engineer,design-user-interface,design user interface,optional
green ICT consultant,ict-environmental-policies,ICT environmental policies,essential
green ICT consultant,create-project-specifications,create project specifications,essential
green ICT consultant,provide-ict-consulting-advice,provide ICT consulting advice,essential
green ICT consultant,optimise-choice-of-ict-solution,optimise choice of ICT solution,essential
green ICT consultant,apply-business-acumen,apply business acumen,essential
green ICT consultant,consult-with-business-clients,consult with business clients,essential
green ICT consultant,define-technical-requirements,define technical requirements,essential
green ICT consultant,emergent-technologies,emergent technologies,optional
green ICT consultant,ict-sales-methodologies,ICT sales methodologies,optional
green ICT consultant,legal-requirements-of-ict-products,legal requirements of ICT products,optional
green ICT consultant,copyright-legislation,copyright legislation,optional
green ICT consultant,ict-market,ICT market,optional
green ICT consultant,software-components-suppliers,software components suppliers,optional
green ICT consultant,ict-power-consumption,ICT power consumption,optional
green ICT consultant,track-key-performance-indicators,track key performance indicators,optional
sound mastering engineer,audio-technology,audio technology,essential
sound mastering engineer,types-of-audiovisual-formats,types of audiovisual formats,essential
sound mastering engineer,audio-editing-software,audio editing software,essential
sound mastering engineer,audio-mastering,audio mastering,essential
sound mastering engineer,edit-recorded-sound,edit recorded sound,essential
sound mastering engineer,convert-different-audiovisual-formats,convert different audiovisual formats,essential
sound mastering engineer,audio-post-production,audio post-production,optional
blockchain developer,computer-programming,computer programming,essential
blockchain developer,decentralized-application-frameworks,decentralized application frameworks,essential
blockchain developer,principles-of-distributed-ledger-technology,principles of distributed ledger technology,essential
blockchain developer,blockchain-openness,blockchain openness,essential
blockchain developer,software-components-libraries,software components libraries,essential
blockchain developer,ict-debugging-tools,ICT debugging tools,essential
blockchain developer,smart-contract,smart contract,essential
blockchain developer,blockchain-platforms,blockchain platforms,essential
blockchain developer,blockchain-consensus-mechanisms,blockchain consensus mechanisms,essential
blockchain developer,provide-technical-documentation,provide technical documentation,essential
blockchain developer,utilise-computer-aided-software-engineering-tools,utilise computer-aided software engineering tools,essential
blockchain developer,debug-software,debug software,essential
blockchain developer,use-software-design-patterns,use software design patterns,essential
blockchain developer,use-software-libraries,use software libraries,essential
blockchain developer,interpret-technical-requirements,interpret technical requirements,essential
blockchain developer,java-computer-programming,Java (computer programming),optional
blockchain developer,angular,Angular,optional
blockchain developer,javascript,JavaScript,optional
blockchain developer,vyper,Vyper,optional
blockchain developer,solidity,Solidity,optional
blockchain developer,typescript,TypeScript,optional
blockchain developer,data-analytics,data analytics,optional
blockchain developer,c,C++,optional
blockchain developer,cloud-technologies,cloud technologies,optional
blockchain developer,ict-encryption,ICT encryption,optional
blockchain developer,saas-service-oriented-modelling,SaaS (service-oriented modelling),optional
blockchain developer,scala,Scala,optional
blockchain developer,use-markup-languages,use markup languages,optional
blockchain developer,implement-front-end-website-design,implement front-end website design,optional
blockchain developer,adapt-to-changes-in-technological-development-plans,adapt to changes in technological development plans,optional
blockchain developer,design-user-interface,design user interface,optional
data scientist,data-mining,data mining,essential
data scientist,visual-presentation-techniques,visual presentation techniques,essential
data scientist,information-extraction,information extraction,essential
data scientist,statistics,statistics,essential
data scientist,information-categorisation,information categorisation,essential
data scientist,resource-description-framework-query-language,resource description framework query language,essential
data scientist,query-languages,query languages,essential
data scientist,online-analytical-processing,online analytical processing,essential
data scientist,data-models,data models,essential
data scientist,draft-scientific-or-academic-papers-and-technical-documentation,draft scientific or academic papers and technical documentation,essential
data scientist,normalise-data,normalise data,essential
data scientist,manage-research-data,manage research data,essential
data scientist,use-data-processing-techniques,use data processing techniques,essential
data scientist,interpret-current-data,interpret current data,essential
data scientist,interact-professionally-in-research-and-professional-environments,interact professionally in research and professional environments,essential
data scientist,operate-open-source-software,operate open source software,essential
data scientist,establish-data-processes,establish data processes,essential
data scientist,speak-different-languages,speak different languages,essential
data scientist,execute-analytical-mathematical-calculations,execute analytical mathematical calculations,essential
data scientist,use-databases,use databases,essential
data scientist,handle-data-samples,handle data samples,essential
data scientist,manage-findable-accessible-interoperable-and-reusable-data,manage findable accessible interoperable and reusable data,essential
data scientist,build-recommender-systems,build recommender systems,essential
data scientist,perform-data-cleansing,perform data cleansing,essential
data scientist,manage-intellectual-property-rights,manage intellectual property rights,essential
data scientist,design-database-scheme,design database scheme,essential
data scientist,implement-data-quality-processes,implement data quality processes,essential
data scientist,collect-ict-data,collect ICT data,essential
data scientist,think-abstractly,think abstractly,essential
data scientist,mentor-individuals,mentor individuals,essential
data scientist,manage-data-collection-systems,manage data collection systems,essential
data scientist,manage-personal-professional-development,manage personal professional development,essential
data scientist,deliver-visual-presentation-of-data,deliver visual presentation of data,essential
data scientist,report-analysis-results,report analysis results,essential
data scientist,perform-project-management,perform project management,essential
data scientist,manage-open-publications,manage open publications,essential
data scientist,synthesise-information,synthesise information,essential
data scientist,develop-data-processing-applications,develop data processing applications,essential
data scientist,communicate-with-a-non-scientific-audience,communicate with a non-scientific audience ,essential
data scientist,business-intelligence,business intelligence,optional
data scientist,mdx,MDX,optional
data scientist,xquery,XQuery,optional
data scientist,sparql,SPARQL,optional
data scientist,ldap,LDAP,optional
data scientist,unstructured-data,unstructured data,optional
data scientist,linq,LINQ,optional
data scientist,data-quality-assessment,data quality assessment,optional
data scientist,hadoop,Hadoop,optional
data scientist,n1ql,N1QL,optional
data scientist,manage-ict-data-classification,manage ICT data classification,optional
data scientist,use-spreadsheets-software,use spreadsheets software,optional
data scientist,perform-data-mining,perform data mining,optional
data scientist,integrate-ict-data,integrate ICT data,optional
data scientist,manage-ict-data-architecture,manage ICT data architecture,optional
data scientist,define-data-quality-criteria,define data quality criteria,optional
data scientist,design-database-in-the-cloud,design database in the cloud,optional
data scientist,manage-data,manage data,optional
data scientist,create-data-models,create data models,optional
chief ICT security officer,internal-risk-management-policy,internal risk management policy,essential
chief ICT security officer,information-security-strategy,information security strategy,essential
chief ICT security officer,ict-network-security-risks,ICT network security risks,essential
chief ICT security officer,decision-support-systems,decision support systems,essential
chief ICT security officer,ict-security-standards,ICT security standards,essential
chief ICT security officer,attack-vectors,attack vectors,essential
chief ICT security officer,cyber-attack-counter-measures,cyber attack counter-measures,essential
chief ICT security officer,audit-techniques,audit techniques,essential
chief ICT security officer,ict-security-legislation,ICT security legislation,essential
chief ICT security officer,organisational-resilience,organisational resilience,essential
chief ICT security officer,cyber-security,cyber security,essential
chief ICT security officer,data-protection,data protection,essential
chief ICT security officer,information-confidentiality,information confidentiality,essential
chief ICT security officer,manage-it-security-compliances,manage IT security compliances,essential
chief ICT security officer,implement-ict-safety-policies,implement ICT safety policies,essential
chief ICT security officer,ensure-compliance-with-legal-requirements,ensure compliance with legal requirements,essential
chief ICT security officer,monitor-developments-in-field-of-expertise,monitor developments in field of expertise,essential
chief ICT security officer,manage-disaster-recovery-plans,manage disaster recovery plans,essential
chief ICT security officer,implement-ict-risk-management,implement ICT risk management,essential
chief ICT security officer,educate-on-data-confidentiality,educate on data confidentiality,essential
chief ICT security officer,ensure-information-privacy,ensure information privacy,essential
chief ICT security officer,monitor-technology-trends,monitor technology trends,essential
chief ICT security officer,maintain-plan-for-continuity-of-operations,maintain plan for continuity of operations,essential
chief ICT security officer,ensure-cross-department-cooperation,ensure cross-department cooperation,essential
chief ICT security officer,ensure-adherence-to-organisational-ict-standards,ensure adherence to organisational ICT standards,essential
chief ICT security officer,lead-disaster-recovery-exercises,lead disaster recovery exercises,essential
chief ICT security officer,utilise-decision-support-system,utilise decision support system,essential
chief ICT security officer,implement-corporate-governance,implement corporate governance,essential
chief ICT security officer,identify-ict-security-risks,identify ICT security risks,essential
chief ICT security officer,implement-cloud-security-and-compliance,implement cloud security and compliance,optional
chief ICT security officer,computer-forensics,computer forensics,optional
chief ICT security officer,cloud-security-and-compliance,cloud security and compliance,optional
chief ICT security officer,computer-programming,computer programming,optional
chief ICT security officer,software-anomalies,software anomalies,optional
chief ICT security officer,internet-governance,internet governance,optional
chief ICT security officer,ict-communications-protocols,ICT communications protocols,optional
chief ICT security officer,world-wide-web-consortium-standards,World Wide Web Consortium standards,optional
chief ICT security officer,cloud-monitoring-and-reporting,cloud monitoring and reporting,optional
chief ICT security officer,web-application-security-threats,web application security threats,optional
chief ICT security officer,control-objectives-for-information-and-related-technology,control objectives for information and related technology,optional
chief ICT security officer,cloud-technologies,cloud technologies,optional
chief ICT security officer,ict-recovery-techniques,ICT recovery techniques,optional
chief ICT security officer,ict-system-user-requirements,ICT system user requirements,optional
chief ICT security officer,ict-infrastructure,ICT infrastructure,optional
chief ICT security officer,ict-encryption,ICT encryption,optional
chief ICT security officer,internet-of-things,Internet of Things,optional
chief ICT security officer,ict-process-quality-models,ICT process quality models,optional
chief ICT security officer,create-solutions-to-problems,create solutions to problems,optional
chief ICT security officer,assess-ict-knowledge,assess ICT knowledge,optional
chief ICT security officer,conduct-impact-evaluation-of-ict-processes-on-business,conduct impact evaluation of ICT processes on business,optional
chief ICT security officer,manage-staff,manage staff,optional
chief ICT security officer,optimise-choice-of-ict-solution,optimise choice of ICT solution,optional
chief ICT security officer,use-different-communication-channels,use different communication channels,optional
chief ICT security officer,execute-ict-audits,execute ICT audits,optional
chief ICT security officer,safeguard-online-privacy-and-identity,safeguard online privacy and identity,optional
chief ICT security officer,implement-a-virtual-private-network,implement a virtual private network,optional
chief ICT security officer,coordinate-technological-activities,coordinate technological activities,optional
chief ICT security officer,identify-legal-requirements,identify legal requirements,optional
chief ICT security officer,implement-anti-virus-software,implement anti-virus software,optional
chief ICT security officer,manage-digital-identity,manage digital identity,optional
chief ICT security officer,apply-operations-for-an-itil-based-environment,apply operations for an ITIL-based environment,optional
chief ICT security officer,train-employees,train employees,optional
chief ICT security officer,implement-a-firewall,implement a firewall,optional
chief ICT security officer,manage-keys-for-data-protection,manage keys for data protection,optional
enterprise architect,information-architecture,information architecture,essential
enterprise architect,object-oriented-modelling,object-oriented modelling,essential
enterprise architect,legal-requirements-of-ict-products,legal requirements of ICT products,essential
enterprise architect,business-strategy-concepts,business strategy concepts,essential
enterprise architect,ict-project-management-methodologies,ICT project management methodologies,essential
enterprise architect,ict-architectural-frameworks,ICT architectural frameworks,essential
enterprise architect,ict-market,ICT market,essential
enterprise architect,use-an-application-specific-interface,use an application-specific interface,essential
enterprise architect,implement-ict-safety-policies,implement ICT safety policies,essential
enterprise architect,perform-risk-analysis,perform risk analysis,essential
enterprise architect,keep-up-with-the-latest-information-systems-solutions,keep up with the latest information systems solutions,essential
enterprise architect,provide-ict-consulting-advice,provide ICT consulting advice,essential
enterprise architect,align-software-with-system-architectures,align software with system architectures,essential
enterprise architect,manage-ict-data-architecture,manage ICT data architecture,essential
enterprise architect,collect-customer-feedback-on-applications,collect customer feedback on applications,essential
enterprise architect,apply-ict-system-usage-policies,apply ICT system usage policies,essential
enterprise architect,design-information-system,design information system,essential
enterprise architect,review-development-process-of-an-organisation,review development process of an organisation,essential
enterprise architect,perform-project-management,perform project management,essential
enterprise architect,execute-feasibility-study,execute feasibility study,essential
enterprise architect,design-enterprise-architecture,design enterprise architecture,essential
enterprise architect,define-software-architecture,define software architecture,essential
enterprise architect,haskell,Haskell,optional
enterprise architect,incremental-development,Incremental development,optional
enterprise architect,erlang,Erlang,optional
enterprise architect,sas-language,SAS language,optional
enterprise architect,agile-project-management,Agile project management,optional
enterprise architect,ruby-computer-programming,Ruby (computer programming),optional
enterprise architect,common-lisp,Common Lisp,optional
enterprise architect,lisp,Lisp,optional
enterprise architect,business-requirements-techniques,business requirements techniques,optional
enterprise architect,visual-studio-net,Visual Studio .NET,optional
enterprise architect,java-computer-programming,Java (computer programming),optional
enterprise architect,computer-programming,computer programming,optional
enterprise architect,software-architecture-models,software architecture models,optional
enterprise architect,prolog-computer-programming,Prolog (computer programming),optional
enterprise architect,openedge-advanced-business-language,OpenEdge Advanced Business Language,optional
enterprise architect,iterative-development,Iterative development,optional
enterprise architect,javascript,JavaScript,optional
enterprise architect,perl,Perl,optional
enterprise architect,emergent-technologies,emergent technologies,optional
enterprise architect,smalltalk-computer-programming,Smalltalk (computer programming),optional
enterprise architect,php,PHP,optional
enterprise architect,assembly-computer-programming,Assembly (computer programming),optional
enterprise architect,spiral-development,Spiral development,optional
enterprise architect,c-2,C#,optional
enterprise architect,r,R,optional
enterprise architect,groovy,Groovy,optional
enterprise architect,asp-net,ASP.NET,optional
enterprise architect,apl,APL,optional
enterprise architect,waterfall-development,Waterfall development,optional
enterprise architect,unified-modelling-language,unified modelling language,optional
enterprise architect,microsoft-visual-c,Microsoft Visual C++,optional
enterprise architect,typescript,TypeScript,optional
enterprise architect,software-design-methodologies,software design methodologies,optional
enterprise architect,rapid-application-development,Rapid application development,optional
enterprise architect,business-process-modelling,business process modelling,optional
enterprise architect,coffeescript,CoffeeScript,optional
enterprise architect,objective-c,Objective-C,optional
enterprise architect,ml-computer-programming,ML (computer programming),optional
enterprise architect,ajax,AJAX,optional
enterprise architect,c,C++,optional
enterprise architect,sap-r3,SAP R3,optional
enterprise architect,swift-computer-programming,Swift (computer programming),optional
enterprise architect,matlab,MATLAB,optional
enterprise architect,python-computer-programming,Python (computer programming),optional
enterprise architect,scratch-computer-programming,Scratch (computer programming),optional
enterprise architect,process-based-management,Process-based management,optional
enterprise architect,lean-project-management,Lean project management,optional
enterprise architect,agile-development,Agile development,optional
enterprise architect,vbscript,VBScript,optional
enterprise architect,cobol,COBOL,optional
enterprise architect,pascal-computer-programming,Pascal (computer programming),optional
enterprise architect,abap,ABAP,optional
enterprise architect,prototyping-development,Prototyping development,optional
enterprise architect,devops,DevOps,optional
enterprise architect,scala,Scala,optional
enterprise architect,apply-conflict-management,apply conflict management,optional
enterprise architect,manage-staff,manage staff,optional
enterprise architect,optimise-choice-of-ict-solution,optimise choice of ICT solution,optional
enterprise architect,use-different-communication-channels,use different communication channels,optional
enterprise architect,provide-cost-benefit-analysis-reports,provide cost benefit analysis reports,optional
enterprise architect,apply-systemic-design-thinking,apply systemic design thinking,optional
enterprise architect,monitor-technology-trends,monitor technology trends,optional
enterprise architect,apply-information-security-policies,apply information security policies,optional
enterprise architect,coordinate-technological-activities,coordinate technological activities,optional
enterprise architect,analyse-business-requirements,analyse business requirements,optional
enterprise architect,manage-cloud-data-and-storage,manage cloud data and storage,optional
enterprise architect,build-business-relationships,build business relationships,optional
mobile application developer,computer-programming,computer programming,essential
mobile application developer,ict-debugging-tools,ICT debugging tools,essential
mobile application developer,integrated-development-environment-software,integrated development environment software,essential
mobile application developer,mobile-operating-systems,mobile operating systems,essential
mobile application developer,tools-for-software-configuration-management,tools for software configuration management,essential
mobile application developer,internet-of-things,Internet of Things,essential
mobile application developer,migrate-existing-data,migrate existing data,essential
mobile application developer,use-an-application-specific-interface,use an application-specific interface,essential
mobile application developer,develop-automated-migration-methods,develop automated migration methods,essential
mobile application developer,utilise-computer-aided-software-engineering-tools,utilise computer-aided software engineering tools,essential
mobile application developer,debug-software,debug software,essential
mobile application developer,use-software-design-patterns,use software design patterns,essential
mobile application developer,collect-customer-feedback-on-applications,collect customer feedback on applications,essential
mobile application developer,develop-software-prototype,develop software prototype,essential
mobile application developer,interpret-technical-texts,interpret technical texts,essential
mobile application developer,use-software-libraries,use software libraries,essential
mobile application developer,create-flowchart-diagram,create flowchart diagram,essential
mobile application developer,analyse-software-specifications,analyse software specifications,essential
mobile application developer,haskell,Haskell,optional
mobile application developer,kdevelop,KDevelop,optional
mobile application developer,erlang,Erlang,optional
mobile application developer,sas-language,SAS language,optional
mobile application developer,ruby-computer-programming,Ruby (computer programming),optional
mobile application developer,common-lisp,Common Lisp,optional
mobile application developer,apache-maven,Apache Maven,optional
mobile application developer,lisp,Lisp,optional
mobile application developer,visual-studio-net,Visual Studio .NET,optional
mobile application developer,java-computer-programming,Java (computer programming),optional
mobile application developer,prolog-computer-programming,Prolog (computer programming),optional
mobile application developer,openedge-advanced-business-language,OpenEdge Advanced Business Language,optional
mobile application developer,javascript,JavaScript,optional
mobile application developer,perl,Perl,optional
mobile application developer,smalltalk-computer-programming,Smalltalk (computer programming),optional
mobile application developer,php,PHP,optional
mobile application developer,software-anomalies,software anomalies,optional
mobile application developer,xcode,Xcode,optional
mobile application developer,assembly-computer-programming,Assembly (computer programming),optional
mobile application developer,c-2,C#,optional
mobile application developer,r,R,optional
mobile application developer,groovy,Groovy,optional
mobile application developer,asp-net,ASP.NET,optional
mobile application developer,apl,APL,optional
mobile application developer,object-oriented-modelling,object-oriented modelling,optional
mobile application developer,puppet-tools-for-software-configuration-management,Puppet (tools for software configuration management),optional
mobile application developer,staf,STAF,optional
mobile application developer,eclipse-integrated-development-environment-software,Eclipse (integrated development environment software),optional
mobile application developer,ansible,Ansible,optional
mobile application developer,ict-security-legislation,ICT security legislation,optional
mobile application developer,microsoft-visual-c,Microsoft Visual C++,optional
mobile application developer,typescript,TypeScript,optional
mobile application developer,world-wide-web-consortium-standards,World Wide Web Consortium standards,optional
mobile application developer,windows-phone,Windows Phone,optional
mobile application developer,coffeescript,CoffeeScript,optional
mobile application developer,objective-c,Objective-C,optional
mobile application developer,ml-computer-programming,ML (computer programming),optional
mobile application developer,augmented-reality,augmented reality,optional
mobile application developer,ajax,AJAX,optional
mobile application developer,c,C++,optional
mobile application developer,mobile-device-software-frameworks,mobile device software frameworks,optional
mobile application developer,blackberry,BlackBerry,optional
mobile application developer,sap-r3,SAP R3,optional
mobile application developer,swift-computer-programming,Swift (computer programming),optional
mobile application developer,matlab,MATLAB,optional
mobile application developer,salt-tools-for-software-configuration-management,Salt (tools for software configuration management),optional
mobile application developer,python-computer-programming,Python (computer programming),optional
mobile application developer,ios,iOS,optional
mobile application developer,scratch-computer-programming,Scratch (computer programming),optional
mobile application developer,android-mobile-operating-systems,Android (mobile operating systems),optional
mobile application developer,vbscript,VBScript,optional
mobile application developer,cobol,COBOL,optional
mobile application developer,pascal-computer-programming,Pascal (computer programming),optional
mobile application developer,abap,ABAP,optional
mobile application developer,jenkins-tools-for-software-configuration-management,Jenkins (tools for software configuration management),optional
mobile application developer,scala,Scala,optional
mobile application developer,identify-customer-requirements,identify customer requirements,optional
mobile application developer,use-concurrent-programming,use concurrent programming,optional
mobile application developer,use-logic-programming,use logic programming,optional
mobile application developer,use-object-oriented-programming,use object-oriented programming,optional
mobile application developer,use-query-languages,use query languages,optional
mobile application developer,use-automatic-programming,use automatic programming,optional
mobile application developer,develop-creative-ideas,develop creative ideas,optional
mobile application developer,use-functional-programming,use functional programming,optional
mobile application developer,integrate-system-components,integrate system components,optional
mobile application developer,adapt-to-changes-in-technological-development-plans,adapt to changes in technological development plans,optional
mobile application developer,design-user-interface,design user interface,optional
animation director,graphic-design,graphic design,essential
animation director,motion-graphics,motion graphics,essential
animation director,computer-equipment,computer equipment,essential
animation director,ict-software-specifications,ICT software specifications,essential
animation director,multimedia-systems,multimedia systems,essential
animation director,follow-work-schedule,follow work schedule,essential
animation director,manage-budgets,manage budgets,essential
animation director,follow-a-brief,follow a brief,essential
animation director,manage-staff,manage staff,essential
animation director,finish-project-within-budget,finish project within budget,essential
animation director,analyse-the-need-for-technical-resources,analyse the need for technical resources,essential
animation director,hire-new-personnel,hire new personnel,essential
animation director,perform-project-management,perform project management,essential
animation director,adobe-photoshop,Adobe Photoshop,optional
animation director,motion-capture,motion capture,optional
animation director,adobe-illustrator,Adobe Illustrator,optional
animation director,digital-compositing,digital compositing,optional
animation director,gimp-graphics-editor-software,GIMP (graphics editor software),optional
animation director,3d-lighting,3D lighting,optional
animation director,sketchbook-pro,SketchBook Pro,optional
animation director,microsoft-visio,Microsoft Visio,optional
animation director,graphics-editor-software,graphics editor software,optional
animation director,augmented-reality,augmented reality,optional
animation director,synfig,Synfig,optional
animation director,create-3d-environments,create 3D environments,optional
animation director,apply-3d-imaging-techniques,apply 3D imaging techniques,optional
animation director,create-3d-characters,create 3D characters,optional
animation director,manage-contracts,manage contracts,optional
animation director,edit-digital-moving-images,edit digital moving images,optional
animation director,manage-portfolio,manage portfolio,optional
animation director,create-2d-painting,create 2D painting,optional
animation director,render-3d-images,render 3D images,optional
animation director,create-moving-images,create moving images,optional
animation director,develop-animations,develop animations,optional
animation director,design-graphics,design graphics,optional
animation director,operate-3d-computer-graphics-software,operate 3D computer graphics software,optional
digital games tester,digital-game-genres,digital game genres,essential
digital games tester,software-anomalies,software anomalies,essential
digital games tester,levels-of-software-testing,levels of software testing,essential
digital games tester,application-usability,application usability,essential
digital games tester,report-test-findings,report test findings,essential
digital games tester,provide-software-testing-documentation,provide software testing documentation,essential
digital games tester,execute-software-tests,execute software tests,essential
digital games tester,address-problems-critically,address problems critically,essential
digital games tester,replicate-customer-software-issues,replicate customer software issues,essential
digital games tester,agile-project-management,Agile project management,optional
digital games tester,mdx,MDX,optional
digital games tester,principles-of-animation,principles of animation,optional
digital games tester,xquery,XQuery,optional
digital games tester,sparql,SPARQL,optional
digital games tester,ict-debugging-tools,ICT debugging tools,optional
digital games tester,tools-for-ict-test-automation,tools for ICT test automation,optional
digital games tester,human-computer-interaction,human-computer interaction,optional
digital games tester,resource-description-framework-query-language,resource description framework query language,optional
digital games tester,query-languages,query languages,optional
digital games tester,ldap,LDAP,optional
digital games tester,ict-project-management-methodologies,ICT project management methodologies,optional
digital games tester,linq,LINQ,optional
digital games tester,process-based-management,Process-based management,optional
digital games tester,lean-project-management,Lean project management,optional
digital games tester,software-interaction-design,software interaction design,optional
digital games tester,n1ql,N1QL,optional
digital games tester,manage-schedule-of-tasks,manage schedule of tasks,optional
digital games tester,debug-software,debug software,optional
digital games tester,use-scripting-programming,use scripting programming,optional
digital games tester,develop-automated-software-tests,develop automated software tests,optional
digital games tester,develop-ict-test-suite,develop ICT test suite,optional
digital games tester,conduct-ict-code-review,conduct ICT code review,optional
digital games tester,measure-software-usability,measure software usability,optional
digital games tester,perform-software-recovery-testing,perform software recovery testing,optional
cloud engineer,implement-cloud-security-and-compliance,implement cloud security and compliance,essential
cloud engineer,systems-development-life-cycle,systems development life-cycle,essential
cloud engineer,cloud-security-and-compliance,cloud security and compliance,essential
cloud engineer,computer-programming,computer programming,essential
cloud engineer,ict-system-integration,ICT system integration,essential
cloud engineer,cyber-security,cyber security,essential
cloud engineer,cloud-monitoring-and-reporting,cloud monitoring and reporting,essential
cloud engineer,database-development-tools,database development tools,essential
cloud engineer,ict-system-programming,ICT system programming,essential
cloud engineer,cloud-technologies,cloud technologies,essential
cloud engineer,systems-theory,systems theory,essential
cloud engineer,saas-service-oriented-modelling,SaaS (service-oriented modelling),essential
cloud engineer,operating-systems,operating systems,essential
cloud engineer,provide-technical-documentation,provide technical documentation,essential
cloud engineer,plan-migration-to-cloud,plan migration to cloud,essential
cloud engineer,design-cloud-architecture,design cloud architecture,essential
cloud engineer,debug-software,debug software,essential
cloud engineer,align-software-with-system-architectures,align software with system architectures,essential
cloud engineer,do-cloud-refactoring,do cloud refactoring,essential
cloud engineer,respond-to-incidents-in-cloud,respond to incidents in cloud,essential
cloud engineer,design-cloud-networks,design cloud networks,essential
cloud engineer,deploy-cloud-resource,deploy cloud resource,essential
cloud engineer,develop-with-cloud-services,develop with cloud services,essential
cloud engineer,develop-software-prototype,develop software prototype,essential
cloud engineer,design-database-in-the-cloud,design database in the cloud,essential
cloud engineer,interpret-technical-texts,interpret technical texts,essential
cloud engineer,solve-ict-system-problems,solve ICT system problems,essential
cloud engineer,analyse-business-requirements,analyse business requirements,essential
cloud engineer,automate-cloud-tasks,automate cloud tasks,essential
cloud engineer,manage-cloud-data-and-storage,manage cloud data and storage,essential
cloud engineer,design-for-organisational-complexity,design for organisational complexity,essential
cloud engineer,manage-keys-for-data-protection,manage keys for data protection,essential
cloud engineer,analyse-software-specifications,analyse software specifications,essential
cloud engineer,ruby-computer-programming,Ruby (computer programming),optional
cloud engineer,java-computer-programming,Java (computer programming),optional
cloud engineer,ict-security-standards,ICT security standards,optional
cloud engineer,python-computer-programming,Python (computer programming),optional
cloud engineer,ethics,ethics,optional
cloud engineer,design-interaction-model,design interaction model,optional
cloud engineer,perform-data-analysis,perform data analysis,optional
cloud engineer,use-query-languages,use query languages,optional
cloud engineer,apply-risk-management-processes,apply risk management processes,optional
cloud engineer,apply-ict-systems-theory,apply ICT systems theory,optional
ICT intelligent systems designer,information-structure,information structure,essential
ICT intelligent systems designer,systems-development-life-cycle,systems development life-cycle,essential
ICT intelligent systems designer,information-architecture,information architecture,essential
ICT intelligent systems designer,computer-programming,computer programming,essential
ICT intelligent systems designer,data-mining,data mining,essential
ICT intelligent systems designer,visual-presentation-techniques,visual presentation techniques,essential
ICT intelligent systems designer,algorithms,algorithms,essential
ICT intelligent systems designer,artificial-neural-networks,artificial neural networks,essential
ICT intelligent systems designer,information-extraction,information extraction,essential
ICT intelligent systems designer,task-algorithmisation,task algorithmisation,essential
ICT intelligent systems designer,information-categorisation,information categorisation,essential
ICT intelligent systems designer,business-process-modelling,business process modelling,essential
ICT intelligent systems designer,resource-description-framework-query-language,resource description framework query language,essential
ICT intelligent systems designer,unstructured-data,unstructured data,essential
ICT intelligent systems designer,python-computer-programming,Python (computer programming),essential
ICT intelligent systems designer,principles-of-artificial-intelligence,principles of artificial intelligence,essential
ICT intelligent systems designer,data-models,data models,essential
ICT intelligent systems designer,creatively-use-digital-technologies,creatively use digital technologies,essential
ICT intelligent systems designer,use-data-processing-techniques,use data processing techniques,essential
ICT intelligent systems designer,design-process,design process,essential
ICT intelligent systems designer,analyse-big-data,analyse big data,essential
ICT intelligent systems designer,develop-creative-ideas,develop creative ideas,essential
ICT intelligent systems designer,create-data-sets,create data sets,essential
ICT intelligent systems designer,analyse-business-requirements,analyse business requirements,essential
ICT intelligent systems designer,develop-statistical-software,develop statistical software,essential
ICT intelligent systems designer,deliver-visual-presentation-of-data,deliver visual presentation of data,essential
ICT intelligent systems designer,apply-ict-systems-theory,apply ICT systems theory,essential
ICT intelligent systems designer,define-technical-requirements,define technical requirements,essential
ICT intelligent systems designer,haskell,Haskell,optional
ICT intelligent systems designer,erlang,Erlang,optional
ICT intelligent systems designer,sas-language,SAS language,optional
ICT intelligent systems designer,agile-project-management,Agile project management,optional
ICT intelligent systems designer,ruby-computer-programming,Ruby (computer programming),optional
ICT intelligent systems designer,common-lisp,Common Lisp,optional
ICT intelligent systems designer,lisp,Lisp,optional
ICT intelligent systems designer,visual-studio-net,Visual Studio .NET,optional
ICT intelligent systems designer,business-intelligence,business intelligence,optional
ICT intelligent systems designer,java-computer-programming,Java (computer programming),optional
ICT intelligent systems designer,prolog-computer-programming,Prolog (computer programming),optional
ICT intelligent systems designer,openedge-advanced-business-language,OpenEdge Advanced Business Language,optional
ICT intelligent systems designer,javascript,JavaScript,optional
ICT intelligent systems designer,perl,Perl,optional
ICT intelligent systems designer,smalltalk-computer-programming,Smalltalk (computer programming),optional
ICT intelligent systems designer,php,PHP,optional
ICT intelligent systems designer,assembly-computer-programming,Assembly (computer programming),optional
ICT intelligent systems designer,c-2,C#,optional
ICT intelligent systems designer,r,R,optional
ICT intelligent systems designer,groovy,Groovy,optional
ICT intelligent systems designer,sparql,SPARQL,optional
ICT intelligent systems designer,computer-vision,computer vision,optional
ICT intelligent systems designer,microsoft-visual-c,Microsoft Visual C++,optional
ICT intelligent systems designer,typescript,TypeScript,optional
ICT intelligent systems designer,coffeescript,CoffeeScript,optional
ICT intelligent systems designer,objective-c,Objective-C,optional
ICT intelligent systems designer,database-development-tools,database development tools,optional
ICT intelligent systems designer,ml-computer-programming,ML (computer programming),optional
ICT intelligent systems designer,c,C++,optional
ICT intelligent systems designer,sap-r3,SAP R3,optional
ICT intelligent systems designer,swift-computer-programming,Swift (computer programming),optional
ICT intelligent systems designer,ict-project-management-methodologies,ICT project management methodologies,optional
ICT intelligent systems designer,matlab,MATLAB,optional
ICT intelligent systems designer,linq,LINQ,optional
ICT intelligent systems designer,scratch-computer-programming,Scratch (computer programming),optional
ICT intelligent systems designer,process-based-management,Process-based management,optional
ICT intelligent systems designer,lean-project-management,Lean project management,optional
ICT intelligent systems designer,vbscript,VBScript,optional
ICT intelligent systems designer,cobol,COBOL,optional
ICT intelligent systems designer,pascal-computer-programming,Pascal (computer programming),optional
ICT intelligent systems designer,deep-learning,deep learning,optional
ICT intelligent systems designer,n1ql,N1QL,optional
ICT intelligent systems designer,scala,Scala,optional
ICT intelligent systems designer,manage-ict-data-classification,manage ICT data classification,optional
ICT intelligent systems designer,assess-ict-knowledge,assess ICT knowledge,optional
ICT intelligent systems designer,build-predictive-models,build predictive models,optional
ICT intelligent systems designer,perform-dimensionality-reduction,perform dimensionality reduction,optional
ICT intelligent systems designer,manage-business-knowledge,manage business knowledge,optional
ICT intelligent systems designer,apply-systemic-design-thinking,apply systemic design thinking,optional
ICT intelligent systems designer,build-recommender-systems,build recommender systems,optional
ICT intelligent systems designer,design-database-scheme,design database scheme,optional
ICT intelligent systems designer,utilise-machine-learning,utilise machine learning,optional
ICT intelligent systems designer,design-application-interfaces,design application interfaces,optional
ICT intelligent systems designer,build-business-relationships,build business relationships,optional
ICT intelligent systems designer,manage-ict-semantic-integration,manage ICT semantic integration,optional
online marketer,online-ads-campaign-techniques,online ads campaign techniques,essential
online marketer,web-strategy-assessment,web strategy assessment,essential
online marketer,content-marketing-strategy,content marketing strategy,essential
online marketer,e-commerce-systems,e-commerce systems,essential
online marketer,company-policies,company policies,essential
online marketer,perform-online-data-analysis,perform online data analysis,essential
online marketer,implement-marketing-strategies,implement marketing strategies,essential
online marketer,creatively-use-digital-technologies,creatively use digital technologies,essential
online marketer,manage-budgets,manage budgets,essential
online marketer,execute-email-marketing,execute email marketing,essential
online marketer,use-different-communication-channels,use different communication channels,essential
online marketer,use-content-management-system-software,use content management system software,essential
online marketer,perform-video-editing,perform video editing,essential
online marketer,apply-social-media-marketing,apply social media marketing,essential
online marketer,apply-strategic-thinking,apply strategic thinking,essential
online marketer,plan-digital-marketing,plan digital marketing,essential
online marketer,perform-image-editing,perform image editing,essential
online marketer,inspect-data,inspect data,essential
online marketer,execute-conversion-testing,execute conversion testing,essential
online marketer,implement-sales-strategies,implement sales strategies,essential
online marketer,perform-project-management,perform project management,essential
online marketer,perform-copywriting,perform copywriting,essential
online marketer,conduct-mobile-marketing,conduct mobile marketing,essential
online marketer,create-new-concepts,create new concepts,essential
online marketer,apply-customer-engagement-strategy,apply customer engagement strategy,essential
online marketer,perform-market-research,perform market research,essential
online marketer,intellectual-property-law,intellectual property law,optional
online marketer,ict-communications-protocols,ICT communications protocols,optional
online marketer,information-confidentiality,information confidentiality,optional
online marketer,competition-law,competition law,optional
online marketer,adapt-to-change-in-marketing,adapt to change in marketing,optional
online marketer,develop-inclusive-communication-material,develop inclusive communication material,optional
online marketer,conduct-online-competitive-analysis,conduct online competitive analysis,optional
online marketer,plan-social-media-marketing-campaigns,plan social media marketing campaigns,optional
online marketer,deal-with-pressure-from-unexpected-circumstances,deal with pressure from unexpected circumstances,optional
online marketer,apply-information-security-policies,apply information security policies,optional
online marketer,conduct-search-engine-optimisation,conduct search engine optimisation,optional
online marketer,safeguard-online-privacy-and-identity,safeguard online privacy and identity,optional
online marketer,use-personal-organization-software,use personal organization software,optional
sound editor,audio-editing-software,audio editing software,essential
sound editor,copyright-legislation,copyright legislation,essential
sound editor,follow-work-schedule,follow work schedule,essential
sound editor,finish-project-within-budget,finish project within budget,essential
sound editor,synchronise-sound-with-images,synchronise sound with images,essential
sound editor,search-databases,search databases,essential
sound editor,edit-recorded-sound,edit recorded sound,essential
sound editor,file-based-workflow,file-based workflow,optional
sound editor,archive-documentation-related-to-work,archive documentation related to work,optional
stop-motion animator,follow-work-schedule,follow work schedule,essential
stop-motion animator,follow-a-brief,follow a brief,essential
stop-motion animator,finish-project-within-budget,finish project within budget,essential
stop-motion animator,set-up-animation-elements,set up animation elements,essential
stop-motion animator,develop-animations,develop animations,essential
stop-motion animator,motion-capture,motion capture,optional
stop-motion animator,copyright-legislation,copyright legislation,optional
stop-motion animator,manage-portfolio,manage portfolio,optional
information manager,data-quality-assessment,data quality assessment,essential
information manager,copyright-legislation,copyright legislation,essential
information manager,manage-digital-libraries,manage digital libraries,essential
information manager,develop-information-standards,develop information standards,essential
information manager,evaluate-project-plans,evaluate project plans,essential
information manager,perform-data-mining,perform data mining,essential
information manager,develop-solutions-to-information-issues,develop solutions to information issues,essential
information manager,assess-informational-needs,assess informational needs,essential
information manager,develop-organisational-information-goals,develop organisational information goals,essential
information manager,perform-customer-management,perform customer management,essential
information manager,cooperate-to-resolve-information-issues,cooperate to resolve information issues,essential
information manager,manage-data,manage data,essential
information manager,design-information-system,design information system,essential
information manager,analyse-information-systems,analyse information systems,essential
information manager,manage-schedule-of-tasks,manage schedule of tasks,optional
information manager,maintain-information-network-hardware,maintain information network hardware,optional
information manager,digitise-documents,digitise documents,optional
information manager,use-software-for-data-preservation,use software for data preservation,optional
information manager,use-databases,use databases,optional
information manager,analyse-big-data,analyse big data,optional
information manager,manage-operational-budgets,manage operational budgets,optional
information manager,supervise-daily-information-operations,supervise daily information operations,optional
information manager,hire-new-personnel,hire new personnel,optional
information manager,manage-digital-documents,manage digital documents,optional
information manager,manage-digital-identity,manage digital identity,optional
information manager,create-semantic-trees,create semantic trees,optional
computer hardware engineering technician,circuit-diagrams,circuit diagrams,essential
computer hardware engineering technician,hardware-platforms,hardware platforms,essential
computer hardware engineering technician,hardware-components,hardware components,essential
computer hardware engineering technician,hardware-testing-methods,hardware testing methods,essential
computer hardware engineering technician,computer-engineering,computer engineering,essential
computer hardware engineering technician,electronics,electronics,essential
computer hardware engineering technician,computer-technology,computer technology,essential
computer hardware engineering technician,hardware-architectures,hardware architectures,essential
computer hardware engineering technician,record-test-data,record test data,essential
computer hardware engineering technician,assemble-hardware-components,assemble hardware components,essential
computer hardware engineering technician,adjust-engineering-designs,adjust engineering designs,essential
computer hardware engineering technician,test-hardware,test hardware,essential
computer hardware engineering technician,meet-deadlines,meet deadlines,essential
computer hardware engineering technician,read-engineering-drawings,read engineering drawings,essential
computer hardware engineering technician,liaise-with-engineers,liaise with engineers,essential
computer hardware engineering technician,prepare-production-prototypes,prepare production prototypes,essential
computer hardware engineering technician,haskell,Haskell,optional
computer hardware engineering technician,erlang,Erlang,optional
computer hardware engineering technician,sas-language,SAS language,optional
computer hardware engineering technician,ruby-computer-programming,Ruby (computer programming),optional
computer hardware engineering technician,common-lisp,Common Lisp,optional
computer hardware engineering technician,lisp,Lisp,optional
computer hardware engineering technician,visual-studio-net,Visual Studio .NET,optional
computer hardware engineering technician,java-computer-programming,Java (computer programming),optional
computer hardware engineering technician,computer-programming,computer programming,optional
computer hardware engineering technician,prolog-computer-programming,Prolog (computer programming),optional
computer hardware engineering technician,openedge-advanced-business-language,OpenEdge Advanced Business Language,optional
computer hardware engineering technician,javascript,JavaScript,optional
computer hardware engineering technician,perl,Perl,optional
computer hardware engineering technician,smalltalk-computer-programming,Smalltalk (computer programming),optional
computer hardware engineering technician,mathematics,mathematics,optional
computer hardware engineering technician,php,PHP,optional
computer hardware engineering technician,assembly-computer-programming,Assembly (computer programming),optional
computer hardware engineering technician,c-2,C#,optional
computer hardware engineering technician,firmware,firmware,optional
computer hardware engineering technician,r,R,optional
computer hardware engineering technician,groovy,Groovy,optional
computer hardware engineering technician,asp-net,ASP.NET,optional
computer hardware engineering technician,apl,APL,optional
computer hardware engineering technician,microsoft-visual-c,Microsoft Visual C++,optional
computer hardware engineering technician,typescript,TypeScript,optional
computer hardware engineering technician,quality-standards,quality standards,optional
computer hardware engineering technician,coffeescript,CoffeeScript,optional
computer hardware engineering technician,objective-c,Objective-C,optional
computer hardware engineering technician,cad-software,CAD software,optional
computer hardware engineering technician,ml-computer-programming,ML (computer programming),optional
computer hardware engineering technician,ajax,AJAX,optional
computer hardware engineering technician,c,C++,optional
computer hardware engineering technician,sap-r3,SAP R3,optional
computer hardware engineering technician,swift-computer-programming,Swift (computer programming),optional
computer hardware engineering technician,matlab,MATLAB,optional
computer hardware engineering technician,python-computer-programming,Python (computer programming),optional
computer hardware engineering technician,scratch-computer-programming,Scratch (computer programming),optional
computer hardware engineering technician,vbscript,VBScript,optional
computer hardware engineering technician,cobol,COBOL,optional
computer hardware engineering technician,pascal-computer-programming,Pascal (computer programming),optional
computer hardware engineering technician,abap,ABAP,optional
computer hardware engineering technician,scala,Scala,optional
computer hardware engineering technician,align-software-with-system-architectures,align software with system architectures,optional
computer hardware engineering technician,customise-software-for-drive-system,customise software for drive system,optional
computer hardware engineering technician,use-cam-software,use CAM software,optional
computer hardware engineering technician,remove-computer-virus-or-malware-from-a-computer,remove computer virus or malware from a computer,optional
computer hardware engineering technician,write-technical-reports,write technical reports,optional
computer hardware engineering technician,use-cad-software,use CAD software,optional
computer hardware engineering technician,implement-anti-virus-software,implement anti-virus software,optional
computer hardware engineering technician,apply-technical-communication-skills,apply technical communication skills,optional
computer hardware engineering technician,install-operating-system,install operating system,optional
computer hardware engineering technician,maintain-computer-hardware,maintain computer hardware,optional
computer hardware engineering technician,install-software,install software,optional
computer hardware engineering technician,keep-records-of-work-progress,keep records of work progress,optional
computer hardware engineering technician,program-firmware,program firmware,optional
ICT change and configuration manager,tools-for-software-configuration-management,tools for software configuration management,essential
ICT change and configuration manager,ict-project-management-methodologies,ICT project management methodologies,essential
ICT change and configuration manager,project-configuration-management,project configuration management,essential
ICT change and configuration manager,devops,DevOps,essential
ICT change and configuration manager,ict-process-quality-models,ICT process quality models,essential
ICT change and configuration manager,provide-technical-documentation,provide technical documentation,essential
ICT change and configuration manager,administer-ict-system,administer ICT system,essential
ICT change and configuration manager,develop-automated-migration-methods,develop automated migration methods,essential
ICT change and configuration manager,manage-changes-in-ict-system,manage changes in ICT system,essential
ICT change and configuration manager,use-scripting-programming,use scripting programming,essential
ICT change and configuration manager,deploy-ict-systems,deploy ICT systems,essential
ICT change and configuration manager,manage-software-releases,manage software releases,essential
ICT change and configuration manager,manage-ict-virtualisation-environments,manage ICT virtualisation environments,essential
ICT change and configuration manager,perform-project-management,perform project management,essential
ICT change and configuration manager,build-business-relationships,build business relationships,essential
ICT change and configuration manager,train-employees,train employees,essential
ICT change and configuration manager,integrate-system-components,integrate system components,essential
ICT change and configuration manager,apache-maven,Apache Maven,optional
ICT change and configuration manager,embedded-systems,embedded systems,optional
ICT change and configuration manager,computer-programming,computer programming,optional
ICT change and configuration manager,octopus-deploy,Octopus Deploy,optional
ICT change and configuration manager,chef-tools-for-software-configuration-management,Chef (tools for software configuration management),optional
ICT change and configuration manager,codenvy,Codenvy,optional
ICT change and configuration manager,puppet-tools-for-software-configuration-management,Puppet (tools for software configuration management),optional
ICT change and configuration manager,staf,STAF,optional
ICT change and configuration manager,vagrant,Vagrant,optional
ICT change and configuration manager,integrated-development-environment-software,integrated development environment software,optional
ICT change and configuration manager,control-objectives-for-information-and-related-technology,control objectives for information and related technology,optional
ICT change and configuration manager,salt-tools-for-software-configuration-management,Salt (tools for software configuration management),optional
ICT change and configuration manager,jenkins-tools-for-software-configuration-management,Jenkins (tools for software configuration management),optional
ICT change and configuration manager,migrate-existing-data,migrate existing data,optional
ICT change and configuration manager,design-cloud-architecture,design cloud architecture,optional
ICT change and configuration manager,utilise-computer-aided-software-engineering-tools,utilise computer-aided software engineering tools,optional
ICT change and configuration manager,apply-change-management,apply change management,optional
ICT change and configuration manager,perform-software-unit-testing,perform software unit testing,optional
ICT change and configuration manager,apply-operations-for-an-itil-based-environment,apply operations for an ITIL-based environment,optional
ICT change and configuration manager,perform-software-recovery-testing,perform software recovery testing,optional
telecommunications manager,ict-communications-protocols,ICT communications protocols,essential
telecommunications manager,service-oriented-modelling,service-oriented modelling,essential
telecommunications manager,manage-budgets,manage budgets,essential
telecommunications manager,manage-staff,manage staff,essential
telecommunications manager,comply-with-legal-regulations,comply with legal regulations,essential
telecommunications manager,recruit-employees,recruit employees,essential
telecommunications manager,use-ict-ticketing-system,use ICT ticketing system,essential
telecommunications manager,implement-ict-risk-management,implement ICT risk management,essential
telecommunications manager,execute-ict-audits,execute ICT audits,essential
telecommunications manager,coordinate-technological-activities,coordinate technological activities,essential
telecommunications manager,telecommunication-trunking,telecommunication trunking,optional
telecommunications manager,internet-governance,internet governance,optional
telecommunications manager,outsourcing-model,Outsourcing model,optional
telecommunications manager,hybrid-model,hybrid model,optional
telecommunications manager,direct-inward-dialing,direct inward dialing,optional
telecommunications manager,open-source-model,Open source model,optional
telecommunications manager,investment-analysis,investment analysis,optional
telecommunications manager,saas-service-oriented-modelling,SaaS (service-oriented modelling),optional
telecommunications manager,provide-cost-benefit-analysis-reports,provide cost benefit analysis reports,optional
telecommunications manager,upgrade-firmware,upgrade firmware,optional
telecommunications manager,operate-private-branch-exchange,operate private branch exchange,optional
telecommunications manager,implement-a-virtual-private-network,implement a virtual private network,optional
telecommunications manager,train-employees,train employees,optional
telecommunications manager,implement-corporate-governance,implement corporate governance,optional
database integrator,information-structure,information structure,essential
database integrator,ict-debugging-tools,ICT debugging tools,essential
database integrator,resource-description-framework-query-language,resource description framework query language,essential
database integrator,query-languages,query languages,essential
database integrator,data-extraction-transformation-and-loading-tools,"data extraction, transformation and loading tools",essential
database integrator,database-management-systems,database management systems,essential
database integrator,use-interface-description-language,use interface description language,essential
database integrator,integrate-ict-data,integrate ICT data,essential
database integrator,perform-data-cleansing,perform data cleansing,essential
database integrator,create-database-diagrams,create database diagrams,essential
database integrator,manage-ict-legacy-implication,manage ICT legacy implication,essential
database integrator,balance-database-resources,balance database resources,essential
database integrator,manage-data,manage data,essential
database integrator,execute-integration-testing,execute integration testing,essential
database integrator,verify-formal-ict-specifications,verify formal ICT specifications,essential
database integrator,implement-data-warehousing-techniques,implement data warehousing techniques,essential
database integrator,systems-development-life-cycle,systems development life-cycle,optional
database integrator,informatica-powercenter,Informatica PowerCenter,optional
database integrator,business-intelligence,business intelligence,optional
database integrator,ibm-infosphere-datastage,IBM InfoSphere DataStage,optional
database integrator,mdx,MDX,optional
database integrator,oracle-warehouse-builder,Oracle Warehouse Builder,optional
database integrator,oracle-data-integrator,Oracle Data Integrator,optional
database integrator,db2,DB2,optional
database integrator,microsoft-access,Microsoft Access,optional
database integrator,xquery,XQuery,optional
database integrator,pentaho-data-integration,Pentaho Data Integration,optional
database integrator,database,database,optional
database integrator,openedge-database,OpenEdge Database,optional
database integrator,objectstore,ObjectStore,optional
database integrator,mysql,MySQL,optional
database integrator,triplestore,TripleStore,optional
database integrator,sparql,SPARQL,optional
database integrator,sql-server-integration-services,SQL Server Integration Services,optional
database integrator,ibm-infosphere-information-server,IBM InfoSphere Information Server,optional
database integrator,ibm-informix,IBM Informix,optional
database integrator,qlikview-expressor,QlikView Expressor,optional
database integrator,ldap,LDAP,optional
database integrator,postgresql,PostgreSQL,optional
database integrator,filemaker-database-management-systems,Filemaker (database management systems),optional
database integrator,sql-server,SQL Server,optional
database integrator,ca-datacom-db,CA Datacom/DB,optional
database integrator,linq,LINQ,optional
database integrator,systems-theory,systems theory,optional
database integrator,teradata-database,Teradata Database,optional
database integrator,oracle-relational-database,Oracle Relational Database,optional
database integrator,sas-data-management,SAS Data Management,optional
database integrator,marklogic,MarkLogic,optional
database integrator,n1ql,N1QL,optional
database integrator,sap-data-services,SAP Data Services,optional
database integrator,create-solutions-to-problems,create solutions to problems,optional
database integrator,perform-data-mining,perform data mining,optional
database integrator,define-data-quality-criteria,define data quality criteria,optional
database integrator,use-scripting-programming,use scripting programming,optional
database integrator,write-database-documentation,write database documentation,optional
database integrator,execute-ict-audits,execute ICT audits,optional
database integrator,define-integration-strategy,define integration strategy,optional
database integrator,design-application-interfaces,design application interfaces,optional
database integrator,apply-ict-systems-theory,apply ICT systems theory,optional
database integrator,perform-project-management,perform project management,optional
database integrator,manage-cloud-data-and-storage,manage cloud data and storage,optional
database integrator,manage-ict-semantic-integration,manage ICT semantic integration,optional
ICT technician,ict-network-routing,ICT network routing,essential
ICT technician,procurement-of-ict-network-equipment,procurement of ICT network equipment,essential
ICT technician,attack-vectors,attack vectors,essential
ICT technician,distributed-directory-information-services,distributed directory information services,essential
ICT technician,ict-network-cable-limitations,ICT network cable limitations,essential
ICT technician,ict-networking-hardware,ICT networking hardware,essential
ICT technician,keep-up-to-date-on-product-knowledge,keep up to date on product knowledge,essential
ICT technician,define-firewall-rules,define firewall rules,essential
ICT technician,administer-ict-system,administer ICT system,essential
ICT technician,perform-ict-troubleshooting,perform ICT troubleshooting,essential
ICT technician,operate-private-branch-exchange,operate private branch exchange,essential
ICT technician,implement-a-virtual-private-network,implement a virtual private network,essential
ICT technician,repair-ict-devices,repair ICT devices,essential
ICT technician,implement-anti-virus-software,implement anti-virus software,essential
ICT technician,perform-backups,perform backups,essential
ICT technician,maintain-ict-server,maintain ICT server,essential
ICT technician,manage-email-hosting-service,manage email hosting service,essential
ICT technician,maintain-ict-system,maintain ICT system,essential
ICT technician,implement-ict-recovery-system,implement ICT recovery system,essential
ICT technician,haskell,Haskell,optional
ICT technician,erlang,Erlang,optional
ICT technician,sas-language,SAS language,optional
ICT technician,ruby-computer-programming,Ruby (computer programming),optional
ICT technician,common-lisp,Common Lisp,optional
ICT technician,lisp,Lisp,optional
ICT technician,systems-thinking,systems thinking,optional
ICT technician,visual-studio-net,Visual Studio .NET,optional
ICT technician,java-computer-programming,Java (computer programming),optional
ICT technician,computer-programming,computer programming,optional
ICT technician,prolog-computer-programming,Prolog (computer programming),optional
ICT technician,openedge-advanced-business-language,OpenEdge Advanced Business Language,optional
ICT technician,javascript,JavaScript,optional
ICT technician,perl,Perl,optional
ICT technician,smalltalk-computer-programming,Smalltalk (computer programming),optional
ICT technician,php,PHP,optional
ICT technician,assembly-computer-programming,Assembly (computer programming),optional
ICT technician,c-2,C#,optional
ICT technician,r,R,optional
ICT technician,groovy,Groovy,optional
ICT technician,asp-net,ASP.NET,optional
ICT technician,apl,APL,optional
ICT technician,ict-debugging-tools,ICT debugging tools,optional
ICT technician,outsourcing-model,Outsourcing model,optional
ICT technician,hybrid-model,hybrid model,optional
ICT technician,ict-communications-protocols,ICT communications protocols,optional
ICT technician,cisco,Cisco,optional
ICT technician,service-oriented-modelling,service-oriented modelling,optional
ICT technician,microsoft-visual-c,Microsoft Visual C++,optional
ICT technician,typescript,TypeScript,optional
ICT technician,coffeescript,CoffeeScript,optional
ICT technician,objective-c,Objective-C,optional
ICT technician,ml-computer-programming,ML (computer programming),optional
ICT technician,ict-system-programming,ICT system programming,optional
ICT technician,open-source-model,Open source model,optional
ICT technician,ajax,AJAX,optional
ICT technician,c,C++,optional
ICT technician,sap-r3,SAP R3,optional
ICT technician,swift-computer-programming,Swift (computer programming),optional
ICT technician,matlab,MATLAB,optional
ICT technician,ict-system-user-requirements,ICT system user requirements,optional
ICT technician,python-computer-programming,Python (computer programming),optional
ICT technician,ict-encryption,ICT encryption,optional
ICT technician,scratch-computer-programming,Scratch (computer programming),optional
ICT technician,vbscript,VBScript,optional
ICT technician,cobol,COBOL,optional
ICT technician,ict-market,ICT market,optional
ICT technician,pascal-computer-programming,Pascal (computer programming),optional
ICT technician,abap,ABAP,optional
ICT technician,saas-service-oriented-modelling,SaaS (service-oriented modelling),optional
ICT technician,scala,Scala,optional
ICT technician,create-solutions-to-problems,create solutions to problems,optional
ICT technician,provide-technical-documentation,provide technical documentation,optional
ICT technician,manage-schedule-of-tasks,manage schedule of tasks,optional
ICT technician,use-different-communication-channels,use different communication channels,optional
ICT technician,use-access-control-software,use access control software,optional
ICT technician,remove-computer-virus-or-malware-from-a-computer,remove computer virus or malware from a computer,optional
ICT technician,manage-ict-legacy-implication,manage ICT legacy implication,optional
ICT technician,configure-ict-system,configure ICT system,optional
ICT capacity planner,ict-capacity-planning-strategies,ICT capacity planning strategies,essential
ICT capacity planner,crowdsourcing-strategy,crowdsourcing strategy,essential
ICT capacity planner,outsourcing-strategy,outsourcing strategy,essential
ICT capacity planner,statistical-analysis-system-software,statistical analysis system software,essential
ICT capacity planner,ict-infrastructure,ICT infrastructure,essential
ICT capacity planner,insourcing-strategy,insourcing strategy,essential
ICT capacity planner,apply-company-policies,apply company policies,essential
ICT capacity planner,perform-business-analysis,perform business analysis,essential
ICT capacity planner,provide-cost-benefit-analysis-reports,provide cost benefit analysis reports,essential
ICT capacity planner,develop-financial-statistics-reports,develop financial statistics reports,essential
ICT capacity planner,improve-business-processes,improve business processes,essential
ICT capacity planner,forecast-workload,forecast workload,essential
ICT capacity planner,plan-ict-capacity,plan ICT capacity,essential
ICT capacity planner,analyse-business-requirements,analyse business requirements,essential
ICT capacity planner,ensure-adherence-to-organisational-ict-standards,ensure adherence to organisational ICT standards,essential
ICT capacity planner,carry-out-statistical-forecasts,carry out statistical forecasts,essential
ICT capacity planner,perform-resource-planning,perform resource planning,essential
ICT capacity planner,labour-legislation,labour legislation,optional
ICT capacity planner,systems-development-life-cycle,systems development life-cycle,optional
ICT capacity planner,mdx,MDX,optional
ICT capacity planner,xquery,XQuery,optional
ICT capacity planner,ict-security-standards,ICT security standards,optional
ICT capacity planner,sparql,SPARQL,optional
ICT capacity planner,business-process-modelling,business process modelling,optional
ICT capacity planner,resource-description-framework-query-language,resource description framework query language,optional
ICT capacity planner,query-languages,query languages,optional
ICT capacity planner,ldap,LDAP,optional
ICT capacity planner,cloud-technologies,cloud technologies,optional
ICT capacity planner,linq,LINQ,optional
ICT capacity planner,n1ql,N1QL,optional
ICT capacity planner,ict-process-quality-models,ICT process quality models,optional
ICT capacity planner,create-solutions-to-problems,create solutions to problems,optional
ICT capacity planner,administer-ict-system,administer ICT system,optional
ICT capacity planner,plan-migration-to-cloud,plan migration to cloud,optional
ICT capacity planner,provide-ict-consulting-advice,provide ICT consulting advice,optional
ICT capacity planner,design-process,design process,optional
ICT capacity planner,provide-user-documentation,provide user documentation,optional
ICT capacity planner,use-different-communication-channels,use different communication channels,optional
ICT capacity planner,use-scripting-programming,use scripting programming,optional
ICT capacity planner,design-database-scheme,design database scheme,optional
ICT capacity planner,collect-customer-feedback-on-applications,collect customer feedback on applications,optional
ICT capacity planner,deploy-ict-systems,deploy ICT systems,optional
ICT capacity planner,perform-ict-troubleshooting,perform ICT troubleshooting,optional
ICT capacity planner,execute-ict-audits,execute ICT audits,optional
ICT capacity planner,create-database-diagrams,create database diagrams,optional
ICT capacity planner,implement-a-virtual-private-network,implement a virtual private network,optional
ICT capacity planner,coordinate-technological-activities,coordinate technological activities,optional
ICT capacity planner,perform-project-management,perform project management,optional
ICT application configurator,computer-programming,computer programming,essential
ICT application configurator,ict-debugging-tools,ICT debugging tools,essential
ICT application configurator,integrated-development-environment-software,integrated development environment software,essential
ICT application configurator,tools-for-software-configuration-management,tools for software configuration management,essential
ICT application configurator,migrate-existing-data,migrate existing data,essential
ICT application configurator,provide-technical-documentation,provide technical documentation,essential
ICT application configurator,develop-automated-migration-methods,develop automated migration methods,essential
ICT application configurator,debug-software,debug software,essential
ICT application configurator,use-software-design-patterns,use software design patterns,essential
ICT application configurator,integrate-ict-data,integrate ICT data,essential
ICT application configurator,collect-customer-feedback-on-applications,collect customer feedback on applications,essential
ICT application configurator,develop-software-prototype,develop software prototype,essential
ICT application configurator,use-software-libraries,use software libraries,essential
ICT application configurator,create-flowchart-diagram,create flowchart diagram,essential
ICT application configurator,build-business-relationships,build business relationships,essential
ICT application configurator,integrate-system-components,integrate system components,essential
ICT application configurator,analyse-software-specifications,analyse software specifications,essential
ICT application configurator,haskell,Haskell,optional
ICT application configurator,kdevelop,KDevelop,optional
ICT application configurator,sas-language,SAS language,optional
ICT application configurator,ruby-computer-programming,Ruby (computer programming),optional
ICT application configurator,common-lisp,Common Lisp,optional
ICT application configurator,apache-maven,Apache Maven,optional
ICT application configurator,lisp,Lisp,optional
ICT application configurator,visual-studio-net,Visual Studio .NET,optional
ICT application configurator,java-computer-programming,Java (computer programming),optional
ICT application configurator,interfacing-techniques,interfacing techniques,optional
ICT application configurator,prolog-computer-programming,Prolog (computer programming),optional
ICT application configurator,openedge-advanced-business-language,OpenEdge Advanced Business Language,optional
ICT application configurator,consultation-methods,consultation methods,optional
ICT application configurator,javascript,JavaScript,optional
ICT application configurator,perl,Perl,optional
ICT application configurator,php,PHP,optional
ICT application configurator,xcode,Xcode,optional
ICT application configurator,assembly-computer-programming,Assembly (computer programming),optional
ICT application configurator,c-2,C#,optional
ICT application configurator,r,R,optional
ICT application configurator,groovy,Groovy,optional
ICT application configurator,asp-net,ASP.NET,optional
ICT application configurator,apl,APL,optional
ICT application configurator,puppet-tools-for-software-configuration-management,Puppet (tools for software configuration management),optional
ICT application configurator,staf,STAF,optional
ICT application configurator,eclipse-integrated-development-environment-software,Eclipse (integrated development environment software),optional
ICT application configurator,ansible,Ansible,optional
ICT application configurator,statistics,statistics,optional
ICT application configurator,microsoft-visual-c,Microsoft Visual C++,optional
ICT application configurator,typescript,TypeScript,optional
ICT application configurator,objective-c,Objective-C,optional
ICT application configurator,ml-computer-programming,ML (computer programming),optional
ICT application configurator,legal-requirements-of-ict-products,legal requirements of ICT products,optional
ICT application configurator,ajax,AJAX,optional
ICT application configurator,c,C++,optional
ICT application configurator,sap-r3,SAP R3,optional
ICT application configurator,swift-computer-programming,Swift (computer programming),optional
ICT application configurator,matlab,MATLAB,optional
ICT application configurator,salt-tools-for-software-configuration-management,Salt (tools for software configuration management),optional
ICT application configurator,python-computer-programming,Python (computer programming),optional
ICT application configurator,scratch-computer-programming,Scratch (computer programming),optional
ICT application configurator,vbscript,VBScript,optional
ICT application configurator,cobol,COBOL,optional
ICT application configurator,pascal-computer-programming,Pascal (computer programming),optional
ICT application configurator,abap,ABAP,optional
ICT application configurator,jenkins-tools-for-software-configuration-management,Jenkins (tools for software configuration management),optional
ICT application configurator,scala,Scala,optional
ICT application configurator,create-solutions-to-problems,create solutions to problems,optional
ICT application configurator,use-an-application-specific-interface,use an application-specific interface,optional
ICT application configurator,implement-ict-safety-policies,implement ICT safety policies,optional
ICT application configurator,utilise-computer-aided-software-engineering-tools,utilise computer-aided software engineering tools,optional
ICT application configurator,use-concurrent-programming,use concurrent programming,optional
ICT application configurator,provide-ict-consulting-advice,provide ICT consulting advice,optional
ICT application configurator,use-logic-programming,use logic programming,optional
ICT application configurator,apply-statistical-analysis-techniques,apply statistical analysis techniques,optional
ICT application configurator,do-cloud-refactoring,do cloud refactoring,optional
ICT application configurator,use-object-oriented-programming,use object-oriented programming,optional
ICT application configurator,use-automatic-programming,use automatic programming,optional
ICT application configurator,use-back-up-and-recovery-tools,use back-up and recovery tools,optional
ICT application configurator,use-functional-programming,use functional programming,optional
ICT application configurator,manage-cloud-data-and-storage,manage cloud data and storage,optional
performance rental technician,ict-software-specifications,ICT software specifications,essential
performance rental technician,multimedia-systems,multimedia systems,essential
performance rental technician,teamwork-principles,teamwork principles,essential
performance rental technician,guarantee-customer-satisfaction,guarantee customer satisfaction,essential
performance rental technician,deal-with-pressure-from-unexpected-circumstances,deal with pressure from unexpected circumstances,essential
performance rental technician,manage-personal-professional-development,manage personal professional development,essential
performance rental technician,ensure-client-orientation,ensure client orientation,essential
performance rental technician,repair-equipment-on-site,repair equipment on site,essential
performance rental technician,use-technical-documentation,use technical documentation,essential
performance rental technician,advise-client-on-technical-possibilities,advise client on technical possibilities,optional
performance rental technician,edit-digital-moving-images,edit digital moving images,optional
performance rental technician,manage-signoff-of-an-installed-system,manage signoff of an installed system,optional
performance rental technician,develop-professional-network,develop professional network,optional
performance rental technician,edit-recorded-sound,edit recorded sound,optional
animator,graphic-design,graphic design,essential
animator,motion-graphics,motion graphics,essential
animator,computer-equipment,computer equipment,essential
animator,ict-software-specifications,ICT software specifications,essential
animator,multimedia-systems,multimedia systems,essential
animator,follow-work-schedule,follow work schedule,essential
animator,create-animated-narratives,create animated narratives,essential
animator,follow-a-brief,follow a brief,essential
animator,finish-project-within-budget,finish project within budget,essential
animator,provide-multimedia-content,provide multimedia content,essential
animator,create-moving-images,create moving images,essential
animator,develop-animations,develop animations,essential
animator,design-graphics,design graphics,essential
animator,adobe-photoshop,Adobe Photoshop,optional
animator,motion-capture,motion capture,optional
animator,adobe-illustrator,Adobe Illustrator,optional
animator,digital-compositing,digital compositing,optional
animator,gimp-graphics-editor-software,GIMP (graphics editor software),optional
animator,3d-lighting,3D lighting,optional
animator,sketchbook-pro,SketchBook Pro,optional
animator,microsoft-visio,Microsoft Visio,optional
animator,graphics-editor-software,graphics editor software,optional
animator,augmented-reality,augmented reality,optional
animator,synfig,Synfig,optional
animator,copyright-legislation,copyright legislation,optional
animator,capture-one,Capture One,optional
animator,create-3d-environments,create 3D environments,optional
animator,manage-feedback,manage feedback,optional
animator,apply-3d-imaging-techniques,apply 3D imaging techniques,optional
animator,create-original-drawings,create original drawings,optional
animator,create-sketches,create sketches,optional
animator,identify-customer-s-needs,identify customer's needs,optional
animator,create-3d-characters,create 3D characters,optional
animator,animate-3d-organic-forms,animate 3D organic forms,optional
animator,convert-into-animated-object,convert into animated object,optional
animator,manage-portfolio,manage portfolio,optional
animator,rig-3d-characters,rig 3D characters,optional
animator,create-2d-painting,create 2D painting,optional
animator,render-3d-images,render 3D images,optional
animator,operate-3d-computer-graphics-software,operate 3D computer graphics software,optional
ICT business analysis manager,decision-support-systems,decision support systems,essential
ICT business analysis manager,ict-security-legislation,ICT security legislation,essential
ICT business analysis manager,business-process-modelling,business process modelling,essential
ICT business analysis manager,business-processes,business processes,essential
ICT business analysis manager,propose-ict-solutions-to-business-problems,propose ICT solutions to business problems,essential
ICT business analysis manager,perform-business-analysis,perform business analysis,essential
ICT business analysis manager,provide-ict-consulting-advice,provide ICT consulting advice,essential
ICT business analysis manager,design-process,design process,essential
ICT business analysis manager,manage-ict-project,manage ICT project,essential
ICT business analysis manager,provide-cost-benefit-analysis-reports,provide cost benefit analysis reports,essential
ICT business analysis manager,create-business-process-models,create business process models,essential
ICT business analysis manager,improve-business-processes,improve business processes,essential
ICT business analysis manager,track-key-performance-indicators,track key performance indicators,essential
ICT business analysis manager,write-work-related-reports,write work-related reports,essential
ICT business analysis manager,coordinate-technological-activities,coordinate technological activities,essential
ICT business analysis manager,analyse-business-requirements,analyse business requirements,essential
ICT business analysis manager,define-technical-requirements,define technical requirements,essential
ICT business analysis manager,make-strategic-business-decisions,make strategic business decisions,essential
ICT business analysis manager,implement-strategic-planning,implement strategic planning,essential
ICT business analysis manager,systems-development-life-cycle,systems development life-cycle,optional
ICT business analysis manager,data-mining,data mining,optional
ICT business analysis manager,visual-presentation-techniques,visual presentation techniques,optional
ICT business analysis manager,information-extraction,information extraction,optional
ICT business analysis manager,business-strategy-concepts,business strategy concepts,optional
ICT business analysis manager,ict-market,ICT market,optional
ICT business analysis manager,communicate-with-customers,communicate with customers,optional
ICT business analysis manager,execute-analytical-mathematical-calculations,execute analytical mathematical calculations,optional
ICT business analysis manager,apply-change-management,apply change management,optional
ICT business analysis manager,use-different-communication-channels,use different communication channels,optional
ICT business analysis manager,perform-data-mining,perform data mining,optional
ICT business analysis manager,provide-training-on-technological-business-developments,provide training on technological business developments,optional
ICT business analysis manager,adapt-to-changing-situations,adapt to changing situations,optional
3D printing technician,3d-printing-process,3D printing process,essential
3D printing technician,printing-techniques,printing techniques,essential
3D printing technician,3d-modelling,3D modelling,essential
3D printing technician,ict-software-specifications,ICT software specifications,essential
3D printing technician,cad-software,CAD software,essential
3D printing technician,create-solutions-to-problems,create solutions to problems,essential
3D printing technician,adjust-engineering-designs,adjust engineering designs,essential
3D printing technician,use-technical-drawing-software,use technical drawing software,essential
3D printing technician,identify-customer-s-needs,identify customer's needs,essential
3D printing technician,advise-client-on-technical-possibilities,advise client on technical possibilities,essential
3D printing technician,draft-design-specifications,draft design specifications,essential
3D printing technician,use-cad-software,use CAD software,essential
3D printing technician,operate-3d-computer-graphics-software,operate 3D computer graphics software,essential
3D printing technician,cadd-software,CADD software,optional
3D printing technician,mathematics,mathematics,optional
3D printing technician,design-principles,design principles,optional
3D printing technician,technical-drawings,technical drawings,optional
3D printing technician,create-technical-plans,create technical plans,optional
3D printing technician,design-prototypes,design prototypes,optional
boom operator,follow-work-schedule,follow work schedule,essential
boom operator,use-audio-reproduction-software,use audio reproduction software,essential
boom operator,use-technical-documentation,use technical documentation,essential
boom operator,edit-recorded-sound,edit recorded sound,optional
electronics engineer,engineering-principles,engineering principles,essential
electronics engineer,mathematics,mathematics,essential
electronics engineer,types-of-electronics,types of electronics,essential
electronics engineer,electronics,electronics,essential
electronics engineer,manage-budgets,manage budgets,essential
electronics engineer,adjust-engineering-designs,adjust engineering designs,essential
electronics engineer,use-technical-drawing-software,use technical drawing software,essential
electronics engineer,create-technical-plans,create technical plans,essential
electronics engineer,identify-customer-s-needs,identify customer's needs,essential
electronics engineer,write-technical-reports,write technical reports,essential
electronics engineer,execute-feasibility-study,execute feasibility study,essential
electronics engineer,approve-engineering-design,approve engineering design,essential
electronics engineer,design-electronic-systems,design electronic systems,essential
electronics engineer,model-based-system-engineering,model based system engineering,optional
electronics engineer,design-principles,design principles,optional
electronics engineer,programmable-logic-controller,programmable logic controller,optional
electronics engineer,risk-management,risk management,optional
electronics engineer,project-management,project management,optional
electronics engineer,robotic-components,robotic components,optional
electronics engineer,cad-software,CAD software,optional
electronics engineer,product-data-management,product data management,optional
electronics engineer,robotics,robotics,optional
electronics engineer,create-software-design,create software design,optional
electronics engineer,design-integrated-circuits,design integrated circuits,optional
electronics engineer,design-circuit-boards,design circuit boards,optional
electronics engineer,design-microelectronics,design microelectronics,optional
electronics engineer,assess-supplier-risks,assess supplier risks,optional
electronics engineer,use-cad-software,use CAD software,optional
electronics engineer,design-prototypes,design prototypes,optional
electronics engineer,design-microelectromechanical-systems,design microelectromechanical systems,optional
electronics engineer,perform-project-management,perform project management,optional
electronics engineer,assess-financial-viability,assess financial viability,optional
electronics engineer,design-user-interface,design user interface,optional
big data archive librarian,business-intelligence,business intelligence,essential
big data archive librarian,database,database,essential
big data archive librarian,resource-description-framework-query-language,resource description framework query language,essential
big data archive librarian,query-languages,query languages,essential
big data archive librarian,data-extraction-transformation-and-loading-tools,"data extraction, transformation and loading tools",essential
big data archive librarian,database-development-tools,database development tools,essential
big data archive librarian,database-management-systems,database management systems,essential
big data archive librarian,data-models,data models,essential
big data archive librarian,manage-ict-data-classification,manage ICT data classification,essential
big data archive librarian,manage-database,manage database,essential
big data archive librarian,comply-with-legal-regulations,comply with legal regulations,essential
big data archive librarian,analyse-big-data,analyse big data,essential
big data archive librarian,write-database-documentation,write database documentation,essential
big data archive librarian,maintain-data-entry-requirements,maintain data entry requirements,essential
big data archive librarian,manage-content-metadata,manage content metadata,essential
big data archive librarian,manage-data,manage data,essential
big data archive librarian,maintain-database-performance,maintain database performance,essential
big data archive librarian,maintain-database-security,maintain database security,essential
big data archive librarian,manage-digital-archives,manage digital archives,essential
big data archive librarian,information-structure,information structure,optional
big data archive librarian,informatica-powercenter,Informatica PowerCenter,optional
big data archive librarian,ibm-infosphere-datastage,IBM InfoSphere DataStage,optional
big data archive librarian,mdx,MDX,optional
big data archive librarian,oracle-warehouse-builder,Oracle Warehouse Builder,optional
big data archive librarian,visual-presentation-techniques,visual presentation techniques,optional
big data archive librarian,oracle-data-integrator,Oracle Data Integrator,optional
big data archive librarian,db2,DB2,optional
big data archive librarian,microsoft-access,Microsoft Access,optional
big data archive librarian,xquery,XQuery,optional
big data archive librarian,pentaho-data-integration,Pentaho Data Integration,optional
big data archive librarian,openedge-database,OpenEdge Database,optional
big data archive librarian,objectstore,ObjectStore,optional
big data archive librarian,mysql,MySQL,optional
big data archive librarian,triplestore,TripleStore,optional
big data archive librarian,sparql,SPARQL,optional
big data archive librarian,sql-server-integration-services,SQL Server Integration Services,optional
big data archive librarian,statistics,statistics,optional
big data archive librarian,ibm-infosphere-information-server,IBM InfoSphere Information Server,optional
big data archive librarian,ibm-informix,IBM Informix,optional
big data archive librarian,qlikview-expressor,QlikView Expressor,optional
big data archive librarian,information-confidentiality,information confidentiality,optional
big data archive librarian,ldap,LDAP,optional
big data archive librarian,postgresql,PostgreSQL,optional
big data archive librarian,filemaker-database-management-systems,Filemaker (database management systems),optional
big data archive librarian,sql-server,SQL Server,optional
big data archive librarian,ca-datacom-db,CA Datacom/DB,optional
big data archive librarian,linq,LINQ,optional
big data archive librarian,data-quality-assessment,data quality assessment,optional
big data archive librarian,teradata-database,Teradata Database,optional
big data archive librarian,oracle-relational-database,Oracle Relational Database,optional
big data archive librarian,sas-data-management,SAS Data Management,optional
big data archive librarian,marklogic,MarkLogic,optional
big data archive librarian,n1ql,N1QL,optional
big data archive librarian,sap-data-services,SAP Data Services,optional
big data archive librarian,migrate-existing-data,migrate existing data,optional
big data archive librarian,normalise-data,normalise data,optional
big data archive librarian,creatively-use-digital-technologies,creatively use digital technologies,optional
big data archive librarian,digitise-documents,digitise documents,optional
big data archive librarian,identify-technological-needs,identify technological needs,optional
big data archive librarian,integrate-ict-data,integrate ICT data,optional
big data archive librarian,design-database-scheme,design database scheme,optional
big data archive librarian,develop-ict-workflow,develop ICT workflow,optional
big data archive librarian,monitor-technology-trends,monitor technology trends,optional
big data archive librarian,apply-information-security-policies,apply information security policies,optional
big data archive librarian,manage-data-collection-systems,manage data collection systems,optional
big data archive librarian,design-database-backup-specifications,design database backup specifications,optional
big data archive librarian,give-live-presentation,give live presentation,optional
big data archive librarian,perform-backups,perform backups,optional
assistive technologist,assistive-technology-in-education,assistive technology in education,essential
assistive technologist,ict-accessibility-standards,ICT accessibility standards,essential
assistive technologist,disability-types,disability types,essential
assistive technologist,project-management,project management,essential
assistive technologist,human-computer-interaction,human-computer interaction,essential
assistive technologist,online-moderation-techniques,online moderation techniques,essential
assistive technologist,domotic-systems,domotic systems,essential
assistive technologist,ensure-compliance-with-legal-requirements,ensure compliance with legal requirements,essential
assistive technologist,protect-personal-data-and-privacy,protect personal data and privacy,essential
assistive technologist,assess-users-interaction-with-ict-applications,assess users' interaction with ICT applications,essential
assistive technologist,address-problems-critically,address problems critically,essential
assistive technologist,measure-software-usability,measure software usability,essential
assistive technologist,guide-learners-in-using-assistive-technologies,guide learners in using assistive technologies,essential
assistive technologist,present-reports,present reports,essential
assistive technologist,funding-methods,funding methods,optional
assistive technologist,application-usability,application usability,optional
assistive technologist,manage-budgets,manage budgets,optional
assistive technologist,develop-organisational-policies,develop organisational policies,optional
assistive technologist,work-with-virtual-learning-environments,work with virtual learning environments,optional
industrial robot controller,robotic-components,robotic components,essential
industrial robot controller,automation-technology,automation technology,essential
industrial robot controller,perform-risk-analysis,perform risk analysis,essential
industrial robot controller,maintain-robotic-equipment,maintain robotic equipment,essential
industrial robot controller,maintain-control-systems-for-automated-equipment,maintain control systems for automated equipment,essential
industrial robot controller,cam-software,CAM software,optional
industrial robot controller,cadd-software,CADD software,optional
industrial robot controller,sensors,sensors,optional
industrial robot controller,cost-management,cost management,optional
industrial robot controller,cae-software,CAE software,optional
industrial robot controller,cad-software,CAD software,optional
industrial robot controller,robotics,robotics,optional
industrial robot controller,solve-technical-problems,solve technical problems,optional
industrial robot controller,record-test-data,record test data,optional
industrial robot controller,optimise-financial-performance,optimise financial performance,optional
industrial robot controller,use-different-communication-channels,use different communication channels,optional
industrial robot controller,assemble-robots,assemble robots,optional
industrial robot controller,install-software,install software,optional
industrial robot controller,keep-records-of-work-progress,keep records of work progress,optional
ICT accessibility tester,behavioural-science,behavioural science,essential
ICT accessibility tester,ict-accessibility-standards,ICT accessibility standards,essential
ICT accessibility tester,levels-of-software-testing,levels of software testing,essential
ICT accessibility tester,world-wide-web-consortium-standards,World Wide Web Consortium standards,essential
ICT accessibility tester,human-computer-interaction,human-computer interaction,essential
ICT accessibility tester,application-usability,application usability,essential
ICT accessibility tester,use-an-application-specific-interface,use an application-specific interface,essential
ICT accessibility tester,use-experience-map,use experience map,essential
ICT accessibility tester,assess-users-interaction-with-ict-applications,assess users' interaction with ICT applications,essential
ICT accessibility tester,report-test-findings,report test findings,essential
ICT accessibility tester,provide-software-testing-documentation,provide software testing documentation,essential
ICT accessibility tester,conduct-research-interview,conduct research interview,essential
ICT accessibility tester,execute-software-tests,execute software tests,essential
ICT accessibility tester,execute-ict-user-research-activities,execute ICT user research activities,essential
ICT accessibility tester,address-problems-critically,address problems critically,essential
ICT accessibility tester,measure-software-usability,measure software usability,essential
ICT accessibility tester,test-system-accessibility-for-users-with-special-needs,test system accessibility for users with special needs,essential
ICT accessibility tester,replicate-customer-software-issues,replicate customer software issues,essential
ICT accessibility tester,agile-project-management,Agile project management,optional
ICT accessibility tester,mdx,MDX,optional
ICT accessibility tester,cognitive-psychology,cognitive psychology,optional
ICT accessibility tester,javascript,JavaScript,optional
ICT accessibility tester,xquery,XQuery,optional
ICT accessibility tester,php,PHP,optional
ICT accessibility tester,sparql,SPARQL,optional
ICT accessibility tester,ict-debugging-tools,ICT debugging tools,optional
ICT accessibility tester,web-programming,web programming,optional
ICT accessibility tester,tools-for-ict-test-automation,tools for ICT test automation,optional
ICT accessibility tester,resource-description-framework-query-language,resource description framework query language,optional
ICT accessibility tester,query-languages,query languages,optional
ICT accessibility tester,ldap,LDAP,optional
ICT accessibility tester,ajax,AJAX,optional
ICT accessibility tester,ict-project-management-methodologies,ICT project management methodologies,optional
ICT accessibility tester,linq,LINQ,optional
ICT accessibility tester,process-based-management,Process-based management,optional
ICT accessibility tester,lean-project-management,Lean project management,optional
ICT accessibility tester,n1ql,N1QL,optional
ICT accessibility tester,use-markup-languages,use markup languages,optional
ICT accessibility tester,manage-schedule-of-tasks,manage schedule of tasks,optional
ICT accessibility tester,debug-software,debug software,optional
ICT accessibility tester,use-scripting-programming,use scripting programming,optional
ICT accessibility tester,develop-automated-software-tests,develop automated software tests,optional
ICT accessibility tester,develop-ict-test-suite,develop ICT test suite,optional
ICT accessibility tester,conduct-ict-code-review,conduct ICT code review,optional
ICT accessibility tester,give-live-presentation,give live presentation,optional
ICT accessibility tester,design-user-interface,design user interface,optional
ICT system tester,software-anomalies,software anomalies,essential
ICT system tester,levels-of-software-testing,levels of software testing,essential
ICT system tester,systems-theory,systems theory,essential
ICT system tester,report-test-findings,report test findings,essential
ICT system tester,provide-software-testing-documentation,provide software testing documentation,essential
ICT system tester,execute-software-tests,execute software tests,essential
ICT system tester,address-problems-critically,address problems critically,essential
ICT system tester,apply-ict-systems-theory,apply ICT systems theory,essential
ICT system tester,manage-system-testing,manage system testing,essential
ICT system tester,identify-ict-system-weaknesses,identify ICT system weaknesses,essential
ICT system tester,replicate-customer-software-issues,replicate customer software issues,essential
ICT system tester,perform-ict-security-testing,perform ICT security testing,essential
ICT system tester,agile-project-management,Agile project management,optional
ICT system tester,mdx,MDX,optional
ICT system tester,xquery,XQuery,optional
ICT system tester,attack-vectors,attack vectors,optional
ICT system tester,sparql,SPARQL,optional
ICT system tester,ict-debugging-tools,ICT debugging tools,optional
ICT system tester,ict-system-integration,ICT system integration,optional
ICT system tester,tools-for-ict-test-automation,tools for ICT test automation,optional
ICT system tester,resource-description-framework-query-language,resource description framework query language,optional
ICT system tester,query-languages,query languages,optional
ICT system tester,ldap,LDAP,optional
ICT system tester,ict-system-programming,ICT system programming,optional
ICT system tester,ict-project-management-methodologies,ICT project management methodologies,optional
ICT system tester,linq,LINQ,optional
ICT system tester,process-based-management,Process-based management,optional
ICT system tester,lean-project-management,Lean project management,optional
ICT system tester,n1ql,N1QL,optional
ICT system tester,ict-network-simulation,ICT network simulation,optional
ICT system tester,manage-schedule-of-tasks,manage schedule of tasks,optional
ICT system tester,debug-software,debug software,optional
ICT system tester,use-scripting-programming,use scripting programming,optional
ICT system tester,develop-automated-software-tests,develop automated software tests,optional
ICT system tester,develop-ict-test-suite,develop ICT test suite,optional
ICT system tester,monitor-system-performance,monitor system performance,optional
ICT system tester,conduct-ict-code-review,conduct ICT code review,optional
ICT system tester,solve-ict-system-problems,solve ICT system problems,optional
ICT system tester,measure-software-usability,measure software usability,optional
ICT system tester,give-live-presentation,give live presentation,optional
ICT system tester,execute-integration-testing,execute integration testing,optional
ICT system tester,perform-software-recovery-testing,perform software recovery testing,optional
3D animator,particle-animation,particle animation,essential
3D animator,principles-of-animation,principles of animation,essential
3D animator,3d-texturing,3D texturing,essential
3D animator,3d-lighting,3D lighting,essential
3D animator,augmented-reality,augmented reality,essential
3D animator,create-3d-environments,create 3D environments,essential
3D animator,apply-3d-imaging-techniques,apply 3D imaging techniques,essential
3D animator,create-3d-characters,create 3D characters,essential
3D animator,animate-3d-organic-forms,animate 3D organic forms,essential
3D animator,rig-3d-characters,rig 3D characters,essential
3D animator,render-3d-images,render 3D images,essential
3D animator,operate-3d-computer-graphics-software,operate 3D computer graphics software,essential
3D animator,manage-schedule-of-tasks,manage schedule of tasks,optional
3D animator,create-animated-narratives,create animated narratives,optional
3D animator,create-storyboards,create storyboards,optional
3D animator,maintain-an-artistic-portfolio,maintain an artistic portfolio,optional
3D animator,use-scripting-programming,use scripting programming,optional
3D animator,develop-creative-ideas,develop creative ideas,optional
3D animator,select-illustration-styles,select illustration styles,optional
3D animator,draw-design-sketches,draw design sketches,optional
robotics engineer,human-robot-collaboration,human-robot collaboration,essential
robotics engineer,engineering-principles,engineering principles,essential
robotics engineer,technical-drawings,technical drawings,essential
robotics engineer,engineering-processes,engineering processes,essential
robotics engineer,robotic-components,robotic components,essential
robotics engineer,robotics,robotics,essential
robotics engineer,adjust-engineering-designs,adjust engineering designs,essential
robotics engineer,use-technical-drawing-software,use technical drawing software,essential
robotics engineer,execute-feasibility-study,execute feasibility study,essential
robotics engineer,assess-financial-viability,assess financial viability,essential
robotics engineer,approve-engineering-design,approve engineering design,essential
robotics engineer,model-based-system-engineering,model based system engineering,optional
robotics engineer,design-principles,design principles,optional
robotics engineer,computer-engineering,computer engineering,optional
robotics engineer,microprocessors,microprocessors,optional
robotics engineer,electronics,electronics,optional
robotics engineer,safety-engineering,safety engineering,optional
robotics engineer,mechatronics,mechatronics,optional
robotics engineer,product-data-management,product data management,optional
robotics engineer,keep-up-with-digital-transformation-of-industrial-processes,keep up with digital transformation of industrial processes,optional
robotics engineer,debug-software,debug software,optional
robotics engineer,record-test-data,record test data,optional
robotics engineer,create-software-design,create software design,optional
robotics engineer,create-technical-plans,create technical plans,optional
robotics engineer,test-mechatronic-units,test mechatronic units,optional
robotics engineer,maintain-robotic-equipment,maintain robotic equipment,optional
robotics engineer,use-cam-software,use CAM software,optional
robotics engineer,assemble-robots,assemble robots,optional
robotics engineer,analyse-test-data,analyse test data,optional
robotics engineer,simulate-mechatronic-design-concepts,simulate mechatronic design concepts,optional
robotics engineer,draft-design-specifications,draft design specifications,optional
robotics engineer,use-cad-software,use CAD software,optional
robotics engineer,design-prototypes,design prototypes,optional
robotics engineer,conduct-performance-tests,conduct performance tests,optional
robotics engineer,prepare-production-prototypes,prepare production prototypes,optional
embedded systems software developer,embedded-systems,embedded systems,essential
embedded systems software developer,computer-programming,computer programming,essential
embedded systems software developer,ict-debugging-tools,ICT debugging tools,essential
embedded systems software developer,integrated-development-environment-software,integrated development environment software,essential
embedded systems software developer,tools-for-software-configuration-management,tools for software configuration management,essential
embedded systems software developer,internet-of-things,Internet of Things,essential
embedded systems software developer,provide-technical-documentation,provide technical documentation,essential
embedded systems software developer,utilise-computer-aided-software-engineering-tools,utilise computer-aided software engineering tools,essential
embedded systems software developer,debug-software,debug software,essential
embedded systems software developer,use-software-design-patterns,use software design patterns,essential
embedded systems software developer,develop-software-prototype,develop software prototype,essential
embedded systems software developer,develop-ict-device-driver,develop ICT device driver,essential
embedded systems software developer,interpret-technical-texts,interpret technical texts,essential
embedded systems software developer,use-software-libraries,use software libraries,essential
embedded systems software developer,create-flowchart-diagram,create flowchart diagram,essential
embedded systems software developer,analyse-software-specifications,analyse software specifications,essential
embedded systems software developer,haskell,Haskell,optional
embedded systems software developer,kdevelop,KDevelop,optional
embedded systems software developer,sas-language,SAS language,optional
embedded systems software developer,ruby-computer-programming,Ruby (computer programming),optional
embedded systems software developer,common-lisp,Common Lisp,optional
embedded systems software developer,apache-maven,Apache Maven,optional
embedded systems software developer,lisp,Lisp,optional
embedded systems software developer,visual-studio-net,Visual Studio .NET,optional
embedded systems software developer,java-computer-programming,Java (computer programming),optional
embedded systems software developer,prolog-computer-programming,Prolog (computer programming),optional
embedded systems software developer,openedge-advanced-business-language,OpenEdge Advanced Business Language,optional
embedded systems software developer,javascript,JavaScript,optional
embedded systems software developer,perl,Perl,optional
embedded systems software developer,php,PHP,optional
embedded systems software developer,software-anomalies,software anomalies,optional
embedded systems software developer,xcode,Xcode,optional
embedded systems software developer,assembly-computer-programming,Assembly (computer programming),optional
embedded systems software developer,c-2,C#,optional
embedded systems software developer,r,R,optional
embedded systems software developer,groovy,Groovy,optional
embedded systems software developer,asp-net,ASP.NET,optional
embedded systems software developer,apl,APL,optional
embedded systems software developer,object-oriented-modelling,object-oriented modelling,optional
embedded systems software developer,puppet-tools-for-software-configuration-management,Puppet (tools for software configuration management),optional
embedded systems software developer,staf,STAF,optional
embedded systems software developer,eclipse-integrated-development-environment-software,Eclipse (integrated development environment software),optional
embedded systems software developer,ansible,Ansible,optional
embedded systems software developer,ict-security-legislation,ICT security legislation,optional
embedded systems software developer,microsoft-visual-c,Microsoft Visual C++,optional
embedded systems software developer,typescript,TypeScript,optional
embedded systems software developer,world-wide-web-consortium-standards,World Wide Web Consortium standards,optional
embedded systems software developer,objective-c,Objective-C,optional
embedded systems software developer,ml-computer-programming,ML (computer programming),optional
embedded systems software developer,ajax,AJAX,optional
embedded systems software developer,c,C++,optional
embedded systems software developer,sap-r3,SAP R3,optional
embedded systems software developer,swift-computer-programming,Swift (computer programming),optional
embedded systems software developer,matlab,MATLAB,optional
embedded systems software developer,salt-tools-for-software-configuration-management,Salt (tools for software configuration management),optional
embedded systems software developer,python-computer-programming,Python (computer programming),optional
embedded systems software developer,scratch-computer-programming,Scratch (computer programming),optional
embedded systems software developer,vbscript,VBScript,optional
embedded systems software developer,cobol,COBOL,optional
embedded systems software developer,pascal-computer-programming,Pascal (computer programming),optional
embedded systems software developer,abap,ABAP,optional
embedded systems software developer,jenkins-tools-for-software-configuration-management,Jenkins (tools for software configuration management),optional
embedded systems software developer,scala,Scala,optional
embedded systems software developer,develop-automated-migration-methods,develop automated migration methods,optional
embedded systems software developer,use-concurrent-programming,use concurrent programming,optional
embedded systems software developer,use-logic-programming,use logic programming,optional
embedded systems software developer,use-object-oriented-programming,use object-oriented programming,optional
embedded systems software developer,collect-customer-feedback-on-applications,collect customer feedback on applications,optional
embedded systems software developer,use-automatic-programming,use automatic programming,optional
embedded systems software developer,develop-creative-ideas,develop creative ideas,optional
embedded systems software developer,use-functional-programming,use functional programming,optional
embedded systems software developer,integrate-system-components,integrate system components,optional
embedded systems software developer,adapt-to-changes-in-technological-development-plans,adapt to changes in technological development plans,optional
embedded systems software developer,design-user-interface,design user interface,optional
ICT business development manager,innovation-processes,innovation processes,essential
ICT business development manager,decision-support-systems,decision support systems,essential
ICT business development manager,business-processes,business processes,essential
ICT business development manager,business-strategy-concepts,business strategy concepts,essential
ICT business development manager,business-ict-systems,business ICT systems,essential
ICT business development manager,ict-market,ICT market,essential
ICT business development manager,interpret-current-data,interpret current data,essential
ICT business development manager,perform-business-analysis,perform business analysis,essential
ICT business development manager,collect-customer-feedback-on-applications,collect customer feedback on applications,essential
ICT business development manager,monitor-technology-trends,monitor technology trends,essential
ICT business development manager,innovate-in-ict,innovate in ICT,essential
ICT business development manager,analyse-business-requirements,analyse business requirements,essential
ICT business development manager,give-live-presentation,give live presentation,essential
ICT business development manager,identify-new-business-opportunities,identify new business opportunities,essential
ICT business development manager,seek-innovation-in-current-practices,seek innovation in current practices,essential
ICT business development manager,perform-market-research,perform market research,essential
ICT business development manager,business-requirements-techniques,business requirements techniques,optional
ICT business development manager,business-intelligence,business intelligence,optional
ICT business development manager,visual-presentation-techniques,visual presentation techniques,optional
ICT business development manager,ict-capacity-planning-strategies,ICT capacity planning strategies,optional
ICT business development manager,crowdsourcing-strategy,crowdsourcing strategy,optional
ICT business development manager,information-extraction,information extraction,optional
ICT business development manager,outsourcing-strategy,outsourcing strategy,optional
ICT business development manager,business-process-modelling,business process modelling,optional
ICT business development manager,investment-analysis,investment analysis,optional
ICT business development manager,insourcing-strategy,insourcing strategy,optional
ICT business development manager,communicate-with-customers,communicate with customers,optional
ICT business development manager,use-different-communication-channels,use different communication channels,optional
ICT business development manager,manage-contracts,manage contracts,optional
ICT business development manager,coordinate-technological-activities,coordinate technological activities,optional
ICT business development manager,build-business-relationships,build business relationships,optional
aviation data communications manager,perform-risk-analysis,perform risk analysis,essential
aviation data communications manager,use-different-communication-channels,use different communication channels,essential
aviation data communications manager,write-work-related-reports,write work-related reports,essential
aviation data communications manager,manage-data,manage data,essential
aviation data communications manager,apply-technical-communication-skills,apply technical communication skills,essential
aviation data communications manager,present-reports,present reports,essential
aviation data communications manager,have-computer-literacy,have computer literacy,essential
aviation data communications manager,tolerate-stress,tolerate stress,essential
aviation data communications manager,monitor-communication-channels-performance,monitor communication channels' performance,essential
aviation data communications manager,perform-multiple-tasks-at-the-same-time,perform multiple tasks at the same time,optional
aviation data communications manager,use-databases,use databases,optional
ICT usability tester,behavioural-science,behavioural science,essential
ICT usability tester,levels-of-software-testing,levels of software testing,essential
ICT usability tester,human-computer-interaction,human-computer interaction,essential
ICT usability tester,application-usability,application usability,essential
ICT usability tester,use-experience-map,use experience map,essential
ICT usability tester,assess-users-interaction-with-ict-applications,assess users' interaction with ICT applications,essential
ICT usability tester,report-test-findings,report test findings,essential
ICT usability tester,provide-software-testing-documentation,provide software testing documentation,essential
ICT usability tester,conduct-research-interview,conduct research interview,essential
ICT usability tester,execute-software-tests,execute software tests,essential
ICT usability tester,execute-ict-user-research-activities,execute ICT user research activities,essential
ICT usability tester,address-problems-critically,address problems critically,essential
ICT usability tester,measure-software-usability,measure software usability,essential
ICT usability tester,replicate-customer-software-issues,replicate customer software issues,essential
ICT usability tester,create-website-wireframe,create website wireframe,essential
ICT usability tester,agile-project-management,Agile project management,optional
ICT usability tester,mdx,MDX,optional
ICT usability tester,cognitive-psychology,cognitive psychology,optional
ICT usability tester,visual-presentation-techniques,visual presentation techniques,optional
ICT usability tester,javascript,JavaScript,optional
ICT usability tester,xquery,XQuery,optional
ICT usability tester,php,PHP,optional
ICT usability tester,sparql,SPARQL,optional
ICT usability tester,ict-debugging-tools,ICT debugging tools,optional
ICT usability tester,web-programming,web programming,optional
ICT usability tester,tools-for-ict-test-automation,tools for ICT test automation,optional
ICT usability tester,resource-description-framework-query-language,resource description framework query language,optional
ICT usability tester,query-languages,query languages,optional
ICT usability tester,ldap,LDAP,optional
ICT usability tester,ajax,AJAX,optional
ICT usability tester,ict-project-management-methodologies,ICT project management methodologies,optional
ICT usability tester,unstructured-data,unstructured data,optional
ICT usability tester,linq,LINQ,optional
ICT usability tester,process-based-management,Process-based management,optional
ICT usability tester,lean-project-management,Lean project management,optional
ICT usability tester,n1ql,N1QL,optional
ICT usability tester,use-markup-languages,use markup languages,optional
ICT usability tester,manage-schedule-of-tasks,manage schedule of tasks,optional
ICT usability tester,debug-software,debug software,optional
ICT usability tester,use-scripting-programming,use scripting programming,optional
ICT usability tester,develop-automated-software-tests,develop automated software tests,optional
ICT usability tester,develop-ict-test-suite,develop ICT test suite,optional
ICT usability tester,conduct-ict-code-review,conduct ICT code review,optional
ICT usability tester,design-user-interface,design user interface,optional
ICT documentation manager,industrial-software,industrial software,essential
ICT documentation manager,ict-project-management,ICT project management,essential
ICT documentation manager,business-processes,business processes,essential
ICT documentation manager,legal-requirements-of-ict-products,legal requirements of ICT products,essential
ICT documentation manager,content-development-processes,content development processes,essential
ICT documentation manager,develop-information-standards,develop information standards,essential
ICT documentation manager,ensure-compliance-with-legal-requirements,ensure compliance with legal requirements,essential
ICT documentation manager,disseminate-internal-communications,disseminate internal communications,essential
ICT documentation manager,manage-budgets,manage budgets,essential
ICT documentation manager,manage-human-resources,manage human resources,essential
ICT documentation manager,manage-content-metadata,manage content metadata,essential
ICT documentation manager,manage-content-development-projects,manage content development projects,essential
ICT documentation manager,provide-guidelines-for-content-development,provide guidelines for content development,essential
ICT documentation manager,identify-legal-requirements,identify legal requirements,essential
ICT documentation manager,develop-technological-improvement-strategies,develop technological improvement strategies,essential
ICT documentation manager,apply-organisational-techniques,apply organisational techniques,essential
ICT documentation manager,perform-resource-planning,perform resource planning,essential
ICT documentation manager,manage-information-sources,manage information sources,essential
ICT documentation manager,systems-development-life-cycle,systems development life-cycle,optional
ICT documentation manager,crowdsourcing-strategy,crowdsourcing strategy,optional
ICT documentation manager,outsourcing-strategy,outsourcing strategy,optional
ICT documentation manager,ict-help-platforms,ICT help platforms,optional
ICT documentation manager,usability-engineering,usability engineering,optional
ICT documentation manager,quality-assurance-methodologies,quality assurance methodologies,optional
ICT documentation manager,document-management,document management,optional
ICT documentation manager,insourcing-strategy,insourcing strategy,optional
ICT documentation manager,supplier-management,supplier management,optional
ICT documentation manager,set-quality-assurance-objectives,set quality assurance objectives,optional
ICT documentation manager,apply-change-management,apply change management,optional
ICT documentation manager,maintain-relationship-with-suppliers,maintain relationship with suppliers,optional
ICT documentation manager,identify-market-requirements-for-ict-documentation,identify market requirements for ICT documentation,optional
ICT documentation manager,plan-digital-marketing,plan digital marketing,optional
ICT documentation manager,monitor-technology-trends,monitor technology trends,optional
ICT documentation manager,track-key-performance-indicators,track key performance indicators,optional
ICT documentation manager,manage-localisation,manage localisation,optional
ICT documentation manager,develop-media-strategy,develop media strategy,optional
ICT documentation manager,identify-ict-user-needs,identify ICT user needs,optional
data entry clerk,documentation-types,documentation types,essential
data entry clerk,database,database,essential
data entry clerk,resource-description-framework-query-language,resource description framework query language,essential
data entry clerk,query-languages,query languages,essential
data entry clerk,apply-statistical-analysis-techniques,apply statistical analysis techniques,essential
data entry clerk,perform-data-cleansing,perform data cleansing,essential
data entry clerk,use-word-processing-software,use word processing software,essential
data entry clerk,apply-information-security-policies,apply information security policies,essential
data entry clerk,maintain-data-entry-requirements,maintain data entry requirements,essential
data entry clerk,process-data,process data,essential
data entry clerk,optical-character-recognition-software,optical character recognition software,optional
data entry clerk,mdx,MDX,optional
data entry clerk,xquery,XQuery,optional
data entry clerk,sparql,SPARQL,optional
data entry clerk,abbyy-finereader,ABBYY FineReader,optional
data entry clerk,information-confidentiality,information confidentiality,optional
data entry clerk,ldap,LDAP,optional
data entry clerk,data-storage,data storage,optional
data entry clerk,linq,LINQ,optional
data entry clerk,omnipage,OmniPage,optional
data entry clerk,n1ql,N1QL,optional
data entry clerk,data-models,data models,optional
data entry clerk,manage-ict-data-classification,manage ICT data classification,optional
data entry clerk,use-an-application-specific-interface,use an application-specific interface,optional
data entry clerk,normalise-data,normalise data,optional
data entry clerk,use-spreadsheets-software,use spreadsheets software,optional
data entry clerk,establish-data-processes,establish data processes,optional
data entry clerk,use-databases,use databases,optional
data entry clerk,implement-data-quality-processes,implement data quality processes,optional
data entry clerk,manage-data,manage data,optional
data entry clerk,manage-data-collection-systems,manage data collection systems,optional
data entry clerk,manage-digital-documents,manage digital documents,optional
data entry clerk,apply-organisational-techniques,apply organisational techniques,optional
data entry clerk,implement-data-warehousing-techniques,implement data warehousing techniques,optional
ICT network technician,ict-network-routing,ICT network routing,essential
ICT network technician,ict-network-security-risks,ICT network security risks,essential
ICT network technician,ict-network-cable-limitations,ICT network cable limitations,essential
ICT network technician,ict-networking-hardware,ICT networking hardware,essential
ICT network technician,create-solutions-to-problems,create solutions to problems,essential
ICT network technician,provide-technical-documentation,provide technical documentation,essential
ICT network technician,implement-ict-safety-policies,implement ICT safety policies,essential
ICT network technician,analyse-network-configuration-and-performance,analyse network configuration and performance,essential
ICT network technician,use-back-up-and-recovery-tools,use back-up and recovery tools,essential
ICT network technician,implement-a-virtual-private-network,implement a virtual private network,essential
ICT network technician,adjust-ict-system-capacity,adjust ICT system capacity,essential
ICT network technician,maintain-internet-protocol-configuration,maintain internet protocol configuration,essential
ICT network technician,implement-anti-virus-software,implement anti-virus software,essential
ICT network technician,implement-ict-network-diagnostic-tools,implement ICT network diagnostic tools,essential
ICT network technician,analyse-network-bandwidth-requirements,analyse network bandwidth requirements,essential
ICT network technician,implement-a-firewall,implement a firewall,essential
ICT network technician,network-management-system-tools,network management system tools,optional
ICT network technician,apache-tomcat,Apache Tomcat,optional
ICT network technician,procurement-of-ict-network-equipment,procurement of ICT network equipment,optional
ICT network technician,ict-debugging-tools,ICT debugging tools,optional
ICT network technician,ict-communications-protocols,ICT communications protocols,optional
ICT network technician,cisco,Cisco,optional
ICT network technician,ict-security-legislation,ICT security legislation,optional
ICT network technician,ict-system-programming,ICT system programming,optional
ICT network technician,concepts-of-telecommunications,concepts of telecommunications,optional
ICT network technician,migrate-existing-data,migrate existing data,optional
ICT network technician,design-cloud-architecture,design cloud architecture,optional
ICT network technician,solder-electronics,solder electronics,optional
ICT network technician,remove-computer-virus-or-malware-from-a-computer,remove computer virus or malware from a computer,optional
ICT network technician,implement-spam-protection,implement spam protection,optional
ICT network technician,perform-ict-security-testing,perform ICT security testing,optional
graphic designer,graphic-design,graphic design,essential
graphic designer,desktop-publishing,desktop publishing,essential
graphic designer,copyright-legislation,copyright legislation,essential
graphic designer,use-creative-suite-software,use creative suite software,essential
graphic designer,follow-a-brief,follow a brief,essential
graphic designer,translate-requirements-into-visual-design,translate requirements into visual design,essential
graphic designer,identify-customer-s-needs,identify customer's needs,essential
graphic designer,convert-scribbles-into-virtual-sketches,convert scribbles into virtual sketches,essential
graphic designer,finish-project-within-budget,finish project within budget,essential
graphic designer,develop-creative-ideas,develop creative ideas,essential
graphic designer,design-prototypes,design prototypes,essential
graphic designer,design-graphics,design graphics,essential
graphic designer,perform-market-research,perform market research,essential
graphic designer,adobe-photoshop,Adobe Photoshop,optional
graphic designer,adobe-illustrator,Adobe Illustrator,optional
graphic designer,photography,photography,optional
graphic designer,digital-compositing,digital compositing,optional
graphic designer,gimp-graphics-editor-software,GIMP (graphics editor software),optional
graphic designer,aesthetics,aesthetics,optional
graphic designer,3d-lighting,3D lighting,optional
graphic designer,sketchbook-pro,SketchBook Pro,optional
graphic designer,microsoft-visio,Microsoft Visio,optional
graphic designer,motion-graphics,motion graphics,optional
graphic designer,3d-modelling,3D modelling,optional
graphic designer,graphics-editor-software,graphics editor software,optional
graphic designer,advertising-techniques,advertising techniques,optional
graphic designer,synfig,Synfig,optional
graphic designer,adobe-photoshop-lightroom,Adobe Photoshop Lightroom,optional
graphic designer,capture-one,Capture One,optional
graphic designer,create-3d-environments,create 3D environments,optional
graphic designer,edit-negatives,edit negatives,optional
graphic designer,apply-3d-imaging-techniques,apply 3D imaging techniques,optional
graphic designer,create-animated-narratives,create animated narratives,optional
graphic designer,use-presentation-software,use presentation software,optional
graphic designer,use-traditional-illustration-techniques,use traditional illustration techniques,optional
graphic designer,meet-expectations-of-target-audience,meet expectations of target audience,optional
graphic designer,apply-desktop-publishing-techniques,apply desktop publishing techniques,optional
graphic designer,brainstorm-ideas,brainstorm ideas,optional
graphic designer,create-3d-characters,create 3D characters,optional
graphic designer,use-word-processing-software,use word processing software,optional
graphic designer,use-digital-illustration-techniques,use digital illustration techniques,optional
graphic designer,manage-contracts,manage contracts,optional
graphic designer,edit-digital-moving-images,edit digital moving images,optional
graphic designer,create-advertisements,create advertisements,optional
graphic designer,use-cad-software,use CAD software,optional
graphic designer,edit-photographs,edit photographs,optional
graphic designer,create-moving-images,create moving images,optional
graphic designer,develop-animations,develop animations,optional
graphic designer,operate-3d-computer-graphics-software,operate 3D computer graphics software,optional
graphic designer,draw-design-sketches,draw design sketches,optional
technical sales representative in electronic and telecommunications equipment,characteristics-of-products,characteristics of products,essential
technical sales representative in electronic and telecommunications equipment,characteristics-of-services,characteristics of services,essential
technical sales representative in electronic and telecommunications equipment,guarantee-customer-satisfaction,guarantee customer satisfaction,essential
technical sales representative in electronic and telecommunications equipment,communicate-with-customers,communicate with customers,essential
technical sales representative in electronic and telecommunications equipment,manage-schedule-of-tasks,manage schedule of tasks,essential
technical sales representative in electronic and telecommunications equipment,implement-marketing-strategies,implement marketing strategies,essential
technical sales representative in electronic and telecommunications equipment,ensure-compliance-with-legal-requirements,ensure compliance with legal requirements,essential
technical sales representative in electronic and telecommunications equipment,maintain-relationship-with-customers,maintain relationship with customers,essential
technical sales representative in electronic and telecommunications equipment,implement-customer-follow-up,implement customer follow-up,essential
technical sales representative in electronic and telecommunications equipment,keep-records-of-customer-interaction,keep records of customer interaction,essential
technical sales representative in electronic and telecommunications equipment,use-customer-relationship-management-software,use customer relationship management software,essential
technical sales representative in electronic and telecommunications equipment,ensure-client-orientation,ensure client orientation,essential
technical sales representative in electronic and telecommunications equipment,implement-sales-strategies,implement sales strategies,essential
technical sales representative in electronic and telecommunications equipment,apply-technical-communication-skills,apply technical communication skills,essential
technical sales representative in electronic and telecommunications equipment,have-computer-literacy,have computer literacy,essential
numerical tool and process control programmer,haskell,Haskell,essential
numerical tool and process control programmer,erlang,Erlang,essential
numerical tool and process control programmer,sas-language,SAS language,essential
numerical tool and process control programmer,statistical-process-control,statistical process control,essential
numerical tool and process control programmer,ruby-computer-programming,Ruby (computer programming),essential
numerical tool and process control programmer,common-lisp,Common Lisp,essential
numerical tool and process control programmer,lisp,Lisp,essential
numerical tool and process control programmer,visual-studio-net,Visual Studio .NET,essential
numerical tool and process control programmer,java-computer-programming,Java (computer programming),essential
numerical tool and process control programmer,computer-programming,computer programming,essential
numerical tool and process control programmer,prolog-computer-programming,Prolog (computer programming),essential
numerical tool and process control programmer,openedge-advanced-business-language,OpenEdge Advanced Business Language,essential
numerical tool and process control programmer,javascript,JavaScript,essential
numerical tool and process control programmer,perl,Perl,essential
numerical tool and process control programmer,smalltalk-computer-programming,Smalltalk (computer programming),essential
numerical tool and process control programmer,php,PHP,essential
numerical tool and process control programmer,assembly-computer-programming,Assembly (computer programming),essential
numerical tool and process control programmer,c-2,C#,essential
numerical tool and process control programmer,r,R,essential
numerical tool and process control programmer,groovy,Groovy,essential
numerical tool and process control programmer,asp-net,ASP.NET,essential
numerical tool and process control programmer,apl,APL,essential
numerical tool and process control programmer,microsoft-visual-c,Microsoft Visual C++,essential
numerical tool and process control programmer,typescript,TypeScript,essential
numerical tool and process control programmer,coffeescript,CoffeeScript,essential
numerical tool and process control programmer,objective-c,Objective-C,essential
numerical tool and process control programmer,cad-software,CAD software,essential
numerical tool and process control programmer,ml-computer-programming,ML (computer programming),essential
numerical tool and process control programmer,ict-system-programming,ICT system programming,essential
numerical tool and process control programmer,ajax,AJAX,essential
numerical tool and process control programmer,c,C++,essential
numerical tool and process control programmer,sap-r3,SAP R3,essential
numerical tool and process control programmer,swift-computer-programming,Swift (computer programming),essential
numerical tool and process control programmer,matlab,MATLAB,essential
numerical tool and process control programmer,python-computer-programming,Python (computer programming),essential
numerical tool and process control programmer,scratch-computer-programming,Scratch (computer programming),essential
numerical tool and process control programmer,vbscript,VBScript,essential
numerical tool and process control programmer,cobol,COBOL,essential
numerical tool and process control programmer,pascal-computer-programming,Pascal (computer programming),essential
numerical tool and process control programmer,abap,ABAP,essential
numerical tool and process control programmer,scala,Scala,essential
numerical tool and process control programmer,troubleshoot,troubleshoot,essential
numerical tool and process control programmer,use-cad-software,use CAD software,essential
numerical tool and process control programmer,engineering-principles,engineering principles,optional
numerical tool and process control programmer,mathematics,mathematics,optional
numerical tool and process control programmer,engineering-processes,engineering processes,optional
numerical tool and process control programmer,3d-modelling,3D modelling,optional
numerical tool and process control programmer,provide-technical-documentation,provide technical documentation,optional
numerical tool and process control programmer,perform-data-analysis,perform data analysis,optional
numerical tool and process control programmer,use-computer-aided-engineering-systems,use computer-aided engineering systems,optional
numerical tool and process control programmer,use-cam-software,use CAM software,optional
numerical tool and process control programmer,advise-client-on-technical-possibilities,advise client on technical possibilities,optional
numerical tool and process control programmer,use-technical-documentation,use technical documentation,optional
ICT research consultant,innovation-processes,innovation processes,essential
ICT research consultant,draft-scientific-or-academic-papers-and-technical-documentation,draft scientific or academic papers and technical documentation,essential
ICT research consultant,provide-technical-documentation,provide technical documentation,essential
ICT research consultant,create-prototype-of-user-experience-solutions,create prototype of user experience solutions,essential
ICT research consultant,manage-research-data,manage research data,essential
ICT research consultant,interact-professionally-in-research-and-professional-environments,interact professionally in research and professional environments,essential
ICT research consultant,operate-open-source-software,operate open source software,essential
ICT research consultant,speak-different-languages,speak different languages,essential
ICT research consultant,execute-analytical-mathematical-calculations,execute analytical mathematical calculations,essential
ICT research consultant,apply-statistical-analysis-techniques,apply statistical analysis techniques,essential
ICT research consultant,provide-user-documentation,provide user documentation,essential
ICT research consultant,manage-findable-accessible-interoperable-and-reusable-data,manage findable accessible interoperable and reusable data,essential
ICT research consultant,manage-intellectual-property-rights,manage intellectual property rights,essential
ICT research consultant,use-methodologies-for-user-centered-design,use methodologies for user-centered design,essential
ICT research consultant,develop-software-prototype,develop software prototype,essential
ICT research consultant,conduct-quantitative-research,conduct quantitative research,essential
ICT research consultant,innovate-in-ict,innovate in ICT,essential
ICT research consultant,conduct-research-interview,conduct research interview,essential
ICT research consultant,consult-with-business-clients,consult with business clients,essential
ICT research consultant,think-abstractly,think abstractly,essential
ICT research consultant,execute-ict-user-research-activities,execute ICT user research activities,essential
ICT research consultant,mentor-individuals,mentor individuals,essential
ICT research consultant,apply-reverse-engineering,apply reverse engineering,essential
ICT research consultant,interact-with-users-to-gather-requirements,interact with users to gather requirements,essential
ICT research consultant,manage-personal-professional-development,manage personal professional development,essential
ICT research consultant,perform-project-management,perform project management,essential
ICT research consultant,manage-open-publications,manage open publications,essential
ICT research consultant,synthesise-information,synthesise information,essential
ICT research consultant,conduct-qualitative-research,conduct qualitative research,essential
ICT research consultant,communicate-with-a-non-scientific-audience,communicate with a non-scientific audience ,essential
ICT research consultant,web-analytics,web analytics,optional
ICT research consultant,mdx,MDX,optional
ICT research consultant,xquery,XQuery,optional
ICT research consultant,emergent-technologies,emergent technologies,optional
ICT research consultant,sparql,SPARQL,optional
ICT research consultant,information-extraction,information extraction,optional
ICT research consultant,information-categorisation,information categorisation,optional
ICT research consultant,resource-description-framework-query-language,resource description framework query language,optional
ICT research consultant,query-languages,query languages,optional
ICT research consultant,ldap,LDAP,optional
ICT research consultant,linq,LINQ,optional
ICT research consultant,ict-system-user-requirements,ICT system user requirements,optional
ICT research consultant,ict-market,ICT market,optional
ICT research consultant,n1ql,N1QL,optional
ICT research consultant,create-solutions-to-problems,create solutions to problems,optional
ICT research consultant,optimise-choice-of-ict-solution,optimise choice of ICT solution,optional
ICT research consultant,perform-data-mining,perform data mining,optional
ICT research consultant,provide-written-content,provide written content,optional
ICT research consultant,report-analysis-results,report analysis results,optional
ICT research consultant,monitor-ict-research,monitor ICT research,optional
ICT research consultant,provide-multimedia-content,provide multimedia content,optional
camera operator,photography,photography,essential
camera operator,follow-work-schedule,follow work schedule,essential
camera operator,determine-visual-concepts,determine visual concepts,essential
camera operator,use-technical-documentation,use technical documentation,essential
camera operator,create-moving-images,create moving images,essential
camera operator,keep-up-with-trends,keep up with trends,essential
camera operator,file-based-workflow,file-based workflow,optional
camera operator,use-storyboards,use storyboards,optional
data quality specialist,information-structure,information structure,essential
data quality specialist,database,database,essential
data quality specialist,resource-description-framework-query-language,resource description framework query language,essential
data quality specialist,query-languages,query languages,essential
data quality specialist,normalise-data,normalise data,essential
data quality specialist,use-data-processing-techniques,use data processing techniques,essential
data quality specialist,manage-database,manage database,essential
data quality specialist,establish-data-processes,establish data processes,essential
data quality specialist,handle-data-samples,handle data samples,essential
data quality specialist,perform-data-cleansing,perform data cleansing,essential
data quality specialist,define-data-quality-criteria,define data quality criteria,essential
data quality specialist,utilise-regular-expressions,utilise regular expressions,essential
data quality specialist,design-database-scheme,design database scheme,essential
data quality specialist,implement-data-quality-processes,implement data quality processes,essential
data quality specialist,manage-data,manage data,essential
data quality specialist,address-problems-critically,address problems critically,essential
data quality specialist,report-analysis-results,report analysis results,essential
data quality specialist,manage-standards-for-data-exchange,manage standards for data exchange,essential
data quality specialist,process-data,process data,essential
data quality specialist,mdx,MDX,optional
data quality specialist,visual-presentation-techniques,visual presentation techniques,optional
data quality specialist,xquery,XQuery,optional
data quality specialist,sparql,SPARQL,optional
data quality specialist,statistics,statistics,optional
data quality specialist,business-processes,business processes,optional
data quality specialist,ldap,LDAP,optional
data quality specialist,linq,LINQ,optional
data quality specialist,data-quality-assessment,data quality assessment,optional
data quality specialist,n1ql,N1QL,optional
data quality specialist,manage-schedule-of-tasks,manage schedule of tasks,optional
data quality specialist,perform-data-analysis,perform data analysis,optional
data quality specialist,execute-analytical-mathematical-calculations,execute analytical mathematical calculations,optional
data quality specialist,execute-ict-audits,execute ICT audits,optional
data quality specialist,design-database-in-the-cloud,design database in the cloud,optional
data quality specialist,perform-project-management,perform project management,optional
data quality specialist,build-business-relationships,build business relationships,optional
data quality specialist,train-employees,train employees,optional
ICT integration tester,software-anomalies,software anomalies,essential
ICT integration tester,levels-of-software-testing,levels of software testing,essential
ICT integration tester,use-an-application-specific-interface,use an application-specific interface,essential
ICT integration tester,report-test-findings,report test findings,essential
ICT integration tester,provide-software-testing-documentation,provide software testing documentation,essential
ICT integration tester,execute-software-tests,execute software tests,essential
ICT integration tester,address-problems-critically,address problems critically,essential
ICT integration tester,manage-system-testing,manage system testing,essential
ICT integration tester,execute-integration-testing,execute integration testing,essential
ICT integration tester,replicate-customer-software-issues,replicate customer software issues,essential
ICT integration tester,integrate-system-components,integrate system components,essential
ICT integration tester,agile-project-management,Agile project management,optional
ICT integration tester,mdx,MDX,optional
ICT integration tester,xquery,XQuery,optional
ICT integration tester,sparql,SPARQL,optional
ICT integration tester,ict-debugging-tools,ICT debugging tools,optional
ICT integration tester,tools-for-ict-test-automation,tools for ICT test automation,optional
ICT integration tester,resource-description-framework-query-language,resource description framework query language,optional
ICT integration tester,query-languages,query languages,optional
ICT integration tester,ldap,LDAP,optional
ICT integration tester,ict-project-management-methodologies,ICT project management methodologies,optional
ICT integration tester,linq,LINQ,optional
ICT integration tester,ict-infrastructure,ICT infrastructure,optional
ICT integration tester,process-based-management,Process-based management,optional
ICT integration tester,lean-project-management,Lean project management,optional
ICT integration tester,ict-performance-analysis-methods,ICT performance analysis methods,optional
ICT integration tester,n1ql,N1QL,optional
ICT integration tester,ict-network-simulation,ICT network simulation,optional
ICT integration tester,manage-schedule-of-tasks,manage schedule of tasks,optional
ICT integration tester,implement-ict-safety-policies,implement ICT safety policies,optional
ICT integration tester,debug-software,debug software,optional
ICT integration tester,use-scripting-programming,use scripting programming,optional
ICT integration tester,develop-automated-software-tests,develop automated software tests,optional
ICT integration tester,develop-ict-test-suite,develop ICT test suite,optional
ICT integration tester,conduct-ict-code-review,conduct ICT code review,optional
ICT integration tester,perform-software-recovery-testing,perform software recovery testing,optional
audio-visual technician,photography,photography,optional
audio-visual technician,audio-editing-software,audio editing software,optional
audio-visual technician,determine-visual-concepts,determine visual concepts,optional
audio-visual technician,use-audio-reproduction-software,use audio reproduction software,optional
audio-visual technician,edit-recorded-sound,edit recorded sound,optional
audio-visual technician,create-moving-images,create moving images,optional
ICT auditor manager,attack-vectors,attack vectors,essential
ICT auditor manager,audit-techniques,audit techniques,essential
ICT auditor manager,cyber-security,cyber security,essential
ICT auditor manager,quality-standards,quality standards,essential
ICT auditor manager,ict-project-management,ICT project management,essential
ICT auditor manager,control-objectives-for-information-and-related-technology,control objectives for information and related technology,essential
ICT auditor manager,manage-it-security-compliances,manage IT security compliances,essential
ICT auditor manager,ensure-compliance-with-legal-requirements,ensure compliance with legal requirements,essential
ICT auditor manager,perform-contract-compliance-audits,perform contract compliance audits,essential
ICT auditor manager,implement-ict-risk-management,implement ICT risk management,essential
ICT auditor manager,develop-ict-workflow,develop ICT workflow,essential
ICT auditor manager,monitor-technology-trends,monitor technology trends,essential
ICT auditor manager,execute-ict-audits,execute ICT audits,essential
ICT auditor manager,ensure-adherence-to-organisational-ict-standards,ensure adherence to organisational ICT standards,essential
ICT auditor manager,identify-legal-requirements,identify legal requirements,essential
ICT auditor manager,build-business-relationships,build business relationships,essential
ICT auditor manager,develop-audit-plan,develop audit plan,essential
ICT auditor manager,manage-standard-enterprise-resource-planning-system,manage standard enterprise resource planning system,essential
ICT auditor manager,information-structure,information structure,optional
ICT auditor manager,systems-development-life-cycle,systems development life-cycle,optional
ICT auditor manager,ict-quality-policy,ICT quality policy,optional
ICT auditor manager,javascript,JavaScript,optional
ICT auditor manager,ict-security-standards,ICT security standards,optional
ICT auditor manager,php,PHP,optional
ICT auditor manager,web-programming,web programming,optional
ICT auditor manager,ict-security-legislation,ICT security legislation,optional
ICT auditor manager,organisational-resilience,organisational resilience,optional
ICT auditor manager,information-confidentiality,information confidentiality,optional
ICT auditor manager,legal-requirements-of-ict-products,legal requirements of ICT products,optional
ICT auditor manager,ajax,AJAX,optional
ICT auditor manager,cloud-technologies,cloud technologies,optional
ICT auditor manager,ict-process-quality-models,ICT process quality models,optional
ICT auditor manager,provide-technical-documentation,provide technical documentation,optional
ICT auditor manager,use-markup-languages,use markup languages,optional
ICT auditor manager,coach-employees,coach employees,optional
ICT auditor manager,implement-ict-safety-policies,implement ICT safety policies,optional
ICT auditor manager,manage-changes-in-ict-system,manage changes in ICT system,optional
ICT auditor manager,develop-information-security-strategy,develop information security strategy,optional
ICT auditor manager,ensure-information-privacy,ensure information privacy,optional
ICT auditor manager,develop-ict-test-suite,develop ICT test suite,optional
ICT auditor manager,train-employees,train employees,optional
ICT auditor manager,implement-corporate-governance,implement corporate governance,optional
ethical hacker,computer-forensics,computer forensics,essential
ethical hacker,software-anomalies,software anomalies,essential
ethical hacker,attack-vectors,attack vectors,essential
ethical hacker,cyber-attack-counter-measures,cyber attack counter-measures,essential
ethical hacker,tools-for-ict-test-automation,tools for ICT test automation,essential
ethical hacker,web-application-security-threats,web application security threats,essential
ethical hacker,legal-requirements-of-ict-products,legal requirements of ICT products,essential
ethical hacker,ethics,ethics,essential
ethical hacker,penetration-testing-tool,penetration testing tool,essential
ethical hacker,provide-technical-documentation,provide technical documentation,essential
ethical hacker,execute-ict-audits,execute ICT audits,essential
ethical hacker,execute-software-tests,execute software tests,essential
ethical hacker,monitor-system-performance,monitor system performance,essential
ethical hacker,analyse-the-context-of-an-organisation,analyse the context of an organisation,essential
ethical hacker,develop-code-exploits,develop code exploits,essential
ethical hacker,address-problems-critically,address problems critically,essential
ethical hacker,identify-ict-system-weaknesses,identify ICT system weaknesses,essential
ethical hacker,perform-ict-security-testing,perform ICT security testing,essential
ethical hacker,identify-ict-security-risks,identify ICT security risks,essential
ethical hacker,maltego,Maltego,optional
ethical hacker,cain-and-abel-penetration-testing-tool,Cain and Abel (penetration testing tool),optional
ethical hacker,information-security-strategy,information security strategy,optional
ethical hacker,owasp-zap,OWASP ZAP,optional
ethical hacker,nessus,Nessus,optional
ethical hacker,ict-network-security-risks,ICT network security risks,optional
ethical hacker,ict-security-standards,ICT security standards,optional
ethical hacker,metasploit,Metasploit,optional
ethical hacker,internet-governance,internet governance,optional
ethical hacker,proxy-servers,proxy servers,optional
ethical hacker,aircrack-penetration-testing-tool,Aircrack (penetration testing tool),optional
ethical hacker,backbox-penetration-testing-tool,Backbox (penetration testing tool),optional
ethical hacker,kali-linux,Kali Linux,optional
ethical hacker,outsourcing-model,Outsourcing model,optional
ethical hacker,hybrid-model,hybrid model,optional
ethical hacker,ict-security-legislation,ICT security legislation,optional
ethical hacker,organisational-resilience,organisational resilience,optional
ethical hacker,john-the-ripper-penetration-testing-tool,John The Ripper (penetration testing tool),optional
ethical hacker,cyber-security,cyber security,optional
ethical hacker,service-oriented-modelling,service-oriented modelling,optional
ethical hacker,levels-of-software-testing,levels of software testing,optional
ethical hacker,blackarch,BlackArch,optional
ethical hacker,wireshark,Wireshark,optional
ethical hacker,information-confidentiality,information confidentiality,optional
ethical hacker,parrot-security-os,Parrot Security OS,optional
ethical hacker,open-source-model,Open source model,optional
ethical hacker,samurai-web-testing-framework,Samurai Web Testing Framework,optional
ethical hacker,ict-encryption,ICT encryption,optional
ethical hacker,whitehat-sentinel,WhiteHat Sentinel,optional
ethical hacker,saas-service-oriented-modelling,SaaS (service-oriented modelling),optional
ethical hacker,nexpose,Nexpose,optional
ethical hacker,internet-of-things,Internet of Things,optional
ethical hacker,manage-it-security-compliances,manage IT security compliances,optional
ethical hacker,implement-ict-safety-policies,implement ICT safety policies,optional
ethical hacker,define-security-policies,define security policies,optional
ethical hacker,remove-computer-virus-or-malware-from-a-computer,remove computer virus or malware from a computer,optional
ethical hacker,solve-ict-system-problems,solve ICT system problems,optional
ethical hacker,perform-project-management,perform project management,optional
ethical hacker,manage-cloud-data-and-storage,manage cloud data and storage,optional
ethical hacker,implement-a-firewall,implement a firewall,optional
ethical hacker,maintain-ict-server,maintain ICT server,optional
ICT security manager,internal-risk-management-policy,internal risk management policy,essential
ICT security manager,computer-forensics,computer forensics,essential
ICT security manager,information-security-strategy,information security strategy,essential
ICT security manager,ict-quality-policy,ICT quality policy,essential
ICT security manager,ict-security-standards,ICT security standards,essential
ICT security manager,attack-vectors,attack vectors,essential
ICT security manager,internet-governance,internet governance,essential
ICT security manager,ict-project-management,ICT project management,essential
ICT security manager,ict-problem-management-techniques,ICT problem management techniques,essential
ICT security manager,legal-requirements-of-ict-products,legal requirements of ICT products,essential
ICT security manager,ict-system-user-requirements,ICT system user requirements,essential
ICT security manager,internet-of-things,Internet of Things,essential
ICT security manager,manage-it-security-compliances,manage IT security compliances,essential
ICT security manager,establish-an-ict-security-prevention-plan,establish an ICT security prevention plan,essential
ICT security manager,develop-information-security-strategy,develop information security strategy,essential
ICT security manager,define-security-policies,define security policies,essential
ICT security manager,manage-disaster-recovery-plans,manage disaster recovery plans,essential
ICT security manager,implement-ict-risk-management,implement ICT risk management,essential
ICT security manager,solve-ict-system-problems,solve ICT system problems,essential
ICT security manager,maintain-ict-identity-management,maintain ICT identity management,essential
ICT security manager,lead-disaster-recovery-exercises,lead disaster recovery exercises,essential
ICT security manager,implement-cloud-security-and-compliance,implement cloud security and compliance,optional
ICT security manager,systems-development-life-cycle,systems development life-cycle,optional
ICT security manager,cloud-security-and-compliance,cloud security and compliance,optional
ICT security manager,ict-network-security-risks,ICT network security risks,optional
ICT security manager,decision-support-systems,decision support systems,optional
ICT security manager,cyber-attack-counter-measures,cyber attack counter-measures,optional
ICT security manager,outsourcing-model,Outsourcing model,optional
ICT security manager,hybrid-model,hybrid model,optional
ICT security manager,audit-techniques,audit techniques,optional
ICT security manager,tools-for-ict-test-automation,tools for ICT test automation,optional
ICT security manager,ict-security-legislation,ICT security legislation,optional
ICT security manager,organisational-resilience,organisational resilience,optional
ICT security manager,cyber-security,cyber security,optional
ICT security manager,service-oriented-modelling,service-oriented modelling,optional
ICT security manager,levels-of-software-testing,levels of software testing,optional
ICT security manager,cloud-monitoring-and-reporting,cloud monitoring and reporting,optional
ICT security manager,web-application-security-threats,web application security threats,optional
ICT security manager,information-confidentiality,information confidentiality,optional
ICT security manager,open-source-model,Open source model,optional
ICT security manager,investment-analysis,investment analysis,optional
ICT security manager,ict-recovery-techniques,ICT recovery techniques,optional
ICT security manager,mobile-device-management,mobile device management,optional
ICT security manager,ict-encryption,ICT encryption,optional
ICT security manager,saas-service-oriented-modelling,SaaS (service-oriented modelling),optional
ICT security manager,ict-process-quality-models,ICT process quality models,optional
ICT security manager,provide-technical-documentation,provide technical documentation,optional
ICT security manager,use-an-application-specific-interface,use an application-specific interface,optional
ICT security manager,implement-ict-safety-policies,implement ICT safety policies,optional
ICT security manager,define-technology-strategy,define technology strategy,optional
ICT security manager,use-ict-ticketing-system,use ICT ticketing system,optional
ICT security manager,develop-with-cloud-services,develop with cloud services,optional
ICT security manager,execute-ict-audits,execute ICT audits,optional
ICT security manager,use-back-up-and-recovery-tools,use back-up and recovery tools,optional
ICT security manager,remove-computer-virus-or-malware-from-a-computer,remove computer virus or malware from a computer,optional
ICT security manager,implement-a-virtual-private-network,implement a virtual private network,optional
ICT security manager,implement-anti-virus-software,implement anti-virus software,optional
ICT security manager,implement-spam-protection,implement spam protection,optional
ICT security manager,design-for-organisational-complexity,design for organisational complexity,optional
ICT security manager,implement-a-firewall,implement a firewall,optional
ICT security manager,manage-keys-for-data-protection,manage keys for data protection,optional
ICT security manager,identify-ict-security-risks,identify ICT security risks,optional
desktop publisher,typography,typography,essential
desktop publisher,printing-techniques,printing techniques,essential
desktop publisher,graphic-design,graphic design,essential
desktop publisher,prepress-processes,prepress processes,essential
desktop publisher,ict-software-specifications,ICT software specifications,essential
desktop publisher,multimedia-systems,multimedia systems,essential
desktop publisher,desktop-publishing,desktop publishing,essential
desktop publisher,copyright-legislation,copyright legislation,essential
desktop publisher,follow-work-schedule,follow work schedule,essential
desktop publisher,follow-a-brief,follow a brief,essential
desktop publisher,translate-requirements-into-visual-design,translate requirements into visual design,essential
desktop publisher,align-content-with-form,align content with form,essential
desktop publisher,apply-desktop-publishing-techniques,apply desktop publishing techniques,essential
desktop publisher,finish-project-within-budget,finish project within budget,essential
desktop publisher,search-databases,search databases,essential
desktop publisher,spelling,spelling,optional
desktop publisher,grammar,grammar,optional
desktop publisher,post-processing-of-photographs,post-processing of photographs,optional
desktop publisher,edit-negatives,edit negatives,optional
desktop publisher,use-spreadsheets-software,use spreadsheets software,optional
desktop publisher,use-presentation-software,use presentation software,optional
desktop publisher,digitise-documents,digitise documents,optional
desktop publisher,proofread-text,proofread text,optional
desktop publisher,identify-customer-s-needs,identify customer's needs,optional
desktop publisher,use-word-processing-software,use word processing software,optional
desktop publisher,develop-creative-ideas,develop creative ideas,optional
desktop publisher,perform-image-editing,perform image editing,optional
desktop publisher,apply-grammar-and-spelling-rules,apply grammar and spelling rules,optional
desktop publisher,perform-backups,perform backups,optional
desktop publisher,edit-photographs,edit photographs,optional
robotics engineering technician,mathematics,mathematics,essential
robotics engineering technician,robotic-components,robotic components,essential
robotics engineering technician,electronics,electronics,essential
robotics engineering technician,control-engineering,control engineering,essential
robotics engineering technician,mechatronics,mechatronics,essential
robotics engineering technician,robotics,robotics,essential
robotics engineering technician,automation-technology,automation technology,essential
robotics engineering technician,record-test-data,record test data,essential
robotics engineering technician,adjust-engineering-designs,adjust engineering designs,essential
robotics engineering technician,test-mechatronic-units,test mechatronic units,essential
robotics engineering technician,assemble-robots,assemble robots,essential
robotics engineering technician,read-engineering-drawings,read engineering drawings,essential
robotics engineering technician,liaise-with-engineers,liaise with engineers,essential
robotics engineering technician,prepare-production-prototypes,prepare production prototypes,essential
robotics engineering technician,programmable-logic-controller,programmable logic controller,optional
robotics engineering technician,sensors,sensors,optional
robotics engineering technician,transmission-technology,transmission technology,optional
robotics engineering technician,computer-science,computer science,optional
robotics engineering technician,computer-engineering,computer engineering,optional
robotics engineering technician,cad-software,CAD software,optional
robotics engineering technician,safety-engineering,safety engineering,optional
robotics engineering technician,keep-up-with-digital-transformation-of-industrial-processes,keep up with digital transformation of industrial processes,optional
robotics engineering technician,communicate-with-customers,communicate with customers,optional
robotics engineering technician,assemble-hardware-components,assemble hardware components,optional
robotics engineering technician,customise-software-for-drive-system,customise software for drive system,optional
robotics engineering technician,maintain-robotic-equipment,maintain robotic equipment,optional
robotics engineering technician,use-cam-software,use CAM software,optional
robotics engineering technician,examine-engineering-principles,examine engineering principles,optional
robotics engineering technician,write-technical-reports,write technical reports,optional
robotics engineering technician,simulate-mechatronic-design-concepts,simulate mechatronic design concepts,optional
robotics engineering technician,use-cad-software,use CAD software,optional
robotics engineering technician,apply-technical-communication-skills,apply technical communication skills,optional
robotics engineering technician,install-software,install software,optional
robotics engineering technician,keep-records-of-work-progress,keep records of work progress,optional
robotics engineering technician,perform-project-management,perform project management,optional
robotics engineering technician,program-firmware,program firmware,optional
blockchain architect,systems-development-life-cycle,systems development life-cycle,essential
blockchain architect,principles-of-distributed-ledger-technology,principles of distributed ledger technology,essential
blockchain architect,blockchain-openness,blockchain openness,essential
blockchain architect,smart-contract,smart contract,essential
blockchain architect,blockchain-platforms,blockchain platforms,essential
blockchain architect,business-processes,business processes,essential
blockchain architect,design-thinking,design thinking,essential
blockchain architect,blockchain-consensus-mechanisms,blockchain consensus mechanisms,essential
blockchain architect,create-business-process-models,create business process models,essential
blockchain architect,analyse-ict-system,analyse ICT system,essential
blockchain architect,design-information-system,design information system,essential
blockchain architect,interpret-technical-requirements,interpret technical requirements,essential
blockchain architect,define-technical-requirements,define technical requirements,essential
blockchain architect,define-software-architecture,define software architecture,essential
blockchain architect,decentralized-application-frameworks,decentralized application frameworks,optional
blockchain architect,software-components-libraries,software components libraries,optional
blockchain architect,statistics,statistics,optional
blockchain architect,data-analytics,data analytics,optional
blockchain architect,cloud-technologies,cloud technologies,optional
blockchain architect,ict-encryption,ICT encryption,optional
blockchain architect,saas-service-oriented-modelling,SaaS (service-oriented modelling),optional
blockchain architect,design-cloud-architecture,design cloud architecture,optional
blockchain architect,debug-software,debug software,optional
blockchain architect,develop-software-prototype,develop software prototype,optional
sound designer,understand-artistic-concepts,understand artistic concepts,essential
sound designer,use-specialised-design-software,use specialised design software,essential
sound designer,research-new-ideas,research new ideas,essential
sound designer,meet-deadlines,meet deadlines,essential
sound designer,present-artistic-design-proposals,present artistic design proposals,essential
sound designer,use-audio-reproduction-software,use audio reproduction software,essential
sound designer,adapt-existing-designs-to-changed-circumstances,adapt existing designs to changed circumstances,essential
sound designer,use-technical-documentation,use technical documentation,essential
sound designer,keep-up-with-trends,keep up with trends,essential
sound designer,develop-design-ideas-cooperatively,develop design ideas cooperatively,essential
sound designer,labour-legislation,labour legislation,optional
sound designer,copyright-legislation,copyright legislation,optional
sound designer,lead-a-team,lead a team,optional
sound designer,provide-documentation,provide documentation,optional
sound designer,update-budget,update budget,optional
sound designer,calculate-design-costs,calculate design costs,optional
sound designer,translate-artistic-concepts-to-technical-designs,translate artistic concepts to technical designs,optional
sound designer,analyse-the-need-for-technical-resources,analyse the need for technical resources,optional
sound designer,manage-personal-professional-development,manage personal professional development,optional
sound designer,develop-professional-network,develop professional network,optional
chief technology officer,decision-support-systems,decision support systems,essential
chief technology officer,attack-vectors,attack vectors,essential
chief technology officer,ict-project-management,ICT project management,essential
chief technology officer,ict-project-management-methodologies,ICT project management methodologies,essential
chief technology officer,administer-ict-system,administer ICT system,essential
chief technology officer,carry-out-strategic-research,carry out strategic research,essential
chief technology officer,manage-budgets,manage budgets,essential
chief technology officer,define-technology-strategy,define technology strategy,essential
chief technology officer,optimise-choice-of-ict-solution,optimise choice of ICT solution,essential
chief technology officer,implement-ict-coding-conventions,implement ICT coding conventions,essential
chief technology officer,monitor-technology-trends,monitor technology trends,essential
chief technology officer,analyse-ict-system,analyse ICT system,essential
chief technology officer,maintain-plan-for-continuity-of-operations,maintain plan for continuity of operations,essential
chief technology officer,coordinate-technological-activities,coordinate technological activities,essential
chief technology officer,ensure-adherence-to-organisational-ict-standards,ensure adherence to organisational ICT standards,essential
chief technology officer,lead-technology-development-of-an-organisation,lead technology development of an organisation,essential
chief technology officer,review-development-process-of-an-organisation,review development process of an organisation,essential
chief technology officer,monitor-ict-research,monitor ICT research,essential
chief technology officer,utilise-decision-support-system,utilise decision support system,essential
chief technology officer,establish-an-ict-customer-support-process,establish an ICT customer support process,essential
chief technology officer,implement-corporate-governance,implement corporate governance,essential
chief technology officer,haskell,Haskell,optional
chief technology officer,erlang,Erlang,optional
chief technology officer,information-structure,information structure,optional
chief technology officer,sas-language,SAS language,optional
chief technology officer,agile-project-management,Agile project management,optional
chief technology officer,ruby-computer-programming,Ruby (computer programming),optional
chief technology officer,common-lisp,Common Lisp,optional
chief technology officer,lisp,Lisp,optional
chief technology officer,visual-studio-net,Visual Studio .NET,optional
chief technology officer,business-intelligence,business intelligence,optional
chief technology officer,java-computer-programming,Java (computer programming),optional
chief technology officer,computer-programming,computer programming,optional
chief technology officer,prolog-computer-programming,Prolog (computer programming),optional
chief technology officer,openedge-advanced-business-language,OpenEdge Advanced Business Language,optional
chief technology officer,ict-quality-policy,ICT quality policy,optional
chief technology officer,javascript,JavaScript,optional
chief technology officer,perl,Perl,optional
chief technology officer,smalltalk-computer-programming,Smalltalk (computer programming),optional
chief technology officer,php,PHP,optional
chief technology officer,assembly-computer-programming,Assembly (computer programming),optional
chief technology officer,software-components-libraries,software components libraries,optional
chief technology officer,hardware-components,hardware components,optional
chief technology officer,c-2,C#,optional
chief technology officer,internet-governance,internet governance,optional
chief technology officer,r,R,optional
chief technology officer,groovy,Groovy,optional
chief technology officer,asp-net,ASP.NET,optional
chief technology officer,apl,APL,optional
chief technology officer,ict-communications-protocols,ICT communications protocols,optional
chief technology officer,microsoft-visual-c,Microsoft Visual C++,optional
chief technology officer,typescript,TypeScript,optional
chief technology officer,coffeescript,CoffeeScript,optional
chief technology officer,objective-c,Objective-C,optional
chief technology officer,ml-computer-programming,ML (computer programming),optional
chief technology officer,ajax,AJAX,optional
chief technology officer,c,C++,optional
chief technology officer,sap-r3,SAP R3,optional
chief technology officer,business-strategy-concepts,business strategy concepts,optional
chief technology officer,swift-computer-programming,Swift (computer programming),optional
chief technology officer,matlab,MATLAB,optional
chief technology officer,python-computer-programming,Python (computer programming),optional
chief technology officer,ict-infrastructure,ICT infrastructure,optional
chief technology officer,scratch-computer-programming,Scratch (computer programming),optional
chief technology officer,process-based-management,Process-based management,optional
chief technology officer,lean-project-management,Lean project management,optional
chief technology officer,vbscript,VBScript,optional
chief technology officer,cobol,COBOL,optional
chief technology officer,software-components-suppliers,software components suppliers,optional
chief technology officer,pascal-computer-programming,Pascal (computer programming),optional
chief technology officer,abap,ABAP,optional
chief technology officer,scala,Scala,optional
chief technology officer,maintain-relationship-with-customers,maintain relationship with customers,optional
chief technology officer,perform-business-analysis,perform business analysis,optional
chief technology officer,ensure-information-privacy,ensure information privacy,optional
chief technology officer,oversee-development-of-software,oversee development of software,optional
chief technology officer,build-business-relationships,build business relationships,optional
power electronics engineer,circuit-diagrams,circuit diagrams,essential
power electronics engineer,engineering-principles,engineering principles,essential
power electronics engineer,integrated-circuits,integrated circuits,essential
power electronics engineer,electronics,electronics,essential
power electronics engineer,perform-data-analysis,perform data analysis,essential
power electronics engineer,record-test-data,record test data,essential
power electronics engineer,test-power-electronics,test power electronics,essential
power electronics engineer,conduct-quality-control-analysis,conduct quality control analysis,essential
power electronics engineer,adjust-engineering-designs,adjust engineering designs,essential
power electronics engineer,use-technical-drawing-software,use technical drawing software,essential
power electronics engineer,test-microelectronics,test microelectronics,essential
power electronics engineer,analyse-test-data,analyse test data,essential
power electronics engineer,draft-design-specifications,draft design specifications,essential
power electronics engineer,design-prototypes,design prototypes,essential
power electronics engineer,report-analysis-results,report analysis results,essential
power electronics engineer,define-technical-requirements,define technical requirements,essential
power electronics engineer,prepare-production-prototypes,prepare production prototypes,essential
power electronics engineer,approve-engineering-design,approve engineering design,essential
power electronics engineer,risk-management,risk management,optional
power electronics engineer,robotic-components,robotic components,optional
power electronics engineer,cae-software,CAE software,optional
power electronics engineer,cad-software,CAD software,optional
power electronics engineer,robotics,robotics,optional
power electronics engineer,provide-technical-documentation,provide technical documentation,optional
power electronics engineer,design-firmware,design firmware,optional
power electronics engineer,assemble-hardware-components,assemble hardware components,optional
power electronics engineer,create-technical-plans,create technical plans,optional
power electronics engineer,design-integrated-circuits,design integrated circuits,optional
power electronics engineer,use-cam-software,use CAM software,optional
power electronics engineer,coordinate-engineering-teams,coordinate engineering teams,optional
power electronics engineer,use-cad-software,use CAD software,optional
power electronics engineer,apply-technical-communication-skills,apply technical communication skills,optional
power electronics engineer,install-software,install software,optional
power electronics engineer,perform-project-management,perform project management,optional
power electronics engineer,program-firmware,program firmware,optional
power electronics engineer,train-employees,train employees,optional
power electronics engineer,perform-resource-planning,perform resource planning,optional
power electronics engineer,develop-product-design,develop product design,optional
ICT information and knowledge manager,information-structure,information structure,essential
ICT information and knowledge manager,information-security-strategy,information security strategy,essential
ICT information and knowledge manager,business-intelligence,business intelligence,essential
ICT information and knowledge manager,information-architecture,information architecture,essential
ICT information and knowledge manager,data-mining,data mining,essential
ICT information and knowledge manager,decision-support-systems,decision support systems,essential
ICT information and knowledge manager,attack-vectors,attack vectors,essential
ICT information and knowledge manager,information-extraction,information extraction,essential
ICT information and knowledge manager,information-categorisation,information categorisation,essential
ICT information and knowledge manager,business-processes,business processes,essential
ICT information and knowledge manager,data-storage,data storage,essential
ICT information and knowledge manager,online-analytical-processing,online analytical processing,essential
ICT information and knowledge manager,unstructured-data,unstructured data,essential
ICT information and knowledge manager,data-models,data models,essential
ICT information and knowledge manager,migrate-existing-data,migrate existing data,essential
ICT information and knowledge manager,interpret-current-data,interpret current data,essential
ICT information and knowledge manager,manage-business-knowledge,manage business knowledge,essential
ICT information and knowledge manager,assess-informational-needs,assess informational needs,essential
ICT information and knowledge manager,manage-ict-data-architecture,manage ICT data architecture,essential
ICT information and knowledge manager,analyse-the-context-of-an-organisation,analyse the context of an organisation,essential
ICT information and knowledge manager,manage-data-collection-systems,manage data collection systems,essential
ICT information and knowledge manager,deliver-visual-presentation-of-data,deliver visual presentation of data,essential
ICT information and knowledge manager,structure-information,structure information,essential
ICT information and knowledge manager,manage-information-sources,manage information sources,essential
ICT information and knowledge manager,create-data-models,create data models,essential
ICT information and knowledge manager,data-protection,data protection,optional
ICT information and knowledge manager,information-confidentiality,information confidentiality,optional
ICT information and knowledge manager,data-quality-assessment,data quality assessment,optional
ICT information and knowledge manager,assess-ict-knowledge,assess ICT knowledge,optional
ICT information and knowledge manager,implement-ict-safety-policies,implement ICT safety policies,optional
ICT information and knowledge manager,keep-up-with-the-latest-information-systems-solutions,keep up with the latest information systems solutions,optional
ICT information and knowledge manager,perform-data-mining,perform data mining,optional
ICT information and knowledge manager,use-databases,use databases,optional
ICT information and knowledge manager,ensure-information-privacy,ensure information privacy,optional
ICT information and knowledge manager,design-information-system,design information system,optional
ICT information and knowledge manager,interact-with-users-to-gather-requirements,interact with users to gather requirements,optional
ICT information and knowledge manager,coordinate-technological-activities,coordinate technological activities,optional
ICT information and knowledge manager,manage-cloud-data-and-storage,manage cloud data and storage,optional
ICT information and knowledge manager,utilise-decision-support-system,utilise decision support system,optional
ICT information and knowledge manager,implement-data-warehousing-techniques,implement data warehousing techniques,optional
knowledge engineer,information-structure,information structure,essential
knowledge engineer,systems-development-life-cycle,systems development life-cycle,essential
knowledge engineer,business-intelligence,business intelligence,essential
knowledge engineer,information-extraction,information extraction,essential
knowledge engineer,web-programming,web programming,essential
knowledge engineer,task-algorithmisation,task algorithmisation,essential
knowledge engineer,business-process-modelling,business process modelling,essential
knowledge engineer,resource-description-framework-query-language,resource description framework query language,essential
knowledge engineer,database-development-tools,database development tools,essential
knowledge engineer,systems-theory,systems theory,essential
knowledge engineer,principles-of-artificial-intelligence,principles of artificial intelligence,essential
knowledge engineer,natural-language-processing,natural language processing,essential
knowledge engineer,use-an-application-specific-interface,use an application-specific interface,essential
knowledge engineer,use-markup-languages,use markup languages,essential
knowledge engineer,assess-ict-knowledge,assess ICT knowledge,essential
knowledge engineer,manage-database,manage database,essential
knowledge engineer,manage-business-knowledge,manage business knowledge,essential
knowledge engineer,use-databases,use databases,essential
knowledge engineer,analyse-business-requirements,analyse business requirements,essential
knowledge engineer,create-semantic-trees,create semantic trees,essential
knowledge engineer,apply-ict-systems-theory,apply ICT systems theory,essential
knowledge engineer,define-technical-requirements,define technical requirements,essential
knowledge engineer,manage-ict-semantic-integration,manage ICT semantic integration,essential
knowledge engineer,haskell,Haskell,optional
knowledge engineer,erlang,Erlang,optional
knowledge engineer,sas-language,SAS language,optional
knowledge engineer,ruby-computer-programming,Ruby (computer programming),optional
knowledge engineer,common-lisp,Common Lisp,optional
knowledge engineer,lisp,Lisp,optional
knowledge engineer,visual-studio-net,Visual Studio .NET,optional
knowledge engineer,java-computer-programming,Java (computer programming),optional
knowledge engineer,information-architecture,information architecture,optional
knowledge engineer,computer-programming,computer programming,optional
knowledge engineer,data-mining,data mining,optional
knowledge engineer,cognitive-psychology,cognitive psychology,optional
knowledge engineer,prolog-computer-programming,Prolog (computer programming),optional
knowledge engineer,openedge-advanced-business-language,OpenEdge Advanced Business Language,optional
knowledge engineer,visual-presentation-techniques,visual presentation techniques,optional
knowledge engineer,javascript,JavaScript,optional
knowledge engineer,decision-support-systems,decision support systems,optional
knowledge engineer,perl,Perl,optional
knowledge engineer,smalltalk-computer-programming,Smalltalk (computer programming),optional
knowledge engineer,php,PHP,optional
knowledge engineer,assembly-computer-programming,Assembly (computer programming),optional
knowledge engineer,c-2,C#,optional
knowledge engineer,r,R,optional
knowledge engineer,groovy,Groovy,optional
knowledge engineer,asp-net,ASP.NET,optional
knowledge engineer,apl,APL,optional
knowledge engineer,sparql,SPARQL,optional
knowledge engineer,ict-security-legislation,ICT security legislation,optional
knowledge engineer,microsoft-visual-c,Microsoft Visual C++,optional
knowledge engineer,typescript,TypeScript,optional
knowledge engineer,information-categorisation,information categorisation,optional
knowledge engineer,ict-project-management,ICT project management,optional
knowledge engineer,coffeescript,CoffeeScript,optional
knowledge engineer,objective-c,Objective-C,optional
knowledge engineer,ml-computer-programming,ML (computer programming),optional
knowledge engineer,ajax,AJAX,optional
knowledge engineer,c,C++,optional
knowledge engineer,sap-r3,SAP R3,optional
knowledge engineer,cloud-technologies,cloud technologies,optional
knowledge engineer,swift-computer-programming,Swift (computer programming),optional
knowledge engineer,matlab,MATLAB,optional
knowledge engineer,unstructured-data,unstructured data,optional
knowledge engineer,linq,LINQ,optional
knowledge engineer,python-computer-programming,Python (computer programming),optional
knowledge engineer,scratch-computer-programming,Scratch (computer programming),optional
knowledge engineer,vbscript,VBScript,optional
knowledge engineer,cobol,COBOL,optional
knowledge engineer,pascal-computer-programming,Pascal (computer programming),optional
knowledge engineer,abap,ABAP,optional
knowledge engineer,n1ql,N1QL,optional
knowledge engineer,scala,Scala,optional
knowledge engineer,define-database-physical-structure,define database physical structure,optional
knowledge engineer,use-spreadsheets-software,use spreadsheets software,optional
knowledge engineer,store-digital-data-and-systems,store digital data and systems,optional
knowledge engineer,design-database-scheme,design database scheme,optional
knowledge engineer,use-query-languages,use query languages,optional
knowledge engineer,use-back-up-and-recovery-tools,use back-up and recovery tools,optional
knowledge engineer,create-database-diagrams,create database diagrams,optional
knowledge engineer,implement-a-virtual-private-network,implement a virtual private network,optional
knowledge engineer,design-application-interfaces,design application interfaces,optional
knowledge engineer,manage-digital-documents,manage digital documents,optional
knowledge engineer,manage-cloud-data-and-storage,manage cloud data and storage,optional
knowledge engineer,build-business-relationships,build business relationships,optional
knowledge engineer,utilise-decision-support-system,utilise decision support system,optional
ICT network administrator,network-management-system-tools,network management system tools,essential
ICT network administrator,ict-network-routing,ICT network routing,essential
ICT network administrator,solution-deployment,solution deployment,essential
ICT network administrator,computer-programming,computer programming,essential
ICT network administrator,ict-network-security-risks,ICT network security risks,essential
ICT network administrator,procurement-of-ict-network-equipment,procurement of ICT network equipment,essential
ICT network administrator,internet-governance,internet governance,essential
ICT network administrator,cyber-attack-counter-measures,cyber attack counter-measures,essential
ICT network administrator,ict-security-legislation,ICT security legislation,essential
ICT network administrator,ict-system-programming,ICT system programming,essential
ICT network administrator,cloud-technologies,cloud technologies,essential
ICT network administrator,quality-assurance-methodologies,quality assurance methodologies,essential
ICT network administrator,ict-performance-analysis-methods,ICT performance analysis methods,essential
ICT network administrator,provide-technical-documentation,provide technical documentation,essential
ICT network administrator,define-firewall-rules,define firewall rules,essential
ICT network administrator,implement-ict-safety-policies,implement ICT safety policies,essential
ICT network administrator,design-computer-network,design computer network,essential
ICT network administrator,use-back-up-and-recovery-tools,use back-up and recovery tools,essential
ICT network administrator,interpret-technical-texts,interpret technical texts,essential
ICT network administrator,forecast-future-ict-network-needs,forecast future ICT network needs,essential
ICT network administrator,apply-ict-system-usage-policies,apply ICT system usage policies,essential
ICT network administrator,implement-a-virtual-private-network,implement a virtual private network,essential
ICT network administrator,manage-ict-virtualisation-environments,manage ICT virtualisation environments,essential
ICT network administrator,adjust-ict-system-capacity,adjust ICT system capacity,essential
ICT network administrator,maintain-internet-protocol-configuration,maintain internet protocol configuration,essential
ICT network administrator,implement-anti-virus-software,implement anti-virus software,essential
ICT network administrator,implement-ict-network-diagnostic-tools,implement ICT network diagnostic tools,essential
ICT network administrator,perform-backups,perform backups,essential
ICT network administrator,analyse-network-bandwidth-requirements,analyse network bandwidth requirements,essential
ICT network administrator,implement-a-firewall,implement a firewall,essential
ICT network administrator,integrate-system-components,integrate system components,essential
ICT network administrator,manage-email-hosting-service,manage email hosting service,essential
ICT network administrator,haskell,Haskell,optional
ICT network administrator,erlang,Erlang,optional
ICT network administrator,sas-language,SAS language,optional
ICT network administrator,ruby-computer-programming,Ruby (computer programming),optional
ICT network administrator,common-lisp,Common Lisp,optional
ICT network administrator,lisp,Lisp,optional
ICT network administrator,apache-tomcat,Apache Tomcat,optional
ICT network administrator,visual-studio-net,Visual Studio .NET,optional
ICT network administrator,java-computer-programming,Java (computer programming),optional
ICT network administrator,prolog-computer-programming,Prolog (computer programming),optional
ICT network administrator,openedge-advanced-business-language,OpenEdge Advanced Business Language,optional
ICT network administrator,organisational-policies,organisational policies,optional
ICT network administrator,javascript,JavaScript,optional
ICT network administrator,perl,Perl,optional
ICT network administrator,smalltalk-computer-programming,Smalltalk (computer programming),optional
ICT network administrator,php,PHP,optional
ICT network administrator,assembly-computer-programming,Assembly (computer programming),optional
ICT network administrator,c-2,C#,optional
ICT network administrator,r,R,optional
ICT network administrator,groovy,Groovy,optional
ICT network administrator,proxy-servers,proxy servers,optional
ICT network administrator,asp-net,ASP.NET,optional
ICT network administrator,apl,APL,optional
ICT network administrator,cisco,Cisco,optional
ICT network administrator,microsoft-visual-c,Microsoft Visual C++,optional
ICT network administrator,typescript,TypeScript,optional
ICT network administrator,windows-phone,Windows Phone,optional
ICT network administrator,mobile-operating-systems,mobile operating systems,optional
ICT network administrator,coffeescript,CoffeeScript,optional
ICT network administrator,objective-c,Objective-C,optional
ICT network administrator,ml-computer-programming,ML (computer programming),optional
ICT network administrator,ajax,AJAX,optional
ICT network administrator,c,C++,optional
ICT network administrator,blackberry,BlackBerry,optional
ICT network administrator,sap-r3,SAP R3,optional
ICT network administrator,swift-computer-programming,Swift (computer programming),optional
ICT network administrator,matlab,MATLAB,optional
ICT network administrator,ict-system-user-requirements,ICT system user requirements,optional
ICT network administrator,python-computer-programming,Python (computer programming),optional
ICT network administrator,ios,iOS,optional
ICT network administrator,scratch-computer-programming,Scratch (computer programming),optional
ICT network administrator,android-mobile-operating-systems,Android (mobile operating systems),optional
ICT network administrator,vbscript,VBScript,optional
ICT network administrator,cobol,COBOL,optional
ICT network administrator,pascal-computer-programming,Pascal (computer programming),optional
ICT network administrator,abap,ABAP,optional
ICT network administrator,operating-systems,operating systems,optional
ICT network administrator,scala,Scala,optional
ICT network administrator,apply-system-organisational-policies,apply system organisational policies,optional
ICT network administrator,prepare-licence-agreements,prepare licence agreements,optional
ICT network administrator,utilise-computer-aided-software-engineering-tools,utilise computer-aided software engineering tools,optional
ICT network administrator,optimise-choice-of-ict-solution,optimise choice of ICT solution,optional
ICT network administrator,provide-ict-system-training,provide ICT system training,optional
ICT network administrator,execute-ict-audits,execute ICT audits,optional
ICT network administrator,remove-computer-virus-or-malware-from-a-computer,remove computer virus or malware from a computer,optional
ICT network administrator,acquire-system-component,acquire system component,optional
ICT network administrator,safeguard-online-privacy-and-identity,safeguard online privacy and identity,optional
ICT network administrator,implement-spam-protection,implement spam protection,optional
ICT network administrator,automate-cloud-tasks,automate cloud tasks,optional
ICT network administrator,provide-technical-training,provide technical training,optional
ICT network administrator,maintain-ict-server,maintain ICT server,optional
chief information officer,information-structure,information structure,essential
chief information officer,systems-development-life-cycle,systems development life-cycle,essential
chief information officer,information-architecture,information architecture,essential
chief information officer,software-architecture-models,software architecture models,essential
chief information officer,decision-support-systems,decision support systems,essential
chief information officer,attack-vectors,attack vectors,essential
chief information officer,software-design-methodologies,software design methodologies,essential
chief information officer,market-analysis,market analysis,essential
chief information officer,ict-project-management-methodologies,ICT project management methodologies,essential
chief information officer,carry-out-strategic-research,carry out strategic research,essential
chief information officer,define-technology-strategy,define technology strategy,essential
chief information officer,optimise-choice-of-ict-solution,optimise choice of ICT solution,essential
chief information officer,use-different-communication-channels,use different communication channels,essential
chief information officer,implement-ict-risk-management,implement ICT risk management,essential
chief information officer,monitor-technology-trends,monitor technology trends,essential
chief information officer,forecast-future-ict-network-needs,forecast future ICT network needs,essential
chief information officer,maintain-plan-for-continuity-of-operations,maintain plan for continuity of operations,essential
chief information officer,manage-software-releases,manage software releases,essential
chief information officer,coordinate-technological-activities,coordinate technological activities,essential
chief information officer,ensure-adherence-to-organisational-ict-standards,ensure adherence to organisational ICT standards,essential
chief information officer,review-development-process-of-an-organisation,review development process of an organisation,essential
chief information officer,utilise-decision-support-system,utilise decision support system,essential
chief information officer,implement-corporate-governance,implement corporate governance,essential
chief information officer,haskell,Haskell,optional
chief information officer,incremental-development,Incremental development,optional
chief information officer,erlang,Erlang,optional
chief information officer,sas-language,SAS language,optional
chief information officer,agile-project-management,Agile project management,optional
chief information officer,ruby-computer-programming,Ruby (computer programming),optional
chief information officer,common-lisp,Common Lisp,optional
chief information officer,lisp,Lisp,optional
chief information officer,visual-studio-net,Visual Studio .NET,optional
chief information officer,java-computer-programming,Java (computer programming),optional
chief information officer,computer-programming,computer programming,optional
chief information officer,prolog-computer-programming,Prolog (computer programming),optional
chief information officer,openedge-advanced-business-language,OpenEdge Advanced Business Language,optional
chief information officer,iterative-development,Iterative development,optional
chief information officer,javascript,JavaScript,optional
chief information officer,perl,Perl,optional
chief information officer,smalltalk-computer-programming,Smalltalk (computer programming),optional
chief information officer,php,PHP,optional
chief information officer,assembly-computer-programming,Assembly (computer programming),optional
chief information officer,spiral-development,Spiral development,optional
chief information officer,c-2,C#,optional
chief information officer,internet-governance,internet governance,optional
chief information officer,r,R,optional
chief information officer,groovy,Groovy,optional
chief information officer,asp-net,ASP.NET,optional
chief information officer,apl,APL,optional
chief information officer,waterfall-development,Waterfall development,optional
chief information officer,engineering-processes,engineering processes,optional
chief information officer,microsoft-visual-c,Microsoft Visual C++,optional
chief information officer,typescript,TypeScript,optional
chief information officer,world-wide-web-consortium-standards,World Wide Web Consortium standards,optional
chief information officer,rapid-application-development,Rapid application development,optional
chief information officer,coffeescript,CoffeeScript,optional
chief information officer,objective-c,Objective-C,optional
chief information officer,ml-computer-programming,ML (computer programming),optional
chief information officer,ajax,AJAX,optional
chief information officer,c,C++,optional
chief information officer,sap-r3,SAP R3,optional
chief information officer,swift-computer-programming,Swift (computer programming),optional
chief information officer,matlab,MATLAB,optional
chief information officer,ict-architectural-frameworks,ICT architectural frameworks,optional
chief information officer,python-computer-programming,Python (computer programming),optional
chief information officer,scratch-computer-programming,Scratch (computer programming),optional
chief information officer,process-based-management,Process-based management,optional
chief information officer,lean-project-management,Lean project management,optional
chief information officer,agile-development,Agile development,optional
chief information officer,vbscript,VBScript,optional
chief information officer,cobol,COBOL,optional
chief information officer,pascal-computer-programming,Pascal (computer programming),optional
chief information officer,abap,ABAP,optional
chief information officer,prototyping-development,Prototyping development,optional
chief information officer,devops,DevOps,optional
chief information officer,scala,Scala,optional
chief information officer,administer-ict-system,administer ICT system,optional
chief information officer,implement-ict-safety-policies,implement ICT safety policies,optional
chief information officer,manage-budgets,manage budgets,optional
chief information officer,manage-staff,manage staff,optional
chief information officer,ensure-information-privacy,ensure information privacy,optional
chief information officer,deploy-ict-systems,deploy ICT systems,optional
chief information officer,oversee-development-of-software,oversee development of software,optional
chief information officer,safeguard-online-privacy-and-identity,safeguard online privacy and identity,optional
chief information officer,lead-technology-development-of-an-organisation,lead technology development of an organisation,optional
chief information officer,carry-out-statistical-forecasts,carry out statistical forecasts,optional
chief information officer,monitor-ict-research,monitor ICT research,optional
chief information officer,establish-an-ict-customer-support-process,establish an ICT customer support process,optional
user interface developer,software-ui-design-patterns,software UI design patterns,essential
user interface developer,computer-programming,computer programming,essential
user interface developer,web-programming,web programming,essential
user interface developer,world-wide-web-consortium-standards,World Wide Web Consortium standards,essential
user interface developer,integrated-development-environment-software,integrated development environment software,essential
user interface developer,graphics-editor-software,graphics editor software,essential
user interface developer,style-sheet-languages,style sheet languages,essential
user interface developer,use-an-application-specific-interface,use an application-specific interface,essential
user interface developer,use-software-design-patterns,use software design patterns,essential
user interface developer,use-methodologies-for-user-centered-design,use methodologies for user-centered design,essential
user interface developer,develop-software-prototype,develop software prototype,essential
user interface developer,interpret-technical-texts,interpret technical texts,essential
user interface developer,use-software-libraries,use software libraries,essential
user interface developer,design-graphics,design graphics,essential
user interface developer,analyse-software-specifications,analyse software specifications,essential
user interface developer,draw-design-sketches,draw design sketches,essential
user interface developer,design-user-interface,design user interface,essential
user interface developer,haskell,Haskell,optional
user interface developer,kdevelop,KDevelop,optional
user interface developer,erlang,Erlang,optional
user interface developer,sas-language,SAS language,optional
user interface developer,ruby-computer-programming,Ruby (computer programming),optional
user interface developer,common-lisp,Common Lisp,optional
user interface developer,apache-maven,Apache Maven,optional
user interface developer,lisp,Lisp,optional
user interface developer,sass,Sass,optional
user interface developer,visual-studio-net,Visual Studio .NET,optional
user interface developer,adobe-photoshop,Adobe Photoshop,optional
user interface developer,java-computer-programming,Java (computer programming),optional
user interface developer,drupal,Drupal,optional
user interface developer,less,LESS,optional
user interface developer,adobe-illustrator,Adobe Illustrator,optional
user interface developer,prolog-computer-programming,Prolog (computer programming),optional
user interface developer,openedge-advanced-business-language,OpenEdge Advanced Business Language,optional
user interface developer,javascript,JavaScript,optional
user interface developer,perl,Perl,optional
user interface developer,smalltalk-computer-programming,Smalltalk (computer programming),optional
user interface developer,php,PHP,optional
user interface developer,xcode,Xcode,optional
user interface developer,assembly-computer-programming,Assembly (computer programming),optional
user interface developer,gimp-graphics-editor-software,GIMP (graphics editor software),optional
user interface developer,c-2,C#,optional
user interface developer,r,R,optional
user interface developer,groovy,Groovy,optional
user interface developer,asp-net,ASP.NET,optional
user interface developer,apl,APL,optional
user interface developer,ict-debugging-tools,ICT debugging tools,optional
user interface developer,puppet-tools-for-software-configuration-management,Puppet (tools for software configuration management),optional
user interface developer,staf,STAF,optional
user interface developer,vagrant,Vagrant,optional
user interface developer,eclipse-integrated-development-environment-software,Eclipse (integrated development environment software),optional
user interface developer,wordpress,WordPress,optional
user interface developer,ansible,Ansible,optional
user interface developer,nosql,NoSQL,optional
user interface developer,microsoft-visual-c,Microsoft Visual C++,optional
user interface developer,sketchbook-pro,SketchBook Pro,optional
user interface developer,typescript,TypeScript,optional
user interface developer,microsoft-visio,Microsoft Visio,optional
user interface developer,jsss,JSSS,optional
user interface developer,ajax-framework,Ajax Framework,optional
user interface developer,human-computer-interaction,human-computer interaction,optional
user interface developer,ict-project-management,ICT project management,optional
user interface developer,coffeescript,CoffeeScript,optional
user interface developer,objective-c,Objective-C,optional
user interface developer,javascript-framework,JavaScript Framework,optional
user interface developer,tools-for-software-configuration-management,tools for software configuration management,optional
user interface developer,ml-computer-programming,ML (computer programming),optional
user interface developer,augmented-reality,augmented reality,optional
user interface developer,synfig,Synfig,optional
user interface developer,ajax,AJAX,optional
user interface developer,c,C++,optional
user interface developer,sap-r3,SAP R3,optional
user interface developer,swift-computer-programming,Swift (computer programming),optional
user interface developer,matlab,MATLAB,optional
user interface developer,salt-tools-for-software-configuration-management,Salt (tools for software configuration management),optional
user interface developer,python-computer-programming,Python (computer programming),optional
user interface developer,scratch-computer-programming,Scratch (computer programming),optional
user interface developer,vbscript,VBScript,optional
user interface developer,software-interaction-design,software interaction design,optional
user interface developer,cobol,COBOL,optional
user interface developer,css,CSS,optional
user interface developer,pascal-computer-programming,Pascal (computer programming),optional
user interface developer,abap,ABAP,optional
user interface developer,jenkins-tools-for-software-configuration-management,Jenkins (tools for software configuration management),optional
user interface developer,scala,Scala,optional
user interface developer,provide-technical-documentation,provide technical documentation,optional
user interface developer,use-markup-languages,use markup languages,optional
user interface developer,design-interaction-model,design interaction model,optional
user interface developer,utilise-computer-aided-software-engineering-tools,utilise computer-aided software engineering tools,optional
user interface developer,debug-software,debug software,optional
user interface developer,use-concurrent-programming,use concurrent programming,optional
user interface developer,use-logic-programming,use logic programming,optional
user interface developer,use-object-oriented-programming,use object-oriented programming,optional
user interface developer,use-scripting-programming,use scripting programming,optional
user interface developer,use-query-languages,use query languages,optional
user interface developer,use-automatic-programming,use automatic programming,optional
user interface developer,create-flowchart-diagram,create flowchart diagram,optional
user interface developer,use-functional-programming,use functional programming,optional
ICT account manager,service-oriented-modelling,service-oriented modelling,essential
ICT account manager,accounting-techniques,accounting techniques,essential
ICT account manager,channel-marketing,channel marketing,essential
ICT account manager,guarantee-customer-satisfaction,guarantee customer satisfaction,essential
ICT account manager,apply-company-policies,apply company policies,essential
ICT account manager,implement-marketing-strategies,implement marketing strategies,essential
ICT account manager,maintain-relationship-with-customers,maintain relationship with customers,essential
ICT account manager,perform-data-analysis,perform data analysis,essential
ICT account manager,perform-customers-needs-analysis,perform customers’ needs analysis,essential
ICT account manager,implement-customer-follow-up,implement customer follow-up,essential
ICT account manager,manage-contracts,manage contracts,essential
ICT account manager,use-customer-relationship-management-software,use customer relationship management software,essential
ICT account manager,develop-account-strategy,develop account strategy,essential
ICT account manager,implement-sales-strategies,implement sales strategies,essential
ICT account manager,identify-new-business-opportunities,identify new business opportunities,essential
ICT account manager,outsourcing-model,Outsourcing model,optional
ICT account manager,hybrid-model,hybrid model,optional
ICT account manager,open-source-model,Open source model,optional
ICT account manager,saas-service-oriented-modelling,SaaS (service-oriented modelling),optional
ICT account manager,ensure-compliance-with-legal-requirements,ensure compliance with legal requirements,optional
ICT account manager,deliver-a-sales-pitch,deliver a sales pitch,optional
ICT account manager,perform-data-mining,perform data mining,optional
ICT account manager,forecast-account-metrics,forecast account metrics,optional
ICT account manager,adhere-to-organisational-guidelines,adhere to organisational guidelines,optional
ICT account manager,coordinate-technological-activities,coordinate technological activities,optional
ICT account manager,maintain-customer-records,maintain customer records,optional
ICT account manager,build-business-relationships,build business relationships,optional
ICT account manager,identify-ict-user-needs,identify ICT user needs,optional
ICT account manager,implement-strategic-planning,implement strategic planning,optional
ICT account manager,perform-market-research,perform market research,optional
ICT project manager,internal-risk-management-policy,internal risk management policy,essential
ICT project manager,quality-standards,quality standards,essential
ICT project manager,ict-project-management,ICT project management,essential
ICT project manager,ict-project-management-methodologies,ICT project management methodologies,essential
ICT project manager,coach-employees,coach employees,essential
ICT project manager,apply-conflict-management,apply conflict management,essential
ICT project manager,perform-risk-analysis,perform risk analysis,essential
ICT project manager,manage-budgets,manage budgets,essential
ICT project manager,create-project-specifications,create project specifications,essential
ICT project manager,manage-project-information,manage project information,essential
ICT project manager,manage-staff,manage staff,essential
ICT project manager,manage-ict-project,manage ICT project,essential
ICT project manager,provide-cost-benefit-analysis-reports,provide cost benefit analysis reports,essential
ICT project manager,recruit-employees,recruit employees,essential
ICT project manager,manage-project-changes,manage project changes,essential
ICT project manager,identify-legal-requirements,identify legal requirements,essential
ICT project manager,perform-project-management,perform project management,essential
ICT project manager,build-business-relationships,build business relationships,essential
ICT project manager,estimate-duration-of-work,estimate duration of work,essential
ICT project manager,train-employees,train employees,essential
ICT project manager,perform-resource-planning,perform resource planning,essential
ICT project manager,incremental-development,Incremental development,optional
ICT project manager,systems-development-life-cycle,systems development life-cycle,optional
ICT project manager,agile-project-management,Agile project management,optional
ICT project manager,software-architecture-models,software architecture models,optional
ICT project manager,iterative-development,Iterative development,optional
ICT project manager,spiral-development,Spiral development,optional
ICT project manager,object-oriented-modelling,object-oriented modelling,optional
ICT project manager,outsourcing-model,Outsourcing model,optional
ICT project manager,hybrid-model,hybrid model,optional
ICT project manager,crowdsourcing-strategy,crowdsourcing strategy,optional
ICT project manager,waterfall-development,Waterfall development,optional
ICT project manager,outsourcing-strategy,outsourcing strategy,optional
ICT project manager,service-oriented-modelling,service-oriented modelling,optional
ICT project manager,software-design-methodologies,software design methodologies,optional
ICT project manager,rapid-application-development,Rapid application development,optional
ICT project manager,legal-requirements-of-ict-products,legal requirements of ICT products,optional
ICT project manager,open-source-model,Open source model,optional
ICT project manager,quality-assurance-methodologies,quality assurance methodologies,optional
ICT project manager,ict-system-user-requirements,ICT system user requirements,optional
ICT project manager,project-configuration-management,project configuration management,optional
ICT project manager,process-based-management,Process-based management,optional
ICT project manager,lean-project-management,Lean project management,optional
ICT project manager,agile-development,Agile development,optional
ICT project manager,document-management,document management,optional
ICT project manager,prototyping-development,Prototyping development,optional
ICT project manager,saas-service-oriented-modelling,SaaS (service-oriented modelling),optional
ICT project manager,insourcing-strategy,insourcing strategy,optional
ICT project manager,devops,DevOps,optional
ICT project manager,ict-process-quality-models,ICT process quality models,optional
ICT project manager,create-solutions-to-problems,create solutions to problems,optional
ICT project manager,provide-technical-documentation,provide technical documentation,optional
ICT project manager,develop-information-standards,develop information standards,optional
ICT project manager,carry-out-project-activities,carry out project activities,optional
ICT project manager,apply-change-management,apply change management,optional
ICT project manager,maintain-relationship-with-suppliers,maintain relationship with suppliers,optional
ICT project manager,use-ict-ticketing-system,use ICT ticketing system,optional
ICT project manager,implement-ict-risk-management,implement ICT risk management,optional
ICT project manager,maintain-a-central-project-repository,maintain a central project repository,optional
ICT project manager,execute-ict-audits,execute ICT audits,optional
ICT project manager,manage-localisation,manage localisation,optional
ICT project manager,use-e-procurement,use e-procurement ,optional
ICT project manager,organise-project-meetings,organise project meetings,optional
ICT project manager,apply-organisational-techniques,apply organisational techniques,optional
ICT project manager,define-technical-requirements,define technical requirements,optional
ICT project manager,draft-project-documentation,draft project documentation,optional
database administrator,information-structure,information structure,essential
database administrator,system-backup-best-practice,system backup best practice,essential
database administrator,distributed-computing,distributed computing,essential
database administrator,resource-description-framework-query-language,resource description framework query language,essential
database administrator,query-languages,query languages,essential
database administrator,database-development-tools,database development tools,essential
database administrator,data-storage,data storage,essential
database administrator,database-management-systems,database management systems,essential
database administrator,data-quality-assessment,data quality assessment,essential
database administrator,data-models,data models,essential
database administrator,define-database-physical-structure,define database physical structure,essential
database administrator,use-an-application-specific-interface,use an application-specific interface,essential
database administrator,administer-ict-system,administer ICT system,essential
database administrator,apply-company-policies,apply company policies,essential
database administrator,manage-database,manage database,essential
database administrator,use-databases,use databases,essential
database administrator,use-scripting-programming,use scripting programming,essential
database administrator,design-database-scheme,design database scheme,essential
database administrator,operate-relational-database-management-system,operate relational database management system,essential
database administrator,perform-ict-troubleshooting,perform ICT troubleshooting,essential
database administrator,interpret-technical-texts,interpret technical texts,essential
database administrator,balance-database-resources,balance database resources,essential
database administrator,design-database-backup-specifications,design database backup specifications,essential
database administrator,perform-backups,perform backups,essential
database administrator,maintain-database-performance,maintain database performance,essential
database administrator,maintain-database-security,maintain database security,essential
database administrator,create-data-models,create data models,essential
database administrator,business-intelligence,business intelligence,optional
database administrator,mdx,MDX,optional
database administrator,db2,DB2,optional
database administrator,microsoft-access,Microsoft Access,optional
database administrator,xquery,XQuery,optional
database administrator,openedge-database,OpenEdge Database,optional
database administrator,objectstore,ObjectStore,optional
database administrator,mysql,MySQL,optional
database administrator,triplestore,TripleStore,optional
database administrator,sparql,SPARQL,optional
database administrator,ibm-informix,IBM Informix,optional
database administrator,ldap,LDAP,optional
database administrator,postgresql,PostgreSQL,optional
database administrator,online-analytical-processing,online analytical processing,optional
database administrator,filemaker-database-management-systems,Filemaker (database management systems),optional
database administrator,sql-server,SQL Server,optional
database administrator,quality-assurance-methodologies,quality assurance methodologies,optional
database administrator,linq,LINQ,optional
database administrator,teradata-database,Teradata Database,optional
database administrator,oracle-relational-database,Oracle Relational Database,optional
database administrator,marklogic,MarkLogic,optional
database administrator,n1ql,N1QL,optional
database administrator,provide-technical-documentation,provide technical documentation,optional
database administrator,implement-ict-safety-policies,implement ICT safety policies,optional
database administrator,use-spreadsheets-software,use spreadsheets software,optional
database administrator,use-different-communication-channels,use different communication channels,optional
database administrator,use-automatic-programming,use automatic programming,optional
database administrator,execute-ict-audits,execute ICT audits,optional
database administrator,design-database-in-the-cloud,design database in the cloud,optional
database administrator,use-back-up-and-recovery-tools,use back-up and recovery tools,optional
database administrator,remove-computer-virus-or-malware-from-a-computer,remove computer virus or malware from a computer,optional
database administrator,safeguard-online-privacy-and-identity,safeguard online privacy and identity,optional
database administrator,implement-anti-virus-software,implement anti-virus software,optional
database administrator,provide-ict-support,provide ICT support,optional
database administrator,manage-cloud-data-and-storage,manage cloud data and storage,optional
database administrator,provide-technical-training,provide technical training,optional
database administrator,support-ict-system-users,support ICT system users,optional
database administrator,estimate-duration-of-work,estimate duration of work,optional
database administrator,implement-a-firewall,implement a firewall,optional
database designer,information-structure,information structure,essential
database designer,systems-development-life-cycle,systems development life-cycle,essential
database designer,database,database,essential
database designer,web-programming,web programming,essential
database designer,ict-security-legislation,ICT security legislation,essential
database designer,business-process-modelling,business process modelling,essential
database designer,resource-description-framework-query-language,resource description framework query language,essential
database designer,query-languages,query languages,essential
database designer,database-development-tools,database development tools,essential
database designer,database-management-systems,database management systems,essential
database designer,systems-theory,systems theory,essential
database designer,migrate-existing-data,migrate existing data,essential
database designer,use-markup-languages,use markup languages,essential
database designer,develop-automated-migration-methods,develop automated migration methods,essential
database designer,assess-ict-knowledge,assess ICT knowledge,essential
database designer,manage-database,manage database,essential
database designer,perform-data-analysis,perform data analysis,essential
database designer,create-software-design,create software design,essential
database designer,write-database-documentation,write database documentation,essential
database designer,design-database-scheme,design database scheme,essential
database designer,operate-relational-database-management-system,operate relational database management system,essential
database designer,create-database-diagrams,create database diagrams,essential
database designer,create-data-sets,create data sets,essential
database designer,analyse-business-requirements,analyse business requirements,essential
database designer,manage-standards-for-data-exchange,manage standards for data exchange,essential
database designer,apply-ict-systems-theory,apply ICT systems theory,essential
database designer,define-technical-requirements,define technical requirements,essential
database designer,haskell,Haskell,optional
database designer,erlang,Erlang,optional
database designer,sas-language,SAS language,optional
database designer,agile-project-management,Agile project management,optional
database designer,ruby-computer-programming,Ruby (computer programming),optional
database designer,common-lisp,Common Lisp,optional
database designer,lisp,Lisp,optional
database designer,visual-studio-net,Visual Studio .NET,optional
database designer,java-computer-programming,Java (computer programming),optional
database designer,mdx,MDX,optional
database designer,computer-programming,computer programming,optional
database designer,prolog-computer-programming,Prolog (computer programming),optional
database designer,openedge-advanced-business-language,OpenEdge Advanced Business Language,optional
database designer,javascript,JavaScript,optional
database designer,db2,DB2,optional
database designer,microsoft-access,Microsoft Access,optional
database designer,xquery,XQuery,optional
database designer,perl,Perl,optional
database designer,smalltalk-computer-programming,Smalltalk (computer programming),optional
database designer,php,PHP,optional
database designer,openedge-database,OpenEdge Database,optional
database designer,assembly-computer-programming,Assembly (computer programming),optional
database designer,objectstore,ObjectStore,optional
database designer,c-2,C#,optional
database designer,mysql,MySQL,optional
database designer,triplestore,TripleStore,optional
database designer,r,R,optional
database designer,groovy,Groovy,optional
database designer,asp-net,ASP.NET,optional
database designer,apl,APL,optional
database designer,sparql,SPARQL,optional
database designer,oracle-weblogic,Oracle WebLogic,optional
database designer,microsoft-visual-c,Microsoft Visual C++,optional
database designer,ibm-informix,IBM Informix,optional
database designer,typescript,TypeScript,optional
database designer,coffeescript,CoffeeScript,optional
database designer,objective-c,Objective-C,optional
database designer,ml-computer-programming,ML (computer programming),optional
database designer,ldap,LDAP,optional
database designer,postgresql,PostgreSQL,optional
database designer,ajax,AJAX,optional
database designer,c,C++,optional
database designer,filemaker-database-management-systems,Filemaker (database management systems),optional
database designer,sap-r3,SAP R3,optional
database designer,swift-computer-programming,Swift (computer programming),optional
database designer,ict-project-management-methodologies,ICT project management methodologies,optional
database designer,sql-server,SQL Server,optional
database designer,matlab,MATLAB,optional
database designer,unstructured-data,unstructured data,optional
database designer,ca-datacom-db,CA Datacom/DB,optional
database designer,linq,LINQ,optional
database designer,python-computer-programming,Python (computer programming),optional
database designer,scratch-computer-programming,Scratch (computer programming),optional
database designer,process-based-management,Process-based management,optional
database designer,teradata-database,Teradata Database,optional
database designer,lean-project-management,Lean project management,optional
database designer,vbscript,VBScript,optional
database designer,oracle-relational-database,Oracle Relational Database,optional
database designer,cobol,COBOL,optional
database designer,marklogic,MarkLogic,optional
database designer,pascal-computer-programming,Pascal (computer programming),optional
database designer,abap,ABAP,optional
database designer,n1ql,N1QL,optional
database designer,data-models,data models,optional
database designer,scala,Scala,optional
database designer,define-database-physical-structure,define database physical structure,optional
database designer,use-databases,use databases,optional
database designer,use-access-control-software,use access control software,optional
database designer,design-database-in-the-cloud,design database in the cloud,optional
database designer,design-database-backup-specifications,design database backup specifications,optional
database designer,apply-technical-communication-skills,apply technical communication skills,optional
database designer,manage-cloud-data-and-storage,manage cloud data and storage,optional
database designer,build-business-relationships,build business relationships,optional
database designer,perform-resource-planning,perform resource planning,optional
computer hardware engineer,hardware-platforms,hardware platforms,essential
computer hardware engineer,engineering-principles,engineering principles,essential
computer hardware engineer,mathematics,mathematics,essential
computer hardware engineer,hardware-components,hardware components,essential
computer hardware engineer,hardware-testing-methods,hardware testing methods,essential
computer hardware engineer,printed-circuit-boards,printed circuit boards,essential
computer hardware engineer,computer-engineering,computer engineering,essential
computer hardware engineer,electronics,electronics,essential
computer hardware engineer,computer-technology,computer technology,essential
computer hardware engineer,hardware-architectures,hardware architectures,essential
computer hardware engineer,draft-scientific-or-academic-papers-and-technical-documentation,draft scientific or academic papers and technical documentation,essential
computer hardware engineer,manage-research-data,manage research data,essential
computer hardware engineer,interact-professionally-in-research-and-professional-environments,interact professionally in research and professional environments,essential
computer hardware engineer,operate-open-source-software,operate open source software,essential
computer hardware engineer,perform-data-analysis,perform data analysis,essential
computer hardware engineer,speak-different-languages,speak different languages,essential
computer hardware engineer,record-test-data,record test data,essential
computer hardware engineer,conduct-quality-control-analysis,conduct quality control analysis,essential
computer hardware engineer,adjust-engineering-designs,adjust engineering designs,essential
computer hardware engineer,manage-findable-accessible-interoperable-and-reusable-data,manage findable accessible interoperable and reusable data,essential
computer hardware engineer,manage-intellectual-property-rights,manage intellectual property rights,essential
computer hardware engineer,test-hardware,test hardware,essential
computer hardware engineer,use-technical-drawing-software,use technical drawing software,essential
computer hardware engineer,analyse-test-data,analyse test data,essential
computer hardware engineer,think-abstractly,think abstractly,essential
computer hardware engineer,mentor-individuals,mentor individuals,essential
computer hardware engineer,manage-personal-professional-development,manage personal professional development,essential
computer hardware engineer,read-engineering-drawings,read engineering drawings,essential
computer hardware engineer,design-prototypes,design prototypes,essential
computer hardware engineer,model-hardware,model hardware,essential
computer hardware engineer,design-hardware,design hardware,essential
computer hardware engineer,report-analysis-results,report analysis results,essential
computer hardware engineer,perform-project-management,perform project management,essential
computer hardware engineer,manage-open-publications,manage open publications,essential
computer hardware engineer,prepare-production-prototypes,prepare production prototypes,essential
computer hardware engineer,approve-engineering-design,approve engineering design,essential
computer hardware engineer,synthesise-information,synthesise information,essential
computer hardware engineer,communicate-with-a-non-scientific-audience,communicate with a non-scientific audience ,essential
computer hardware engineer,haskell,Haskell,optional
computer hardware engineer,erlang,Erlang,optional
computer hardware engineer,sas-language,SAS language,optional
computer hardware engineer,ruby-computer-programming,Ruby (computer programming),optional
computer hardware engineer,common-lisp,Common Lisp,optional
computer hardware engineer,lisp,Lisp,optional
computer hardware engineer,visual-studio-net,Visual Studio .NET,optional
computer hardware engineer,java-computer-programming,Java (computer programming),optional
computer hardware engineer,computer-programming,computer programming,optional
computer hardware engineer,prolog-computer-programming,Prolog (computer programming),optional
computer hardware engineer,openedge-advanced-business-language,OpenEdge Advanced Business Language,optional
computer hardware engineer,javascript,JavaScript,optional
computer hardware engineer,perl,Perl,optional
computer hardware engineer,smalltalk-computer-programming,Smalltalk (computer programming),optional
computer hardware engineer,php,PHP,optional
computer hardware engineer,assembly-computer-programming,Assembly (computer programming),optional
computer hardware engineer,microelectronics,microelectronics,optional
computer hardware engineer,c-2,C#,optional
computer hardware engineer,firmware,firmware,optional
computer hardware engineer,r,R,optional
computer hardware engineer,groovy,Groovy,optional
computer hardware engineer,asp-net,ASP.NET,optional
computer hardware engineer,apl,APL,optional
computer hardware engineer,cae-software,CAE software,optional
computer hardware engineer,microsoft-visual-c,Microsoft Visual C++,optional
computer hardware engineer,typescript,TypeScript,optional
computer hardware engineer,quality-standards,quality standards,optional
computer hardware engineer,coffeescript,CoffeeScript,optional
computer hardware engineer,objective-c,Objective-C,optional
computer hardware engineer,ml-computer-programming,ML (computer programming),optional
computer hardware engineer,ajax,AJAX,optional
computer hardware engineer,c,C++,optional
computer hardware engineer,sap-r3,SAP R3,optional
computer hardware engineer,swift-computer-programming,Swift (computer programming),optional
computer hardware engineer,matlab,MATLAB,optional
computer hardware engineer,python-computer-programming,Python (computer programming),optional
computer hardware engineer,scratch-computer-programming,Scratch (computer programming),optional
computer hardware engineer,mechatronics,mechatronics,optional
computer hardware engineer,vbscript,VBScript,optional
computer hardware engineer,cobol,COBOL,optional
computer hardware engineer,pascal-computer-programming,Pascal (computer programming),optional
computer hardware engineer,abap,ABAP,optional
computer hardware engineer,scala,Scala,optional
computer hardware engineer,provide-technical-documentation,provide technical documentation,optional
computer hardware engineer,communicate-with-customers,communicate with customers,optional
computer hardware engineer,design-firmware,design firmware,optional
computer hardware engineer,align-software-with-system-architectures,align software with system architectures,optional
computer hardware engineer,assemble-hardware-components,assemble hardware components,optional
computer hardware engineer,create-technical-plans,create technical plans,optional
computer hardware engineer,use-cam-software,use CAM software,optional
computer hardware engineer,coordinate-engineering-teams,coordinate engineering teams,optional
computer hardware engineer,use-cad-software,use CAD software,optional
computer hardware engineer,implement-anti-virus-software,implement anti-virus software,optional
computer hardware engineer,apply-technical-communication-skills,apply technical communication skills,optional
computer hardware engineer,install-operating-system,install operating system,optional
computer hardware engineer,install-software,install software,optional
computer hardware engineer,program-firmware,program firmware,optional
computer hardware engineer,build-business-relationships,build business relationships,optional
computer hardware engineer,train-employees,train employees,optional
computer hardware engineer,perform-resource-planning,perform resource planning,optional
computer hardware engineer,develop-product-design,develop product design,optional
animation layout artist,3d-lighting,3D lighting,essential
animation layout artist,graphic-design,graphic design,essential
animation layout artist,motion-graphics,motion graphics,essential
animation layout artist,ict-software-specifications,ICT software specifications,essential
animation layout artist,multimedia-systems,multimedia systems,essential
animation layout artist,follow-work-schedule,follow work schedule,essential
animation layout artist,follow-a-brief,follow a brief,essential
animation layout artist,finish-project-within-budget,finish project within budget,essential
animation layout artist,set-up-animation-elements,set up animation elements,essential
animation layout artist,edit-digital-moving-images,edit digital moving images,essential
animation layout artist,operate-3d-computer-graphics-software,operate 3D computer graphics software,essential
animation layout artist,adobe-photoshop,Adobe Photoshop,optional
animation layout artist,motion-capture,motion capture,optional
animation layout artist,adobe-illustrator,Adobe Illustrator,optional
animation layout artist,gimp-graphics-editor-software,GIMP (graphics editor software),optional
animation layout artist,sketchbook-pro,SketchBook Pro,optional
animation layout artist,microsoft-visio,Microsoft Visio,optional
animation layout artist,graphics-editor-software,graphics editor software,optional
animation layout artist,augmented-reality,augmented reality,optional
animation layout artist,synfig,Synfig,optional
animation layout artist,capture-one,Capture One,optional
animation layout artist,apply-3d-imaging-techniques,apply 3D imaging techniques,optional
animation layout artist,create-animated-narratives,create animated narratives,optional
animation layout artist,create-3d-characters,create 3D characters,optional
animation layout artist,animate-3d-organic-forms,animate 3D organic forms,optional
animation layout artist,convert-into-animated-object,convert into animated object,optional
animation layout artist,manage-portfolio,manage portfolio,optional
animation layout artist,rig-3d-characters,rig 3D characters,optional
animation layout artist,provide-multimedia-content,provide multimedia content,optional
animation layout artist,create-moving-images,create moving images,optional
animation layout artist,develop-animations,develop animations,optional
animation layout artist,design-graphics,design graphics,optional
user interface designer,software-ui-design-patterns,software UI design patterns,essential
user interface designer,ict-accessibility-standards,ICT accessibility standards,essential
user interface designer,web-programming,web programming,essential
user interface designer,task-algorithmisation,task algorithmisation,essential
user interface designer,ict-security-legislation,ICT security legislation,essential
user interface designer,world-wide-web-consortium-standards,World Wide Web Consortium standards,essential
user interface designer,human-computer-interaction,human-computer interaction,essential
user interface designer,graphics-editor-software,graphics editor software,essential
user interface designer,application-usability,application usability,essential
user interface designer,software-interaction-design,software interaction design,essential
user interface designer,use-an-application-specific-interface,use an application-specific interface,essential
user interface designer,use-markup-languages,use markup languages,essential
user interface designer,design-process,design process,essential
user interface designer,translate-requirements-into-visual-design,translate requirements into visual design,essential
user interface designer,assess-users-interaction-with-ict-applications,assess users' interaction with ICT applications,essential
user interface designer,use-methodologies-for-user-centered-design,use methodologies for user-centered design,essential
user interface designer,develop-creative-ideas,develop creative ideas,essential
user interface designer,interact-with-users-to-gather-requirements,interact with users to gather requirements,essential
user interface designer,test-system-accessibility-for-users-with-special-needs,test system accessibility for users with special needs,essential
user interface designer,manage-online-content,manage online content,essential
user interface designer,define-technical-requirements,define technical requirements,essential
user interface designer,build-business-relationships,build business relationships,essential
user interface designer,design-graphics,design graphics,essential
user interface designer,create-website-wireframe,create website wireframe,essential
user interface designer,draw-design-sketches,draw design sketches,essential
user interface designer,design-user-interface,design user interface,essential
user interface designer,haskell,Haskell,optional
user interface designer,incremental-development,Incremental development,optional
user interface designer,erlang,Erlang,optional
user interface designer,sas-language,SAS language,optional
user interface designer,agile-project-management,Agile project management,optional
user interface designer,ruby-computer-programming,Ruby (computer programming),optional
user interface designer,common-lisp,Common Lisp,optional
user interface designer,lisp,Lisp,optional
user interface designer,visual-studio-net,Visual Studio .NET,optional
user interface designer,adobe-photoshop,Adobe Photoshop,optional
user interface designer,java-computer-programming,Java (computer programming),optional
user interface designer,computer-programming,computer programming,optional
user interface designer,cognitive-psychology,cognitive psychology,optional
user interface designer,adobe-illustrator,Adobe Illustrator,optional
user interface designer,prolog-computer-programming,Prolog (computer programming),optional
user interface designer,openedge-advanced-business-language,OpenEdge Advanced Business Language,optional
user interface designer,iterative-development,Iterative development,optional
user interface designer,javascript,JavaScript,optional
user interface designer,perl,Perl,optional
user interface designer,smalltalk-computer-programming,Smalltalk (computer programming),optional
user interface designer,php,PHP,optional
user interface designer,assembly-computer-programming,Assembly (computer programming),optional
user interface designer,spiral-development,Spiral development,optional
user interface designer,gimp-graphics-editor-software,GIMP (graphics editor software),optional
user interface designer,c-2,C#,optional
user interface designer,r,R,optional
user interface designer,groovy,Groovy,optional
user interface designer,asp-net,ASP.NET,optional
user interface designer,apl,APL,optional
user interface designer,waterfall-development,Waterfall development,optional
user interface designer,sketchbook-pro,SketchBook Pro,optional
user interface designer,typescript,TypeScript,optional
user interface designer,microsoft-visio,Microsoft Visio,optional
user interface designer,quality-standards,quality standards,optional
user interface designer,software-design-methodologies,software design methodologies,optional
user interface designer,rapid-application-development,Rapid application development,optional
user interface designer,business-process-modelling,business process modelling,optional
user interface designer,coffeescript,CoffeeScript,optional
user interface designer,objective-c,Objective-C,optional
user interface designer,ml-computer-programming,ML (computer programming),optional
user interface designer,augmented-reality,augmented reality,optional
user interface designer,synfig,Synfig,optional
user interface designer,ajax,AJAX,optional
user interface designer,c,C++,optional
user interface designer,sap-r3,SAP R3,optional
user interface designer,swift-computer-programming,Swift (computer programming),optional
user interface designer,ict-project-management-methodologies,ICT project management methodologies,optional
user interface designer,matlab,MATLAB,optional
user interface designer,python-computer-programming,Python (computer programming),optional
user interface designer,scratch-computer-programming,Scratch (computer programming),optional
user interface designer,process-based-management,Process-based management,optional
user interface designer,lean-project-management,Lean project management,optional
user interface designer,agile-development,Agile development,optional
user interface designer,vbscript,VBScript,optional
user interface designer,cobol,COBOL,optional
user interface designer,pascal-computer-programming,Pascal (computer programming),optional
user interface designer,abap,ABAP,optional
user interface designer,prototyping-development,Prototyping development,optional
user interface designer,devops,DevOps,optional
user interface designer,scala,Scala,optional
user interface designer,natural-language-processing,natural language processing,optional
user interface designer,perform-online-data-analysis,perform online data analysis,optional
user interface designer,create-software-design,create software design,optional
user interface designer,use-query-languages,use query languages,optional
user interface designer,manage-localisation,manage localisation,optional
user interface designer,analyse-business-requirements,analyse business requirements,optional
data centre operator,resource-description-framework-query-language,resource description framework query language,essential
data centre operator,query-languages,query languages,essential
data centre operator,database-management-systems,database management systems,essential
data centre operator,migrate-existing-data,migrate existing data,essential
data centre operator,provide-technical-documentation,provide technical documentation,essential
data centre operator,administer-ict-system,administer ICT system,essential
data centre operator,keep-up-with-the-latest-information-systems-solutions,keep up with the latest information systems solutions,essential
data centre operator,manage-database,manage database,essential
data centre operator,analyse-ict-system,analyse ICT system,essential
data centre operator,monitor-system-performance,monitor system performance,essential
data centre operator,balance-database-resources,balance database resources,essential
data centre operator,maintain-database-performance,maintain database performance,essential
data centre operator,maintain-database-security,maintain database security,essential
data centre operator,maintain-ict-server,maintain ICT server,essential
data centre operator,mdx,MDX,optional
data centre operator,db2,DB2,optional
data centre operator,microsoft-access,Microsoft Access,optional
data centre operator,xquery,XQuery,optional
data centre operator,openedge-database,OpenEdge Database,optional
data centre operator,objectstore,ObjectStore,optional
data centre operator,mysql,MySQL,optional
data centre operator,sparql,SPARQL,optional
data centre operator,ibm-informix,IBM Informix,optional
data centre operator,world-wide-web-consortium-standards,World Wide Web Consortium standards,optional
data centre operator,database-development-tools,database development tools,optional
data centre operator,information-confidentiality,information confidentiality,optional
data centre operator,ldap,LDAP,optional
data centre operator,data-storage,data storage,optional
data centre operator,postgresql,PostgreSQL,optional
data centre operator,filemaker-database-management-systems,Filemaker (database management systems),optional
data centre operator,sql-server,SQL Server,optional
data centre operator,unstructured-data,unstructured data,optional
data centre operator,ca-datacom-db,CA Datacom/DB,optional
data centre operator,linq,LINQ,optional
data centre operator,business-ict-systems,business ICT systems,optional
data centre operator,teradata-database,Teradata Database,optional
data centre operator,n1ql,N1QL,optional
data centre operator,data-models,data models,optional
data centre operator,create-solutions-to-problems,create solutions to problems,optional
data centre operator,develop-automated-migration-methods,develop automated migration methods,optional
data centre operator,use-different-communication-channels,use different communication channels,optional
data centre operator,use-databases,use databases,optional
data centre operator,use-ict-ticketing-system,use ICT ticketing system,optional
data centre operator,use-back-up-and-recovery-tools,use back-up and recovery tools,optional
data centre operator,implement-a-virtual-private-network,implement a virtual private network,optional
data centre operator,implement-anti-virus-software,implement anti-virus software,optional
data centre operator,control-of-expenses,control of expenses,optional
data centre operator,implement-a-firewall,implement a firewall,optional
data centre operator,integrate-system-components,integrate system components,optional
system configurator,cognitive-psychology,cognitive psychology,essential
system configurator,service-oriented-modelling,service-oriented modelling,essential
system configurator,ict-system-user-requirements,ICT system user requirements,essential
system configurator,ict-infrastructure,ICT infrastructure,essential
system configurator,ict-performance-analysis-methods,ICT performance analysis methods,essential
system configurator,migrate-existing-data,migrate existing data,essential
system configurator,develop-automated-migration-methods,develop automated migration methods,essential
system configurator,collect-customer-feedback-on-applications,collect customer feedback on applications,essential
system configurator,interpret-technical-texts,interpret technical texts,essential
system configurator,create-flowchart-diagram,create flowchart diagram,essential
system configurator,configure-ict-system,configure ICT system,essential
system configurator,replicate-customer-software-issues,replicate customer software issues,essential
system configurator,integrate-system-components,integrate system components,essential
system configurator,analyse-software-specifications,analyse software specifications,essential
system configurator,haskell,Haskell,optional
system configurator,erlang,Erlang,optional
system configurator,sas-language,SAS language,optional
system configurator,ruby-computer-programming,Ruby (computer programming),optional
system configurator,common-lisp,Common Lisp,optional
system configurator,lisp,Lisp,optional
system configurator,visual-studio-net,Visual Studio .NET,optional
system configurator,java-computer-programming,Java (computer programming),optional
system configurator,information-architecture,information architecture,optional
system configurator,solution-deployment,solution deployment,optional
system configurator,embedded-systems,embedded systems,optional
system configurator,computer-programming,computer programming,optional
system configurator,interfacing-techniques,interfacing techniques,optional
system configurator,software-architecture-models,software architecture models,optional
system configurator,prolog-computer-programming,Prolog (computer programming),optional
system configurator,openedge-advanced-business-language,OpenEdge Advanced Business Language,optional
system configurator,javascript,JavaScript,optional
system configurator,db2,DB2,optional
system configurator,microsoft-access,Microsoft Access,optional
system configurator,ict-accessibility-standards,ICT accessibility standards,optional
system configurator,perl,Perl,optional
system configurator,smalltalk-computer-programming,Smalltalk (computer programming),optional
system configurator,php,PHP,optional
system configurator,openedge-database,OpenEdge Database,optional
system configurator,assembly-computer-programming,Assembly (computer programming),optional
system configurator,software-components-libraries,software components libraries,optional
system configurator,objectstore,ObjectStore,optional
system configurator,hardware-components,hardware components,optional
system configurator,c-2,C#,optional
system configurator,mysql,MySQL,optional
system configurator,r,R,optional
system configurator,groovy,Groovy,optional
system configurator,asp-net,ASP.NET,optional
system configurator,apl,APL,optional
system configurator,ict-debugging-tools,ICT debugging tools,optional
system configurator,outsourcing-model,Outsourcing model,optional
system configurator,hybrid-model,hybrid model,optional
system configurator,ict-system-integration,ICT system integration,optional
system configurator,microsoft-visual-c,Microsoft Visual C++,optional
system configurator,ibm-informix,IBM Informix,optional
system configurator,typescript,TypeScript,optional
system configurator,coffeescript,CoffeeScript,optional
system configurator,objective-c,Objective-C,optional
system configurator,ml-computer-programming,ML (computer programming),optional
system configurator,data-storage,data storage,optional
system configurator,postgresql,PostgreSQL,optional
system configurator,database-management-systems,database management systems,optional
system configurator,open-source-model,Open source model,optional
system configurator,ajax,AJAX,optional
system configurator,c,C++,optional
system configurator,mobile-device-software-frameworks,mobile device software frameworks,optional
system configurator,filemaker-database-management-systems,Filemaker (database management systems),optional
system configurator,sap-r3,SAP R3,optional
system configurator,cloud-technologies,cloud technologies,optional
system configurator,swift-computer-programming,Swift (computer programming),optional
system configurator,sql-server,SQL Server,optional
system configurator,matlab,MATLAB,optional
system configurator,ict-architectural-frameworks,ICT architectural frameworks,optional
system configurator,ca-datacom-db,CA Datacom/DB,optional
system configurator,python-computer-programming,Python (computer programming),optional
system configurator,scratch-computer-programming,Scratch (computer programming),optional
system configurator,teradata-database,Teradata Database,optional
system configurator,vbscript,VBScript,optional
system configurator,oracle-relational-database,Oracle Relational Database,optional
system configurator,cobol,COBOL,optional
system configurator,hardware-architectures,hardware architectures,optional
system configurator,pascal-computer-programming,Pascal (computer programming),optional
system configurator,abap,ABAP,optional
system configurator,saas-service-oriented-modelling,SaaS (service-oriented modelling),optional
system configurator,ict-power-consumption,ICT power consumption,optional
system configurator,scala,Scala,optional
system configurator,create-solutions-to-problems,create solutions to problems,optional
system configurator,use-logic-programming,use logic programming,optional
system configurator,do-cloud-refactoring,do cloud refactoring,optional
system configurator,use-ict-ticketing-system,use ICT ticketing system,optional
system configurator,implement-a-virtual-private-network,implement a virtual private network,optional
system configurator,manage-cloud-data-and-storage,manage cloud data and storage,optional
system configurator,define-technical-requirements,define technical requirements,optional
ICT research manager,innovation-processes,innovation processes,essential
ICT research manager,organisational-policies,organisational policies,essential
ICT research manager,ict-project-management,ICT project management,essential
ICT research manager,ict-market,ICT market,essential
ICT research manager,apply-system-organisational-policies,apply system organisational policies,essential
ICT research manager,manage-staff,manage staff,essential
ICT research manager,apply-statistical-analysis-techniques,apply statistical analysis techniques,essential
ICT research manager,manage-ict-project,manage ICT project,essential
ICT research manager,monitor-technology-trends,monitor technology trends,essential
ICT research manager,conduct-quantitative-research,conduct quantitative research,essential
ICT research manager,innovate-in-ict,innovate in ICT,essential
ICT research manager,monitor-ict-research,monitor ICT research,essential
ICT research manager,conduct-qualitative-research,conduct qualitative research,essential
ICT research manager,agile-project-management,Agile project management,optional
ICT research manager,mdx,MDX,optional
ICT research manager,xquery,XQuery,optional
ICT research manager,emergent-technologies,emergent technologies,optional
ICT research manager,sparql,SPARQL,optional
ICT research manager,crowdsourcing-strategy,crowdsourcing strategy,optional
ICT research manager,information-extraction,information extraction,optional
ICT research manager,outsourcing-strategy,outsourcing strategy,optional
ICT research manager,resource-description-framework-query-language,resource description framework query language,optional
ICT research manager,query-languages,query languages,optional
ICT research manager,ldap,LDAP,optional
ICT research manager,ict-project-management-methodologies,ICT project management methodologies,optional
ICT research manager,linq,LINQ,optional
ICT research manager,process-based-management,Process-based management,optional
ICT research manager,lean-project-management,Lean project management,optional
ICT research manager,insourcing-strategy,insourcing strategy,optional
ICT research manager,n1ql,N1QL,optional
ICT research manager,ict-power-consumption,ICT power consumption,optional
ICT research manager,create-solutions-to-problems,create solutions to problems,optional
ICT research manager,execute-analytical-mathematical-calculations,execute analytical mathematical calculations,optional
ICT research manager,provide-user-documentation,provide user documentation,optional
ICT research manager,perform-data-mining,perform data mining,optional
ICT research manager,identify-technological-needs,identify technological needs,optional
ICT research manager,apply-systemic-design-thinking,apply systemic design thinking,optional
ICT research manager,conduct-research-interview,conduct research interview,optional
ICT research manager,execute-ict-user-research-activities,execute ICT user research activities,optional
ICT research manager,apply-reverse-engineering,apply reverse engineering,optional
ICT research manager,coordinate-technological-activities,coordinate technological activities,optional
ICT research manager,report-analysis-results,report analysis results,optional
ICT research manager,build-business-relationships,build business relationships,optional
ICT research manager,process-data,process data,optional
ICT system administrator,organisational-policies,organisational policies,essential
ICT system administrator,software-components-libraries,software components libraries,essential
ICT system administrator,hardware-components,hardware components,essential
ICT system administrator,ict-system-programming,ICT system programming,essential
ICT system administrator,quality-assurance-methodologies,quality assurance methodologies,essential
ICT system administrator,ict-system-user-requirements,ICT system user requirements,essential
ICT system administrator,ict-infrastructure,ICT infrastructure,essential
ICT system administrator,operating-systems,operating systems,essential
ICT system administrator,migrate-existing-data,migrate existing data,essential
ICT system administrator,provide-technical-documentation,provide technical documentation,essential
ICT system administrator,apply-system-organisational-policies,apply system organisational policies,essential
ICT system administrator,administer-ict-system,administer ICT system,essential
ICT system administrator,implement-ict-safety-policies,implement ICT safety policies,essential
ICT system administrator,manage-changes-in-ict-system,manage changes in ICT system,essential
ICT system administrator,manage-system-security,manage system security,essential
ICT system administrator,use-back-up-and-recovery-tools,use back-up and recovery tools,essential
ICT system administrator,interpret-technical-texts,interpret technical texts,essential
ICT system administrator,monitor-system-performance,monitor system performance,essential
ICT system administrator,apply-ict-system-usage-policies,apply ICT system usage policies,essential
ICT system administrator,solve-ict-system-problems,solve ICT system problems,essential
ICT system administrator,implement-a-virtual-private-network,implement a virtual private network,essential
ICT system administrator,implement-anti-virus-software,implement anti-virus software,essential
ICT system administrator,manage-system-testing,manage system testing,essential
ICT system administrator,perform-backups,perform backups,essential
ICT system administrator,support-ict-system-users,support ICT system users,essential
ICT system administrator,implement-a-firewall,implement a firewall,essential
ICT system administrator,integrate-system-components,integrate system components,essential
ICT system administrator,maintain-ict-system,maintain ICT system,essential
ICT system administrator,implement-ict-recovery-system,implement ICT recovery system,essential
ICT system administrator,systems-development-life-cycle,systems development life-cycle,optional
ICT system administrator,apache-tomcat,Apache Tomcat,optional
ICT system administrator,information-security-strategy,information security strategy,optional
ICT system administrator,interfacing-techniques,interfacing techniques,optional
ICT system administrator,ict-accessibility-standards,ICT accessibility standards,optional
ICT system administrator,internet-governance,internet governance,optional
ICT system administrator,ict-system-integration,ICT system integration,optional
ICT system administrator,engineering-processes,engineering processes,optional
ICT system administrator,ibm-websphere,IBM WebSphere,optional
ICT system administrator,ict-recovery-techniques,ICT recovery techniques,optional
ICT system administrator,use-different-communication-channels,use different communication channels,optional
ICT system administrator,provide-ict-system-training,provide ICT system training,optional
ICT system administrator,store-digital-data-and-systems,store digital data and systems,optional
ICT system administrator,implement-ict-risk-management,implement ICT risk management,optional
ICT system administrator,remove-computer-virus-or-malware-from-a-computer,remove computer virus or malware from a computer,optional
ICT system administrator,acquire-system-component,acquire system component,optional
ICT system administrator,interact-with-users-to-gather-requirements,interact with users to gather requirements,optional
ICT system administrator,adjust-ict-system-capacity,adjust ICT system capacity,optional
ICT system administrator,implement-spam-protection,implement spam protection,optional
ICT system administrator,automate-cloud-tasks,automate cloud tasks,optional
ICT system administrator,manage-cloud-data-and-storage,manage cloud data and storage,optional
ICT system administrator,execute-integration-testing,execute integration testing,optional
ICT trainer,training-subject-expertise,training  subject expertise,essential
ICT trainer,create-scorm-packages,create SCORM packages,essential
ICT trainer,design-web-based-courses,design web-based courses,essential
ICT trainer,keep-up-to-date-with-training-subjects,keep up-to-date with training subjects,essential
ICT trainer,create-training-materials,create training materials,essential
ICT trainer,evaluate-training,evaluate training,essential
ICT trainer,organise-training,organise training,essential
ICT trainer,develop-digital-educational-materials,develop digital educational materials,essential
ICT trainer,give-live-presentation,give live presentation,essential
ICT trainer,absorb-learning-management-systems,Absorb (learning management systems),optional
ICT trainer,wiziq,WizIQ,optional
ICT trainer,edmodo,Edmodo,optional
ICT trainer,engrade,Engrade,optional
ICT trainer,cognitive-psychology,cognitive psychology,optional
ICT trainer,emergent-technologies,emergent technologies,optional
ICT trainer,schoology,Schoology,optional
ICT trainer,lams,LAMS,optional
ICT trainer,e-learning,e-learning,optional
ICT trainer,brightspace-learning-management-systems,Brightspace (learning management systems),optional
ICT trainer,learning-management-systems,learning management systems,optional
ICT trainer,learning-technologies,learning technologies,optional
ICT trainer,e-learning-software-infrastructure,e-learning software infrastructure,optional
ICT trainer,grovo,Grovo,optional
ICT trainer,litmos,Litmos,optional
ICT trainer,sakai,Sakai,optional
ICT trainer,moodle,Moodle,optional
ICT trainer,online-moderation-techniques,online moderation techniques,optional
ICT trainer,canvas-learning-management-systems,Canvas (learning management systems),optional
ICT trainer,taleo,Taleo,optional
ICT trainer,instructional-design-models,instructional design models,optional
ICT trainer,deliver-online-training,deliver online training,optional
ICT trainer,develop-a-coaching-style,develop a coaching style,optional
ICT trainer,use-presentation-software,use presentation software,optional
ICT trainer,use-different-communication-channels,use different communication channels,optional
ICT trainer,assess-employees-capability-levels,assess employees' capability levels,optional
ICT trainer,identify-training-needs,identify training needs,optional
ICT trainer,perform-ict-troubleshooting,perform ICT troubleshooting,optional
ICT trainer,identify-ict-user-needs,identify ICT user needs,optional
digital games developer,digital-game-genres,digital game genres,essential
digital games developer,computer-programming,computer programming,essential
digital games developer,3d-texturing,3D texturing,essential
digital games developer,ict-debugging-tools,ICT debugging tools,essential
digital games developer,3d-lighting,3D lighting,essential
digital games developer,integrated-development-environment-software,integrated development environment software,essential
digital games developer,tools-for-software-configuration-management,tools for software configuration management,essential
digital games developer,utilise-computer-aided-software-engineering-tools,utilise computer-aided software engineering tools,essential
digital games developer,apply-3d-imaging-techniques,apply 3D imaging techniques,essential
digital games developer,debug-software,debug software,essential
digital games developer,use-software-design-patterns,use software design patterns,essential
digital games developer,execute-analytical-mathematical-calculations,execute analytical mathematical calculations,essential
digital games developer,develop-software-prototype,develop software prototype,essential
digital games developer,interpret-technical-texts,interpret technical texts,essential
digital games developer,use-software-libraries,use software libraries,essential
digital games developer,render-3d-images,render 3D images,essential
digital games developer,analyse-software-specifications,analyse software specifications,essential
digital games developer,haskell,Haskell,optional
digital games developer,kdevelop,KDevelop,optional
digital games developer,sas-language,SAS language,optional
digital games developer,ruby-computer-programming,Ruby (computer programming),optional
digital games developer,common-lisp,Common Lisp,optional
digital games developer,apache-maven,Apache Maven,optional
digital games developer,lisp,Lisp,optional
digital games developer,visual-studio-net,Visual Studio .NET,optional
digital games developer,java-computer-programming,Java (computer programming),optional
digital games developer,prolog-computer-programming,Prolog (computer programming),optional
digital games developer,openedge-advanced-business-language,OpenEdge Advanced Business Language,optional
digital games developer,javascript,JavaScript,optional
digital games developer,perl,Perl,optional
digital games developer,php,PHP,optional
digital games developer,software-anomalies,software anomalies,optional
digital games developer,xcode,Xcode,optional
digital games developer,assembly-computer-programming,Assembly (computer programming),optional
digital games developer,c-2,C#,optional
digital games developer,r,R,optional
digital games developer,groovy,Groovy,optional
digital games developer,asp-net,ASP.NET,optional
digital games developer,apl,APL,optional
digital games developer,object-oriented-modelling,object-oriented modelling,optional
digital games developer,puppet-tools-for-software-configuration-management,Puppet (tools for software configuration management),optional
digital games developer,staf,STAF,optional
digital games developer,eclipse-integrated-development-environment-software,Eclipse (integrated development environment software),optional
digital games developer,ansible,Ansible,optional
digital games developer,microsoft-visual-c,Microsoft Visual C++,optional
digital games developer,typescript,TypeScript,optional
digital games developer,world-wide-web-consortium-standards,World Wide Web Consortium standards,optional
digital games developer,trigonometry,trigonometry,optional
digital games developer,objective-c,Objective-C,optional
digital games developer,ml-computer-programming,ML (computer programming),optional
digital games developer,augmented-reality,augmented reality,optional
digital games developer,ajax,AJAX,optional
digital games developer,c,C++,optional
digital games developer,sap-r3,SAP R3,optional
digital games developer,swift-computer-programming,Swift (computer programming),optional
digital games developer,matlab,MATLAB,optional
digital games developer,salt-tools-for-software-configuration-management,Salt (tools for software configuration management),optional
digital games developer,python-computer-programming,Python (computer programming),optional
digital games developer,scratch-computer-programming,Scratch (computer programming),optional
digital games developer,vbscript,VBScript,optional
digital games developer,cobol,COBOL,optional
digital games developer,pascal-computer-programming,Pascal (computer programming),optional
digital games developer,abap,ABAP,optional
digital games developer,internet-of-things,Internet of Things,optional
digital games developer,jenkins-tools-for-software-configuration-management,Jenkins (tools for software configuration management),optional
digital games developer,scala,Scala,optional
digital games developer,provide-technical-documentation,provide technical documentation,optional
digital games developer,use-concurrent-programming,use concurrent programming,optional
digital games developer,use-logic-programming,use logic programming,optional
digital games developer,use-object-oriented-programming,use object-oriented programming,optional
digital games developer,use-automatic-programming,use automatic programming,optional
digital games developer,develop-virtual-game-engine,develop virtual game engine,optional
digital games developer,develop-creative-ideas,develop creative ideas,optional
digital games developer,create-flowchart-diagram,create flowchart diagram,optional
digital games developer,use-functional-programming,use functional programming,optional
digital games developer,integrate-system-components,integrate system components,optional
digital games developer,adapt-to-changes-in-technological-development-plans,adapt to changes in technological development plans,optional
digital games developer,design-user-interface,design user interface,optional
ICT quality assurance manager,internal-risk-management-policy,internal risk management policy,essential
ICT quality assurance manager,ict-quality-policy,ICT quality policy,essential
ICT quality assurance manager,software-anomalies,software anomalies,essential
ICT quality assurance manager,levels-of-software-testing,levels of software testing,essential
ICT quality assurance manager,quality-standards,quality standards,essential
ICT quality assurance manager,quality-assurance-methodologies,quality assurance methodologies,essential
ICT quality assurance manager,ict-process-quality-models,ICT process quality models,essential
ICT quality assurance manager,set-quality-assurance-objectives,set quality assurance objectives,essential
ICT quality assurance manager,ensure-continuous-preparedness-for-audits,ensure continuous preparedness for audits,essential
ICT quality assurance manager,comply-with-legal-regulations,comply with legal regulations,essential
ICT quality assurance manager,oversee-quality-control,oversee quality control,essential
ICT quality assurance manager,provide-software-testing-documentation,provide software testing documentation,essential
ICT quality assurance manager,attend-to-ict-systems-quality,attend to ICT systems quality,essential
ICT quality assurance manager,execute-software-tests,execute software tests,essential
ICT quality assurance manager,perform-quality-audits,perform quality audits,essential
ICT quality assurance manager,implement-strategic-planning,implement strategic planning,essential
ICT quality assurance manager,systems-development-life-cycle,systems development life-cycle,optional
ICT quality assurance manager,agile-project-management,Agile project management,optional
ICT quality assurance manager,ict-security-legislation,ICT security legislation,optional
ICT quality assurance manager,usability-engineering,usability engineering,optional
ICT quality assurance manager,database-quality-standards,database quality standards,optional
ICT quality assurance manager,ict-project-management-methodologies,ICT project management methodologies,optional
ICT quality assurance manager,application-usability,application usability,optional
ICT quality assurance manager,data-quality-assessment,data quality assessment,optional
ICT quality assurance manager,process-based-management,Process-based management,optional
ICT quality assurance manager,lean-project-management,Lean project management,optional
ICT quality assurance manager,identify-customer-requirements,identify customer requirements,optional
ICT quality assurance manager,implement-ict-safety-policies,implement ICT safety policies,optional
ICT quality assurance manager,develop-information-standards,develop information standards,optional
ICT quality assurance manager,use-different-communication-channels,use different communication channels,optional
ICT quality assurance manager,define-data-quality-criteria,define data quality criteria,optional
ICT quality assurance manager,develop-automated-software-tests,develop automated software tests,optional
ICT quality assurance manager,apply-information-security-policies,apply information security policies,optional
ICT quality assurance manager,track-key-performance-indicators,track key performance indicators,optional
ICT quality assurance manager,manage-data,manage data,optional
ICT quality assurance manager,coordinate-technological-activities,coordinate technological activities,optional
ICT quality assurance manager,develop-technological-improvement-strategies,develop technological improvement strategies,optional
ICT quality assurance manager,provide-technical-training,provide technical training,optional
ICT quality assurance manager,identify-ict-system-weaknesses,identify ICT system weaknesses,optional
ICT security technician,procurement-of-ict-network-equipment,procurement of ICT network equipment,essential
ICT security technician,attack-vectors,attack vectors,essential
ICT security technician,cyber-attack-counter-measures,cyber attack counter-measures,essential
ICT security technician,web-application-security-threats,web application security threats,essential
ICT security technician,operating-systems,operating systems,essential
ICT security technician,ict-networking-hardware,ICT networking hardware,essential
ICT security technician,provide-technical-documentation,provide technical documentation,essential
ICT security technician,use-access-control-software,use access control software,essential
ICT security technician,analyse-ict-system,analyse ICT system,essential
ICT security technician,execute-software-tests,execute software tests,essential
ICT security technician,solve-ict-system-problems,solve ICT system problems,essential
ICT security technician,address-problems-critically,address problems critically,essential
ICT security technician,ensure-proper-document-management,ensure proper document management,essential
ICT security technician,identify-ict-system-weaknesses,identify ICT system weaknesses,essential
ICT security technician,estimate-duration-of-work,estimate duration of work,essential
ICT security technician,integrate-system-components,integrate system components,essential
ICT security technician,implement-cloud-security-and-compliance,implement cloud security and compliance,optional
ICT security technician,haskell,Haskell,optional
ICT security technician,erlang,Erlang,optional
ICT security technician,sas-language,SAS language,optional
ICT security technician,ruby-computer-programming,Ruby (computer programming),optional
ICT security technician,common-lisp,Common Lisp,optional
ICT security technician,lisp,Lisp,optional
ICT security technician,visual-studio-net,Visual Studio .NET,optional
ICT security technician,java-computer-programming,Java (computer programming),optional
ICT security technician,cloud-security-and-compliance,cloud security and compliance,optional
ICT security technician,computer-programming,computer programming,optional
ICT security technician,prolog-computer-programming,Prolog (computer programming),optional
ICT security technician,ict-network-security-risks,ICT network security risks,optional
ICT security technician,openedge-advanced-business-language,OpenEdge Advanced Business Language,optional
ICT security technician,javascript,JavaScript,optional
ICT security technician,perl,Perl,optional
ICT security technician,smalltalk-computer-programming,Smalltalk (computer programming),optional
ICT security technician,php,PHP,optional
ICT security technician,assembly-computer-programming,Assembly (computer programming),optional
ICT security technician,c-2,C#,optional
ICT security technician,r,R,optional
ICT security technician,groovy,Groovy,optional
ICT security technician,asp-net,ASP.NET,optional
ICT security technician,apl,APL,optional
ICT security technician,cisco,Cisco,optional
ICT security technician,ict-security-legislation,ICT security legislation,optional
ICT security technician,organisational-resilience,organisational resilience,optional
ICT security technician,cyber-security,cyber security,optional
ICT security technician,microsoft-visual-c,Microsoft Visual C++,optional
ICT security technician,typescript,TypeScript,optional
ICT security technician,cloud-monitoring-and-reporting,cloud monitoring and reporting,optional
ICT security technician,coffeescript,CoffeeScript,optional
ICT security technician,objective-c,Objective-C,optional
ICT security technician,ml-computer-programming,ML (computer programming),optional
ICT security technician,ajax,AJAX,optional
ICT security technician,c,C++,optional
ICT security technician,sap-r3,SAP R3,optional
ICT security technician,swift-computer-programming,Swift (computer programming),optional
ICT security technician,matlab,MATLAB,optional
ICT security technician,python-computer-programming,Python (computer programming),optional
ICT security technician,ict-encryption,ICT encryption,optional
ICT security technician,scratch-computer-programming,Scratch (computer programming),optional
ICT security technician,vbscript,VBScript,optional
ICT security technician,cobol,COBOL,optional
ICT security technician,pascal-computer-programming,Pascal (computer programming),optional
ICT security technician,abap,ABAP,optional
ICT security technician,internet-of-things,Internet of Things,optional
ICT security technician,scala,Scala,optional
ICT security technician,manage-it-security-compliances,manage IT security compliances,optional
ICT security technician,implement-ict-safety-policies,implement ICT safety policies,optional
ICT security technician,comply-with-legal-regulations,comply with legal regulations,optional
ICT security technician,execute-ict-audits,execute ICT audits,optional
ICT security technician,use-back-up-and-recovery-tools,use back-up and recovery tools,optional
ICT security technician,remove-computer-virus-or-malware-from-a-computer,remove computer virus or malware from a computer,optional
ICT security technician,implement-a-virtual-private-network,implement a virtual private network,optional
ICT security technician,implement-anti-virus-software,implement anti-virus software,optional
ICT security technician,manage-cloud-data-and-storage,manage cloud data and storage,optional
ICT security technician,implement-a-firewall,implement a firewall,optional
ICT security technician,manage-keys-for-data-protection,manage keys for data protection,optional
video technician,understand-artistic-concepts,understand artistic concepts,essential
video technician,use-technical-documentation,use technical documentation,essential
video technician,keep-up-with-trends,keep up with trends,essential
video technician,use-presentation-software,use presentation software,optional
video technician,advise-client-on-technical-possibilities,advise client on technical possibilities,optional
video technician,translate-artistic-concepts-to-technical-designs,translate artistic concepts to technical designs,optional
video technician,manage-personal-professional-development,manage personal professional development,optional
video technician,manage-signoff-of-an-installed-system,manage signoff of an installed system,optional
video technician,develop-professional-network,develop professional network,optional
ICT system analyst,systems-development-life-cycle,systems development life-cycle,essential
ICT system analyst,software-architecture-models,software architecture models,essential
ICT system analyst,decision-support-systems,decision support systems,essential
ICT system analyst,attack-vectors,attack vectors,essential
ICT system analyst,levels-of-software-testing,levels of software testing,essential
ICT system analyst,online-analytical-processing,online analytical processing,essential
ICT system analyst,ict-infrastructure,ICT infrastructure,essential
ICT system analyst,ict-performance-analysis-methods,ICT performance analysis methods,essential
ICT system analyst,software-metrics,software metrics,essential
ICT system analyst,use-an-application-specific-interface,use an application-specific interface,essential
ICT system analyst,identify-customer-requirements,identify customer requirements,essential
ICT system analyst,apply-statistical-analysis-techniques,apply statistical analysis techniques,essential
ICT system analyst,analyse-business-processes,analyse business processes,essential
ICT system analyst,analyse-ict-system,analyse ICT system,essential
ICT system analyst,manage-ict-legacy-implication,manage ICT legacy implication,essential
ICT system analyst,monitor-system-performance,monitor system performance,essential
ICT system analyst,analyse-the-context-of-an-organisation,analyse the context of an organisation,essential
ICT system analyst,solve-ict-system-problems,solve ICT system problems,essential
ICT system analyst,design-information-system,design information system,essential
ICT system analyst,interact-with-users-to-gather-requirements,interact with users to gather requirements,essential
ICT system analyst,manage-system-testing,manage system testing,essential
ICT system analyst,execute-feasibility-study,execute feasibility study,essential
ICT system analyst,define-technical-requirements,define technical requirements,essential
ICT system analyst,identify-ict-system-weaknesses,identify ICT system weaknesses,essential
ICT system analyst,analyse-software-specifications,analyse software specifications,essential
ICT system analyst,perform-ict-security-testing,perform ICT security testing,essential
ICT system analyst,create-data-models,create data models,essential
ICT system analyst,haskell,Haskell,optional
ICT system analyst,erlang,Erlang,optional
ICT system analyst,sas-language,SAS language,optional
ICT system analyst,ruby-computer-programming,Ruby (computer programming),optional
ICT system analyst,common-lisp,Common Lisp,optional
ICT system analyst,lisp,Lisp,optional
ICT system analyst,apache-tomcat,Apache Tomcat,optional
ICT system analyst,hardware-platforms,hardware platforms,optional
ICT system analyst,visual-studio-net,Visual Studio .NET,optional
ICT system analyst,java-computer-programming,Java (computer programming),optional
ICT system analyst,mdx,MDX,optional
ICT system analyst,computer-programming,computer programming,optional
ICT system analyst,data-mining,data mining,optional
ICT system analyst,prolog-computer-programming,Prolog (computer programming),optional
ICT system analyst,openedge-advanced-business-language,OpenEdge Advanced Business Language,optional
ICT system analyst,javascript,JavaScript,optional
ICT system analyst,xquery,XQuery,optional
ICT system analyst,perl,Perl,optional
ICT system analyst,smalltalk-computer-programming,Smalltalk (computer programming),optional
ICT system analyst,php,PHP,optional
ICT system analyst,assembly-computer-programming,Assembly (computer programming),optional
ICT system analyst,c-2,C#,optional
ICT system analyst,r,R,optional
ICT system analyst,groovy,Groovy,optional
ICT system analyst,asp-net,ASP.NET,optional
ICT system analyst,apl,APL,optional
ICT system analyst,object-oriented-modelling,object-oriented modelling,optional
ICT system analyst,sparql,SPARQL,optional
ICT system analyst,outsourcing-model,Outsourcing model,optional
ICT system analyst,hybrid-model,hybrid model,optional
ICT system analyst,audit-techniques,audit techniques,optional
ICT system analyst,unified-modelling-language,unified modelling language,optional
ICT system analyst,nosql,NoSQL,optional
ICT system analyst,service-oriented-modelling,service-oriented modelling,optional
ICT system analyst,microsoft-visual-c,Microsoft Visual C++,optional
ICT system analyst,typescript,TypeScript,optional
ICT system analyst,distributed-computing,distributed computing,optional
ICT system analyst,resource-description-framework-query-language,resource description framework query language,optional
ICT system analyst,coffeescript,CoffeeScript,optional
ICT system analyst,objective-c,Objective-C,optional
ICT system analyst,query-languages,query languages,optional
ICT system analyst,ml-computer-programming,ML (computer programming),optional
ICT system analyst,ldap,LDAP,optional
ICT system analyst,open-source-model,Open source model,optional
ICT system analyst,ajax,AJAX,optional
ICT system analyst,c,C++,optional
ICT system analyst,sap-r3,SAP R3,optional
ICT system analyst,swift-computer-programming,Swift (computer programming),optional
ICT system analyst,matlab,MATLAB,optional
ICT system analyst,linq,LINQ,optional
ICT system analyst,python-computer-programming,Python (computer programming),optional
ICT system analyst,scratch-computer-programming,Scratch (computer programming),optional
ICT system analyst,vbscript,VBScript,optional
ICT system analyst,cobol,COBOL,optional
ICT system analyst,hardware-architectures,hardware architectures,optional
ICT system analyst,pascal-computer-programming,Pascal (computer programming),optional
ICT system analyst,abap,ABAP,optional
ICT system analyst,saas-service-oriented-modelling,SaaS (service-oriented modelling),optional
ICT system analyst,n1ql,N1QL,optional
ICT system analyst,ict-process-quality-models,ICT process quality models,optional
ICT system analyst,scala,Scala,optional
ICT system analyst,provide-ict-consulting-advice,provide ICT consulting advice,optional
ICT system analyst,execute-analytical-mathematical-calculations,execute analytical mathematical calculations,optional
ICT system analyst,use-query-languages,use query languages,optional
ICT system analyst,conduct-quantitative-research,conduct quantitative research,optional
ICT system analyst,implement-a-virtual-private-network,implement a virtual private network,optional
ICT system analyst,automate-cloud-tasks,automate cloud tasks,optional
ICT system analyst,implement-a-firewall,implement a firewall,optional
web content manager,information-structure,information structure,essential
web content manager,keywords-in-digital-content,keywords in digital content,essential
web content manager,web-programming,web programming,essential
web content manager,legal-requirements-of-ict-products,legal requirements of ICT products,essential
web content manager,style-sheet-languages,style sheet languages,essential
web content manager,authoring-software,authoring software,essential
web content manager,publishing-strategy,publishing strategy,essential
web content manager,content-development-processes,content development processes,essential
web content manager,use-markup-languages,use markup languages,essential
web content manager,translate-requirement-concepts-into-content,translate requirement concepts into content,essential
web content manager,identify-customer-requirements,identify customer requirements,essential
web content manager,ensure-compliance-with-legal-requirements,ensure compliance with legal requirements,essential
web content manager,conduct-content-quality-assurance,conduct content quality assurance,essential
web content manager,translate-requirements-into-visual-design,translate requirements into visual design,essential
web content manager,apply-tools-for-content-development,apply tools for content development,essential
web content manager,comply-with-legal-regulations,comply with legal regulations,essential
web content manager,ensure-compliance-with-company-regulations,ensure compliance with company regulations,essential
web content manager,use-content-management-system-software,use content management system software,essential
web content manager,utilise-content-types,utilise content types,essential
web content manager,interpret-technical-texts,interpret technical texts,essential
web content manager,compile-content,compile content,essential
web content manager,manage-content-metadata,manage content metadata,essential
web content manager,conduct-search-engine-optimisation,conduct search engine optimisation,essential
web content manager,identify-legal-requirements,identify legal requirements,essential
web content manager,provide-written-content,provide written content,essential
web content manager,integrate-content-into-output-media,integrate content into output media,essential
web content manager,manage-online-content,manage online content,essential
web content manager,create-content-title,create content title,essential
web content manager,provide-multimedia-content,provide multimedia content,essential
web content manager,sass,Sass,optional
web content manager,cognitive-psychology,cognitive psychology,optional
web content manager,less,LESS,optional
web content manager,javascript,JavaScript,optional
web content manager,php,PHP,optional
web content manager,world-wide-web-consortium-standards,World Wide Web Consortium standards,optional
web content manager,jsss,JSSS,optional
web content manager,augmented-reality,augmented reality,optional
web content manager,content-marketing-strategy,content marketing strategy,optional
web content manager,ajax,AJAX,optional
web content manager,css,CSS,optional
web content manager,perform-online-data-analysis,perform online data analysis,optional
web content manager,use-spreadsheets-software,use spreadsheets software,optional
web content manager,use-presentation-software,use presentation software,optional
web content manager,design-digital-call-to-action,design digital call to action,optional
web content manager,proofread-text,proofread text,optional
web content manager,use-word-processing-software,use word processing software,optional
web content manager,manage-content-development-projects,manage content development projects,optional
web content manager,provide-guidelines-for-content-development,provide guidelines for content development,optional
web content manager,ensure-proper-document-management,ensure proper document management,optional
web content manager,perform-copywriting,perform copywriting,optional
ICT product manager,systems-development-life-cycle,systems development life-cycle,essential
ICT product manager,ict-hardware-specifications,ICT hardware specifications,essential
ICT product manager,cost-management,cost management,essential
ICT product manager,ict-software-specifications,ICT software specifications,essential
ICT product manager,advertising-techniques,advertising techniques,essential
ICT product manager,ict-system-user-requirements,ICT system user requirements,essential
ICT product manager,ict-infrastructure,ICT infrastructure,essential
ICT product manager,ict-market,ICT market,essential
ICT product manager,assess-ict-knowledge,assess ICT knowledge,essential
ICT product manager,manage-schedule-of-tasks,manage schedule of tasks,essential
ICT product manager,conduct-impact-evaluation-of-ict-processes-on-business,conduct impact evaluation of ICT processes on business,essential
ICT product manager,perform-risk-analysis,perform risk analysis,essential
ICT product manager,manage-budgets,manage budgets,essential
ICT product manager,create-project-specifications,create project specifications,essential
ICT product manager,plan-product-management,plan product management,essential
ICT product manager,provide-cost-benefit-analysis-reports,provide cost benefit analysis reports,essential
ICT product manager,monitor-technology-trends,monitor technology trends,essential
ICT product manager,manage-contracts,manage contracts,essential
ICT product manager,perform-product-planning,perform product planning,essential
ICT product manager,define-technical-requirements,define technical requirements,essential
ICT product manager,perform-market-research,perform market research,essential
ICT product manager,incremental-development,Incremental development,optional
ICT product manager,innovation-processes,innovation processes,optional
ICT product manager,iterative-development,Iterative development,optional
ICT product manager,ict-quality-policy,ICT quality policy,optional
ICT product manager,spiral-development,Spiral development,optional
ICT product manager,ict-sales-methodologies,ICT sales methodologies,optional
ICT product manager,outsourcing-model,Outsourcing model,optional
ICT product manager,hybrid-model,hybrid model,optional
ICT product manager,waterfall-development,Waterfall development,optional
ICT product manager,engineering-processes,engineering processes,optional
ICT product manager,ict-security-legislation,ICT security legislation,optional
ICT product manager,service-oriented-modelling,service-oriented modelling,optional
ICT product manager,quality-standards,quality standards,optional
ICT product manager,software-design-methodologies,software design methodologies,optional
ICT product manager,ict-project-management,ICT project management,optional
ICT product manager,rapid-application-development,Rapid application development,optional
ICT product manager,business-process-modelling,business process modelling,optional
ICT product manager,open-source-model,Open source model,optional
ICT product manager,agile-development,Agile development,optional
ICT product manager,prototyping-development,Prototyping development,optional
ICT product manager,saas-service-oriented-modelling,SaaS (service-oriented modelling),optional
ICT product manager,devops,DevOps,optional
ICT product manager,ict-process-quality-models,ICT process quality models,optional
ICT product manager,perform-online-data-analysis,perform online data analysis,optional
ICT product manager,interact-with-users-to-gather-requirements,interact with users to gather requirements,optional
ICT product manager,manage-localisation,manage localisation,optional
ICT system developer,computer-programming,computer programming,essential
ICT system developer,ict-debugging-tools,ICT debugging tools,essential
ICT system developer,ict-system-integration,ICT system integration,essential
ICT system developer,integrated-development-environment-software,integrated development environment software,essential
ICT system developer,tools-for-software-configuration-management,tools for software configuration management,essential
ICT system developer,ict-system-programming,ICT system programming,essential
ICT system developer,migrate-existing-data,migrate existing data,essential
ICT system developer,provide-technical-documentation,provide technical documentation,essential
ICT system developer,use-an-application-specific-interface,use an application-specific interface,essential
ICT system developer,develop-automated-migration-methods,develop automated migration methods,essential
ICT system developer,keep-up-with-the-latest-information-systems-solutions,keep up with the latest information systems solutions,essential
ICT system developer,debug-software,debug software,essential
ICT system developer,use-software-design-patterns,use software design patterns,essential
ICT system developer,collect-customer-feedback-on-applications,collect customer feedback on applications,essential
ICT system developer,develop-software-prototype,develop software prototype,essential
ICT system developer,interpret-technical-texts,interpret technical texts,essential
ICT system developer,use-software-libraries,use software libraries,essential
ICT system developer,create-flowchart-diagram,create flowchart diagram,essential
ICT system developer,solve-ict-system-problems,solve ICT system problems,essential
ICT system developer,analyse-software-specifications,analyse software specifications,essential
ICT system developer,haskell,Haskell,optional
ICT system developer,kdevelop,KDevelop,optional
ICT system developer,sas-language,SAS language,optional
ICT system developer,ruby-computer-programming,Ruby (computer programming),optional
ICT system developer,common-lisp,Common Lisp,optional
ICT system developer,apache-maven,Apache Maven,optional
ICT system developer,lisp,Lisp,optional
ICT system developer,visual-studio-net,Visual Studio .NET,optional
ICT system developer,java-computer-programming,Java (computer programming),optional
ICT system developer,prolog-computer-programming,Prolog (computer programming),optional
ICT system developer,openedge-advanced-business-language,OpenEdge Advanced Business Language,optional
ICT system developer,blockchain-openness,blockchain openness,optional
ICT system developer,javascript,JavaScript,optional
ICT system developer,perl,Perl,optional
ICT system developer,php,PHP,optional
ICT system developer,software-anomalies,software anomalies,optional
ICT system developer,xcode,Xcode,optional
ICT system developer,assembly-computer-programming,Assembly (computer programming),optional
ICT system developer,c-2,C#,optional
ICT system developer,attack-vectors,attack vectors,optional
ICT system developer,r,R,optional
ICT system developer,groovy,Groovy,optional
ICT system developer,asp-net,ASP.NET,optional
ICT system developer,apl,APL,optional
ICT system developer,object-oriented-modelling,object-oriented modelling,optional
ICT system developer,puppet-tools-for-software-configuration-management,Puppet (tools for software configuration management),optional
ICT system developer,smart-contract,smart contract,optional
ICT system developer,staf,STAF,optional
ICT system developer,eclipse-integrated-development-environment-software,Eclipse (integrated development environment software),optional
ICT system developer,ansible,Ansible,optional
ICT system developer,ict-security-legislation,ICT security legislation,optional
ICT system developer,microsoft-visual-c,Microsoft Visual C++,optional
ICT system developer,typescript,TypeScript,optional
ICT system developer,world-wide-web-consortium-standards,World Wide Web Consortium standards,optional
ICT system developer,blockchain-platforms,blockchain platforms,optional
ICT system developer,objective-c,Objective-C,optional
ICT system developer,ml-computer-programming,ML (computer programming),optional
ICT system developer,ajax,AJAX,optional
ICT system developer,c,C++,optional
ICT system developer,sap-r3,SAP R3,optional
ICT system developer,swift-computer-programming,Swift (computer programming),optional
ICT system developer,matlab,MATLAB,optional
ICT system developer,salt-tools-for-software-configuration-management,Salt (tools for software configuration management),optional
ICT system developer,python-computer-programming,Python (computer programming),optional
ICT system developer,systems-theory,systems theory,optional
ICT system developer,scratch-computer-programming,Scratch (computer programming),optional
ICT system developer,vbscript,VBScript,optional
ICT system developer,cobol,COBOL,optional
ICT system developer,pascal-computer-programming,Pascal (computer programming),optional
ICT system developer,internet-of-things,Internet of Things,optional
ICT system developer,jenkins-tools-for-software-configuration-management,Jenkins (tools for software configuration management),optional
ICT system developer,scala,Scala,optional
ICT system developer,plan-migration-to-cloud,plan migration to cloud,optional
ICT system developer,design-cloud-architecture,design cloud architecture,optional
ICT system developer,utilise-computer-aided-software-engineering-tools,utilise computer-aided software engineering tools,optional
ICT system developer,use-concurrent-programming,use concurrent programming,optional
ICT system developer,use-logic-programming,use logic programming,optional
ICT system developer,use-object-oriented-programming,use object-oriented programming,optional
ICT system developer,develop-with-cloud-services,develop with cloud services,optional
ICT system developer,design-database-scheme,design database scheme,optional
ICT system developer,use-query-languages,use query languages,optional
ICT system developer,use-automatic-programming,use automatic programming,optional
ICT system developer,develop-creative-ideas,develop creative ideas,optional
ICT system developer,monitor-system-performance,monitor system performance,optional
ICT system developer,implement-anti-virus-software,implement anti-virus software,optional
ICT system developer,apply-ict-systems-theory,apply ICT systems theory,optional
ICT system developer,automate-cloud-tasks,automate cloud tasks,optional
ICT system developer,use-functional-programming,use functional programming,optional
ICT system developer,identify-ict-system-weaknesses,identify ICT system weaknesses,optional
ICT system developer,design-for-organisational-complexity,design for organisational complexity,optional
ICT system developer,integrate-system-components,integrate system components,optional
ICT system developer,adapt-to-changes-in-technological-development-plans,adapt to changes in technological development plans,optional
ICT system developer,design-user-interface,design user interface,optional
ICT resilience manager,internal-risk-management-policy,internal risk management policy,essential
ICT resilience manager,system-backup-best-practice,system backup best practice,essential
ICT resilience manager,organisational-resilience,organisational resilience,essential
ICT resilience manager,cyber-security,cyber security,essential
ICT resilience manager,ict-recovery-techniques,ICT recovery techniques,essential
ICT resilience manager,manage-it-security-compliances,manage IT security compliances,essential
ICT resilience manager,manage-system-security,manage system security,essential
ICT resilience manager,develop-information-security-strategy,develop information security strategy,essential
ICT resilience manager,comply-with-legal-regulations,comply with legal regulations,essential
ICT resilience manager,analyse-business-processes,analyse business processes,essential
ICT resilience manager,manage-disaster-recovery-plans,manage disaster recovery plans,essential
ICT resilience manager,implement-ict-risk-management,implement ICT risk management,essential
ICT resilience manager,execute-ict-audits,execute ICT audits,essential
ICT resilience manager,analyse-the-context-of-an-organisation,analyse the context of an organisation,essential
ICT resilience manager,lead-disaster-recovery-exercises,lead disaster recovery exercises,essential
ICT resilience manager,perform-ict-security-testing,perform ICT security testing,essential
ICT resilience manager,implement-ict-recovery-system,implement ICT recovery system,essential
ICT resilience manager,identify-ict-security-risks,identify ICT security risks,essential
ICT resilience manager,cloud-security-and-compliance,cloud security and compliance,optional
ICT resilience manager,ict-network-security-risks,ICT network security risks,optional
ICT resilience manager,human-computer-interaction,human-computer interaction,optional
ICT resilience manager,business-process-modelling,business process modelling,optional
ICT resilience manager,ict-system-user-requirements,ICT system user requirements,optional
ICT resilience manager,ict-process-quality-models,ICT process quality models,optional
ICT resilience manager,manage-budgets,manage budgets,optional
ICT resilience manager,advise-on-strengthening-security,advise on strengthening security,optional
ICT resilience manager,define-security-policies,define security policies,optional
ICT resilience manager,respond-to-incidents-in-cloud,respond to incidents in cloud,optional
ICT resilience manager,provide-cost-benefit-analysis-reports,provide cost benefit analysis reports,optional
ICT resilience manager,coordinate-technological-activities,coordinate technological activities,optional
ICT resilience manager,analyse-business-requirements,analyse business requirements,optional
ICT resilience manager,perform-project-management,perform project management,optional
ICT resilience manager,build-business-relationships,build business relationships,optional
ICT resilience manager,train-employees,train employees,optional
ICT resilience manager,manage-keys-for-data-protection,manage keys for data protection,optional
recording studio technician,audio-post-production,audio post-production,essential
recording studio technician,audio-technology,audio technology,essential
recording studio technician,audio-editing-software,audio editing software,essential
recording studio technician,use-audio-reproduction-software,use audio reproduction software,essential
recording studio technician,edit-recorded-sound,edit recorded sound,essential
recording studio technician,use-technical-documentation,use technical documentation,essential
recording studio technician,keep-up-with-trends,keep up with trends,essential
recording studio technician,file-based-workflow,file-based workflow,optional
recording studio technician,audio-mastering,audio mastering,optional
recording studio technician,manage-digital-documents,manage digital documents,optional
recording studio technician,convert-different-audiovisual-formats,convert different audiovisual formats,optional
ICT help desk agent,characteristics-of-products,characteristics of products,essential
ICT help desk agent,ict-system-user-requirements,ICT system user requirements,essential
ICT help desk agent,characteristics-of-services,characteristics of services,essential
ICT help desk agent,guarantee-customer-satisfaction,guarantee customer satisfaction,essential
ICT help desk agent,keep-up-to-date-on-product-knowledge,keep up to date on product knowledge,essential
ICT help desk agent,create-solutions-to-problems,create solutions to problems,essential
ICT help desk agent,communicate-with-customers,communicate with customers,essential
ICT help desk agent,manage-schedule-of-tasks,manage schedule of tasks,essential
ICT help desk agent,keep-task-records,keep task records,essential
ICT help desk agent,use-ict-ticketing-system,use ICT ticketing system,essential
ICT help desk agent,identify-customer-s-needs,identify customer's needs,essential
ICT help desk agent,use-customer-relationship-management-software,use customer relationship management software,essential
ICT help desk agent,solve-ict-system-problems,solve ICT system problems,essential
ICT help desk agent,provide-ict-support,provide ICT support,essential
ICT help desk agent,support-ict-system-users,support ICT system users,essential
ICT help desk agent,prioritise-requests,prioritise requests,essential
ICT help desk agent,ict-help-platforms,ICT help platforms,optional
ICT help desk agent,information-confidentiality,information confidentiality,optional
ICT help desk agent,ict-infrastructure,ICT infrastructure,optional
ICT help desk agent,handle-helpdesk-problems,handle helpdesk problems,optional
ICT help desk agent,perform-data-analysis,perform data analysis,optional
ICT help desk agent,educate-on-data-confidentiality,educate on data confidentiality,optional
ICT help desk agent,perform-escalation-procedure,perform escalation procedure,optional
ICT help desk agent,implement-a-virtual-private-network,implement a virtual private network,optional
ICT help desk agent,implement-anti-virus-software,implement anti-virus software,optional
data entry supervisor,mdx,MDX,essential
data entry supervisor,documentation-types,documentation types,essential
data entry supervisor,xquery,XQuery,essential
data entry supervisor,database,database,essential
data entry supervisor,sparql,SPARQL,essential
data entry supervisor,resource-description-framework-query-language,resource description framework query language,essential
data entry supervisor,query-languages,query languages,essential
data entry supervisor,information-confidentiality,information confidentiality,essential
data entry supervisor,ldap,LDAP,essential
data entry supervisor,linq,LINQ,essential
data entry supervisor,n1ql,N1QL,essential
data entry supervisor,company-policies,company policies,essential
data entry supervisor,manage-schedule-of-tasks,manage schedule of tasks,essential
data entry supervisor,motivate-employees,motivate employees,essential
data entry supervisor,gather-feedback-from-employees,gather feedback from employees,essential
data entry supervisor,apply-information-security-policies,apply information security policies,essential
data entry supervisor,evaluate-employees,evaluate employees,essential
data entry supervisor,introduce-new-employees,introduce new employees,essential
data entry supervisor,supervise-work,supervise work,essential
data entry supervisor,manage-employee-complaints,manage employee complaints,essential
data entry supervisor,estimate-duration-of-work,estimate duration of work,essential
data entry supervisor,optical-character-recognition-software,optical character recognition software,optional
data entry supervisor,abbyy-finereader,ABBYY FineReader,optional
data entry supervisor,data-storage,data storage,optional
data entry supervisor,omnipage,OmniPage,optional
data entry supervisor,data-models,data models,optional
data entry supervisor,manage-ict-data-classification,manage ICT data classification,optional
data entry supervisor,normalise-data,normalise data,optional
data entry supervisor,coach-employees,coach employees,optional
data entry supervisor,establish-data-processes,establish data processes,optional
data entry supervisor,recruit-employees,recruit employees,optional
data entry supervisor,perform-data-cleansing,perform data cleansing,optional
data entry supervisor,implement-data-quality-processes,implement data quality processes,optional
data entry supervisor,maintain-data-entry-requirements,maintain data entry requirements,optional
data entry supervisor,manage-data,manage data,optional
data entry supervisor,manage-data-collection-systems,manage data collection systems,optional
data entry supervisor,develop-working-procedures,develop working procedures,optional
data entry supervisor,apply-organisational-techniques,apply organisational techniques,optional
data entry supervisor,process-data,process data,optional
data entry supervisor,implement-data-warehousing-techniques,implement data warehousing techniques,optional
database developer,resource-description-framework-query-language,resource description framework query language,essential
database developer,query-languages,query languages,essential
database developer,data-extraction-transformation-and-loading-tools,"data extraction, transformation and loading tools",essential
database developer,database-development-tools,database development tools,essential
database developer,data-storage,data storage,essential
database developer,database-management-systems,database management systems,essential
database developer,data-quality-assessment,data quality assessment,essential
database developer,use-an-application-specific-interface,use an application-specific interface,essential
database developer,identify-customer-requirements,identify customer requirements,essential
database developer,use-databases,use databases,essential
database developer,write-database-documentation,write database documentation,essential
database developer,collect-customer-feedback-on-applications,collect customer feedback on applications,essential
database developer,interpret-technical-texts,interpret technical texts,essential
database developer,apply-information-security-policies,apply information security policies,essential
database developer,balance-database-resources,balance database resources,essential
database developer,report-analysis-results,report analysis results,essential
database developer,perform-backups,perform backups,essential
database developer,estimate-duration-of-work,estimate duration of work,essential
database developer,test-ict-queries,test ICT queries,essential
database developer,create-data-models,create data models,essential
database developer,haskell,Haskell,optional
database developer,erlang,Erlang,optional
database developer,sas-language,SAS language,optional
database developer,ruby-computer-programming,Ruby (computer programming),optional
database developer,common-lisp,Common Lisp,optional
database developer,lisp,Lisp,optional
database developer,informatica-powercenter,Informatica PowerCenter,optional
database developer,visual-studio-net,Visual Studio .NET,optional
database developer,ibm-infosphere-datastage,IBM InfoSphere DataStage,optional
database developer,java-computer-programming,Java (computer programming),optional
database developer,mdx,MDX,optional
database developer,computer-programming,computer programming,optional
database developer,oracle-warehouse-builder,Oracle Warehouse Builder,optional
database developer,prolog-computer-programming,Prolog (computer programming),optional
database developer,openedge-advanced-business-language,OpenEdge Advanced Business Language,optional
database developer,oracle-data-integrator,Oracle Data Integrator,optional
database developer,javascript,JavaScript,optional
database developer,db2,DB2,optional
database developer,microsoft-access,Microsoft Access,optional
database developer,xquery,XQuery,optional
database developer,perl,Perl,optional
database developer,pentaho-data-integration,Pentaho Data Integration,optional
database developer,smalltalk-computer-programming,Smalltalk (computer programming),optional
database developer,php,PHP,optional
database developer,openedge-database,OpenEdge Database,optional
database developer,assembly-computer-programming,Assembly (computer programming),optional
database developer,objectstore,ObjectStore,optional
database developer,c-2,C#,optional
database developer,mysql,MySQL,optional
database developer,triplestore,TripleStore,optional
database developer,r,R,optional
database developer,groovy,Groovy,optional
database developer,asp-net,ASP.NET,optional
database developer,apl,APL,optional
database developer,sql,SQL,optional
database developer,sparql,SPARQL,optional
database developer,wordpress,WordPress,optional
database developer,sql-server-integration-services,SQL Server Integration Services,optional
database developer,ibm-infosphere-information-server,IBM InfoSphere Information Server,optional
database developer,microsoft-visual-c,Microsoft Visual C++,optional
database developer,ibm-informix,IBM Informix,optional
database developer,typescript,TypeScript,optional
database developer,oracle-application-development-framework,Oracle Application Development Framework,optional
database developer,ajax-framework,Ajax Framework,optional
database developer,qlikview-expressor,QlikView Expressor,optional
database developer,coffeescript,CoffeeScript,optional
database developer,objective-c,Objective-C,optional
database developer,javascript-framework,JavaScript Framework,optional
database developer,ml-computer-programming,ML (computer programming),optional
database developer,ldap,LDAP,optional
database developer,postgresql,PostgreSQL,optional
database developer,ajax,AJAX,optional
database developer,c,C++,optional
database developer,filemaker-database-management-systems,Filemaker (database management systems),optional
database developer,sap-r3,SAP R3,optional
database developer,swift-computer-programming,Swift (computer programming),optional
database developer,sql-server,SQL Server,optional
database developer,matlab,MATLAB,optional
database developer,ca-datacom-db,CA Datacom/DB,optional
database developer,linq,LINQ,optional
database developer,python-computer-programming,Python (computer programming),optional
database developer,ict-infrastructure,ICT infrastructure,optional
database developer,scratch-computer-programming,Scratch (computer programming),optional
database developer,teradata-database,Teradata Database,optional
database developer,vbscript,VBScript,optional
database developer,oracle-relational-database,Oracle Relational Database,optional
database developer,cobol,COBOL,optional
database developer,hardware-architectures,hardware architectures,optional
database developer,sas-data-management,SAS Data Management,optional
database developer,marklogic,MarkLogic,optional
database developer,pascal-computer-programming,Pascal (computer programming),optional
database developer,abap,ABAP,optional
database developer,n1ql,N1QL,optional
database developer,ict-power-consumption,ICT power consumption,optional
database developer,sap-data-services,SAP Data Services,optional
database developer,scala,Scala,optional
database developer,create-solutions-to-problems,create solutions to problems,optional
database developer,use-spreadsheets-software,use spreadsheets software,optional
database developer,use-software-design-patterns,use software design patterns,optional
database developer,execute-analytical-mathematical-calculations,execute analytical mathematical calculations,optional
database developer,manage-business-knowledge,manage business knowledge,optional
database developer,perform-data-mining,perform data mining,optional
database developer,store-digital-data-and-systems,store digital data and systems,optional
database developer,use-query-languages,use query languages,optional
database developer,execute-ict-audits,execute ICT audits,optional
database developer,use-back-up-and-recovery-tools,use back-up and recovery tools,optional
database developer,execute-software-tests,execute software tests,optional
database developer,manage-digital-documents,manage digital documents,optional
database developer,address-problems-critically,address problems critically,optional
database developer,manage-cloud-data-and-storage,manage cloud data and storage,optional
database developer,execute-integration-testing,execute integration testing,optional
database developer,integrate-system-components,integrate system components,optional
database developer,verify-formal-ict-specifications,verify formal ICT specifications,optional
database developer,use-personal-organization-software,use personal organization software,optional
database developer,identify-ict-security-risks,identify ICT security risks,optional
special effects artist,digital-compositing,digital compositing,essential
special effects artist,graphic-design,graphic design,essential
special effects artist,motion-graphics,motion graphics,essential
special effects artist,computer-equipment,computer equipment,essential
special effects artist,ict-software-specifications,ICT software specifications,essential
special effects artist,multimedia-systems,multimedia systems,essential
special effects artist,follow-work-schedule,follow work schedule,essential
special effects artist,follow-a-brief,follow a brief,essential
special effects artist,finish-project-within-budget,finish project within budget,essential
special effects artist,provide-multimedia-content,provide multimedia content,essential
special effects artist,create-moving-images,create moving images,essential
special effects artist,develop-animations,develop animations,essential
special effects artist,design-graphics,design graphics,essential
special effects artist,adobe-photoshop,Adobe Photoshop,optional
special effects artist,motion-capture,motion capture,optional
special effects artist,adobe-illustrator,Adobe Illustrator,optional
special effects artist,gimp-graphics-editor-software,GIMP (graphics editor software),optional
special effects artist,3d-lighting,3D lighting,optional
special effects artist,sketchbook-pro,SketchBook Pro,optional
special effects artist,microsoft-visio,Microsoft Visio,optional
special effects artist,graphics-editor-software,graphics editor software,optional
special effects artist,synfig,Synfig,optional
special effects artist,copyright-legislation,copyright legislation,optional
special effects artist,manage-feedback,manage feedback,optional
special effects artist,convert-into-animated-object,convert into animated object,optional
special effects artist,manage-portfolio,manage portfolio,optional
special effects artist,render-3d-images,render 3D images,optional
special effects artist,operate-3d-computer-graphics-software,operate 3D computer graphics software,optional
ICT consultant,visual-presentation-techniques,visual presentation techniques,essential
ICT consultant,ict-sales-methodologies,ICT sales methodologies,essential
ICT consultant,ict-system-integration,ICT system integration,essential
ICT consultant,legal-requirements-of-ict-products,legal requirements of ICT products,essential
ICT consultant,identify-customer-requirements,identify customer requirements,essential
ICT consultant,manage-changes-in-ict-system,manage changes in ICT system,essential
ICT consultant,keep-up-with-the-latest-information-systems-solutions,keep up with the latest information systems solutions,essential
ICT consultant,create-project-specifications,create project specifications,essential
ICT consultant,provide-ict-consulting-advice,provide ICT consulting advice,essential
ICT consultant,provide-user-documentation,provide user documentation,essential
ICT consultant,manage-ict-project,manage ICT project,essential
ICT consultant,optimise-choice-of-ict-solution,optimise choice of ICT solution,essential
ICT consultant,identify-technological-needs,identify technological needs,essential
ICT consultant,analyse-ict-system,analyse ICT system,essential
ICT consultant,monitor-system-performance,monitor system performance,essential
ICT consultant,manage-contracts,manage contracts,essential
ICT consultant,solve-ict-system-problems,solve ICT system problems,essential
ICT consultant,define-technical-requirements,define technical requirements,essential
ICT consultant,verify-formal-ict-specifications,verify formal ICT specifications,essential
ICT consultant,manage-standard-enterprise-resource-planning-system,manage standard enterprise resource planning system,essential
ICT consultant,analyse-software-specifications,analyse software specifications,essential
ICT consultant,systems-development-life-cycle,systems development life-cycle,optional
ICT consultant,agile-project-management,Agile project management,optional
ICT consultant,emergent-technologies,emergent technologies,optional
ICT consultant,software-components-libraries,software components libraries,optional
ICT consultant,hardware-components,hardware components,optional
ICT consultant,ict-project-management-methodologies,ICT project management methodologies,optional
ICT consultant,process-based-management,Process-based management,optional
ICT consultant,lean-project-management,Lean project management,optional
ICT consultant,copyright-legislation,copyright legislation,optional
ICT consultant,ict-process-quality-models,ICT process quality models,optional
ICT consultant,manage-ict-change-request-process,manage ICT change request process,optional
ICT consultant,maintain-relationship-with-customers,maintain relationship with customers,optional
ICT consultant,keep-task-records,keep task records,optional
ICT consultant,interact-with-users-to-gather-requirements,interact with users to gather requirements,optional
ICT consultant,identify-ict-user-needs,identify ICT user needs,optional
3D modeller,3d-texturing,3D texturing,essential
3D modeller,3d-lighting,3D lighting,essential
3D modeller,augmented-reality,augmented reality,essential
3D modeller,migrate-existing-data,migrate existing data,essential
3D modeller,create-3d-environments,create 3D environments,essential
3D modeller,apply-3d-imaging-techniques,apply 3D imaging techniques,essential
3D modeller,use-polygonal-modelling,use polygonal modelling,essential
3D modeller,create-3d-characters,create 3D characters,essential
3D modeller,develop-creative-ideas,develop creative ideas,essential
3D modeller,create-3d-texture-map,create 3D texture map,essential
3D modeller,build-business-relationships,build business relationships,essential
3D modeller,render-3d-images,render 3D images,essential
3D modeller,operate-3d-computer-graphics-software,operate 3D computer graphics software,essential
3D modeller,haskell,Haskell,optional
3D modeller,erlang,Erlang,optional
3D modeller,sas-language,SAS language,optional
3D modeller,agile-project-management,Agile project management,optional
3D modeller,ruby-computer-programming,Ruby (computer programming),optional
3D modeller,common-lisp,Common Lisp,optional
3D modeller,lisp,Lisp,optional
3D modeller,visual-studio-net,Visual Studio .NET,optional
3D modeller,java-computer-programming,Java (computer programming),optional
3D modeller,principles-of-animation,principles of animation,optional
3D modeller,computer-programming,computer programming,optional
3D modeller,3d-printing-process,3D printing process,optional
3D modeller,prolog-computer-programming,Prolog (computer programming),optional
3D modeller,openedge-advanced-business-language,OpenEdge Advanced Business Language,optional
3D modeller,geographic-information-systems,geographic information systems,optional
3D modeller,javascript,JavaScript,optional
3D modeller,perl,Perl,optional
3D modeller,emergent-technologies,emergent technologies,optional
3D modeller,smalltalk-computer-programming,Smalltalk (computer programming),optional
3D modeller,php,PHP,optional
3D modeller,assembly-computer-programming,Assembly (computer programming),optional
3D modeller,c-2,C#,optional
3D modeller,r,R,optional
3D modeller,groovy,Groovy,optional
3D modeller,asp-net,ASP.NET,optional
3D modeller,apl,APL,optional
3D modeller,microsoft-visual-c,Microsoft Visual C++,optional
3D modeller,typescript,TypeScript,optional
3D modeller,coffeescript,CoffeeScript,optional
3D modeller,objective-c,Objective-C,optional
3D modeller,ml-computer-programming,ML (computer programming),optional
3D modeller,ajax,AJAX,optional
3D modeller,c,C++,optional
3D modeller,sap-r3,SAP R3,optional
3D modeller,swift-computer-programming,Swift (computer programming),optional
3D modeller,ict-project-management-methodologies,ICT project management methodologies,optional
3D modeller,matlab,MATLAB,optional
3D modeller,python-computer-programming,Python (computer programming),optional
3D modeller,scratch-computer-programming,Scratch (computer programming),optional
3D modeller,process-based-management,Process-based management,optional
3D modeller,lean-project-management,Lean project management,optional
3D modeller,vbscript,VBScript,optional
3D modeller,software-interaction-design,software interaction design,optional
3D modeller,cobol,COBOL,optional
3D modeller,pascal-computer-programming,Pascal (computer programming),optional
3D modeller,abap,ABAP,optional
3D modeller,scala,Scala,optional
3D modeller,perform-data-mining,perform data mining,optional
3D modeller,maintain-an-artistic-portfolio,maintain an artistic portfolio,optional
3D modeller,apply-social-media-marketing,apply social media marketing,optional
3D modeller,perform-ict-troubleshooting,perform ICT troubleshooting,optional
3D modeller,animate-3d-organic-forms,animate 3D organic forms,optional
3D modeller,select-illustration-styles,select illustration styles,optional
3D modeller,apply-technical-communication-skills,apply technical communication skills,optional
3D modeller,create-2d-painting,create 2D painting,optional
3D modeller,draw-design-sketches,draw design sketches,optional
industrial mobile devices software developer,embedded-systems,embedded systems,essential
industrial mobile devices software developer,computer-programming,computer programming,essential
industrial mobile devices software developer,industrial-software,industrial software,essential
industrial mobile devices software developer,ict-debugging-tools,ICT debugging tools,essential
industrial mobile devices software developer,integrated-development-environment-software,integrated development environment software,essential
industrial mobile devices software developer,mobile-operating-systems,mobile operating systems,essential
industrial mobile devices software developer,tools-for-software-configuration-management,tools for software configuration management,essential
industrial mobile devices software developer,internet-of-things,Internet of Things,essential
industrial mobile devices software developer,provide-technical-documentation,provide technical documentation,essential
industrial mobile devices software developer,use-an-application-specific-interface,use an application-specific interface,essential
industrial mobile devices software developer,utilise-computer-aided-software-engineering-tools,utilise computer-aided software engineering tools,essential
industrial mobile devices software developer,debug-software,debug software,essential
industrial mobile devices software developer,use-software-design-patterns,use software design patterns,essential
industrial mobile devices software developer,use-different-communication-channels,use different communication channels,essential
industrial mobile devices software developer,develop-software-prototype,develop software prototype,essential
industrial mobile devices software developer,interpret-technical-texts,interpret technical texts,essential
industrial mobile devices software developer,use-software-libraries,use software libraries,essential
industrial mobile devices software developer,create-flowchart-diagram,create flowchart diagram,essential
industrial mobile devices software developer,design-application-interfaces,design application interfaces,essential
industrial mobile devices software developer,analyse-software-specifications,analyse software specifications,essential
industrial mobile devices software developer,haskell,Haskell,optional
industrial mobile devices software developer,kdevelop,KDevelop,optional
industrial mobile devices software developer,erlang,Erlang,optional
industrial mobile devices software developer,sas-language,SAS language,optional
industrial mobile devices software developer,ruby-computer-programming,Ruby (computer programming),optional
industrial mobile devices software developer,common-lisp,Common Lisp,optional
industrial mobile devices software developer,apache-maven,Apache Maven,optional
industrial mobile devices software developer,lisp,Lisp,optional
industrial mobile devices software developer,visual-studio-net,Visual Studio .NET,optional
industrial mobile devices software developer,java-computer-programming,Java (computer programming),optional
industrial mobile devices software developer,prolog-computer-programming,Prolog (computer programming),optional
industrial mobile devices software developer,openedge-advanced-business-language,OpenEdge Advanced Business Language,optional
industrial mobile devices software developer,javascript,JavaScript,optional
industrial mobile devices software developer,perl,Perl,optional
industrial mobile devices software developer,smalltalk-computer-programming,Smalltalk (computer programming),optional
industrial mobile devices software developer,php,PHP,optional
industrial mobile devices software developer,software-anomalies,software anomalies,optional
industrial mobile devices software developer,xcode,Xcode,optional
industrial mobile devices software developer,assembly-computer-programming,Assembly (computer programming),optional
industrial mobile devices software developer,c-2,C#,optional
industrial mobile devices software developer,r,R,optional
industrial mobile devices software developer,groovy,Groovy,optional
industrial mobile devices software developer,asp-net,ASP.NET,optional
industrial mobile devices software developer,apl,APL,optional
industrial mobile devices software developer,object-oriented-modelling,object-oriented modelling,optional
industrial mobile devices software developer,puppet-tools-for-software-configuration-management,Puppet (tools for software configuration management),optional
industrial mobile devices software developer,staf,STAF,optional
industrial mobile devices software developer,eclipse-integrated-development-environment-software,Eclipse (integrated development environment software),optional
industrial mobile devices software developer,ansible,Ansible,optional
industrial mobile devices software developer,ict-security-legislation,ICT security legislation,optional
industrial mobile devices software developer,microsoft-visual-c,Microsoft Visual C++,optional
industrial mobile devices software developer,typescript,TypeScript,optional
industrial mobile devices software developer,world-wide-web-consortium-standards,World Wide Web Consortium standards,optional
industrial mobile devices software developer,windows-phone,Windows Phone,optional
industrial mobile devices software developer,coffeescript,CoffeeScript,optional
industrial mobile devices software developer,objective-c,Objective-C,optional
industrial mobile devices software developer,ml-computer-programming,ML (computer programming),optional
industrial mobile devices software developer,ajax,AJAX,optional
industrial mobile devices software developer,c,C++,optional
industrial mobile devices software developer,mobile-device-software-frameworks,mobile device software frameworks,optional
industrial mobile devices software developer,blackberry,BlackBerry,optional
industrial mobile devices software developer,sap-r3,SAP R3,optional
industrial mobile devices software developer,swift-computer-programming,Swift (computer programming),optional
industrial mobile devices software developer,matlab,MATLAB,optional
industrial mobile devices software developer,salt-tools-for-software-configuration-management,Salt (tools for software configuration management),optional
industrial mobile devices software developer,python-computer-programming,Python (computer programming),optional
industrial mobile devices software developer,ios,iOS,optional
industrial mobile devices software developer,scratch-computer-programming,Scratch (computer programming),optional
industrial mobile devices software developer,android-mobile-operating-systems,Android (mobile operating systems),optional
industrial mobile devices software developer,vbscript,VBScript,optional
industrial mobile devices software developer,cobol,COBOL,optional
industrial mobile devices software developer,pascal-computer-programming,Pascal (computer programming),optional
industrial mobile devices software developer,abap,ABAP,optional
industrial mobile devices software developer,jenkins-tools-for-software-configuration-management,Jenkins (tools for software configuration management),optional
industrial mobile devices software developer,scala,Scala,optional
industrial mobile devices software developer,migrate-existing-data,migrate existing data,optional
industrial mobile devices software developer,identify-customer-requirements,identify customer requirements,optional
industrial mobile devices software developer,use-concurrent-programming,use concurrent programming,optional
industrial mobile devices software developer,use-logic-programming,use logic programming,optional
industrial mobile devices software developer,use-object-oriented-programming,use object-oriented programming,optional
industrial mobile devices software developer,collect-customer-feedback-on-applications,collect customer feedback on applications,optional
industrial mobile devices software developer,use-automatic-programming,use automatic programming,optional
industrial mobile devices software developer,use-word-processing-software,use word processing software,optional
industrial mobile devices software developer,develop-creative-ideas,develop creative ideas,optional
industrial mobile devices software developer,use-functional-programming,use functional programming,optional
industrial mobile devices software developer,integrate-system-components,integrate system components,optional
industrial mobile devices software developer,adapt-to-changes-in-technological-development-plans,adapt to changes in technological development plans,optional
industrial mobile devices software developer,design-user-interface,design user interface,optional
ICT application developer,computer-programming,computer programming,essential
ICT application developer,ict-debugging-tools,ICT debugging tools,essential
ICT application developer,service-oriented-modelling,service-oriented modelling,essential
ICT application developer,integrated-development-environment-software,integrated development environment software,essential
ICT application developer,tools-for-software-configuration-management,tools for software configuration management,essential
ICT application developer,provide-technical-documentation,provide technical documentation,essential
ICT application developer,use-an-application-specific-interface,use an application-specific interface,essential
ICT application developer,propose-ict-solutions-to-business-problems,propose ICT solutions to business problems,essential
ICT application developer,develop-automated-migration-methods,develop automated migration methods,essential
ICT application developer,identify-customer-requirements,identify customer requirements,essential
ICT application developer,utilise-computer-aided-software-engineering-tools,utilise computer-aided software engineering tools,essential
ICT application developer,debug-software,debug software,essential
ICT application developer,use-software-design-patterns,use software design patterns,essential
ICT application developer,manage-business-knowledge,manage business knowledge,essential
ICT application developer,develop-software-prototype,develop software prototype,essential
ICT application developer,interpret-technical-texts,interpret technical texts,essential
ICT application developer,use-software-libraries,use software libraries,essential
ICT application developer,create-flowchart-diagram,create flowchart diagram,essential
ICT application developer,analyse-software-specifications,analyse software specifications,essential
ICT application developer,haskell,Haskell,optional
ICT application developer,kdevelop,KDevelop,optional
ICT application developer,sas-language,SAS language,optional
ICT application developer,ruby-computer-programming,Ruby (computer programming),optional
ICT application developer,common-lisp,Common Lisp,optional
ICT application developer,apache-maven,Apache Maven,optional
ICT application developer,lisp,Lisp,optional
ICT application developer,visual-studio-net,Visual Studio .NET,optional
ICT application developer,java-computer-programming,Java (computer programming),optional
ICT application developer,drupal,Drupal,optional
ICT application developer,software-frameworks,software frameworks,optional
ICT application developer,prolog-computer-programming,Prolog (computer programming),optional
ICT application developer,openedge-advanced-business-language,OpenEdge Advanced Business Language,optional
ICT application developer,javascript,JavaScript,optional
ICT application developer,perl,Perl,optional
ICT application developer,php,PHP,optional
ICT application developer,software-anomalies,software anomalies,optional
ICT application developer,xcode,Xcode,optional
ICT application developer,assembly-computer-programming,Assembly (computer programming),optional
ICT application developer,c-2,C#,optional
ICT application developer,r,R,optional
ICT application developer,groovy,Groovy,optional
ICT application developer,asp-net,ASP.NET,optional
ICT application developer,apl,APL,optional
ICT application developer,sql,SQL,optional
ICT application developer,object-oriented-modelling,object-oriented modelling,optional
ICT application developer,outsourcing-model,Outsourcing model,optional
ICT application developer,puppet-tools-for-software-configuration-management,Puppet (tools for software configuration management),optional
ICT application developer,hybrid-model,hybrid model,optional
ICT application developer,staf,STAF,optional
ICT application developer,eclipse-integrated-development-environment-software,Eclipse (integrated development environment software),optional
ICT application developer,wordpress,WordPress,optional
ICT application developer,ansible,Ansible,optional
ICT application developer,nosql,NoSQL,optional
ICT application developer,ict-security-legislation,ICT security legislation,optional
ICT application developer,microsoft-visual-c,Microsoft Visual C++,optional
ICT application developer,typescript,TypeScript,optional
ICT application developer,world-wide-web-consortium-standards,World Wide Web Consortium standards,optional
ICT application developer,ajax-framework,Ajax Framework,optional
ICT application developer,objective-c,Objective-C,optional
ICT application developer,javascript-framework,JavaScript Framework,optional
ICT application developer,ml-computer-programming,ML (computer programming),optional
ICT application developer,ibm-websphere,IBM WebSphere,optional
ICT application developer,open-source-model,Open source model,optional
ICT application developer,ajax,AJAX,optional
ICT application developer,c,C++,optional
ICT application developer,sap-r3,SAP R3,optional
ICT application developer,swift-computer-programming,Swift (computer programming),optional
ICT application developer,matlab,MATLAB,optional
ICT application developer,salt-tools-for-software-configuration-management,Salt (tools for software configuration management),optional
ICT application developer,python-computer-programming,Python (computer programming),optional
ICT application developer,scratch-computer-programming,Scratch (computer programming),optional
ICT application developer,vbscript,VBScript,optional
ICT application developer,cobol,COBOL,optional
ICT application developer,pascal-computer-programming,Pascal (computer programming),optional
ICT application developer,abap,ABAP,optional
ICT application developer,saas-service-oriented-modelling,SaaS (service-oriented modelling),optional
ICT application developer,internet-of-things,Internet of Things,optional
ICT application developer,jenkins-tools-for-software-configuration-management,Jenkins (tools for software configuration management),optional
ICT application developer,scala,Scala,optional
ICT application developer,migrate-existing-data,migrate existing data,optional
ICT application developer,use-concurrent-programming,use concurrent programming,optional
ICT application developer,use-logic-programming,use logic programming,optional
ICT application developer,do-cloud-refactoring,do cloud refactoring,optional
ICT application developer,use-object-oriented-programming,use object-oriented programming,optional
ICT application developer,collect-customer-feedback-on-applications,collect customer feedback on applications,optional
ICT application developer,use-query-languages,use query languages,optional
ICT application developer,use-automatic-programming,use automatic programming,optional
ICT application developer,develop-creative-ideas,develop creative ideas,optional
ICT application developer,use-functional-programming,use functional programming,optional
ICT application developer,integrate-system-components,integrate system components,optional
ICT application developer,adapt-to-changes-in-technological-development-plans,adapt to changes in technological development plans,optional
ICT application developer,design-user-interface,design user interface,optional
ICT system integration consultant,systems-development-life-cycle,systems development life-cycle,essential
ICT system integration consultant,manage-changes-in-ict-system,manage changes in ICT system,essential
ICT system integration consultant,keep-up-with-the-latest-information-systems-solutions,keep up with the latest information systems solutions,essential
ICT system integration consultant,provide-ict-consulting-advice,provide ICT consulting advice,essential
ICT system integration consultant,optimise-choice-of-ict-solution,optimise choice of ICT solution,essential
ICT system integration consultant,integrate-ict-data,integrate ICT data,essential
ICT system integration consultant,use-scripting-programming,use scripting programming,essential
ICT system integration consultant,monitor-technology-trends,monitor technology trends,essential
ICT system integration consultant,attend-to-ict-systems-quality,attend to ICT systems quality,essential
ICT system integration consultant,apply-information-security-policies,apply information security policies,essential
ICT system integration consultant,monitor-system-performance,monitor system performance,essential
ICT system integration consultant,consult-with-business-clients,consult with business clients,essential
ICT system integration consultant,define-integration-strategy,define integration strategy,essential
ICT system integration consultant,ensure-proper-document-management,ensure proper document management,essential
ICT system integration consultant,define-technical-requirements,define technical requirements,essential
ICT system integration consultant,integrate-system-components,integrate system components,essential
ICT system integration consultant,verify-formal-ict-specifications,verify formal ICT specifications,essential
ICT system integration consultant,agile-project-management,Agile project management,optional
ICT system integration consultant,information-architecture,information architecture,optional
ICT system integration consultant,model-based-system-engineering,model based system engineering,optional
ICT system integration consultant,software-components-libraries,software components libraries,optional
ICT system integration consultant,hardware-components,hardware components,optional
ICT system integration consultant,ict-system-integration,ICT system integration,optional
ICT system integration consultant,engineering-processes,engineering processes,optional
ICT system integration consultant,ict-project-management-methodologies,ICT project management methodologies,optional
ICT system integration consultant,process-based-management,Process-based management,optional
ICT system integration consultant,lean-project-management,Lean project management,optional
ICT system integration consultant,software-components-suppliers,software components suppliers,optional
ICT system integration consultant,ict-performance-analysis-methods,ICT performance analysis methods,optional
ICT system integration consultant,provide-technical-documentation,provide technical documentation,optional
ICT system integration consultant,use-an-application-specific-interface,use an application-specific interface,optional
ICT system integration consultant,manage-ict-change-request-process,manage ICT change request process,optional
ICT system integration consultant,plan-migration-to-cloud,plan migration to cloud,optional
ICT system integration consultant,implement-ict-safety-policies,implement ICT safety policies,optional
ICT system integration consultant,create-project-specifications,create project specifications,optional
ICT system integration consultant,use-different-communication-channels,use different communication channels,optional
ICT system integration consultant,educate-on-data-confidentiality,educate on data confidentiality,optional
ICT system integration consultant,use-back-up-and-recovery-tools,use back-up and recovery tools,optional
ICT system integration consultant,track-key-performance-indicators,track key performance indicators,optional
ICT system integration consultant,write-work-related-reports,write work-related reports,optional
ICT system integration consultant,implement-a-virtual-private-network,implement a virtual private network,optional
ICT system integration consultant,perform-project-management,perform project management,optional
ICT system integration consultant,manage-cloud-data-and-storage,manage cloud data and storage,optional
ICT system integration consultant,build-business-relationships,build business relationships,optional
ICT system integration consultant,implement-a-firewall,implement a firewall,optional
computer hardware test technician,circuit-diagrams,circuit diagrams,essential
computer hardware test technician,hardware-platforms,hardware platforms,essential
computer hardware test technician,quality-assurance-procedures,quality assurance procedures,essential
computer hardware test technician,hardware-components,hardware components,essential
computer hardware test technician,hardware-testing-methods,hardware testing methods,essential
computer hardware test technician,quality-standards,quality standards,essential
computer hardware test technician,hardware-architectures,hardware architectures,essential
computer hardware test technician,conduct-quality-control-analysis,conduct quality control analysis,essential
computer hardware test technician,test-hardware,test hardware,essential
computer hardware test technician,analyse-test-data,analyse test data,essential
computer hardware test technician,communicate-test-results-to-other-departments,communicate test results to other departments,essential
computer hardware test technician,meet-deadlines,meet deadlines,essential
computer hardware test technician,read-engineering-drawings,read engineering drawings,essential
computer hardware test technician,printed-circuit-boards-testing-methods,printed circuit boards testing methods,optional
computer hardware test technician,microelectronics,microelectronics,optional
computer hardware test technician,electronics,electronics,optional
computer hardware test technician,test-wireless-devices,test wireless devices,optional
computer hardware test technician,check-system-parameters-against-reference-values,check system parameters against reference values,optional
computer hardware test technician,liaise-with-engineers,liaise with engineers,optional
computer hardware test technician,keep-records-of-work-progress,keep records of work progress,optional
computer hardware test technician,test-printed-circuit-boards,test printed circuit boards,optional
web developer,computer-programming,computer programming,essential
web developer,ict-debugging-tools,ICT debugging tools,essential
web developer,web-programming,web programming,essential
web developer,world-wide-web-consortium-standards,World Wide Web Consortium standards,essential
web developer,integrated-development-environment-software,integrated development environment software,essential
web developer,tools-for-software-configuration-management,tools for software configuration management,essential
web developer,style-sheet-languages,style sheet languages,essential
web developer,content-development-processes,content development processes,essential
web developer,provide-technical-documentation,provide technical documentation,essential
web developer,use-an-application-specific-interface,use an application-specific interface,essential
web developer,use-markup-languages,use markup languages,essential
web developer,debug-software,debug software,essential
web developer,use-software-design-patterns,use software design patterns,essential
web developer,translate-requirements-into-visual-design,translate requirements into visual design,essential
web developer,collect-customer-feedback-on-applications,collect customer feedback on applications,essential
web developer,develop-software-prototype,develop software prototype,essential
web developer,interpret-technical-texts,interpret technical texts,essential
web developer,use-software-libraries,use software libraries,essential
web developer,create-flowchart-diagram,create flowchart diagram,essential
web developer,implement-front-end-website-design,implement front-end website design,essential
web developer,analyse-software-specifications,analyse software specifications,essential
web developer,haskell,Haskell,optional
web developer,kdevelop,KDevelop,optional
web developer,erlang,Erlang,optional
web developer,sas-language,SAS language,optional
web developer,ruby-computer-programming,Ruby (computer programming),optional
web developer,common-lisp,Common Lisp,optional
web developer,apache-maven,Apache Maven,optional
web developer,lisp,Lisp,optional
web developer,sass,Sass,optional
web developer,visual-studio-net,Visual Studio .NET,optional
web developer,java-computer-programming,Java (computer programming),optional
web developer,less,LESS,optional
web developer,prolog-computer-programming,Prolog (computer programming),optional
web developer,openedge-advanced-business-language,OpenEdge Advanced Business Language,optional
web developer,javascript,JavaScript,optional
web developer,perl,Perl,optional
web developer,smalltalk-computer-programming,Smalltalk (computer programming),optional
web developer,php,PHP,optional
web developer,software-anomalies,software anomalies,optional
web developer,xcode,Xcode,optional
web developer,assembly-computer-programming,Assembly (computer programming),optional
web developer,c-2,C#,optional
web developer,r,R,optional
web developer,groovy,Groovy,optional
web developer,asp-net,ASP.NET,optional
web developer,apl,APL,optional
web developer,object-oriented-modelling,object-oriented modelling,optional
web developer,webcms,WebCMS,optional
web developer,puppet-tools-for-software-configuration-management,Puppet (tools for software configuration management),optional
web developer,staf,STAF,optional
web developer,eclipse-integrated-development-environment-software,Eclipse (integrated development environment software),optional
web developer,wordpress,WordPress,optional
web developer,ansible,Ansible,optional
web developer,ict-security-legislation,ICT security legislation,optional
web developer,microsoft-visual-c,Microsoft Visual C++,optional
web developer,typescript,TypeScript,optional
web developer,jsss,JSSS,optional
web developer,web-application-security-threats,web application security threats,optional
web developer,coffeescript,CoffeeScript,optional
web developer,objective-c,Objective-C,optional
web developer,javascript-framework,JavaScript Framework,optional
web developer,ml-computer-programming,ML (computer programming),optional
web developer,ibm-websphere,IBM WebSphere,optional
web developer,augmented-reality,augmented reality,optional
web developer,jboss,Jboss,optional
web developer,ajax,AJAX,optional
web developer,c,C++,optional
web developer,sap-r3,SAP R3,optional
web developer,swift-computer-programming,Swift (computer programming),optional
web developer,matlab,MATLAB,optional
web developer,salt-tools-for-software-configuration-management,Salt (tools for software configuration management),optional
web developer,python-computer-programming,Python (computer programming),optional
web developer,scratch-computer-programming,Scratch (computer programming),optional
web developer,vbscript,VBScript,optional
web developer,cobol,COBOL,optional
web developer,css,CSS,optional
web developer,pascal-computer-programming,Pascal (computer programming),optional
web developer,abap,ABAP,optional
web developer,jenkins-tools-for-software-configuration-management,Jenkins (tools for software configuration management),optional
web developer,scala,Scala,optional
web developer,migrate-existing-data,migrate existing data,optional
web developer,utilise-computer-aided-software-engineering-tools,utilise computer-aided software engineering tools,optional
web developer,use-presentation-software,use presentation software,optional
web developer,use-concurrent-programming,use concurrent programming,optional
web developer,conduct-content-quality-assurance,conduct content quality assurance,optional
web developer,use-logic-programming,use logic programming,optional
web developer,use-object-oriented-programming,use object-oriented programming,optional
web developer,use-query-languages,use query languages,optional
web developer,use-automatic-programming,use automatic programming,optional
web developer,use-word-processing-software,use word processing software,optional
web developer,develop-creative-ideas,develop creative ideas,optional
web developer,implement-anti-virus-software,implement anti-virus software,optional
web developer,use-functional-programming,use functional programming,optional
web developer,compose-description-for-web-elements,compose description for web elements,optional
web developer,adapt-to-changes-in-technological-development-plans,adapt to changes in technological development plans,optional
web developer,design-user-interface,design user interface,optional
telecommunications analyst,procurement-of-ict-network-equipment,procurement of ICT network equipment,essential
telecommunications analyst,telecommunication-trunking,telecommunication trunking,essential
telecommunications analyst,ict-communications-protocols,ICT communications protocols,essential
telecommunications analyst,direct-inward-dialing,direct inward dialing,essential
telecommunications analyst,analog-electronics-theory,analog electronics theory,essential
telecommunications analyst,communicate-with-customers,communicate with customers,essential
telecommunications analyst,design-process,design process,essential
telecommunications analyst,execute-analytical-mathematical-calculations,execute analytical mathematical calculations,essential
telecommunications analyst,provide-user-documentation,provide user documentation,essential
telecommunications analyst,use-different-communication-channels,use different communication channels,essential
telecommunications analyst,provide-ict-system-training,provide ICT system training,essential
telecommunications analyst,provide-cost-benefit-analysis-reports,provide cost benefit analysis reports,essential
telecommunications analyst,upgrade-firmware,upgrade firmware,essential
telecommunications analyst,analyse-business-processes,analyse business processes,essential
telecommunications analyst,operate-private-branch-exchange,operate private branch exchange,essential
telecommunications analyst,define-technical-requirements,define technical requirements,essential
telecommunications analyst,use-session-border-controller,use session border controller,essential
telecommunications analyst,cisco,Cisco,optional
telecommunications analyst,ict-security-legislation,ICT security legislation,optional
telecommunications analyst,business-process-modelling,business process modelling,optional
telecommunications analyst,propose-ict-solutions-to-business-problems,propose ICT solutions to business problems,optional
telecommunications analyst,solder-electronics,solder electronics,optional
telecommunications analyst,provide-ict-consulting-advice,provide ICT consulting advice,optional
telecommunications analyst,coordinate-technological-activities,coordinate technological activities,optional
telecommunications analyst,analyse-business-requirements,analyse business requirements,optional
telecommunications analyst,make-strategic-business-decisions,make strategic business decisions,optional
ICT environmental manager,green-computing,green computing,essential
ICT environmental manager,product-life-cycle,product life-cycle,essential
ICT environmental manager,cost-management,cost management,essential
ICT environmental manager,ict-market,ICT market,essential
ICT environmental manager,provide-technical-documentation,provide technical documentation,essential
ICT environmental manager,ensure-compliance-with-legal-requirements,ensure compliance with legal requirements,essential
ICT environmental manager,manage-budgets,manage budgets,essential
ICT environmental manager,manage-ict-project,manage ICT project,essential
ICT environmental manager,provide-cost-benefit-analysis-reports,provide cost benefit analysis reports,essential
ICT environmental manager,ensure-compliance-with-company-regulations,ensure compliance with company regulations,essential
ICT environmental manager,perform-ict-security-testing,perform ICT security testing,essential
ICT environmental manager,systems-development-life-cycle,systems development life-cycle,optional
ICT environmental manager,network-management-system-tools,network management system tools,optional
ICT environmental manager,embedded-systems,embedded systems,optional
ICT environmental manager,emergent-technologies,emergent technologies,optional
ICT environmental manager,crowdsourcing-strategy,crowdsourcing strategy,optional
ICT environmental manager,outsourcing-strategy,outsourcing strategy,optional
ICT environmental manager,ict-infrastructure,ICT infrastructure,optional
ICT environmental manager,insourcing-strategy,insourcing strategy,optional
ICT environmental manager,ict-power-consumption,ICT power consumption,optional
ICT environmental manager,coach-employees,coach employees,optional
ICT environmental manager,design-computer-network,design computer network,optional
ICT environmental manager,maintain-internal-communication-systems,maintain internal communication systems,optional
ICT environmental manager,develop-ict-workflow,develop ICT workflow,optional
ICT environmental manager,coordinate-technological-activities,coordinate technological activities,optional
ICT environmental manager,give-live-presentation,give live presentation,optional
ICT environmental manager,train-employees,train employees,optional
performance video designer,run-a-media-server,run a media server,essential
performance video designer,research-new-ideas,research new ideas,essential
performance video designer,edit-digital-moving-images,edit digital moving images,essential
performance video designer,present-artistic-design-proposals,present artistic design proposals,essential
performance video designer,adapt-existing-designs-to-changed-circumstances,adapt existing designs to changed circumstances,essential
performance video designer,use-technical-documentation,use technical documentation,essential
performance video designer,develop-design-ideas-cooperatively,develop design ideas cooperatively,essential
performance video designer,labour-legislation,labour legislation,optional
performance video designer,copyright-legislation,copyright legislation,optional
performance video designer,lead-a-team,lead a team,optional
performance video designer,use-presentation-software,use presentation software,optional
performance video designer,provide-documentation,provide documentation,optional
performance video designer,update-budget,update budget,optional
performance video designer,translate-artistic-concepts-to-technical-designs,translate artistic concepts to technical designs,optional
performance video designer,analyse-the-need-for-technical-resources,analyse the need for technical resources,optional
performance video designer,meet-deadlines,meet deadlines,optional
IT auditor,systems-development-life-cycle,systems development life-cycle,essential
IT auditor,product-life-cycle,product life-cycle,essential
IT auditor,ict-quality-policy,ICT quality policy,essential
IT auditor,ict-security-standards,ICT security standards,essential
IT auditor,audit-techniques,audit techniques,essential
IT auditor,engineering-processes,engineering processes,essential
IT auditor,ict-security-legislation,ICT security legislation,essential
IT auditor,organisational-resilience,organisational resilience,essential
IT auditor,quality-standards,quality standards,essential
IT auditor,legal-requirements-of-ict-products,legal requirements of ICT products,essential
IT auditor,ict-process-quality-models,ICT process quality models,essential
IT auditor,improve-business-processes,improve business processes,essential
IT auditor,analyse-ict-system,analyse ICT system,essential
IT auditor,execute-ict-audits,execute ICT audits,essential
IT auditor,ensure-adherence-to-organisational-ict-standards,ensure adherence to organisational ICT standards,essential
IT auditor,perform-quality-audits,perform quality audits,essential
IT auditor,develop-audit-plan,develop audit plan,essential
IT auditor,perform-ict-security-testing,perform ICT security testing,essential
IT auditor,information-security-strategy,information security strategy,optional
IT auditor,ict-network-security-risks,ICT network security risks,optional
IT auditor,ict-accessibility-standards,ICT accessibility standards,optional
IT auditor,cyber-security,cyber security,optional
IT auditor,world-wide-web-consortium-standards,World Wide Web Consortium standards,optional
IT auditor,ict-project-management,ICT project management,optional
IT auditor,cloud-technologies,cloud technologies,optional
IT auditor,manage-it-security-compliances,manage IT security compliances,optional
IT auditor,develop-documentation-in-accordance-with-legal-requirements,develop documentation in accordance with legal requirements,optional
IT auditor,develop-ict-workflow,develop ICT workflow,optional
IT auditor,monitor-technology-trends,monitor technology trends,optional
IT auditor,apply-information-security-policies,apply information security policies,optional
IT auditor,safeguard-online-privacy-and-identity,safeguard online privacy and identity,optional
IT auditor,identify-legal-requirements,identify legal requirements,optional
IT auditor,define-organisational-standards,define organisational standards,optional
IT auditor,communicate-analytical-insights,communicate analytical insights,optional
IT auditor,identify-ict-security-risks,identify ICT security risks,optional
ICT network engineer,ict-network-routing,ICT network routing,essential
ICT network engineer,information-security-strategy,information security strategy,essential
ICT network engineer,computer-programming,computer programming,essential
ICT network engineer,ict-debugging-tools,ICT debugging tools,essential
ICT network engineer,mobile-operating-systems,mobile operating systems,essential
ICT network engineer,cloud-technologies,cloud technologies,essential
ICT network engineer,ict-performance-analysis-methods,ICT performance analysis methods,essential
ICT network engineer,migrate-existing-data,migrate existing data,essential
ICT network engineer,provide-technical-documentation,provide technical documentation,essential
ICT network engineer,use-an-application-specific-interface,use an application-specific interface,essential
ICT network engineer,develop-automated-migration-methods,develop automated migration methods,essential
ICT network engineer,design-computer-network,design computer network,essential
ICT network engineer,debug-software,debug software,essential
ICT network engineer,use-software-design-patterns,use software design patterns,essential
ICT network engineer,analyse-network-configuration-and-performance,analyse network configuration and performance,essential
ICT network engineer,collect-customer-feedback-on-applications,collect customer feedback on applications,essential
ICT network engineer,apply-information-security-policies,apply information security policies,essential
ICT network engineer,forecast-future-ict-network-needs,forecast future ICT network needs,essential
ICT network engineer,implement-a-virtual-private-network,implement a virtual private network,essential
ICT network engineer,implement-ict-network-diagnostic-tools,implement ICT network diagnostic tools,essential
ICT network engineer,analyse-software-specifications,analyse software specifications,essential
ICT network engineer,haskell,Haskell,optional
ICT network engineer,kdevelop,KDevelop,optional
ICT network engineer,erlang,Erlang,optional
ICT network engineer,sas-language,SAS language,optional
ICT network engineer,network-management-system-tools,network management system tools,optional
ICT network engineer,ruby-computer-programming,Ruby (computer programming),optional
ICT network engineer,common-lisp,Common Lisp,optional
ICT network engineer,apache-maven,Apache Maven,optional
ICT network engineer,lisp,Lisp,optional
ICT network engineer,visual-studio-net,Visual Studio .NET,optional
ICT network engineer,java-computer-programming,Java (computer programming),optional
ICT network engineer,prolog-computer-programming,Prolog (computer programming),optional
ICT network engineer,openedge-advanced-business-language,OpenEdge Advanced Business Language,optional
ICT network engineer,javascript,JavaScript,optional
ICT network engineer,smalltalk-computer-programming,Smalltalk (computer programming),optional
ICT network engineer,php,PHP,optional
ICT network engineer,xcode,Xcode,optional
ICT network engineer,assembly-computer-programming,Assembly (computer programming),optional
ICT network engineer,c-2,C#,optional
ICT network engineer,r,R,optional
ICT network engineer,groovy,Groovy,optional
ICT network engineer,asp-net,ASP.NET,optional
ICT network engineer,apl,APL,optional
ICT network engineer,puppet-tools-for-software-configuration-management,Puppet (tools for software configuration management),optional
ICT network engineer,staf,STAF,optional
ICT network engineer,vagrant,Vagrant,optional
ICT network engineer,eclipse-integrated-development-environment-software,Eclipse (integrated development environment software),optional
ICT network engineer,ansible,Ansible,optional
ICT network engineer,microsoft-visual-c,Microsoft Visual C++,optional
ICT network engineer,typescript,TypeScript,optional
ICT network engineer,integrated-development-environment-software,integrated development environment software,optional
ICT network engineer,windows-phone,Windows Phone,optional
ICT network engineer,coffeescript,CoffeeScript,optional
ICT network engineer,objective-c,Objective-C,optional
ICT network engineer,tools-for-software-configuration-management,tools for software configuration management,optional
ICT network engineer,ict-problem-management-techniques,ICT problem management techniques,optional
ICT network engineer,ml-computer-programming,ML (computer programming),optional
ICT network engineer,ajax,AJAX,optional
ICT network engineer,c,C++,optional
ICT network engineer,blackberry,BlackBerry,optional
ICT network engineer,sap-r3,SAP R3,optional
ICT network engineer,swift-computer-programming,Swift (computer programming),optional
ICT network engineer,matlab,MATLAB,optional
ICT network engineer,salt-tools-for-software-configuration-management,Salt (tools for software configuration management),optional
ICT network engineer,python-computer-programming,Python (computer programming),optional
ICT network engineer,ios,iOS,optional
ICT network engineer,scratch-computer-programming,Scratch (computer programming),optional
ICT network engineer,android-mobile-operating-systems,Android (mobile operating systems),optional
ICT network engineer,vbscript,VBScript,optional
ICT network engineer,cobol,COBOL,optional
ICT network engineer,pascal-computer-programming,Pascal (computer programming),optional
ICT network engineer,abap,ABAP,optional
ICT network engineer,internet-of-things,Internet of Things,optional
ICT network engineer,jenkins-tools-for-software-configuration-management,Jenkins (tools for software configuration management),optional
ICT network engineer,scala,Scala,optional
ICT network engineer,create-solutions-to-problems,create solutions to problems,optional
ICT network engineer,implement-ict-safety-policies,implement ICT safety policies,optional
ICT network engineer,use-concurrent-programming,use concurrent programming,optional
ICT network engineer,use-logic-programming,use logic programming,optional
ICT network engineer,design-cloud-networks,design cloud networks,optional
ICT network engineer,use-object-oriented-programming,use object-oriented programming,optional
ICT network engineer,develop-with-cloud-services,develop with cloud services,optional
ICT network engineer,develop-software-prototype,develop software prototype,optional
ICT network engineer,use-automatic-programming,use automatic programming,optional
ICT network engineer,use-back-up-and-recovery-tools,use back-up and recovery tools,optional
ICT network engineer,remove-computer-virus-or-malware-from-a-computer,remove computer virus or malware from a computer,optional
ICT network engineer,develop-creative-ideas,develop creative ideas,optional
ICT network engineer,create-flowchart-diagram,create flowchart diagram,optional
ICT network engineer,implement-anti-virus-software,implement anti-virus software,optional
ICT network engineer,implement-spam-protection,implement spam protection,optional
ICT network engineer,automate-cloud-tasks,automate cloud tasks,optional
ICT network engineer,use-functional-programming,use functional programming,optional
ICT network engineer,design-for-organisational-complexity,design for organisational complexity,optional
ICT network engineer,implement-a-firewall,implement a firewall,optional
ICT network engineer,adapt-to-changes-in-technological-development-plans,adapt to changes in technological development plans,optional
software architect,systems-development-life-cycle,systems development life-cycle,essential
software architect,object-oriented-modelling,object-oriented modelling,essential
software architect,unified-modelling-language,unified modelling language,essential
software architect,business-process-modelling,business process modelling,essential
software architect,tools-for-software-configuration-management,tools for software configuration management,essential
software architect,provide-technical-documentation,provide technical documentation,essential
software architect,use-an-application-specific-interface,use an application-specific interface,essential
software architect,align-software-with-system-architectures,align software with system architectures,essential
software architect,design-process,design process,essential
software architect,create-software-design,create software design,essential
software architect,provide-cost-benefit-analysis-reports,provide cost benefit analysis reports,essential
software architect,collect-customer-feedback-on-applications,collect customer feedback on applications,essential
software architect,oversee-development-of-software,oversee development of software,essential
software architect,create-flowchart-diagram,create flowchart diagram,essential
software architect,analyse-business-requirements,analyse business requirements,essential
software architect,define-technical-requirements,define technical requirements,essential
software architect,build-business-relationships,build business relationships,essential
software architect,analyse-software-specifications,analyse software specifications,essential
software architect,define-software-architecture,define software architecture,essential
software architect,haskell,Haskell,optional
software architect,erlang,Erlang,optional
software architect,sas-language,SAS language,optional
software architect,agile-project-management,Agile project management,optional
software architect,ruby-computer-programming,Ruby (computer programming),optional
software architect,common-lisp,Common Lisp,optional
software architect,apache-maven,Apache Maven,optional
software architect,lisp,Lisp,optional
software architect,visual-studio-net,Visual Studio .NET,optional
software architect,java-computer-programming,Java (computer programming),optional
software architect,computer-programming,computer programming,optional
software architect,prolog-computer-programming,Prolog (computer programming),optional
software architect,openedge-advanced-business-language,OpenEdge Advanced Business Language,optional
software architect,javascript,JavaScript,optional
software architect,perl,Perl,optional
software architect,smalltalk-computer-programming,Smalltalk (computer programming),optional
software architect,php,PHP,optional
software architect,assembly-computer-programming,Assembly (computer programming),optional
software architect,c-2,C#,optional
software architect,r,R,optional
software architect,groovy,Groovy,optional
software architect,asp-net,ASP.NET,optional
software architect,apl,APL,optional
software architect,puppet-tools-for-software-configuration-management,Puppet (tools for software configuration management),optional
software architect,web-programming,web programming,optional
software architect,staf,STAF,optional
software architect,ansible,Ansible,optional
software architect,task-algorithmisation,task algorithmisation,optional
software architect,ict-security-legislation,ICT security legislation,optional
software architect,microsoft-visual-c,Microsoft Visual C++,optional
software architect,typescript,TypeScript,optional
software architect,coffeescript,CoffeeScript,optional
software architect,objective-c,Objective-C,optional
software architect,ml-computer-programming,ML (computer programming),optional
software architect,jboss,Jboss,optional
software architect,ajax,AJAX,optional
software architect,c,C++,optional
software architect,sap-r3,SAP R3,optional
software architect,swift-computer-programming,Swift (computer programming),optional
software architect,ict-project-management-methodologies,ICT project management methodologies,optional
software architect,matlab,MATLAB,optional
software architect,salt-tools-for-software-configuration-management,Salt (tools for software configuration management),optional
software architect,python-computer-programming,Python (computer programming),optional
software architect,systems-theory,systems theory,optional
software architect,scratch-computer-programming,Scratch (computer programming),optional
software architect,process-based-management,Process-based management,optional
software architect,lean-project-management,Lean project management,optional
software architect,vbscript,VBScript,optional
software architect,cobol,COBOL,optional
software architect,pascal-computer-programming,Pascal (computer programming),optional
software architect,abap,ABAP,optional
software architect,jenkins-tools-for-software-configuration-management,Jenkins (tools for software configuration management),optional
software architect,scala,Scala,optional
software architect,use-markup-languages,use markup languages,optional
software architect,design-cloud-architecture,design cloud architecture,optional
software architect,utilise-computer-aided-software-engineering-tools,utilise computer-aided software engineering tools,optional
software architect,perform-risk-analysis,perform risk analysis,optional
software architect,provide-ict-consulting-advice,provide ICT consulting advice,optional
software architect,manage-staff,manage staff,optional
software architect,do-cloud-refactoring,do cloud refactoring,optional
software architect,design-database-scheme,design database scheme,optional
software architect,perform-ict-troubleshooting,perform ICT troubleshooting,optional
software architect,use-query-languages,use query languages,optional
software architect,develop-software-prototype,develop software prototype,optional
software architect,design-database-in-the-cloud,design database in the cloud,optional
software architect,apply-ict-systems-theory,apply ICT systems theory,optional
software architect,perform-resource-planning,perform resource planning,optional
software architect,implement-data-warehousing-techniques,implement data warehousing techniques,optional
data analyst,information-structure,information structure,essential
data analyst,business-intelligence,business intelligence,essential
data analyst,data-mining,data mining,essential
data analyst,documentation-types,documentation types,essential
data analyst,visual-presentation-techniques,visual presentation techniques,essential
data analyst,information-extraction,information extraction,essential
data analyst,statistics,statistics,essential
data analyst,information-categorisation,information categorisation,essential
data analyst,resource-description-framework-query-language,resource description framework query language,essential
data analyst,query-languages,query languages,essential
data analyst,information-confidentiality,information confidentiality,essential
data analyst,unstructured-data,unstructured data,essential
data analyst,data-quality-assessment,data quality assessment,essential
data analyst,data-models,data models,essential
data analyst,normalise-data,normalise data,essential
data analyst,use-data-processing-techniques,use data processing techniques,essential
data analyst,interpret-current-data,interpret current data,essential
data analyst,establish-data-processes,establish data processes,essential
data analyst,execute-analytical-mathematical-calculations,execute analytical mathematical calculations,essential
data analyst,apply-statistical-analysis-techniques,apply statistical analysis techniques,essential
data analyst,perform-data-mining,perform data mining,essential
data analyst,use-databases,use databases,essential
data analyst,integrate-ict-data,integrate ICT data,essential
data analyst,analyse-big-data,analyse big data,essential
data analyst,handle-data-samples,handle data samples,essential
data analyst,perform-data-cleansing,perform data cleansing,essential
data analyst,define-data-quality-criteria,define data quality criteria,essential
data analyst,implement-data-quality-processes,implement data quality processes,essential
data analyst,collect-ict-data,collect ICT data,essential
data analyst,manage-data,manage data,essential
data analyst,web-analytics,web analytics,optional
data analyst,mdx,MDX,optional
data analyst,information-architecture,information architecture,optional
data analyst,xquery,XQuery,optional
data analyst,database,database,optional
data analyst,sparql,SPARQL,optional
data analyst,ldap,LDAP,optional
data analyst,data-storage,data storage,optional
data analyst,online-analytical-processing,online analytical processing,optional
data analyst,cloud-technologies,cloud technologies,optional
data analyst,linq,LINQ,optional
data analyst,hadoop,Hadoop,optional
data analyst,n1ql,N1QL,optional
data analyst,gather-data-for-forensic-purposes,gather data for forensic purposes,optional
data analyst,use-spreadsheets-software,use spreadsheets software,optional
data analyst,manage-quantitative-data,manage quantitative data,optional
data analyst,store-digital-data-and-systems,store digital data and systems,optional
data analyst,manage-data-collection-systems,manage data collection systems,optional
data analyst,deliver-visual-presentation-of-data,deliver visual presentation of data,optional
data analyst,report-analysis-results,report analysis results,optional
data analyst,manage-cloud-data-and-storage,manage cloud data and storage,optional
data analyst,create-data-models,create data models,optional
digital media designer,web-programming,web programming,essential
digital media designer,task-algorithmisation,task algorithmisation,essential
digital media designer,tools-for-software-configuration-management,tools for software configuration management,essential
digital media designer,graphics-editor-software,graphics editor software,essential
digital media designer,style-sheet-languages,style sheet languages,essential
digital media designer,authoring-software,authoring software,essential
digital media designer,publishing-strategy,publishing strategy,essential
digital media designer,copyright-legislation,copyright legislation,essential
digital media designer,use-markup-languages,use markup languages,essential
digital media designer,perform-image-editing,perform image editing,essential
digital media designer,convert-into-animated-object,convert into animated object,essential
digital media designer,integrate-content-into-output-media,integrate content into output media,essential
digital media designer,manage-online-content,manage online content,essential
digital media designer,provide-multimedia-content,provide multimedia content,essential
digital media designer,design-graphics,design graphics,essential
digital media designer,create-website-wireframe,create website wireframe,essential
digital media designer,haskell,Haskell,optional
digital media designer,erlang,Erlang,optional
digital media designer,sas-language,SAS language,optional
digital media designer,ruby-computer-programming,Ruby (computer programming),optional
digital media designer,common-lisp,Common Lisp,optional
digital media designer,apache-maven,Apache Maven,optional
digital media designer,lisp,Lisp,optional
digital media designer,sass,Sass,optional
digital media designer,visual-studio-net,Visual Studio .NET,optional
digital media designer,adobe-photoshop,Adobe Photoshop,optional
digital media designer,java-computer-programming,Java (computer programming),optional
digital media designer,computer-programming,computer programming,optional
digital media designer,less,LESS,optional
digital media designer,adobe-illustrator,Adobe Illustrator,optional
digital media designer,3d-printing-process,3D printing process,optional
digital media designer,prolog-computer-programming,Prolog (computer programming),optional
digital media designer,openedge-advanced-business-language,OpenEdge Advanced Business Language,optional
digital media designer,visual-presentation-techniques,visual presentation techniques,optional
digital media designer,javascript,JavaScript,optional
digital media designer,perl,Perl,optional
digital media designer,smalltalk-computer-programming,Smalltalk (computer programming),optional
digital media designer,php,PHP,optional
digital media designer,assembly-computer-programming,Assembly (computer programming),optional
digital media designer,gimp-graphics-editor-software,GIMP (graphics editor software),optional
digital media designer,c-2,C#,optional
digital media designer,r,R,optional
digital media designer,groovy,Groovy,optional
digital media designer,asp-net,ASP.NET,optional
digital media designer,apl,APL,optional
digital media designer,webcms,WebCMS,optional
digital media designer,puppet-tools-for-software-configuration-management,Puppet (tools for software configuration management),optional
digital media designer,staf,STAF,optional
digital media designer,wordpress,WordPress,optional
digital media designer,ansible,Ansible,optional
digital media designer,microsoft-visual-c,Microsoft Visual C++,optional
digital media designer,sketchbook-pro,SketchBook Pro,optional
digital media designer,typescript,TypeScript,optional
digital media designer,microsoft-visio,Microsoft Visio,optional
digital media designer,jsss,JSSS,optional
digital media designer,coffeescript,CoffeeScript,optional
digital media designer,objective-c,Objective-C,optional
digital media designer,ict-software-specifications,ICT software specifications,optional
digital media designer,ml-computer-programming,ML (computer programming),optional
digital media designer,multimedia-systems,multimedia systems,optional
digital media designer,augmented-reality,augmented reality,optional
digital media designer,synfig,Synfig,optional
digital media designer,ajax,AJAX,optional
digital media designer,c,C++,optional
digital media designer,sap-r3,SAP R3,optional
digital media designer,swift-computer-programming,Swift (computer programming),optional
digital media designer,matlab,MATLAB,optional
digital media designer,salt-tools-for-software-configuration-management,Salt (tools for software configuration management),optional
digital media designer,audio-editing-software,audio editing software,optional
digital media designer,python-computer-programming,Python (computer programming),optional
digital media designer,scratch-computer-programming,Scratch (computer programming),optional
digital media designer,vbscript,VBScript,optional
digital media designer,cobol,COBOL,optional
digital media designer,css,CSS,optional
digital media designer,pascal-computer-programming,Pascal (computer programming),optional
digital media designer,abap,ABAP,optional
digital media designer,jenkins-tools-for-software-configuration-management,Jenkins (tools for software configuration management),optional
digital media designer,capture-one,Capture One,optional
digital media designer,scala,Scala,optional
digital media designer,perform-online-data-analysis,perform online data analysis,optional
digital media designer,use-presentation-software,use presentation software,optional
digital media designer,conduct-content-quality-assurance,conduct content quality assurance,optional
digital media designer,use-content-management-system-software,use content management system software,optional
digital media designer,perform-video-editing,perform video editing,optional
digital media designer,analyse-business-requirements,analyse business requirements,optional
digital media designer,edit-recorded-sound,edit recorded sound,optional
digital media designer,apply-technical-communication-skills,apply technical communication skills,optional
digital media designer,give-live-presentation,give live presentation,optional
digital media designer,define-technical-requirements,define technical requirements,optional
digital media designer,build-business-relationships,build business relationships,optional
digital media designer,perform-resource-planning,perform resource planning,optional
digital artist,labour-legislation,labour legislation,essential
digital artist,intellectual-property-law,intellectual property law,essential
digital artist,art-history,art history,essential
digital artist,use-specialised-design-software,use specialised design software,essential
digital artist,create-digital-images,create digital images,essential
digital artist,create-pen-and-paper-images,create pen-and-paper images,essential
digital artist,convert-into-animated-object,convert into animated object,essential
digital artist,have-computer-literacy,have computer literacy,essential
digital artist,develop-animations,develop animations,essential
digital artist,augmented-reality,augmented reality,optional
digital artist,prepare-digital-art-for-master-photograph,prepare digital art for master photograph,optional
digital artist,design-materials-for-multimedia-campaigns,design materials for multimedia campaigns,optional
digital artist,operate-3d-computer-graphics-software,operate 3D computer graphics software,optional
digital games designer,systems-development-life-cycle,systems development life-cycle,essential
digital games designer,digital-game-genres,digital game genres,essential
digital games designer,web-programming,web programming,essential
digital games designer,task-algorithmisation,task algorithmisation,essential
digital games designer,digital-game-creation-systems,digital game creation systems,essential
digital games designer,use-markup-languages,use markup languages,essential
digital games designer,compose-digital-game-story,compose digital game story,essential
digital games designer,design-process,design process,essential
digital games designer,create-concept-of-digital-game,create concept of digital game,essential
digital games designer,create-software-design,create software design,essential
digital games designer,create-digital-game-characters,create digital game characters,essential
digital games designer,formulate-game-rules,formulate game rules,essential
digital games designer,specify-digital-game-scenes,specify digital game scenes,essential
digital games designer,analyse-business-requirements,analyse business requirements,essential
digital games designer,manage-online-content,manage online content,essential
digital games designer,define-technical-requirements,define technical requirements,essential
digital games designer,design-graphics,design graphics,essential
digital games designer,haskell,Haskell,optional
digital games designer,incremental-development,Incremental development,optional
digital games designer,erlang,Erlang,optional
digital games designer,sas-language,SAS language,optional
digital games designer,cryengine,CryEngine,optional
digital games designer,rage-digital-game-creation-systems,RAGE (digital game creation systems),optional
digital games designer,ruby-computer-programming,Ruby (computer programming),optional
digital games designer,common-lisp,Common Lisp,optional
digital games designer,lisp,Lisp,optional
digital games designer,hardware-platforms,hardware platforms,optional
digital games designer,visual-studio-net,Visual Studio .NET,optional
digital games designer,java-computer-programming,Java (computer programming),optional
digital games designer,principles-of-animation,principles of animation,optional
digital games designer,shiva-digital-game-creation-systems,Shiva (digital game creation systems),optional
digital games designer,computer-programming,computer programming,optional
digital games designer,prolog-computer-programming,Prolog (computer programming),optional
digital games designer,openedge-advanced-business-language,OpenEdge Advanced Business Language,optional
digital games designer,iterative-development,Iterative development,optional
digital games designer,javascript,JavaScript,optional
digital games designer,3d-texturing,3D texturing,optional
digital games designer,perl,Perl,optional
digital games designer,smalltalk-computer-programming,Smalltalk (computer programming),optional
digital games designer,php,PHP,optional
digital games designer,assembly-computer-programming,Assembly (computer programming),optional
digital games designer,spiral-development,Spiral development,optional
digital games designer,c-2,C#,optional
digital games designer,r,R,optional
digital games designer,groovy,Groovy,optional
digital games designer,asp-net,ASP.NET,optional
digital games designer,apl,APL,optional
digital games designer,waterfall-development,Waterfall development,optional
digital games designer,3d-lighting,3D lighting,optional
digital games designer,ict-security-legislation,ICT security legislation,optional
digital games designer,gamesalad,GameSalad,optional
digital games designer,microsoft-visual-c,Microsoft Visual C++,optional
digital games designer,typescript,TypeScript,optional
digital games designer,software-design-methodologies,software design methodologies,optional
digital games designer,rapid-application-development,Rapid application development,optional
digital games designer,coffeescript,CoffeeScript,optional
digital games designer,objective-c,Objective-C,optional
digital games designer,id-tech,id Tech,optional
digital games designer,heroengine,HeroEngine,optional
digital games designer,project-anarchy,Project Anarchy,optional
digital games designer,ml-computer-programming,ML (computer programming),optional
digital games designer,havok-vision,Havok Vision,optional
digital games designer,augmented-reality,augmented reality,optional
digital games designer,unreal-engine,Unreal Engine,optional
digital games designer,ajax,AJAX,optional
digital games designer,c,C++,optional
digital games designer,sap-r3,SAP R3,optional
digital games designer,frostbite-digital-game-creation-systems,Frostbite (digital game creation systems),optional
digital games designer,swift-computer-programming,Swift (computer programming),optional
digital games designer,matlab,MATLAB,optional
digital games designer,application-usability,application usability,optional
digital games designer,source-digital-game-creation-systems,Source (digital game creation systems),optional
digital games designer,python-computer-programming,Python (computer programming),optional
digital games designer,gamemaker-studio,Gamemaker Studio,optional
digital games designer,unity-digital-game-creation-systems,Unity (digital game creation systems),optional
digital games designer,scratch-computer-programming,Scratch (computer programming),optional
digital games designer,agile-development,Agile development,optional
digital games designer,vbscript,VBScript,optional
digital games designer,software-interaction-design,software interaction design,optional
digital games designer,cobol,COBOL,optional
digital games designer,pascal-computer-programming,Pascal (computer programming),optional
digital games designer,abap,ABAP,optional
digital games designer,prototyping-development,Prototyping development,optional
digital games designer,ict-performance-analysis-methods,ICT performance analysis methods,optional
digital games designer,devops,DevOps,optional
digital games designer,scala,Scala,optional
digital games designer,create-3d-environments,create 3D environments,optional
digital games designer,apply-3d-imaging-techniques,apply 3D imaging techniques,optional
digital games designer,create-3d-characters,create 3D characters,optional
digital games designer,animate-3d-organic-forms,animate 3D organic forms,optional
digital games designer,manage-localisation,manage localisation,optional
digital games designer,estimate-duration-of-work,estimate duration of work,optional
digital games designer,operate-3d-computer-graphics-software,operate 3D computer graphics software,optional
digital games designer,perform-resource-planning,perform resource planning,optional
telecommunications engineering technician,organisational-policies,organisational policies,essential
telecommunications engineering technician,ict-communications-protocols,ICT communications protocols,essential
telecommunications engineering technician,direct-inward-dialing,direct inward dialing,essential
telecommunications engineering technician,quality-assurance-methodologies,quality assurance methodologies,essential
telecommunications engineering technician,ict-system-user-requirements,ICT system user requirements,essential
telecommunications engineering technician,analog-electronics-theory,analog electronics theory,essential
telecommunications engineering technician,apply-system-organisational-policies,apply system organisational policies,essential
telecommunications engineering technician,manage-changes-in-ict-system,manage changes in ICT system,essential
telecommunications engineering technician,manage-system-security,manage system security,essential
telecommunications engineering technician,upgrade-firmware,upgrade firmware,essential
telecommunications engineering technician,use-scripting-programming,use scripting programming,essential
telecommunications engineering technician,interpret-technical-texts,interpret technical texts,essential
telecommunications engineering technician,apply-ict-system-usage-policies,apply ICT system usage policies,essential
telecommunications engineering technician,manage-system-testing,manage system testing,essential
telecommunications engineering technician,support-ict-system-users,support ICT system users,essential
telecommunications engineering technician,use-session-border-controller,use session border controller,essential
telecommunications engineering technician,integrate-system-components,integrate system components,essential
telecommunications engineering technician,haskell,Haskell,optional
telecommunications engineering technician,erlang,Erlang,optional
telecommunications engineering technician,sas-language,SAS language,optional
telecommunications engineering technician,ruby-computer-programming,Ruby (computer programming),optional
telecommunications engineering technician,common-lisp,Common Lisp,optional
telecommunications engineering technician,lisp,Lisp,optional
telecommunications engineering technician,visual-studio-net,Visual Studio .NET,optional
telecommunications engineering technician,java-computer-programming,Java (computer programming),optional
telecommunications engineering technician,computer-programming,computer programming,optional
telecommunications engineering technician,prolog-computer-programming,Prolog (computer programming),optional
telecommunications engineering technician,openedge-advanced-business-language,OpenEdge Advanced Business Language,optional
telecommunications engineering technician,procurement-of-ict-network-equipment,procurement of ICT network equipment,optional
telecommunications engineering technician,javascript,JavaScript,optional
telecommunications engineering technician,perl,Perl,optional
telecommunications engineering technician,smalltalk-computer-programming,Smalltalk (computer programming),optional
telecommunications engineering technician,php,PHP,optional
telecommunications engineering technician,assembly-computer-programming,Assembly (computer programming),optional
telecommunications engineering technician,c-2,C#,optional
telecommunications engineering technician,telecommunication-trunking,telecommunication trunking,optional
telecommunications engineering technician,r,R,optional
telecommunications engineering technician,groovy,Groovy,optional
telecommunications engineering technician,asp-net,ASP.NET,optional
telecommunications engineering technician,apl,APL,optional
telecommunications engineering technician,cisco,Cisco,optional
telecommunications engineering technician,microsoft-visual-c,Microsoft Visual C++,optional
telecommunications engineering technician,typescript,TypeScript,optional
telecommunications engineering technician,coffeescript,CoffeeScript,optional
telecommunications engineering technician,objective-c,Objective-C,optional
telecommunications engineering technician,ml-computer-programming,ML (computer programming),optional
telecommunications engineering technician,ict-system-programming,ICT system programming,optional
telecommunications engineering technician,ajax,AJAX,optional
telecommunications engineering technician,c,C++,optional
telecommunications engineering technician,sap-r3,SAP R3,optional
telecommunications engineering technician,swift-computer-programming,Swift (computer programming),optional
telecommunications engineering technician,matlab,MATLAB,optional
telecommunications engineering technician,python-computer-programming,Python (computer programming),optional
telecommunications engineering technician,scratch-computer-programming,Scratch (computer programming),optional
telecommunications engineering technician,vbscript,VBScript,optional
telecommunications engineering technician,cobol,COBOL,optional
telecommunications engineering technician,pascal-computer-programming,Pascal (computer programming),optional
telecommunications engineering technician,abap,ABAP,optional
telecommunications engineering technician,scala,Scala,optional
telecommunications engineering technician,provide-technical-documentation,provide technical documentation,optional
telecommunications engineering technician,solder-electronics,solder electronics,optional
telecommunications engineering technician,provide-cost-benefit-analysis-reports,provide cost benefit analysis reports,optional
telecommunications engineering technician,operate-private-branch-exchange,operate private branch exchange,optional
telecommunications engineering technician,execute-ict-audits,execute ICT audits,optional
telecommunications engineering technician,meet-deadlines,meet deadlines,optional
telecommunications engineering technician,solve-ict-system-problems,solve ICT system problems,optional
telecommunications engineering technician,implement-a-virtual-private-network,implement a virtual private network,optional
telecommunications engineering technician,maintain-telephony-system,maintain telephony system,optional
webmaster,proxy-servers,proxy servers,essential
webmaster,web-programming,web programming,essential
webmaster,graphics-editor-software,graphics editor software,essential
webmaster,style-sheet-languages,style sheet languages,essential
webmaster,quality-assurance-methodologies,quality assurance methodologies,essential
webmaster,authoring-software,authoring software,essential
webmaster,use-markup-languages,use markup languages,essential
webmaster,apply-tools-for-content-development,apply tools for content development,essential
webmaster,use-scripting-programming,use scripting programming,essential
webmaster,use-ict-ticketing-system,use ICT ticketing system,essential
webmaster,maintain-responsive-design,maintain responsive design,essential
webmaster,study-website-behaviour-patterns,study website behaviour patterns,essential
webmaster,use-software-libraries,use software libraries,essential
webmaster,apply-ict-system-usage-policies,apply ICT system usage policies,essential
webmaster,implement-front-end-website-design,implement front-end website design,essential
webmaster,troubleshoot-website,troubleshoot website,essential
webmaster,maintain-ict-server,maintain ICT server,essential
webmaster,haskell,Haskell,optional
webmaster,erlang,Erlang,optional
webmaster,sas-language,SAS language,optional
webmaster,ruby-computer-programming,Ruby (computer programming),optional
webmaster,common-lisp,Common Lisp,optional
webmaster,lisp,Lisp,optional
webmaster,sass,Sass,optional
webmaster,information-security-strategy,information security strategy,optional
webmaster,visual-studio-net,Visual Studio .NET,optional
webmaster,adobe-photoshop,Adobe Photoshop,optional
webmaster,web-analytics,web analytics,optional
webmaster,java-computer-programming,Java (computer programming),optional
webmaster,computer-programming,computer programming,optional
webmaster,less,LESS,optional
webmaster,adobe-illustrator,Adobe Illustrator,optional
webmaster,prolog-computer-programming,Prolog (computer programming),optional
webmaster,openedge-advanced-business-language,OpenEdge Advanced Business Language,optional
webmaster,javascript,JavaScript,optional
webmaster,perl,Perl,optional
webmaster,smalltalk-computer-programming,Smalltalk (computer programming),optional
webmaster,php,PHP,optional
webmaster,assembly-computer-programming,Assembly (computer programming),optional
webmaster,system-backup-best-practice,system backup best practice,optional
webmaster,gimp-graphics-editor-software,GIMP (graphics editor software),optional
webmaster,c-2,C#,optional
webmaster,r,R,optional
webmaster,groovy,Groovy,optional
webmaster,asp-net,ASP.NET,optional
webmaster,apl,APL,optional
webmaster,ict-debugging-tools,ICT debugging tools,optional
webmaster,cyber-security,cyber security,optional
webmaster,microsoft-visual-c,Microsoft Visual C++,optional
webmaster,sketchbook-pro,SketchBook Pro,optional
webmaster,typescript,TypeScript,optional
webmaster,world-wide-web-consortium-standards,World Wide Web Consortium standards,optional
webmaster,microsoft-visio,Microsoft Visio,optional
webmaster,jsss,JSSS,optional
webmaster,coffeescript,CoffeeScript,optional
webmaster,objective-c,Objective-C,optional
webmaster,ml-computer-programming,ML (computer programming),optional
webmaster,augmented-reality,augmented reality,optional
webmaster,online-analytical-processing,online analytical processing,optional
webmaster,synfig,Synfig,optional
webmaster,jboss,Jboss,optional
webmaster,ajax,AJAX,optional
webmaster,c,C++,optional
webmaster,sap-r3,SAP R3,optional
webmaster,swift-computer-programming,Swift (computer programming),optional
webmaster,matlab,MATLAB,optional
webmaster,ict-recovery-techniques,ICT recovery techniques,optional
webmaster,python-computer-programming,Python (computer programming),optional
webmaster,scratch-computer-programming,Scratch (computer programming),optional
webmaster,vbscript,VBScript,optional
webmaster,cobol,COBOL,optional
webmaster,css,CSS,optional
webmaster,pascal-computer-programming,Pascal (computer programming),optional
webmaster,abap,ABAP,optional
webmaster,ict-performance-analysis-methods,ICT performance analysis methods,optional
webmaster,data-models,data models,optional
webmaster,scala,Scala,optional
webmaster,use-an-application-specific-interface,use an application-specific interface,optional
webmaster,implement-ict-safety-policies,implement ICT safety policies,optional
webmaster,use-spreadsheets-software,use spreadsheets software,optional
webmaster,manage-changes-in-ict-system,manage changes in ICT system,optional
webmaster,use-databases,use databases,optional
webmaster,conduct-search-engine-optimisation,conduct search engine optimisation,optional
webmaster,implement-a-virtual-private-network,implement a virtual private network,optional
webmaster,manage-online-content,manage online content,optional
webmaster,enhance-website-visibility,enhance website visibility,optional
projectionist,copyright-legislation,copyright legislation,optional
projectionist,synchronise-sound-with-images,synchronise sound with images,optional
ICT network architect,ict-network-routing,ICT network routing,essential
ICT network architect,ict-network-security-risks,ICT network security risks,essential
ICT network architect,ict-security-legislation,ICT security legislation,essential
ICT network architect,business-process-modelling,business process modelling,essential
ICT network architect,ict-networking-hardware,ICT networking hardware,essential
ICT network architect,provide-technical-documentation,provide technical documentation,essential
ICT network architect,use-an-application-specific-interface,use an application-specific interface,essential
ICT network architect,assess-ict-knowledge,assess ICT knowledge,essential
ICT network architect,implement-ict-safety-policies,implement ICT safety policies,essential
ICT network architect,maintain-information-network-hardware,maintain information network hardware,essential
ICT network architect,design-computer-network,design computer network,essential
ICT network architect,design-process,design process,essential
ICT network architect,design-ict-hardware-placement,design ICT hardware placement,essential
ICT network architect,use-back-up-and-recovery-tools,use back-up and recovery tools,essential
ICT network architect,develop-creative-ideas,develop creative ideas,essential
ICT network architect,forecast-future-ict-network-needs,forecast future ICT network needs,essential
ICT network architect,implement-a-virtual-private-network,implement a virtual private network,essential
ICT network architect,analyse-business-requirements,analyse business requirements,essential
ICT network architect,adjust-ict-system-capacity,adjust ICT system capacity,essential
ICT network architect,maintain-internet-protocol-configuration,maintain internet protocol configuration,essential
ICT network architect,define-ict-network-design-policies,define ICT network design policies,essential
ICT network architect,implement-ict-network-diagnostic-tools,implement ICT network diagnostic tools,essential
ICT network architect,define-technical-requirements,define technical requirements,essential
ICT network architect,analyse-network-bandwidth-requirements,analyse network bandwidth requirements,essential
ICT network architect,implement-a-firewall,implement a firewall,essential
ICT network architect,agile-project-management,Agile project management,optional
ICT network architect,network-management-system-tools,network management system tools,optional
ICT network architect,procurement-of-ict-network-equipment,procurement of ICT network equipment,optional
ICT network architect,ict-security-standards,ICT security standards,optional
ICT network architect,attack-vectors,attack vectors,optional
ICT network architect,internet-governance,internet governance,optional
ICT network architect,cisco,Cisco,optional
ICT network architect,organisational-resilience,organisational resilience,optional
ICT network architect,legal-requirements-of-ict-products,legal requirements of ICT products,optional
ICT network architect,ict-project-management-methodologies,ICT project management methodologies,optional
ICT network architect,process-based-management,Process-based management,optional
ICT network architect,lean-project-management,Lean project management,optional
ICT network architect,ict-network-simulation,ICT network simulation,optional
ICT network architect,design-cloud-architecture,design cloud architecture,optional
ICT network architect,manage-staff,manage staff,optional
ICT network architect,provide-cost-benefit-analysis-reports,provide cost benefit analysis reports,optional
ICT network architect,design-cloud-networks,design cloud networks,optional
ICT network architect,develop-with-cloud-services,develop with cloud services,optional
ICT network architect,perform-ict-troubleshooting,perform ICT troubleshooting,optional
ICT network architect,safeguard-online-privacy-and-identity,safeguard online privacy and identity,optional
ICT network architect,implement-spam-protection,implement spam protection,optional
ICT network architect,apply-technical-communication-skills,apply technical communication skills,optional
ICT network architect,automate-cloud-tasks,automate cloud tasks,optional
ICT network architect,build-business-relationships,build business relationships,optional
ICT network architect,design-for-organisational-complexity,design for organisational complexity,optional
ICT network architect,monitor-communication-channels-performance,monitor communication channels' performance,optional
ICT network architect,perform-resource-planning,perform resource planning,optional
ICT system architect,systems-development-life-cycle,systems development life-cycle,essential
ICT system architect,hardware-platforms,hardware platforms,essential
ICT system architect,web-programming,web programming,essential
ICT system architect,business-process-modelling,business process modelling,essential
ICT system architect,database-development-tools,database development tools,essential
ICT system architect,systems-theory,systems theory,essential
ICT system architect,use-an-application-specific-interface,use an application-specific interface,essential
ICT system architect,use-markup-languages,use markup languages,essential
ICT system architect,assess-ict-knowledge,assess ICT knowledge,essential
ICT system architect,implement-ict-safety-policies,implement ICT safety policies,essential
ICT system architect,align-software-with-system-architectures,align software with system architectures,essential
ICT system architect,manage-database,manage database,essential
ICT system architect,acquire-system-component,acquire system component,essential
ICT system architect,design-information-system,design information system,essential
ICT system architect,analyse-business-requirements,analyse business requirements,essential
ICT system architect,apply-ict-systems-theory,apply ICT systems theory,essential
ICT system architect,manage-system-testing,manage system testing,essential
ICT system architect,define-technical-requirements,define technical requirements,essential
ICT system architect,integrate-system-components,integrate system components,essential
ICT system architect,design-enterprise-architecture,design enterprise architecture,essential
ICT system architect,create-data-models,create data models,essential
ICT system architect,haskell,Haskell,optional
ICT system architect,erlang,Erlang,optional
ICT system architect,information-structure,information structure,optional
ICT system architect,sas-language,SAS language,optional
ICT system architect,agile-project-management,Agile project management,optional
ICT system architect,ruby-computer-programming,Ruby (computer programming),optional
ICT system architect,common-lisp,Common Lisp,optional
ICT system architect,lisp,Lisp,optional
ICT system architect,visual-studio-net,Visual Studio .NET,optional
ICT system architect,java-computer-programming,Java (computer programming),optional
ICT system architect,computer-programming,computer programming,optional
ICT system architect,model-based-system-engineering,model based system engineering,optional
ICT system architect,prolog-computer-programming,Prolog (computer programming),optional
ICT system architect,openedge-advanced-business-language,OpenEdge Advanced Business Language,optional
ICT system architect,javascript,JavaScript,optional
ICT system architect,perl,Perl,optional
ICT system architect,smalltalk-computer-programming,Smalltalk (computer programming),optional
ICT system architect,php,PHP,optional
ICT system architect,assembly-computer-programming,Assembly (computer programming),optional
ICT system architect,c-2,C#,optional
ICT system architect,r,R,optional
ICT system architect,groovy,Groovy,optional
ICT system architect,asp-net,ASP.NET,optional
ICT system architect,apl,APL,optional
ICT system architect,ict-system-integration,ICT system integration,optional
ICT system architect,oracle-weblogic,Oracle WebLogic,optional
ICT system architect,task-algorithmisation,task algorithmisation,optional
ICT system architect,ict-security-legislation,ICT security legislation,optional
ICT system architect,microsoft-visual-c,Microsoft Visual C++,optional
ICT system architect,typescript,TypeScript,optional
ICT system architect,coffeescript,CoffeeScript,optional
ICT system architect,objective-c,Objective-C,optional
ICT system architect,ml-computer-programming,ML (computer programming),optional
ICT system architect,ict-system-programming,ICT system programming,optional
ICT system architect,ajax,AJAX,optional
ICT system architect,c,C++,optional
ICT system architect,sap-r3,SAP R3,optional
ICT system architect,swift-computer-programming,Swift (computer programming),optional
ICT system architect,ict-project-management-methodologies,ICT project management methodologies,optional
ICT system architect,matlab,MATLAB,optional
ICT system architect,python-computer-programming,Python (computer programming),optional
ICT system architect,scratch-computer-programming,Scratch (computer programming),optional
ICT system architect,process-based-management,Process-based management,optional
ICT system architect,lean-project-management,Lean project management,optional
ICT system architect,vbscript,VBScript,optional
ICT system architect,cobol,COBOL,optional
ICT system architect,pascal-computer-programming,Pascal (computer programming),optional
ICT system architect,abap,ABAP,optional
ICT system architect,ict-process-quality-models,ICT process quality models,optional
ICT system architect,scala,Scala,optional
ICT system architect,provide-technical-documentation,provide technical documentation,optional
ICT system architect,plan-migration-to-cloud,plan migration to cloud,optional
ICT system architect,design-cloud-architecture,design cloud architecture,optional
ICT system architect,design-process,design process,optional
ICT system architect,manage-staff,manage staff,optional
ICT system architect,provide-cost-benefit-analysis-reports,provide cost benefit analysis reports,optional
ICT system architect,use-object-oriented-programming,use object-oriented programming,optional
ICT system architect,develop-with-cloud-services,develop with cloud services,optional
ICT system architect,design-database-scheme,design database scheme,optional
ICT system architect,design-database-in-the-cloud,design database in the cloud,optional
ICT system architect,solve-ict-system-problems,solve ICT system problems,optional
ICT system architect,apply-technical-communication-skills,apply technical communication skills,optional
ICT system architect,manage-standards-for-data-exchange,manage standards for data exchange,optional
ICT system architect,manage-cloud-data-and-storage,manage cloud data and storage,optional
ICT system architect,build-business-relationships,build business relationships,optional
ICT system architect,design-for-organisational-complexity,design for organisational complexity,optional
ICT system architect,perform-resource-planning,perform resource planning,optional
chief data officer,information-structure,information structure,essential
chief data officer,data-mining,data mining,essential
chief data officer,visual-presentation-techniques,visual presentation techniques,essential
chief data officer,decision-support-systems,decision support systems,essential
chief data officer,business-processes,business processes,essential
chief data officer,data-storage,data storage,essential
chief data officer,manage-ict-data-classification,manage ICT data classification,essential
chief data officer,manage-ict-data-architecture,manage ICT data architecture,essential
chief data officer,define-data-quality-criteria,define data quality criteria,essential
chief data officer,apply-information-security-policies,apply information security policies,essential
chief data officer,manage-data,manage data,essential
chief data officer,utilise-decision-support-system,utilise decision support system,essential
chief data officer,information-security-strategy,information security strategy,optional
chief data officer,business-intelligence,business intelligence,optional
chief data officer,mdx,MDX,optional
chief data officer,information-architecture,information architecture,optional
chief data officer,db2,DB2,optional
chief data officer,microsoft-access,Microsoft Access,optional
chief data officer,xquery,XQuery,optional
chief data officer,database,database,optional
chief data officer,openedge-database,OpenEdge Database,optional
chief data officer,objectstore,ObjectStore,optional
chief data officer,mysql,MySQL,optional
chief data officer,sparql,SPARQL,optional
chief data officer,information-extraction,information extraction,optional
chief data officer,ibm-informix,IBM Informix,optional
chief data officer,information-categorisation,information categorisation,optional
chief data officer,resource-description-framework-query-language,resource description framework query language,optional
chief data officer,query-languages,query languages,optional
chief data officer,database-development-tools,database development tools,optional
chief data officer,information-confidentiality,information confidentiality,optional
chief data officer,ldap,LDAP,optional
chief data officer,postgresql,PostgreSQL,optional
chief data officer,database-management-systems,database management systems,optional
chief data officer,online-analytical-processing,online analytical processing,optional
chief data officer,filemaker-database-management-systems,Filemaker (database management systems),optional
chief data officer,cloud-technologies,cloud technologies,optional
chief data officer,sql-server,SQL Server,optional
chief data officer,unstructured-data,unstructured data,optional
chief data officer,ca-datacom-db,CA Datacom/DB,optional
chief data officer,linq,LINQ,optional
chief data officer,data-quality-assessment,data quality assessment,optional
chief data officer,teradata-database,Teradata Database,optional
chief data officer,oracle-relational-database,Oracle Relational Database,optional
chief data officer,n1ql,N1QL,optional
chief data officer,data-models,data models,optional
chief data officer,develop-information-security-strategy,develop information security strategy,optional
chief data officer,apply-change-management,apply change management,optional
chief data officer,manage-business-knowledge,manage business knowledge,optional
chief data officer,use-databases,use databases,optional
chief data officer,integrate-ict-data,integrate ICT data,optional
chief data officer,implement-ict-risk-management,implement ICT risk management,optional
chief data officer,coordinate-technological-activities,coordinate technological activities,optional
chief data officer,deliver-visual-presentation-of-data,deliver visual presentation of data,optional
chief data officer,report-analysis-results,report analysis results,optional
computer scientist,draft-scientific-or-academic-papers-and-technical-documentation,draft scientific or academic papers and technical documentation,essential
computer scientist,use-an-application-specific-interface,use an application-specific interface,essential
computer scientist,manage-research-data,manage research data,essential
computer scientist,interact-professionally-in-research-and-professional-environments,interact professionally in research and professional environments,essential
computer scientist,operate-open-source-software,operate open source software,essential
computer scientist,speak-different-languages,speak different languages,essential
computer scientist,execute-analytical-mathematical-calculations,execute analytical mathematical calculations,essential
computer scientist,apply-statistical-analysis-techniques,apply statistical analysis techniques,essential
computer scientist,manage-findable-accessible-interoperable-and-reusable-data,manage findable accessible interoperable and reusable data,essential
computer scientist,manage-intellectual-property-rights,manage intellectual property rights,essential
computer scientist,use-back-up-and-recovery-tools,use back-up and recovery tools,essential
computer scientist,conduct-quantitative-research,conduct quantitative research,essential
computer scientist,conduct-research-interview,conduct research interview,essential
computer scientist,think-abstractly,think abstractly,essential
computer scientist,execute-ict-user-research-activities,execute ICT user research activities,essential
computer scientist,mentor-individuals,mentor individuals,essential
computer scientist,apply-reverse-engineering,apply reverse engineering,essential
computer scientist,manage-personal-professional-development,manage personal professional development,essential
computer scientist,perform-project-management,perform project management,essential
computer scientist,manage-open-publications,manage open publications,essential
computer scientist,synthesise-information,synthesise information,essential
computer scientist,conduct-qualitative-research,conduct qualitative research,essential
computer scientist,communicate-with-a-non-scientific-audience,communicate with a non-scientific audience ,essential
computer scientist,apache-tomcat,Apache Tomcat,optional
computer scientist,business-intelligence,business intelligence,optional
computer scientist,mdx,MDX,optional
computer scientist,software-frameworks,software frameworks,optional
computer scientist,data-mining,data mining,optional
computer scientist,behavioural-science,behavioural science,optional
computer scientist,innovation-processes,innovation processes,optional
computer scientist,documentation-types,documentation types,optional
computer scientist,xquery,XQuery,optional
computer scientist,emergent-technologies,emergent technologies,optional
computer scientist,sql,SQL,optional
computer scientist,sparql,SPARQL,optional
computer scientist,information-extraction,information extraction,optional
computer scientist,nosql,NoSQL,optional
computer scientist,information-categorisation,information categorisation,optional
computer scientist,resource-description-framework-query-language,resource description framework query language,optional
computer scientist,javascript-framework,JavaScript Framework,optional
computer scientist,query-languages,query languages,optional
computer scientist,ldap,LDAP,optional
computer scientist,unstructured-data,unstructured data,optional
computer scientist,linq,LINQ,optional
computer scientist,n1ql,N1QL,optional
computer scientist,create-solutions-to-problems,create solutions to problems,optional
computer scientist,use-spreadsheets-software,use spreadsheets software,optional
computer scientist,use-presentation-software,use presentation software,optional
computer scientist,perform-data-mining,perform data mining,optional
computer scientist,use-query-languages,use query languages,optional
computer scientist,innovate-in-ict,innovate in ICT,optional
computer scientist,implement-anti-virus-software,implement anti-virus software,optional
computer scientist,develop-professional-network,develop professional network,optional
computer scientist,report-analysis-results,report analysis results,optional
computer scientist,process-data,process data,optional
ICT vendor relationship manager,contract-law,contract law,essential
ICT vendor relationship manager,ict-sales-methodologies,ICT sales methodologies,essential
ICT vendor relationship manager,crowdsourcing-strategy,crowdsourcing strategy,essential
ICT vendor relationship manager,outsourcing-strategy,outsourcing strategy,essential
ICT vendor relationship manager,electronic-communication,electronic communication,essential
ICT vendor relationship manager,ict-market,ICT market,essential
ICT vendor relationship manager,insourcing-strategy,insourcing strategy,essential
ICT vendor relationship manager,supply-chain-management,supply chain management,essential
ICT vendor relationship manager,manage-budgets,manage budgets,essential
ICT vendor relationship manager,maintain-relationship-with-customers,maintain relationship with customers,essential
ICT vendor relationship manager,maintain-relationship-with-suppliers,maintain relationship with suppliers,essential
ICT vendor relationship manager,coordinate-purchasing-activities,coordinate purchasing activities,essential
ICT vendor relationship manager,manage-contracts,manage contracts,essential
ICT vendor relationship manager,analyse-supply-chain-strategies,analyse supply chain strategies,essential
ICT vendor relationship manager,analyse-supply-chain-trends,analyse supply chain trends,essential
ICT vendor relationship manager,business-processes,business processes,optional
ICT vendor relationship manager,software-components-suppliers,software components suppliers,optional
ICT vendor relationship manager,design-process,design process,optional
ICT vendor relationship manager,carry-out-tendering,carry out tendering,optional
ICT vendor relationship manager,manage-staff,manage staff,optional
ICT vendor relationship manager,forecast-workload,forecast workload,optional
ICT vendor relationship manager,assess-supplier-risks,assess supplier risks,optional
ICT vendor relationship manager,adhere-to-organisational-guidelines,adhere to organisational guidelines,optional
ICT vendor relationship manager,compare-contractors-bids,compare contractors' bids,optional
ICT vendor relationship manager,perform-project-management,perform project management,optional
ICT vendor relationship manager,build-business-relationships,build business relationships,optional
ICT vendor relationship manager,negotiate-buying-conditions,negotiate buying conditions,optional
clinical informatics manager,database,database,essential
clinical informatics manager,computer-science,computer science,essential
clinical informatics manager,data-storage,data storage,essential
clinical informatics manager,medical-informatics,medical informatics,essential
clinical informatics manager,conduct-clinical-software-research,conduct clinical software research,essential
clinical informatics manager,adhere-to-organisational-guidelines,adhere to organisational guidelines,essential
clinical informatics manager,oversee-clinical-information-system-activities,oversee clinical information system activities,essential
clinical informatics manager,apply-organisational-techniques,apply organisational techniques,essential
clinical informatics manager,informatica-powercenter,Informatica PowerCenter,optional
clinical informatics manager,ibm-infosphere-datastage,IBM InfoSphere DataStage,optional
clinical informatics manager,oracle-warehouse-builder,Oracle Warehouse Builder,optional
clinical informatics manager,oracle-data-integrator,Oracle Data Integrator,optional
clinical informatics manager,pentaho-data-integration,Pentaho Data Integration,optional
clinical informatics manager,audit-techniques,audit techniques,optional
clinical informatics manager,sql-server-integration-services,SQL Server Integration Services,optional
clinical informatics manager,ibm-infosphere-information-server,IBM InfoSphere Information Server,optional
clinical informatics manager,qlikview-expressor,QlikView Expressor,optional
clinical informatics manager,data-extraction-transformation-and-loading-tools,"data extraction, transformation and loading tools",optional
clinical informatics manager,sap-data-services,SAP Data Services,optional
clinical informatics manager,manage-budgets,manage budgets,optional
clinical informatics manager,recruit-employees,recruit employees,optional
clinical informatics manager,manage-workflow-processes,manage workflow processes,optional
clinical informatics manager,meet-deadlines,meet deadlines,optional
clinical informatics manager,supervise-staff,supervise staff,optional
clinical informatics manager,manage-project-metrics,manage project metrics,optional
clinical informatics manager,perform-project-management,perform project management,optional
clinical informatics manager,train-employees,train employees,optional
clinical informatics manager,implement-strategic-planning,implement strategic planning,optional
ICT operations manager,innovation-processes,innovation processes,essential
ICT operations manager,manage-changes-in-ict-system,manage changes in ICT system,essential
ICT operations manager,manage-budgets,manage budgets,essential
ICT operations manager,define-technology-strategy,define technology strategy,essential
ICT operations manager,design-process,design process,essential
ICT operations manager,manage-staff,manage staff,essential
ICT operations manager,maintain-relationship-with-suppliers,maintain relationship with suppliers,essential
ICT operations manager,use-different-communication-channels,use different communication channels,essential
ICT operations manager,oversee-quality-control,oversee quality control,essential
ICT operations manager,use-ict-ticketing-system,use ICT ticketing system,essential
ICT operations manager,develop-ict-workflow,develop ICT workflow,essential
ICT operations manager,improve-business-processes,improve business processes,essential
ICT operations manager,attend-to-ict-systems-quality,attend to ICT systems quality,essential
ICT operations manager,track-key-performance-indicators,track key performance indicators,essential
ICT operations manager,perform-project-management,perform project management,essential
ICT operations manager,train-employees,train employees,essential
ICT operations manager,systems-development-life-cycle,systems development life-cycle,optional
ICT operations manager,software-components-libraries,software components libraries,optional
ICT operations manager,hardware-components,hardware components,optional
ICT operations manager,contract-law,contract law,optional
ICT operations manager,crowdsourcing-strategy,crowdsourcing strategy,optional
ICT operations manager,outsourcing-strategy,outsourcing strategy,optional
ICT operations manager,engineering-processes,engineering processes,optional
ICT operations manager,software-components-suppliers,software components suppliers,optional
ICT operations manager,insourcing-strategy,insourcing strategy,optional
ICT operations manager,ict-process-quality-models,ICT process quality models,optional
ICT operations manager,implement-ict-safety-policies,implement ICT safety policies,optional
ICT operations manager,develop-information-standards,develop information standards,optional
ICT operations manager,comply-with-legal-regulations,comply with legal regulations,optional
ICT operations manager,provide-cost-benefit-analysis-reports,provide cost benefit analysis reports,optional
ICT operations manager,recruit-employees,recruit employees,optional
ICT operations manager,implement-ict-risk-management,implement ICT risk management,optional
ICT operations manager,manage-contracts,manage contracts,optional
ICT operations manager,implement-a-virtual-private-network,implement a virtual private network,optional
ICT operations manager,coordinate-technological-activities,coordinate technological activities,optional
ICT operations manager,apply-organisational-techniques,apply organisational techniques,optional
software developer,engineering-principles,engineering principles,essential
software developer,computer-programming,computer programming,essential
software developer,technical-drawings,technical drawings,essential
software developer,ict-debugging-tools,ICT debugging tools,essential
software developer,project-management,project management,essential
software developer,engineering-processes,engineering processes,essential
software developer,integrated-development-environment-software,integrated development environment software,essential
software developer,tools-for-software-configuration-management,tools for software configuration management,essential
software developer,provide-technical-documentation,provide technical documentation,essential
software developer,use-an-application-specific-interface,use an application-specific interface,essential
software developer,develop-automated-migration-methods,develop automated migration methods,essential
software developer,identify-customer-requirements,identify customer requirements,essential
software developer,utilise-computer-aided-software-engineering-tools,utilise computer-aided software engineering tools,essential
software developer,debug-software,debug software,essential
software developer,use-software-design-patterns,use software design patterns,essential
software developer,use-technical-drawing-software,use technical drawing software,essential
software developer,manage-engineering-project,manage engineering project,essential
software developer,develop-software-prototype,develop software prototype,essential
software developer,use-software-libraries,use software libraries,essential
software developer,create-flowchart-diagram,create flowchart diagram,essential
software developer,interpret-technical-requirements,interpret technical requirements,essential
software developer,define-technical-requirements,define technical requirements,essential
software developer,analyse-software-specifications,analyse software specifications,essential
software developer,haskell,Haskell,optional
software developer,kdevelop,KDevelop,optional
software developer,erlang,Erlang,optional
software developer,sas-language,SAS language,optional
software developer,ruby-computer-programming,Ruby (computer programming),optional
software developer,common-lisp,Common Lisp,optional
software developer,apache-maven,Apache Maven,optional
software developer,lisp,Lisp,optional
software developer,apache-tomcat,Apache Tomcat,optional
software developer,visual-studio-net,Visual Studio .NET,optional
software developer,java-computer-programming,Java (computer programming),optional
software developer,drupal,Drupal,optional
software developer,software-frameworks,software frameworks,optional
software developer,prolog-computer-programming,Prolog (computer programming),optional
software developer,openedge-advanced-business-language,OpenEdge Advanced Business Language,optional
software developer,blockchain-openness,blockchain openness,optional
software developer,javascript,JavaScript,optional
software developer,perl,Perl,optional
software developer,smalltalk-computer-programming,Smalltalk (computer programming),optional
software developer,php,PHP,optional
software developer,software-anomalies,software anomalies,optional
software developer,xcode,Xcode,optional
software developer,assembly-computer-programming,Assembly (computer programming),optional
software developer,c-2,C#,optional
software developer,r,R,optional
software developer,groovy,Groovy,optional
software developer,asp-net,ASP.NET,optional
software developer,cyber-attack-counter-measures,cyber attack counter-measures,optional
software developer,apl,APL,optional
software developer,sql,SQL,optional
software developer,object-oriented-modelling,object-oriented modelling,optional
software developer,puppet-tools-for-software-configuration-management,Puppet (tools for software configuration management),optional
software developer,smart-contract,smart contract,optional
software developer,staf,STAF,optional
software developer,eclipse-integrated-development-environment-software,Eclipse (integrated development environment software),optional
software developer,wordpress,WordPress,optional
software developer,ansible,Ansible,optional
software developer,nosql,NoSQL,optional
software developer,ict-security-legislation,ICT security legislation,optional
software developer,microsoft-visual-c,Microsoft Visual C++,optional
software developer,typescript,TypeScript,optional
software developer,world-wide-web-consortium-standards,World Wide Web Consortium standards,optional
software developer,oracle-application-development-framework,Oracle Application Development Framework,optional
software developer,ajax-framework,Ajax Framework,optional
software developer,blockchain-platforms,blockchain platforms,optional
software developer,coffeescript,CoffeeScript,optional
software developer,objective-c,Objective-C,optional
software developer,javascript-framework,JavaScript Framework,optional
software developer,ml-computer-programming,ML (computer programming),optional
software developer,ibm-websphere,IBM WebSphere,optional
software developer,ajax,AJAX,optional
software developer,c,C++,optional
software developer,sap-r3,SAP R3,optional
software developer,swift-computer-programming,Swift (computer programming),optional
software developer,matlab,MATLAB,optional
software developer,salt-tools-for-software-configuration-management,Salt (tools for software configuration management),optional
software developer,python-computer-programming,Python (computer programming),optional
software developer,scratch-computer-programming,Scratch (computer programming),optional
software developer,vbscript,VBScript,optional
software developer,cobol,COBOL,optional
software developer,pascal-computer-programming,Pascal (computer programming),optional
software developer,abap,ABAP,optional
software developer,internet-of-things,Internet of Things,optional
software developer,jenkins-tools-for-software-configuration-management,Jenkins (tools for software configuration management),optional
software developer,scala,Scala,optional
software developer,migrate-existing-data,migrate existing data,optional
software developer,use-concurrent-programming,use concurrent programming,optional
software developer,use-logic-programming,use logic programming,optional
software developer,do-cloud-refactoring,do cloud refactoring,optional
software developer,use-object-oriented-programming,use object-oriented programming,optional
software developer,collect-customer-feedback-on-applications,collect customer feedback on applications,optional
software developer,use-query-languages,use query languages,optional
software developer,use-automatic-programming,use automatic programming,optional
software developer,utilise-machine-learning,utilise machine learning,optional
software developer,develop-creative-ideas,develop creative ideas,optional
software developer,use-functional-programming,use functional programming,optional
software developer,integrate-system-components,integrate system components,optional
software developer,adapt-to-changes-in-technological-development-plans,adapt to changes in technological development plans,optional
software developer,design-user-interface,design user interface,optional
software manager,systems-development-life-cycle,systems development life-cycle,essential
software manager,organisational-policies,organisational policies,essential
software manager,unified-modelling-language,unified modelling language,essential
software manager,ict-project-management,ICT project management,essential
software manager,data-storage,data storage,essential
software manager,ict-project-management-methodologies,ICT project management methodologies,essential
software manager,quality-assurance-methodologies,quality assurance methodologies,essential
software manager,software-metrics,software metrics,essential
software manager,use-an-application-specific-interface,use an application-specific interface,essential
software manager,apply-system-organisational-policies,apply system organisational policies,essential
software manager,execute-analytical-mathematical-calculations,execute analytical mathematical calculations,essential
software manager,create-software-design,create software design,essential
software manager,manage-ict-project,manage ICT project,essential
software manager,manage-business-knowledge,manage business knowledge,essential
software manager,use-ict-ticketing-system,use ICT ticketing system,essential
software manager,monitor-technology-trends,monitor technology trends,essential
software manager,apply-ict-system-usage-policies,apply ICT system usage policies,essential
software manager,manage-data,manage data,essential
software manager,evaluate-cost-of-software-products,evaluate cost of software products,essential
software manager,ensure-adherence-to-organisational-ict-standards,ensure adherence to organisational ICT standards,essential
software manager,analyse-software-specifications,analyse software specifications,essential
software manager,agile-project-management,Agile project management,optional
software manager,windows-phone,Windows Phone,optional
software manager,mobile-operating-systems,mobile operating systems,optional
software manager,blackberry,BlackBerry,optional
software manager,ict-system-user-requirements,ICT system user requirements,optional
software manager,ios,iOS,optional
software manager,process-based-management,Process-based management,optional
software manager,android-mobile-operating-systems,Android (mobile operating systems),optional
software manager,lean-project-management,Lean project management,optional
software manager,coach-employees,coach employees,optional
software manager,manage-schedule-of-tasks,manage schedule of tasks,optional
software manager,apply-conflict-management,apply conflict management,optional
software manager,manage-staff,manage staff,optional
software manager,provide-user-documentation,provide user documentation,optional
software manager,use-different-communication-channels,use different communication channels,optional
software manager,manage-tender-processes,manage tender processes,optional
software manager,use-methodologies-for-user-centered-design,use methodologies for user-centered design,optional
software manager,interact-with-users-to-gather-requirements,interact with users to gather requirements,optional
software manager,manage-software-localisation,manage software localisation,optional
software manager,analyse-ict-technical-proposals,analyse ICT technical proposals,optional
software manager,give-live-presentation,give live presentation,optional
software manager,monitor-ict-research,monitor ICT research,optional
software manager,identify-ict-user-needs,identify ICT user needs,optional
software manager,train-employees,train employees,optional
software manager,negotiate-buying-conditions,negotiate buying conditions,optional
user experience analyst,cognitive-psychology,cognitive psychology,essential
user experience analyst,behavioural-science,behavioural science,essential
user experience analyst,human-computer-interaction,human-computer interaction,essential
user experience analyst,application-usability,application usability,essential
user experience analyst,software-interaction-design,software interaction design,essential
user experience analyst,provide-technical-documentation,provide technical documentation,essential
user experience analyst,use-experience-map,use experience map,essential
user experience analyst,create-prototype-of-user-experience-solutions,create prototype of user experience solutions,essential
user experience analyst,assess-users-interaction-with-ict-applications,assess users' interaction with ICT applications,essential
user experience analyst,conduct-quantitative-research,conduct quantitative research,essential
user experience analyst,conduct-research-interview,conduct research interview,essential
user experience analyst,measure-customer-feedback,measure customer feedback,essential
user experience analyst,execute-ict-user-research-activities,execute ICT user research activities,essential
user experience analyst,analyse-business-requirements,analyse business requirements,essential
user experience analyst,measure-software-usability,measure software usability,essential
user experience analyst,report-analysis-results,report analysis results,essential
user experience analyst,conduct-qualitative-research,conduct qualitative research,essential
user experience analyst,agile-project-management,Agile project management,optional
user experience analyst,web-analytics,web analytics,optional
user experience analyst,mdx,MDX,optional
user experience analyst,visual-presentation-techniques,visual presentation techniques,optional
user experience analyst,xquery,XQuery,optional
user experience analyst,sparql,SPARQL,optional
user experience analyst,world-wide-web-consortium-standards,World Wide Web Consortium standards,optional
user experience analyst,resource-description-framework-query-language,resource description framework query language,optional
user experience analyst,query-languages,query languages,optional
user experience analyst,ldap,LDAP,optional
user experience analyst,ict-project-management-methodologies,ICT project management methodologies,optional
user experience analyst,linq,LINQ,optional
user experience analyst,online-moderation-techniques,online moderation techniques,optional
user experience analyst,ict-system-user-requirements,ICT system user requirements,optional
user experience analyst,process-based-management,Process-based management,optional
user experience analyst,lean-project-management,Lean project management,optional
user experience analyst,n1ql,N1QL,optional
user experience analyst,software-metrics,software metrics,optional
user experience analyst,identify-technological-needs,identify technological needs,optional
user experience analyst,apply-systemic-design-thinking,apply systemic design thinking,optional
user experience analyst,use-access-control-software,use access control software,optional
user experience analyst,forecast-future-ict-network-needs,forecast future ICT network needs,optional
user experience analyst,manage-localisation,manage localisation,optional
user experience analyst,test-system-accessibility-for-users-with-special-needs,test system accessibility for users with special needs,optional
user experience analyst,define-technical-requirements,define technical requirements,optional
user experience analyst,identify-ict-user-needs,identify ICT user needs,optional
user experience analyst,create-website-wireframe,create website wireframe,optional
user experience analyst,perform-market-research,perform market research,optional
ICT business analyst,business-requirements-techniques,business requirements techniques,essential
ICT business analyst,product-usage-risks-analysis,product usage risks analysis,essential
ICT business analyst,business-process-modelling,business process modelling,essential
ICT business analyst,legal-requirements-of-ict-products,legal requirements of ICT products,essential
ICT business analyst,propose-ict-solutions-to-business-problems,propose ICT solutions to business problems,essential
ICT business analyst,identify-customer-requirements,identify customer requirements,essential
ICT business analyst,translate-requirements-into-visual-design,translate requirements into visual design,essential
ICT business analyst,apply-change-management,apply change management,essential
ICT business analyst,provide-cost-benefit-analysis-reports,provide cost benefit analysis reports,essential
ICT business analyst,analyse-business-processes,analyse business processes,essential
ICT business analyst,create-business-process-models,create business process models,essential
ICT business analyst,analyse-the-context-of-an-organisation,analyse the context of an organisation,essential
ICT business analyst,interact-with-users-to-gather-requirements,interact with users to gather requirements,essential
ICT business analyst,analyse-business-requirements,analyse business requirements,essential
ICT business analyst,identify-legal-requirements,identify legal requirements,essential
ICT business analyst,define-technical-requirements,define technical requirements,essential
ICT business analyst,implement-strategic-planning,implement strategic planning,essential
ICT business analyst,systems-development-life-cycle,systems development life-cycle,optional
ICT business analyst,internal-risk-management-policy,internal risk management policy,optional
ICT business analyst,business-intelligence,business intelligence,optional
ICT business analyst,information-architecture,information architecture,optional
ICT business analyst,innovation-processes,innovation processes,optional
ICT business analyst,visual-presentation-techniques,visual presentation techniques,optional
ICT business analyst,decision-support-systems,decision support systems,optional
ICT business analyst,information-extraction,information extraction,optional
ICT business analyst,organisational-resilience,organisational resilience,optional
ICT business analyst,information-categorisation,information categorisation,optional
ICT business analyst,cloud-technologies,cloud technologies,optional
ICT business analyst,business-strategy-concepts,business strategy concepts,optional
ICT business analyst,unstructured-data,unstructured data,optional
ICT business analyst,business-ict-systems,business ICT systems,optional
ICT business analyst,ict-market,ICT market,optional
ICT business analyst,design-process,design process,optional
ICT business analyst,execute-analytical-mathematical-calculations,execute analytical mathematical calculations,optional
ICT business analyst,provide-user-documentation,provide user documentation,optional
ICT business analyst,manage-ict-project,manage ICT project,optional
broadcast technician,media-formats,media formats,essential
broadcast technician,multimedia-systems,multimedia systems,essential
broadcast technician,meet-deadlines,meet deadlines,essential
broadcast technician,use-audio-reproduction-software,use audio reproduction software,essential
broadcast technician,ict-communications-protocols,ICT communications protocols,optional
broadcast technician,audio-technology,audio technology,optional
broadcast technician,administer-ict-system,administer ICT system,optional
broadcast technician,broadcast-using-internet-protocol,broadcast using Internet Protocol,optional
broadcast technician,maintain-internet-protocol-configuration,maintain internet protocol configuration,optional
broadcast technician,edit-recorded-sound,edit recorded sound,optional
broadcast technician,provide-multimedia-content,provide multimedia content,optional
broadcast technician,execute-integration-testing,execute integration testing,optional
