skill_id,skill_name,skill_type,reuse_level,description
define-ict-network-design-policies,define ICT network design policies,skill/competence,occupation-specific,"Specify policies, principles, rules, processes and criteria for the design, planning and realisation of ICT networks."
define-integration-strategy,define integration strategy,skill/competence,sector-specific,"Specify strategies for system integration, incorporating the time schedule, the processes required to combine components into subsystems and systems, the means on how components will interface as well as the risks associated with the integration."
define-manufacturing-quality-criteria,define manufacturing quality criteria,skill/competence,sector-specific,"Define and describe the criteria by which data quality is measured for manufacturing purposes, such as international standards and manufacturing regulations."
define-measurable-marketing-objectives,define measurable marketing objectives,skill/competence,cross-sector,"Outline the measurable performance indicators of the marketing plan such as market share, customer value, brand awareness, and sales revenues. Follow up on the progress of these indicators during the development of the marketing plan."
define-organisational-standards,define organisational standards,skill/competence,cross-sector,"Write, implement and foster the internal standards of the company as part of the business plans for the operations and levels of performance that the company intends to achieve."
define-security-policies,define security policies,skill/competence,sector-specific,"Design and execute a written set of rules and policies that have the aim of securing an organisation concerning constraints on behaviour between stakeholders, protective mechanical constraints and data-access constraints."
define-software-architecture,define software architecture,skill/competence,sector-specific,"Create and document the structure of software products including components, coupling and interfaces. Ensure feasibility, functionality and compatibility with existing platforms."
define-technical-requirements,define technical requirements,skill/competence,cross-sector,"Specify technical properties of goods, materials, methods, processes, services, systems, software and functionalities by identifying and responding to the particular needs that are to be satisfied according to customer requirements."
define-technology-strategy,define technology strategy,skill/competence,sector-specific,"Create an overall plan of objectives, practices, principles and tactics related to the use of technologies within an organisation and describe the means to reach the objectives."
deliver-a-sales-pitch,deliver a sales pitch,skill/competence,sector-specific,"Prepare and deliver an understandably constructed sales talk for a product or a service, identifying and using persuasive argumentation."
deliver-online-training,deliver online training,skill/competence,cross-sector,"Provide training by using online technologies, adapting the learning materials, using e-learning methods, supporting the trainees and communicating online. Instruct virtual classrooms."
deliver-visual-presentation-of-data,deliver visual presentation of data,skill/competence,cross-sector,Create visual representations of data such as charts or diagrams for easier understanding.
demonstrate-disciplinary-expertise,demonstrate disciplinary expertise,skill/competence,cross-sector,"Demonstrate deep knowledge and complex understanding of a specific research area, including responsible research, research ethics and scientific integrity principles, privacy and GDPR requirements, related to research activities within a specific discipline."
demonstrate-games,demonstrate games,skill/competence,cross-sector,Explain and demonstrate games and game rules to new players/visitors.
demonstrate-motivation-for-sales,demonstrate motivation for sales,skill/competence,sector-specific,Show incentives that drive someone to reach sales goals and business targets.
demonstrate-products-features,demonstrate products' features,skill/competence,sector-specific,"Demonstrate how to use a product in a correct and safe manner, provide customers with information on the product's main features and benefits, explain operation, correct use and maintenance. Persuade potential customers to purchase items."
demonstrate-when-teaching,demonstrate when teaching,skill/competence,cross-sector,"Present to others examples of your experience, skills, and competences that are appropriate to specific learning content to help students in their learning."
deploy-cloud-resource,deploy cloud resource,skill/competence,sector-specific,"Identify and execute steps required to provision cloud resources, such as networks, servers, storage, applications, GPUs, and services. Define the cloud global infrastructure and remediate deployment issues."
deploy-ict-systems,deploy ICT systems,skill/competence,sector-specific,"Deliver and instalI computers or ICT systems, ensuring testing and preparation for use."
design-2d-pattern-for-footwear-3d-visualisation,design 2D pattern for footwear 3D visualisation,skill/competence,sector-specific,"Prepare the 2D pattern, identify the positioning of elements and possibility of type and properties of footwear choice, for visualisation on the 3D avatar as well as the rendering technologies to obtain a realistic garment."
design-application-interfaces,design application interfaces,skill/competence,sector-specific,"Create and program application interfaces, their operations, inputs and outputs and underlying types."
design-automation-components,design automation components,skill/competence,cross-sector,"Design engineering parts, assemblies, products, or systems that contribute to the automation of industrial machines."
design-circuit-boards,design circuit boards,skill/competence,cross-sector,"Draught circuit boards used in electronic product such as cell phones and computers, make sure to include integrated circuits and microchips in the design."
design-cloud-architecture,design cloud architecture,skill/competence,sector-specific,"Design a multi-tier cloud architecture solution, which tolerates faults and is fit for the workload and other business needs. Identify elastic and scalable computing solutions, select high-performing and scalable storage solutions, and choose high-performing database solutions. Identify cost-effective storage, computing, and database services in the cloud."
design-cloud-networks,design cloud networks,skill/competence,sector-specific,"Apply cloud networking concepts and implement connectivity services of cloud. Given customer requirements, define network architectures on cloud, propose optimized designs based on the evaluation of an existing implementation. Evaluate and optimize cost allocations given a network design, its cloud resources, and application data flow."
design-component-interfaces,design component interfaces,skill/competence,occupation-specific,Use methods and tools to design and program interfaces of software and system components.
design-computer-network,design computer network,skill/competence,sector-specific,"Develop and plan ICT networks, such as wide area network and local area network, that connect computers using cable or wireless connections and allow them to exchange data and assess their capacity requirements."
design-database-backup-specifications,design database backup specifications,skill/competence,sector-specific,Specify procedures to be performed on databases which ensure the copying and archiving of data for possible restoration in case of a data loss event.
design-database-in-the-cloud,design database in the cloud,skill/competence,sector-specific,"Apply design principles for an adaptive, elastic, automated, loosely coupled databases making use of cloud infrastructure. Aim to remove any single point of failure through distributed database design."
design-database-scheme,design database scheme,skill/competence,sector-specific,"Draft a database scheme by following the Relational Database Management System (RDBMS) rules in order to create a logically arranged group of objects such as tables, columns and processes."
design-digital-call-to-action,design digital call to action,skill/competence,occupation-specific,"Appeal the audience in order to provoke their instant response. Use imperative verb forms in the message such as ""Visit us now!""."
design-drawings,design drawings,knowledge,cross-sector,"Understand design drawings detailing the design of products, tools, and engineering systems."
design-electrical-systems,design electrical systems,skill/competence,cross-sector,"Draft sketches and design electrical systems, products, and components using Computer Aided Design (CAD) software and equipment. Draw panel arrangement layouts, electrical schematics, electrical wiring diagrams, and other assembly details."
design-electromechanical-systems,design electromechanical systems,skill/competence,cross-sector,"Draft sketches and design electromechanical systems, products, and components using Computer Aided Design (CAD) software and equipment."
design-electronic-systems,design electronic systems,skill/competence,cross-sector,"Draft sketches and design electronic systems, products, and components using Computer Aided Design (CAD) software and equipment. Make a simulation so that an assessment can be made of the viability of the product and so the physical parameters can be examined before the actual building of the product."
design-enterprise-architecture,design enterprise architecture,skill/competence,sector-specific,"Analyse the business structure and provide a logical organisation of business processes and information infrastructure. Apply principles and practices which help organisations to realise their strategies, respond to disruptions and achieve their goals."
design-firmware,design firmware,skill/competence,cross-sector,Design the appropriate firmware to a specific electronic system.
design-for-organisational-complexity,design for organisational complexity,skill/competence,sector-specific,"Determine cross-account authentication and access strategy for complex organizations (for example, an organization with varying compliance requirements, multiple business units, and varying scalability requirements). Design networks and multi-account cloud environments for complex organizations."
design-graphics,design graphics,skill/competence,cross-sector,Apply a variety of visual techniques in order to design graphic material. Combine graphical elements to communicate concepts and ideas.
design-hardware,design hardware,skill/competence,sector-specific,Design and develop new computer hardware systems and components. Draft blueprints and assembly drawings specifying how the computer equipment should be build.
design-ict-hardware-placement,design ICT hardware placement,skill/competence,occupation-specific,Describe and plan how cables and related hardware items will be placed throughout the building.
design-information-system,design information system,skill/competence,sector-specific,"Define the architecture, composition, components, modules, interfaces and data for integrated information systems (hardware, software and network), based on system requirements and specifications."
design-integrated-circuits,design integrated circuits,skill/competence,cross-sector,"Design and draft integrated circuits (IC) or semiconductors, such as microchips, used in electronic products. Integrate all necessary components, such as diodes, transistors, and resistors. Pay attention to the design of input signals, output signals, and power availability."
design-interaction-model,design interaction model,skill/competence,sector-specific,"Design and develop an interaction model. Design a multi-turn conversation, use built-in intents and slots, handle unexpected conversational requests or responses, design multi-modal skills using one or more service interfaces (for example, audio, video, and gadgets)."
design-materials-for-multimedia-campaigns,design materials for multimedia campaigns,skill/competence,cross-sector,"Draft and develop materials to be produced for a multimedia campaign, keeping in mind budgeting, scheduling and production."
design-microelectromechanical-systems,design microelectromechanical systems,skill/competence,cross-sector,"Design and develop microelectromechanical systems (MEMS), such as microsensing devices. Make a model and a simulation using technical design software to assess the viability of the product and examine the physical parameters to ensure a successful production process."
design-microelectronics,design microelectronics,skill/competence,cross-sector,"Design and develop microelectronic systems, products, and components according to specifications, such as microchips."
design-objects-to-be-crafted,design objects to be crafted,skill/competence,sector-specific,"Sketch, draw or design sketches and drawings from memory, live models, manufactured products or reference materials in the process of crafting and sculpting."
design-power-electronics,design power electronics,skill/competence,occupation-specific,"Design and develop power electronics systems, products, and components according to specifications. Select suitable ancillary devices for the intended application."
design-principles,design principles,knowledge,cross-sector,"The elements used in design such as unity, scale, proportion, balance, symmetry, space, form, texture, colour, light, shade and congruence and their application into practice."
design-process,design process,skill/competence,cross-sector,"Identify the workflow and resource requirements for a particular process, using a variety of tools such as process simulation software, flowcharting and scale models."
design-prototypes,design prototypes,skill/competence,cross-sector,Design prototypes of products or components of products by applying design and engineering principles.
design-puppets,design puppets,skill/competence,sector-specific,"Design and construct puppets and movement control mechanism, based on sketches and/or scripts, for artistic and entertainment purposes."
design-the-digital-interface-of-gambling-betting-and-lottery-games,"design the digital interface of gambling, betting and lottery games",skill/competence,occupation-specific,"Create the digital outlook of gambling, betting and lottery games to make them appealing to the audience."
design-the-physical-outlook-of-games,design the physical outlook of games,skill/competence,occupation-specific,"Creat physical appealing gambling, betting and lottery games, gaming tools and equipment such as lottery tickects, gaming tables, slot machines, etc."
design-thinking,design thinking,knowledge,cross-sector,"The process used to identify creative solutions to problem solving, by putting the user at its core. The five stages approach-empathise, define, ideate, prototype and test-are meant to challenge assumptions and iterate solutions that are better suited to the needs of the user."
design-user-interface,design user interface,skill/competence,sector-specific,"Create software or device components which enable interaction between humans and systems or machines, using appropriate techniques, languages and tools so as to streamline interaction while using the system or machine."
design-web-based-courses,design web-based courses,skill/competence,cross-sector,"Create web-based training and instruction courses using dynamic and static online tools to deliver learning outcomes to the audience of the course. Web tools used here can include streaming video and audio, live internet broadcasts, information portals, chatrooms and bulletin boards."
desktop-publishing,desktop publishing,knowledge,cross-sector,The creation of documents using page layout skills on a computer. Desktop publishing software can generate layouts and produce typographic quality text and images.
determine-suitability-of-materials,determine suitability of materials,skill/competence,cross-sector,"While designing products, determine if materials are suitable and available for production."
determine-visual-concepts,determine visual concepts,skill/competence,sector-specific,Determine how best to represent a concept visually.
develop-a-coaching-style,develop a coaching style,skill/competence,cross-sector,"Develop a style for coaching individuals or groups that ensures all participants are at ease, and are able to acquire the necessary skills and competences provided in the coaching in a positive and productive manner."
develop-account-strategy,develop account strategy,skill/competence,cross-sector,Create the strategic goals and actions for future interaction with an account for the organisation.
develop-animations,develop animations,skill/competence,sector-specific,"Design and develop visual animations using creativity and computer skills. Make objects or characters appear lifelike by manipulating light, colour, texture, shadow, and transparency, or manipulating static images to give the illusion of motion."
develop-artistic-project-budgets,develop artistic project budgets,skill/competence,sector-specific,"Developing artistic project budgets for approval, estimating deadlines and material costs."
develop-audit-plan,develop audit plan,skill/competence,cross-sector,"Define all organisational tasks (time, place and order) and develop a checklist concerning the topics to be audited."
develop-automated-migration-methods,develop automated migration methods,skill/competence,sector-specific,"Create automated transfer of ICT information between storage types, formats and systems to save human resources from performing the task manually."
develop-automated-software-tests,develop automated software tests,skill/competence,sector-specific,"Create software test sets in an automated manner, ​using specialised languages or tools, that can be performed by testing tools in order to save resources, gain efficiency and effectiveness in test execution."
develop-code-exploits,develop code exploits,skill/competence,sector-specific,Create and test software exploits in a controlled environment to uncover and check system bugs or vulnerabilities.
develop-contingency-plans-for-emergencies,develop contingency plans for emergencies,skill/competence,sector-specific,"Compose procedures outlining specific actions to be taken in the event of an emergency, taking into account all the risks and dangers that could be involved, ensuring that the plans comply with safety legislation and represent the safest course of action."
develop-course-outline,develop course outline,skill/competence,cross-sector,Research and establish an outline of the course to be taught and calculate a time frame for the instructional plan in accordance with school regulations and curriculum objectives.
develop-creative-ideas,develop creative ideas,skill/competence,cross-sector,Developing new artistic concepts and creative ideas.
develop-data-processing-applications,develop data processing applications,skill/competence,occupation-specific,Create a customised software for processing data by selecting and using the appropriate computer programming language in order for an ICT system to produce demanded output based on expected input.
develop-design-concept,develop design concept,skill/competence,sector-specific,"Research information to develop new ideas and concepts for the design of a specific production. Read scripts and consult directors and other production staff members, in order to develop design concepts and plan productions."
develop-design-ideas-cooperatively,develop design ideas cooperatively,skill/competence,sector-specific,"Share and develop design ideas with the artistic team. Conceptualise new ideas independently and with others. Present your idea, gain feedback and take it into account. Make sure the design fits with the work of other designers."
develop-digital-educational-materials,develop digital educational materials,skill/competence,cross-sector,"Create resources and instructional materials (e-learning, educational video and audio material, educational prezi) using digital technologies to transfer insight and awareness in order to improve learners’ expertise."
develop-documentation-in-accordance-with-legal-requirements,develop documentation in accordance with legal requirements,skill/competence,cross-sector,"Create professionally written content describing products, applications, components, functions or services in compliance with legal requirements and internal or external standards."
develop-educational-activities,develop educational activities,skill/competence,sector-specific,"Develop speeches, activities and workshops in order to foster access and comprehension to the artistic creation processes. It can address a particular cultural and artistic event such as a show or an exhibition, or it can be related to a specific discipline (theatre, dance, drawing, music, photography etc.). Liaise with storytelles, craftspeople and artists."
develop-educational-resources,develop educational resources,skill/competence,cross-sector,"Create and develop educational resources for visitors, school groups, families and special interest groups."
develop-electronic-test-procedures,develop electronic test procedures,skill/competence,cross-sector,"Develop testing protocols to enable a variety of analyses of electronic systems, products, and components."
develop-environmental-policy,develop environmental policy,skill/competence,cross-sector,Develop an organisational policy on sustainable development and compliance with environmental legislation in line with policy mechanisms used in the field of environmental protection.
develop-financial-statistics-reports,develop financial statistics reports,skill/competence,cross-sector,Create financial and statistical reports based on collected data which are to be presented to managing bodies of an organisation.
develop-food-scanner-devices,develop food scanner devices,skill/competence,sector-specific,"Design and develop food scanning technologies that provide information on the level of allergens, chemicals, nutrients, calories and on ingredients in food."
develop-ict-device-driver,develop ICT device driver,skill/competence,occupation-specific,Create a software program that controls the working of an ICT device and its interaction with other applications.
develop-ict-test-suite,develop ICT test suite,skill/competence,sector-specific,Create a series of test cases to check software behaviour versus specifications. These test cases are then to be used during subsequent testing.
develop-ict-workflow,develop ICT workflow,skill/competence,sector-specific,"Create repeatable patterns of ICT activity within an organisation which enhances the systematic transformations of products, informational processes and services through their production."
develop-inclusive-communication-material,develop inclusive communication material,skill/competence,cross-sector,"Develop inclusive communication resources. Provide appropriate accessible digital, print and signage information and apply the appropriate language to support the representation and inclusion of people with disabilities. Make websites and online facilities accessible, e.g., ensuring compatibility with screen readers."
develop-information-security-strategy,develop information security strategy,skill/competence,sector-specific,"Create company strategy related to the safety and security of information in order to maximise information integrity, availability and data privacy."
develop-information-standards,develop information standards,skill/competence,cross-sector,"Develop norms or requirements that establish uniform technical criteria, methods, processes and practices in the information management based on professional experience."
develop-media-strategy,develop media strategy,skill/competence,cross-sector,"Create the strategy on the type of content to be delivered to the target groups and which media to be used, taking into account the characteristics of the target audience and the media that will be used for content delivery."
develop-online-community-plan,develop online community plan,skill/competence,sector-specific,"Create the community's plan to grow the online community, build usage, retain recent users and increase the user's participation."
develop-organisational-information-goals,develop organisational information goals,skill/competence,occupation-specific,"Develop and interpret organisational information goals, creating specific policies and procedures."
develop-organisational-policies,develop organisational policies,skill/competence,cross-sector,Develop and supervise the implementation of policies aimed at documenting and detailing the procedures for the operations of the organisation in the lights of its strategic planning.
develop-product-design,develop product design,skill/competence,sector-specific,Convert market requirements into product design and development.
develop-professional-network,develop professional network,skill/competence,cross-sector,Reach out to and meet up with people in a professional context. Find common ground and use your contacts for mutual benefit. Keep track of the people in your personal professional network and stay up to date on their activities.
develop-professional-network-with-researchers-and-scientists,develop professional network with researchers and scientists,skill/competence,cross-sector,"Develop alliances, contacts or partnerships, and exchange information with others. Foster integrated and open collaborations where different stakeholders co-create shared value research and innovations. Develop your personal profile or brand and make yourself visible and available in face-to-face and online networking environments."
develop-programming-schedule,develop programming schedule,skill/competence,sector-specific,Develop a schedule for the broadcast of television and radio programs. Decide how much airtime a program gets.
develop-reporting-software,develop reporting software,skill/competence,occupation-specific,Create reporting software and applications used for creating reports on data.
develop-revenue-generation-strategies,develop revenue generation strategies,skill/competence,sector-specific,Elaborate methodologies through which a company markets and sells a product or service to generate income.
develop-software-prototype,develop software prototype,skill/competence,sector-specific,Create a first incomplete or preliminary version of a piece of software application to simulate some specific aspects of the final product.
develop-solutions-to-information-issues,develop solutions to information issues,skill/competence,cross-sector,Analyse information needs and challenges to develop effective technological solutions.
develop-statistical-software,develop statistical software,skill/competence,cross-sector,"Participate in the various development stages of computer programs for econometric and statistical analysis, such as research, new product development, prototyping, and maintenance."
develop-strategy-to-solve-problems,develop strategy to solve problems,skill/competence,cross-sector,"Develop specific goals and plans to prioritise, organise, and accomplish work."
develop-technological-improvement-strategies,develop technological improvement strategies,skill/competence,sector-specific,"Create plans for the development and implementation of strategies which facilitate improvements in technological projects and in the efficiency of the project's procedures, taking into account analyses and relevant regulations."
develop-training-programmes,develop training programmes,skill/competence,sector-specific,Design programmes where employees or future employees are taught the necessary skills for the job or to improve and expand skills for new activities or tasks. Select or design activities aimed at introducing the work and systems or improving the performance of individuals and groups in organisational settings.
develop-virtual-game-engine,develop virtual game engine,skill/competence,sector-specific,Create a virtual software framework that abstracts the details of doing common game-related tasks.
develop-with-cloud-services,develop with cloud services,skill/competence,sector-specific,"Write code that interacts with cloud services by using APIs, SDKs, and cloud CLI. Write code for serverless applications, translate functional requirements into application design, implement application design into application code."
develop-working-procedures,develop working procedures,skill/competence,cross-sector,Create standardised series of actions of a certain order to support the organisation.
development-delays,development delays,knowledge,cross-sector,The condition in which a child or adult needs more time to reach certain development milestones than that needed by the average person not affected by a development delay.
devops,DevOps,knowledge,sector-specific,The DevOps development approach is a methodology to design software systems and applications focused on the collaboration and between software programmers and other ICT professionals and automation.
digital-compositing,digital compositing,knowledge,cross-sector,"The process and software for digitally assembling multiple images to make one, final image."
digital-game-creation-systems,digital game creation systems,knowledge,sector-specific,"The integrated development environments and specialised design tools, designed for the rapid iteration of user-derived computer games."
digital-game-genres,digital game genres,knowledge,sector-specific,"The classification of video games based on their interaction with the game media, such as simulation games, strategy games, adventure games and arcade games."
digital-image-processing,digital image processing,knowledge,cross-sector,"The different aspects and practices of image processing and manipulation like image interpolation, aliasing, image enhancement, contrast stretching, histogram processing and equalization, singular value decomposition, singular value equalization, wavelets filtering and many others."
digital-marketing-techniques,digital marketing techniques,knowledge,sector-specific,"The marketing techniques used on the web to reach and engage with stakeholders, customers and clients."
digitise-documents,digitise documents,skill/competence,cross-sector,"Load analog documents by converting them into a digital format, using specialised hardware and software."
direct-inward-dialing,direct inward dialing,knowledge,sector-specific,"The telecommunication service that provides a company with a series of telephone numbers for internal use, such as individual telephone numbers for each employee or every workstation. Using Direct Inward Dialing (DID), a company does not need another line for every connection."
disability-care,disability care,knowledge,sector-specific,"The specific methods and practices used in providing care to people with physical, intellectual and learning disabilities."
disability-types,disability types,knowledge,cross-sector,"The nature and types of disabilities affecting the human beings such as physical, cognitive, mental, sensory, emotional or developmental and the specific needs and access requirements of disabled people."
discharge-employees,discharge employees,skill/competence,cross-sector,Dismiss employees from their job.
discuss-artwork,discuss artwork,skill/competence,sector-specific,"Introduce and discuss the nature and content of art work, achieved or to be produced with an audience, art directors, catalogue editors, journalists, and other parties of interest."
dispose-of-hazardous-waste,dispose of hazardous waste,skill/competence,cross-sector,Dispose of dangerous materials such as chemical or radioactive substances according to environmental and to health and safety regulations.
disseminate-internal-communications,disseminate internal communications,skill/competence,cross-sector,Disseminate internal communications using the different communication channels that a company has at its disposal.
disseminate-results-to-the-scientific-community,disseminate results to the scientific community,skill/competence,cross-sector,"Publicly disclose scientific results by any appropriate means, including conferences, workshops, colloquia and scientific publications."
distributed-computing,distributed computing,knowledge,sector-specific,The software process in which computer components interact over a network and send messages to communicate on their actions.
distributed-directory-information-services,distributed directory information services,knowledge,sector-specific,"The directory services that automate the network management of security, user data and distributed resources and enable access to information in a computer system's directory."
do-cloud-refactoring,do cloud refactoring,skill/competence,sector-specific,"Optimize application to best use cloud services and features, migrate existing application code to run on cloud infrastructure."
document-management,document management,knowledge,sector-specific,"The methodology of tracking, managing and storing documents in a systematic and organised manner as well as keeping a record of the versions created and modified by specific users (history tracking)."
document-project-progress,document project progress,skill/competence,cross-sector,"Record the project planning and development, the work steps, the required resources and the final results in order to present and keep track of the realised and ongoing projects."
document-your-own-practice,document your own practice,skill/competence,sector-specific,"Documenting your own work practice for different purposes like assessment, time management, job application etc."
documentation-types,documentation types,knowledge,sector-specific,The characteristics of internal and external documentation types aligned with the product life cycle and their specific content types.
domotic-systems,domotic systems,knowledge,sector-specific,"Residential intelligent building installations for lighting, heating, security, etc that can be controlled remotely. Domotic systems aim at improving the quality of life inside houses and buildings, including enhancing the independence of people with disabilities and contributing to energy saving."
draft-bill-of-materials,draft bill of materials,skill/competence,cross-sector,"Set up a list of materials, components, and assemblies as well as the quantities needed to manufacture a certain product."
draft-design-specifications,draft design specifications,skill/competence,cross-sector,List the design specifications such as materials and parts to be used and a cost estimate.
draft-music-cue-breakdown,draft music cue breakdown,skill/competence,occupation-specific,"Draft a cue breakdown by rewriting the script from a musical point of view, helping the composer to estimate the tempo and meter of the score."
draft-project-documentation,draft project documentation,skill/competence,cross-sector,"Prepare project documentation such as project charters, work plans, project handbooks, progress reports, deliverables and stakeholder matrices."
draft-scientific-or-academic-papers-and-technical-documentation,draft scientific or academic papers and technical documentation,skill/competence,cross-sector,"Draft and edit scientific, academic or technical texts on different subjects."
draw-design-sketches,draw design sketches,skill/competence,cross-sector,Create rough pictures to assist in creating and communicating design concepts.
draw-sketches-to-develop-textile-articles-using-softwares,draw sketches to develop textile articles using softwares,skill/competence,sector-specific,"Draw sketches to develop textiles or wearing apparel using softwares. They create visualisations of the motives, patterns or products in order to be manufactured."
draw-up-artistic-production,draw up artistic production,skill/competence,sector-specific,File and document a production in all its phases right after the performance period so that it can be reproduced and all relevant information remains accessible.
draw-up-instrument-setup,draw up instrument setup,skill/competence,sector-specific,Document musical instrument setup.
draw-up-lighting-plan,draw up lighting plan,skill/competence,sector-specific,Create technical drawings and documentation within the lighting department.
drug-interaction-management,drug interaction management,knowledge,sector-specific,The managerial activities related to patient`s interaction with the medical treatment provided.
drupal,Drupal,knowledge,sector-specific,"The open-source web-based software system written in PHP, used for creating, editing, publishing and archiving blogs, articles, web pages or press releases, which requires a higher level of technical understanding of HTML, CSS and PHP."
e-commerce-systems,e-commerce systems,knowledge,sector-specific,"Basic digital architecture and commercial transactions for trading products or services conducted via Internet, e-mail, mobile devices, social media, etc."
e-learning,e-learning,knowledge,sector-specific,The strategies and didactical methods of learning in which the main elements include the use of ICT technologies.
e-learning-software-infrastructure,e-learning software infrastructure,knowledge,sector-specific,The infrastructure properties and specifications required to set up the e-learning environment which provides learning experiences to the audience.
eclipse-integrated-development-environment-software,Eclipse (integrated development environment software),knowledge,sector-specific,"The computer program Eclipse is a suite of software development tools for writing programs, such as compiler, debugger, code editor, code highlights, packaged in a unified user interface. It is developed by the Eclipse Foundation."
edit-digital-moving-images,edit digital moving images,skill/competence,sector-specific,Use specialised software to edit video images for use in an artistic production.
edit-negatives,edit negatives,skill/competence,sector-specific,Use different software products and techniques to process photographic negatives and adapt the images to the desired specifications.
edit-photographs,edit photographs,skill/competence,sector-specific,"Resize, enhance and retouche photographs, using airbrushing, editing software and other techniques."
edit-recorded-sound,edit recorded sound,skill/competence,sector-specific,"Edit audio footage using a variety of sofware, tools, and techniques such as crossfading, speed effects, and removing unwanted noises."
edmodo,Edmodo,knowledge,sector-specific,"The education network Edmodo is an e-learning platform for creating, administrating, arranging, reporting and delivering e-learning training and connecting teachers, students and parents."
educate-on-data-confidentiality,educate on data confidentiality,skill/competence,cross-sector,"Share information with and instruct users in the risks involved with data, especially risks to the confidentiality, integrity, or availability of data. Educate them on how to ensure data protection."
education-administration,education administration,knowledge,cross-sector,"The processes related to the administrative areas of an education institution, its director, employees, and students."
education-law,education law,knowledge,cross-sector,"The area of law and legislation that concerns education policies and the people working in the sector in an (inter)national context, such as teachers, students, and administrators."
electric-drives,electric drives,knowledge,sector-specific,Electromechanical systems that utilise electric motors to control the movement and processes of electrical machinery.
electrical-discharge,electrical discharge,knowledge,cross-sector,"The qualities and applications of electrical discharge, including voltage and electrodes."
electrical-engineering,electrical engineering,knowledge,cross-sector,"Understand electrical engineering, a field of engineering that deals with the study and application of electricity, electronics, and electromagnetism."
electrical-testing-methods,electrical testing methods,knowledge,cross-sector,"Test procedures performed on electrical equipment and machinery in order to check the performance and quality of the electrical equipment and their adherence to specifications. During these tests electrical properties, such as voltage, current, resistance, capacitance, and inductance, are measured using electrical measuring equipment, such as multimeters, oscilloscopes, and voltmeters."
electrical-wiring-plans,electrical wiring plans,knowledge,cross-sector,"Pictorial representation of an electrical circuit. It shows the components of the circuit as simplified shapes, and the power and signal connections between the devices. It gives information about the relative position and arrangement of devices and terminals on the devices, to help in building or servicing the device. A wiring diagram is often used to troubleshoot problems and to make sure that a"
electricity,electricity,knowledge,cross-sector,"Understand the principles of electricity and electrical power circuits, as well as the associated risks."
electricity-principles,electricity principles,knowledge,cross-sector,"Electricity is created when electric current flows along a conductor. It entails the movement of free electrons between atoms. The more free electrons are present in a material, the better this material conducts. The three main parameters of electricity are the voltage, current (ampère), and resistance (ohm)."
electromagnetism,electromagnetism,knowledge,sector-specific,The study of electromagnetic forces and the interaction between electric and magnetic fields. The interaction between electrically charged particles can create magnetic fields with a certain range or frequency and electricity can be produced by the changing of these magnetic fields.
electromagnets,electromagnets,knowledge,sector-specific,"Magnets in which magnetic fields are produced by electric current. By manipulating the electric current, the magnetic fields can be changed and manipulated as well, which allows more control than permanent non-electric magnets. Electromagnets are commonly used in electrical devices, such as loudspeakers, hard disks, MRI devices, and electric motors."
electronic-and-telecommunication-equipment,electronic and telecommunication equipment,knowledge,sector-specific,"The offered electronic and telecommunication equipment and products, their functionalities, properties and legal and regulatory requirements."
electronic-communication,electronic communication,knowledge,cross-sector,"Data communication performed through digital means such as computers, telephone or e-mail."
electronic-equipment-standards,electronic equipment standards,knowledge,cross-sector,"The national and international quality and safety standards and regulations with regards to the use and manufacture of electronic equipment and its components, such as semiconductors and printed circuit boards."
electronic-test-procedures,electronic test procedures,knowledge,cross-sector,"Testing protocols that enable a variety of analyses of electronic systems, products, and components. These tests include the testing of electrical properties, such as voltage, current, resistance, capacitance, and inductance as well as the testing of specific electronic components, such as the electron tubes, semiconductors, integrated circuits, and batteries. These tests include visual inspection"
electronics,electronics,knowledge,cross-sector,"The functioning of electronic circuit boards, processors, chips, and computer hardware and software, including programming and applications. Apply this knowledge to ensure electronic equipment runs smoothly."
electronics-principles,electronics principles,knowledge,sector-specific,"The study of electric energy, more specifically electron, control and its prominent principles regarding integrated circuits and electrical systems."
embedded-systems,embedded systems,knowledge,sector-specific,"The computer systems and components with a specialised and autonomous function within a larger system or machine such as embedded systems software architectures, embedded peripherals, design principles and development tools."
emergent-technologies,emergent technologies,knowledge,cross-sector,"The recent trends, developments and innovations in modern technologies such as biotechnology, artificial intelligence and robotics."
energy-saving-potential-of-automated-shift-systems,energy saving potential of automated shift systems,knowledge,occupation-specific,Potential to save energy in automated shift systems through mechanisms such as improved efficiency and better anticipation of upcoming events.
engage-composers,engage composers,skill/competence,sector-specific,Engage services of professional composers to write the score for a music piece.
engineering-control-theory,engineering control theory,knowledge,sector-specific,The interdisciplinary branch of engineering that deals with the behaviour of dynamical systems with inputs and how their behaviour is modified by feedback.
engineering-principles,engineering principles,knowledge,cross-sector,"The engineering elements like functionality, replicability, and costs in relation to the design and how they are applied in the completion of engineering projects."
engineering-processes,engineering processes,knowledge,sector-specific,The systematic approach to the development and maintenance of engineering systems.
engrade,Engrade,knowledge,sector-specific,"The computer program Engrade is a e-learning platform for creating, administrating, arranging, reporting and delivering e-learning education courses or training programs."
enhance-website-visibility,enhance website visibility,skill/competence,cross-sector,"Promote the website to users, business partners and search engines. Optimise the website exposure to search engines, send out emails, determine pricing and policies and conduct marketing actions."
ensure-adherence-to-organisational-ict-standards,ensure adherence to organisational ICT standards,skill/competence,sector-specific,"Guarantee that the state of events is in accordance with the ICT rules and procedures described by an organisation for their products, services and solutions."
ensure-client-orientation,ensure client orientation,skill/competence,cross-sector,Take actions which support business activities by considering client needs and satisfaction. This can be translated into developing a quality product appreciated by customers or dealing with community issues.
ensure-compliance-with-company-regulations,ensure compliance with company regulations,skill/competence,cross-sector,"Guarantee that employees' activities follow company regulations, as implemented through client and corporate guidelines, directives, policies and programmes."
ensure-compliance-with-environmental-legislation,ensure compliance with environmental legislation,skill/competence,cross-sector,"Monitor activities and perform tasks ensuring compliance with standards involving environmental protection and sustainability, and amend activities in the case of changes in environmental legislation. Ensure that the processes are compliant with environment regulations and best practices."
ensure-compliance-with-legal-requirements,ensure compliance with legal requirements,skill/competence,cross-sector,"Guarantee compliance with established and applicable standards and legal requirements such as specifications, policies, standards or law for the goal that organisations aspire to achieve in their efforts."
ensure-compliance-with-waste-legislative-regulations,ensure compliance with waste legislative regulations,skill/competence,cross-sector,"Implement and monitor company procedures for the collection, transport and disposal of waste, in compliance with all regulations and legal requirements."
ensure-conformity-to-specifications,ensure conformity to specifications,skill/competence,cross-sector,Ensure that the assembled products are conform to the specifications given.
ensure-continuous-preparedness-for-audits,ensure continuous preparedness for audits,skill/competence,cross-sector,"Ensure constant compliance with standards and requirements, such as keeping certifications up to date and monitoring activities to ensure correct procedures are followed, so that audits can occur smoothly and no negative aspects can be identified."
ensure-cross-department-cooperation,ensure cross-department cooperation,skill/competence,cross-sector,"Guarantee communication and cooperation with all the entities and teams in a given organisation, according to the company strategy."
ensure-equipment-availability,ensure equipment availability,skill/competence,cross-sector,"Ensure that the necessary equipment is provided, ready and available for use before start of procedures."
ensure-information-privacy,ensure information privacy,skill/competence,sector-specific,"Design and implement business processes and technical solutions to guarantee data and information confidentiality in compliance with legal requirements, also considering public expectations and political issues of privacy."
ensure-information-security,ensure information security,skill/competence,cross-sector,"Ensure that the information gathered during surveillance or investigations remains in the hands of those authorised to receive and use it, and does not fall into enemy or otherwise non-authorised individuals' hands."
ensure-legal-gaming,ensure legal gaming,skill/competence,sector-specific,Monitor gaming operations to ensure that juridical regulations and house rules are respected at all times.
ensure-material-compliance,ensure material compliance,skill/competence,sector-specific,Ensure that the materials provided by suppliers comply with the specified requirements.
ensure-proper-document-management,ensure proper document management,skill/competence,cross-sector,"Guarantee that the tracking and recording standards and rules for document management are followed, such as ensuring that changes are identified, that documents remain readable and that obsoleted documents are not used."
ensure-safety-of-mobile-electrical-systems,ensure safety of mobile electrical systems,skill/competence,sector-specific,Take the necessary precautions while providing temporary power distribution independently. Measure and power up an installation.
ensure-visual-quality-of-the-set,ensure visual quality of the set,skill/competence,sector-specific,"Inspect and amend the scenery and set-dressing to make sure the visual quality is optimal with in constraints of time, budget and manpower."
environmental-legislation,environmental legislation,knowledge,cross-sector,The environmental policies and legislation applicable in a certain domain.
environmental-management-monitors,environmental management monitors,knowledge,sector-specific,The hardware and equipment suitable for measurement and live monitoring of environmental parameters.
environmental-threats,environmental threats,knowledge,sector-specific,"The threats for the environment which are related to biological, chemical, nuclear, radiological, and physical hazards."
erlang,Erlang,knowledge,sector-specific,"The techniques and principles of software development, such as analysis, algorithms, coding, testing and compiling of programming paradigms in Erlang."
escort-students-on-a-field-trip,escort students on a field trip,skill/competence,cross-sector,Accompany students on an educational trip outside the school environment and ensure their safety and cooperation.
establish-an-ict-customer-support-process,establish an ICT customer support process,skill/competence,sector-specific,"Create a series of customer ICT service activities before, during and after a request. Ensure an adequate response or action, enhance the level of customer satisfaction and accumulate ICT product or service feedback."
establish-an-ict-security-prevention-plan,establish an ICT security prevention plan,skill/competence,occupation-specific,"Define a set of measures and responsibilities to ensure the confidentiality, integrity and availability of information. Implement policies to prevent data breaches, detect and respond to unathorised access to systems and resources, including up-to-date security applications and employee education."
establish-data-processes,establish data processes,skill/competence,sector-specific,"Use ICT tools to apply mathematical, algorithmic or other data manipulation processes in order to create information."
estimate-costs-of-installing-telecommunication-devices,estimate costs of installing telecommunication devices,skill/competence,sector-specific,"Estimate the total installation costs of telecommunication devices such as modems, routers, analogue switches, optical fibre, and landline phones."
estimate-duration-of-work,estimate duration of work,skill/competence,cross-sector,Produce accurate calculations on time necessary to fulfil future technical tasks based on past and present information and observations or plan the estimated duration of individual tasks in a given project.
estimate-impact-of-risks,estimate impact of risks,skill/competence,sector-specific,"Estimate the potential losses associated with an identified risk by applying standard risk analysis practices to develop an estimate of probability and impact on the company. Take both financial and non-financial impacts into account. Use qualitative and quantitative risk analysis techniques to identify, rate and prioritise risks."
ethics,ethics,knowledge,cross-sector,"The philosophical study that deals with solving questions of human morality; it defines and systemises concepts such as right, wrong, and crime."
evaluate-cost-of-software-products,evaluate cost of software products,skill/competence,occupation-specific,"Apply methods and techniques to estimate and evaluate the cost of software products during their life-cycle phases, including development and acquisition costs, cost of maintenance, incorporated cost of quality-compliance and non-compliance associated costs."
evaluate-education-programmes,evaluate education programmes,skill/competence,cross-sector,Evaluate ongoing training programmes and advise on potential optimisation.
evaluate-employees,evaluate employees,skill/competence,cross-sector,Analyse employees' individual performances over a certain time span and communicate your conclusions to the employee in question or higher management.
evaluate-marketing-content,evaluate marketing content,skill/competence,cross-sector,"Revise, assess, align, and approves marketing material and content defined in the marketing plan. Evaluate written word, images, print or video advertisements, public speeches, and statements in accordance with the marketing objectives."
evaluate-project-plans,evaluate project plans,skill/competence,sector-specific,Evaluate proposals and project plans and assess feasibility issues.
evaluate-research-activities,evaluate research activities,skill/competence,cross-sector,"Review proposals, progress, impact and outcomes of peer researchers, including through open peer review."
evaluate-training,evaluate training,skill/competence,cross-sector,"Assess the realisation of the training's learning outcomes and goals, the quality of teaching, and give transparent feedback to the trainers and trainees."
examine-engineering-principles,examine engineering principles,skill/competence,cross-sector,"Analyse the principles that need to be considered for engineering designs and projects such as functionality, replicability, costs and other principles."
execute-analytical-mathematical-calculations,execute analytical mathematical calculations,skill/competence,cross-sector,Apply mathematical methods and make use of calculation technologies in order to perform analyses and devise solutions to specific problems.
execute-conversion-testing,execute conversion testing,skill/competence,occupation-specific,"Plan, execute and measure conversion tests and experiments to test the possibility to convert one data format into another."
execute-email-marketing,execute email marketing,skill/competence,cross-sector,"Conceptualise and write targeted customer emails, manage customer emails for the brand email marketing programmes in order to ensure enhanced profit and improved customer communication and prospection."
execute-feasibility-study,execute feasibility study,skill/competence,cross-sector,"Perform the evaluation and assessment of the potential of a project, plan, proposition or new idea. Realise a standardised study which is based on extensive investigation and research to support the process of decision making."
execute-ict-audits,execute ICT audits,skill/competence,sector-specific,"Organise and execute audits in order to evaluate ICT systems, compliance of components of systems, information processing systems and information security. Identify and collect potential critical issues and recommend solutions based on required standards and solutions."
execute-ict-user-research-activities,execute ICT user research activities,skill/competence,sector-specific,"Perform research tasks such as recruitment of participants, scheduling of tasks, collecting of empirical data, data analysis and production of materials in order to assess the interaction of users with an ICT system, program or application."
execute-integration-testing,execute integration testing,skill/competence,sector-specific,"Perform testing of system or software components grouped in multiple ways to evaluate their ability to interconnect, their interface and their ability to provide global functionality."
execute-software-tests,execute software tests,skill/competence,sector-specific,"Perform tests to ensure that a software product will perform flawlessly under the specified customer requirements and identify software defects (bugs) and malfunctions, using specialised software tools and testing techniques."
facilitate-teamwork-between-students,facilitate teamwork between students,skill/competence,sector-specific,"Encourage students to cooperate with others in their learning by working in teams, for example through group activities."
fasten-components,fasten components,skill/competence,cross-sector,Fasten components together according to blueprints and technical plans in order to create subassemblies or finished products.
field-programmable-gate-arrays,field-programmable gate arrays,knowledge,occupation-specific,"The integrated circuits that can be repurposed to desired application or functionality requirements after their manufacturing, which allow users to tailor microcontrollers to meet their own individual needs."
file-based-workflow,file-based workflow,knowledge,sector-specific,"The recording of moving images without using tape, but by storing these digital videos on optical disks, hard drives, and other digital storage devices."
filemaker-database-management-systems,Filemaker (database management systems),knowledge,sector-specific,"The computer program FileMaker is a tool for creating, updating and managing databases, developed by the software company FileMaker Inc."
film-music-techniques,film music techniques,knowledge,sector-specific,Understand how film music can create desired effects or moods.
film-production-process,film production process,knowledge,sector-specific,"The various development stages of making a film, such as scriptwriting, financing, shooting, editing, and distribution."
finish-project-within-budget,finish project within budget,skill/competence,cross-sector,Make sure to stay within budget. Adapt work and materials to budget.
firmware,firmware,knowledge,cross-sector,"Firmware is a software program with a read-only memory (ROM) and a set of instructions that is permanently inscribed on a hardware device. Firmware is commonly used in electronic systems such as computers, mobile phones, and digital cameras."
focus-lighting-equipment,focus lighting equipment,skill/competence,sector-specific,"Focus already installed conventional lighting equipment, based on directions and information from somebody on the floor."
follow-a-brief,follow a brief,skill/competence,cross-sector,"Interpret and meet requirements and expectations, as discussed and agreed upon with the customers."
follow-clinical-guidelines,follow clinical guidelines,skill/competence,cross-sector,"Follow agreed protocols and guidelines in support of healthcare practice which are provided by healthcare institutions, professional associations, or authorities and also scientific organisations."
follow-directions-of-the-artistic-director,follow directions of the artistic director,skill/competence,cross-sector,Follow the instructions of the director while understanding his creative vision.
follow-ethical-code-of-conduct-of-gambling,follow ethical code of conduct of gambling,skill/competence,sector-specific,"Follow the rules and ethical code used in gambling, betting and lottery. Keep the entertainment of players in mind."
follow-research-on-special-needs-education,follow research on special needs education,skill/competence,sector-specific,Keep up to date with new studies and related upcoming regulations concerning education for students with special needs.
follow-safety-procedures-when-working-at-heights,follow safety procedures when working at heights,skill/competence,cross-sector,"Take necessary precautions and follow a set of measures that assess, prevent and tackle risks when working at a high distance from the ground. Prevent endangering people working under these structures and avoid falls from ladders, mobile scaffolding, fixed working bridges, single person lifts etc. since they may cause fatalities or major injuries."
follow-standards-for-machinery-safety,follow standards for machinery safety,skill/competence,sector-specific,Apply basic safety standards and machine-specific technical standards to prevent risks connected with the use of machines in the workplace.
follow-up-online-user-requests,follow up online user requests,skill/competence,cross-sector,Take feedback from online visitors and take actions that address their requests according to their specific needs.
follow-work-schedule,follow work schedule,skill/competence,cross-sector,Manage the sequence of activities in order to deliver completed work on agreed deadlines by following a work schedule.
forecast-account-metrics,forecast account metrics,skill/competence,cross-sector,Make predictions on the movement of account measurements and data which give insight into an organisation's financial state in order to aid analyses and evaluate potential risks.
forecast-future-ict-network-needs,forecast future ICT network needs,skill/competence,sector-specific,Identify current data traffic and estimate how growth will affect the ICT network.
forecast-workload,forecast workload,skill/competence,cross-sector,"Predict and define workload needed to be done in a certain amount of time, and the time it would take to perform these tasks."
formulate-game-rules,formulate game rules,skill/competence,sector-specific,Compose a series of rules as to how to play a game.
frostbite-digital-game-creation-systems,Frostbite (digital game creation systems),knowledge,sector-specific,"The game engine Frostbite which is a software framework that consists of integrated development environments and specialised design tools, designed for the rapid iteration of user-derived computer games."
funding-methods,funding methods,knowledge,cross-sector,"The financial possibilities for funding projects such as the traditional ones, namely loans, venture capital, public or private grants up to alternative methods such as crowdfunding."
gamemaker-studio,Gamemaker Studio,knowledge,sector-specific,"The cross-platform game engine which is written in Delphi programming language and consists of integrated development environments and specialised design tools, designed for the rapid iteration of user-derived computer games."
games-rules,games rules,knowledge,sector-specific,Set of principles and rules that govern a game
gamesalad,GameSalad,knowledge,sector-specific,The drag-and-drop software interface that consists of specialised design tools used for the rapid iteration of user-derived computer games by users with limited programming knowledge.
gather-data-for-forensic-purposes,gather data for forensic purposes,skill/competence,sector-specific,"Collect protected, fragmented or corrupted data and other online communication. Document and present findings from this process."
gather-feedback-from-employees,gather feedback from employees,skill/competence,cross-sector,"Communicate in an open and positive manner in order to assess levels of satisfaction with employees, their outlook on the work environment, and in order to identify problems and devise solutions."
gather-reference-materials,gather reference materials,skill/competence,cross-sector,"Gathering reference materials such as drawings, illustrations and sketches, in the process of creating a painting or sculpture."
gather-reference-materials-for-artwork,gather reference materials for artwork,skill/competence,sector-specific,"Gather samples of the materials you expect to use in the creation process, especially if the desired piece of art necessitates the intervention of qualified workers or specific production processes."
gdpr,GDPR,knowledge,sector-specific,The General Data Protection Regulation is the EU regulation on the protection of natural persons with regard to the processing of personal data and on the free movement of such data.
geographic-information-systems,geographic information systems,knowledge,sector-specific,"The tools involved in geographical mapping and positioning, such as GPS (global positioning systems), GIS (geographical information systems), and RS (remote sensing)."
gimp-graphics-editor-software,GIMP (graphics editor software),knowledge,sector-specific,The computer program GIMP is a graphical ICT tool which enables digital editing and composition of graphics to generate both 2D raster or 2D vector graphics. It is developed by The GIMP Development Team.
give-constructive-feedback,give constructive feedback,skill/competence,cross-sector,"Provide founded feedback through both criticism and praise in a respectful, clear, and consistent manner. Highlight achievements as well as mistakes and set up methods of formative assessment to evaluate work."
give-live-presentation,give live presentation,skill/competence,cross-sector,"Deliver a speech or talk in which a new product, service, idea, or piece of work is demonstrated and explained to an audience."
glue-film-reels,glue film reels,skill/competence,occupation-specific,Glue film reels together with a splicer.
government-policy,government policy,knowledge,cross-sector,"The political activities, plans, and intentions of a government for a legislative session for concrete causes."
grade-patterns-for-wearing-apparel,grade patterns for wearing apparel,skill/competence,cross-sector,Grading patterns by performing processes of resizing initial patterns in order to create nest of patterns to fit various body types and sizes.
grammar,grammar,knowledge,cross-sector,"The set of structural rules governing the composition of clauses, phrases, and words in any given natural language."
graphic-design,graphic design,knowledge,cross-sector,The techniques to create a visual representation of ideas and messages.
graphics-editor-software,graphics editor software,knowledge,sector-specific,"The field of graphical ICT tools which enable digital editing and composition of graphics, such as GIMP, Adobe Photoshop and Adobe Illustrator, to develop both 2D raster or 2D vector graphics."
green-computing,green computing,knowledge,occupation-specific,"The use of ICT systems in an environmentally responsible and sustainable manner, such as the implementation of energy-efficient servers and central processing units (CPUs), reduction of resources and correct disposal of e-waste."
groovy,Groovy,knowledge,sector-specific,"The techniques and principles of software development, such as analysis, algorithms, coding, testing and compiling of programming paradigms in Groovy."
grovo,Grovo,knowledge,sector-specific,"The learning management system Grovo is an e-learning platform for creating, administrating, arranging, reporting and delivering e-learning education courses or training programs."
guarantee-customer-satisfaction,guarantee customer satisfaction,skill/competence,sector-specific,"Handle customer expectations in a professional manner, anticipating and addressing their needs and desires. Provide flexible customer service to ensure customer satisfaction and loyalty."
guarantee-students-safety,guarantee students' safety,skill/competence,cross-sector,Ensure all students falling under an instructor or other person’s supervision are safe and accounted for. Follow safety precautions in the learning situation.
guide-learners-in-using-assistive-technologies,guide learners in using assistive technologies,skill/competence,sector-specific,"Instruct and guide learners on how to use assistive technologies appropriate to their specific learning challenge: such as word prediction, text-to-speech or speech recognition. Explain the features of the technology and its benefits for the learner."
hadoop,Hadoop,knowledge,sector-specific,"The open-source data storing, analysis and processing framework which consists mainly in the MapReduce and Hadoop distributed file system (HDFS) components and it is used to provide support for managing and analysing large datasets."
handle-data-samples,handle data samples,skill/competence,cross-sector,Collect and select a set of data from a population by a statistical or other defined procedure.
handle-different-pottery-materials,handle different pottery materials,skill/competence,sector-specific,"Treat different recipes of clay and mud according to the genre (such as china) or the expected strength, look, colour, tradition or innovation in the creative process."
handle-helpdesk-problems,handle helpdesk problems,skill/competence,cross-sector,"Investigate what causes problems, test and improve solutions in order to reduce number of calls to the helpdesk."
handle-rental-overdues,handle rental overdues,skill/competence,sector-specific,Identifying rental delays of return and applying the appropriate measures such as additional payment and adjust availability of rentable items.
hardware-architectures,hardware architectures,knowledge,sector-specific,The designs laying out the physical hardware components and their interconnections.
hardware-components,hardware components,knowledge,cross-sector,"The essential components that make up a hardware system, such as liquid-crystal displays (LCD), camera sensors, microprocessors, memories, modems, batteries and their interconnections."
hardware-components-suppliers,hardware components suppliers,knowledge,sector-specific,The suppliers who can deliver the required hardware components.
hardware-materials,hardware materials,knowledge,sector-specific,"The characteristics, applications and environmental effects of materials used to develop hardware."
hardware-platforms,hardware platforms,knowledge,sector-specific,The characteristics of the hardware configuration required to process the applications software product.
hardware-testing-methods,hardware testing methods,knowledge,cross-sector,"Those processes in which hardware components or systems are tested, such as the system test (ST), the ongoing reliability test (ORT), and the in-circuit test (ICT)."
harmonise-body-movements,harmonise body movements,skill/competence,sector-specific,"Harmonise body movements in accordance to rhythm and melody, aestetic or dramatic concept, dramatic pace, etc."
haskell,Haskell,knowledge,sector-specific,"The techniques and principles of software development, such as analysis, algorithms, coding, testing and compiling of programming paradigms in Haskell."
have-computer-literacy,have computer literacy,skill/competence,cross-sector,"Utilise computers, IT equipment and modern day technology in an efficient way."
havok-vision,Havok Vision,knowledge,sector-specific,"The game engine that consists of integrated development environments and specialised design tools, designed for the rapid iteration of user-derived computer games."
health-and-safety-regulations,health and safety regulations,knowledge,cross-sector,"Necessary health, safety, hygiene and environmental standards and legislation rules in the sector of particular activity."
health-care-occupation-specific-ethics,health care occupation-specific ethics,knowledge,cross-sector,"The moral standards and procedures, ethical questions and obligations specific to occupations in a health care setting such as respect for human dignity, self-determination, informed consent and patient confidentiality."
health-psychology,health psychology,knowledge,sector-specific,"The development, implementations and evaluation of health psychological concepts."
heroengine,HeroEngine,knowledge,sector-specific,"The cloud-based real-time collaborative platform that consists of integrated development environments and specialised design tools, designed for the rapid iteration of user-derived computer games."
hire-new-personnel,hire new personnel,skill/competence,cross-sector,Hire new personnel for a company or organisation payroll via a prepared set of procedures. Make staffing decisions and direct selection co-workers.
human-computer-interaction,human-computer interaction,knowledge,sector-specific,The study of the behaviour and interaction between digital devices and human beings.
human-robot-collaboration,human-robot collaboration,knowledge,sector-specific,"Human-Robot Collaboration is the study of collaborative processes in which human and robot agents work together to achieve shared goals. Human-Robot Collaboration (HRC) is an interdisciplinary research area comprising classical robotics, human-computer interaction, artificial intelligence, design, cognitive sciences and psychology. It is related to the definition of the plans and the rules for com"
hybrid-control-systems,hybrid control systems,knowledge,cross-sector,Control systems containing both subsystems with continuous dynamics as well as subsystems with discrete dynamics.
hybrid-model,hybrid model,knowledge,sector-specific,"The hybrid model consists of principles and fundamentals of service-oriented modelling for business and software systems that allow the design and specification of service-oriented business systems within a variety of architectural styles, such as enterprise architecture."
hydraulics,hydraulics,knowledge,cross-sector,The power transmission systems that use the force of flowing liquids to transmit power.
ibm-informix,IBM Informix,knowledge,sector-specific,"The computer program IBM Informix is a tool for creating, updating and managing databases, developed by the software company IBM."
ibm-infosphere-datastage,IBM InfoSphere DataStage,knowledge,sector-specific,"The computer program IBM InfoSphere DataStage is a tool for integration of information from multiple applications, created and maintained by organisations, into one consistent and transparent data structure, developed by the software company IBM."
ibm-infosphere-information-server,IBM InfoSphere Information Server,knowledge,sector-specific,"The software program IBM InfoSphere Information Server is a platform for integration of information from multiple applications, created and maintained by organisations, into one consistent and transparent data structure, developed by the software company IBM."
ibm-websphere,IBM WebSphere,knowledge,sector-specific,The application server IBM WebSphere provides flexible and secure Java EE runtime environments to support application infrastructure and deployments.
ict-accessibility-standards,ICT accessibility standards,knowledge,sector-specific,"The recommendations for making ICT content and applications more accessible to a wider range of people, mostly with disabilities, such as blindness and low vision, deafness and hearing loss and cognitive limitations. It includes standards such as Web Content Accessibility Guidelines (WCAG)."
ict-architectural-frameworks,ICT architectural frameworks,knowledge,sector-specific,The set of requirements that describe an information system's architecture.
ict-capacity-planning-strategies,ICT capacity planning strategies,knowledge,sector-specific,"The methods, techniques and ICT tools used for planning the maximum amount of work that an organisation is capable of completing in a given period, based on the number of machines, workers and shifts and taking into account constraints such as quality problems, delays and material handling."
ict-communications-protocols,ICT communications protocols,knowledge,sector-specific,The system of rules which allow the exchange of information between computers or other devices via computer networks.
ict-debugging-tools,ICT debugging tools,knowledge,sector-specific,"The ICT tools used to test and debug programs and software code, such as GNU Debugger (GDB), Intel Debugger (IDB), Microsoft Visual Studio Debugger, Valgrind and WinDbg."
ict-encryption,ICT encryption,knowledge,sector-specific,"The conversion of electronic data into a format which is readable only by authorized parties which use key encryption techniques, such as Public Key Infrastructure (PKI) and Secure Socket Layer (SSL)."
ict-environmental-policies,ICT environmental policies,knowledge,occupation-specific,"The international and organisational policies which deal with the assessment of the environmental impact of innovations and developments in the field of ICT, as well as with methods for reducing negative impact and applying ICT innovations to aid the environment."
ict-hardware-specifications,ICT hardware specifications,knowledge,cross-sector,"The characteristics, uses and operations of various hardware products such as printers, screens, and laptops."
ict-help-platforms,ICT help platforms,knowledge,sector-specific,The platforms for delivering help systems for operating systems.
ict-infrastructure,ICT infrastructure,knowledge,sector-specific,"The system, network, hardware and software applications and components, as well as devices and processes that are used in order to develop, test, deliver, monitor, control or support ICT services."
ict-market,ICT market,knowledge,sector-specific,"The processes, stakeholders and the dynamics of the chain of goods and services in the ICT market sector."
ict-network-cable-limitations,ICT network cable limitations,knowledge,sector-specific,"The limitations, such as distance limitations and resistance of types of cables, such as fibre cable, coax cable and ethernet cable which are used for realising networks."
ict-network-routing,ICT network routing,knowledge,sector-specific,The processes and techniques for choosing the best paths within an ICT network through which a packet can travel.
ict-network-security-risks,ICT network security risks,knowledge,sector-specific,"The security risk factors, such as hardware and software components, devices, interfaces and policies in ICT networks, risk assessment techniques that can be applied to assess the severity and the consequences of security threats and contingency plans for each security risk factor."
ict-network-simulation,ICT network simulation,knowledge,sector-specific,The methods and tools which enable modelling of the ICT network behaviour by calculating the data exchange among entities or capturing and reproducing characteristics from a functioning network.
ict-networking-hardware,ICT networking hardware,knowledge,cross-sector,"The ICT network equipment or computer networking devices, such as UPS systems, electrical systems, networking facilities and structured cabling systems."
ict-performance-analysis-methods,ICT performance analysis methods,knowledge,sector-specific,"The methods used to analyse software, ICT system and network performance which provide guidance to root causes of issues within information systems. The methods can analyse resource bottlenecks, application times, wait latencies and benchmarking results."
ict-power-consumption,ICT power consumption,knowledge,sector-specific,The energy consumption and types of models of software as well as hardware elements.
ict-problem-management-techniques,ICT problem management techniques,knowledge,sector-specific,The techniques related to identifying the solutions of the root cause of ICT incidents.
ict-process-quality-models,ICT process quality models,knowledge,sector-specific,"The quality models for ICT services which address the maturity of the processes, the adoption of recommended practices and their definition and institutionalisation that allow the organisation to reliably and sustainably produce required outcomes. It includes models in a lot of ICT areas."
ict-project-management,ICT project management,knowledge,sector-specific,"The methodologies for the planning, implementation, review and follow-up of ICT projects, such as the development, integration, modification and sales of ICT products and services, as well as projects relating technological innovation in the field of ICT."
ict-project-management-methodologies,ICT project management methodologies,knowledge,sector-specific,"The methodologies or models for planning, managing and overseeing of ICT resources in order to meet specific goals, such methodologies are Waterfall, Incremental, V-Model, Scrum or Agile and using project management ICT tools."
ict-quality-policy,ICT quality policy,knowledge,sector-specific,"The quality policy of the organisation and its objectives, the acceptable level of quality and the techniques to measure it, its legal aspects and the duties of specific departments to ensure quality."
ict-recovery-techniques,ICT recovery techniques,knowledge,sector-specific,"The techniques for recovering hardware or software components and data, after failure, corruption or damage."
ict-sales-methodologies,ICT sales methodologies,knowledge,sector-specific,"The practices used in the ICT sector to promote and sell products, services or applications such as SPIN Selling, Conceptual Selling and SNAP Selling."
ict-security-legislation,ICT security legislation,knowledge,sector-specific,"The set of legislative rules that safeguards information technology, ICT networks and computer systems and legal consequences which result from their misuse. Regulated measures include firewalls, intrusion detection, anti-virus software and encryption."
ict-security-standards,ICT security standards,knowledge,sector-specific,The standards regarding ICT security such as ISO and the techniques required to ensure compliance of the organisation with them.
ict-software-specifications,ICT software specifications,knowledge,sector-specific,"The characteristics, use and operations of various software products such as computer programmes and application software."
ict-system-integration,ICT system integration,knowledge,sector-specific,"The principles of integrating ICT components and products from a number of sources to create an operational ICT system, techniques which ensure interoperability and interfaces between components and the system."
ict-system-programming,ICT system programming,knowledge,sector-specific,"The methods and tools required to develop system software, specifications of system architectures and interfacing techniques between network and system modules and components."
ict-system-user-requirements,ICT system user requirements,knowledge,sector-specific,"The process intended to match user and organisation's needs with system components and services, by taking into consideration the available technologies and the techniques required to elicit and specify requirements, interrogating users to establish symptoms of problem and analysing symptoms."
id-tech,id Tech,knowledge,sector-specific,"The game engine id Tech which is a software framework that consists of integrated development environments and specialised design tools, designed for the rapid iteration of user-derived computer games."
identify-cross-curricular-links-with-other-subject-areas,identify cross-curricular links with other subject areas,skill/competence,sector-specific,Recognise correlations and overlaps between your subject of expertise and other subjects. Decide on a levelled approach to the material with the teacher of the associated subject and adjust lesson plans accordingly.
identify-customer-requirements,identify customer requirements,skill/competence,cross-sector,"Apply techniques and tools, such as surveys, questionnaires, ICT applications, for eliciting, defining, analysing, documenting and maintaining user requirements from system, service or product."
identify-customer-s-needs,identify customer's needs,skill/competence,sector-specific,"Use appropriate questions and active listening in order to identify customer expectations, desires and requirements according to product and services."
identify-education-needs,identify education needs,skill/competence,cross-sector,"Identify the needs of students, organisations and companies in terms of provision of education in order to aid in the development of curricula and education policies."
identify-ict-security-risks,identify ICT security risks,skill/competence,sector-specific,"Apply methods and techniques to identify potential security threats, security breaches and risk factors using ICT tools for surveying ICT systems, analysing risks, vulnerabilities and threats and evaluating contingency plans."
identify-ict-system-weaknesses,identify ICT system weaknesses,skill/competence,sector-specific,"Analyse the system and network architecture, hardware and software components and data in order to identify weaknesses and vulnerability to intrusions or attacks. Execute diagnostic operations on cyber infrastructure including research, identification, interpretation and categorization of vulnerabilities, associated attacks and malicious code (e.g. malware forensics and malicious network activity)"
identify-ict-user-needs,identify ICT user needs,skill/competence,sector-specific,"Determine the needs and requirements of ICT users of a specific system by applying analytical methods, such as target group analysis."
identify-learning-disorders,identify learning disorders,skill/competence,cross-sector,"Observe and detect symptoms of Specific Learning Difficulties such as attention deficit hyperactivity disorder (ADHD), dyscalculia, and dysgraphia in children or adult learners. Refer the student to the correct specialised educational expert if necessary."
identify-legal-requirements,identify legal requirements,skill/competence,cross-sector,"Conduct research for applicable legal and normative procedures and standards, analyse and derive legal requirements that apply to the organisation, its policies and products."
identify-market-requirements-for-ict-documentation,identify market requirements for ICT documentation,skill/competence,occupation-specific,"Conduct research and analyse the specific documentation requirements of the markets (for instance language, applicable standards or legal requirements and cultural conditions) and derive concrete specifications for ICT documentation development."
identify-new-business-opportunities,identify new business opportunities,skill/competence,cross-sector,Pursue potential customers or products in order to generate additional sales and ensure growth.
identify-potential-markets-for-companies,identify potential markets for companies,skill/competence,cross-sector,Observe and analyse market research findings in order to determine promising and profitable markets. Consider the firm's specific advantage and match it with markets where such value proposition is missing.
identify-software-for-warehouse-management,identify software for warehouse management,skill/competence,cross-sector,"Identify relevant software and applications used for warehouse management systems, their characteristics and value added to warehouse management operations."
identify-suppliers,identify suppliers,skill/competence,cross-sector,"Determine potential suppliers for further negotiation. Take into consideration aspects such as product quality, sustainability, local sourcing, seasonality and coverage of the area. Evaluate the likelihood of obtaining beneficial contracts and agreements with them."
identify-technological-needs,identify technological needs,skill/competence,cross-sector,Assess needs and identify digital tools and possible technological responses to address them. Adjust and customise digital environments to personal needs (e.g. accessibility).
identify-training-needs,identify training needs,skill/competence,cross-sector,"Analyse the training problems and identify the training requirements of an organisation or individuals, so as to provide them with instruction tailored to their prior mastery, profile, means and problem."
image-formation,image formation,knowledge,cross-sector,"The principles and factors determining the formation of an image such as geometry, radiometry, photometry, sampling and analog to digital conversion."
impart-business-plans-to-collaborators,impart business plans to collaborators,skill/competence,cross-sector,"Diffuse, present, and communicate business plans and strategies to managers, employees making sure that objectives, actions, and important messages are properly conveyed."
implement-a-firewall,implement a firewall,skill/competence,sector-specific,"Download, install and update a network security system designed to prevent unauthorized access to a private network."
implement-a-virtual-private-network,implement a virtual private network,skill/competence,sector-specific,"Create an encrypted connection between private networks, such as different local networks of a company, over the internet to ensure that only authorized users can access it and that the data cannot be intercepted."
implement-anti-virus-software,implement anti-virus software,skill/competence,sector-specific,"Download, install and update software to prevent, detect and remove malicious software, such as computer viruses."
implement-cloud-security-and-compliance,implement cloud security and compliance,,sector-specific,Implement and manage security policies and access controls on cloud. Differentiate between the roles and responsibilities within the shared responsibility model.
implement-corporate-governance,implement corporate governance,skill/competence,sector-specific,"Apply a set of principles and mechanisms by which an organisation is managed and directed, set procedures of information, control flow and decision making, distribute rights and responsibilities among departments and individuals, set corporate objectives and monitor and evaluate actions and results."
implement-customer-follow-up,implement customer follow-up,skill/competence,sector-specific,Implement strategies that ensures post-sale follow up of customer satisfaction or loyalty regarding one's product or service.
implement-data-quality-processes,implement data quality processes,skill/competence,cross-sector,"Apply quality analysis, validation and verification techniques on data to check data quality integrity."
implement-data-warehousing-techniques,implement data warehousing techniques,skill/competence,sector-specific,"Apply models and tools such as online analytical processing (OLAP) and Online transaction processing (OLTP), to integrate structured or unstructured data from sources, in order to create a central depository of historical and current data."
implement-front-end-website-design,implement front-end website design,skill/competence,sector-specific,Develop website layout and enhance user experience based on provided design concepts.
implement-ict-coding-conventions,implement ICT coding conventions,skill/competence,occupation-specific,"Apply guidelines for ICT programming techniques, such as conventions, code design patterns and practices to achieve higher security, reliability, better readability and maintenance of the product."
implement-ict-network-diagnostic-tools,implement ICT network diagnostic tools,skill/competence,sector-specific,"Use software tools or components that monitor ICT network parameters, such as performance and throughput, provide data and statistics, diagnose errors, failures or bottlenecks and support decision making."
implement-ict-recovery-system,implement ICT recovery system,skill/competence,sector-specific,"Create, manage and implement ICT system recovery plan in case of crisis in order to retrieve information and reacquire use of the system."
implement-ict-risk-management,implement ICT risk management,skill/competence,sector-specific,"Develop and implement procedures for identifying, assessing, treating and mitigating ICT risks, such as hacks or data leaks, according to the company's risk strategy, procedures and policies. Analyse and manage security risks and incidents. Recommend measures to improve digital security strategy."
implement-ict-safety-policies,implement ICT safety policies,skill/competence,sector-specific,"Apply guidelines related to securing access and use of computers, networks, applications and the computer data being managed."
implement-marketing-strategies,implement marketing strategies,skill/competence,cross-sector,"Implement strategies which aim to promote a specific product or service, using the developed marketing strategies."
implement-sales-strategies,implement sales strategies,skill/competence,sector-specific,Carry out the plan to gain competitive advantage on the market by positioning the company's brand or product and by targeting the right audience to sell this brand or product to.
implement-spam-protection,implement spam protection,skill/competence,sector-specific,Install and configure software that supports email-users to filter messages that contain malware or that are unsolicited.
implement-strategic-planning,implement strategic planning,skill/competence,cross-sector,Take action on the goals and procedures defined at a strategic level in order to mobilise resources and pursue the established strategies.
improve-business-processes,improve business processes,skill/competence,cross-sector,Optimise the series of operations of an organisation to achieve efficiency. Analyse and adapt existing business operations in order to set new objectives and meet new goals.
increase-the-impact-of-science-on-policy-and-society,increase the impact of science on policy and society ,skill/competence,cross-sector,Influence evidence-informed policy and decision making by providing scientific input to and maintaining professional relationships with policymakers and other stakeholders.
incremental-development,Incremental development,knowledge,sector-specific,The incremental development model is a methodology to design software systems and applications.
industrial-engineering,industrial engineering,knowledge,cross-sector,"The field of engineering concerned with the development, improvement, and implementation of complex processes and systems of knowledge, people, equipment, etc."
industrial-software,industrial software,knowledge,cross-sector,"The selection of software that aids in estimating, managing and scheduling industrial processes such as design, work flow and production improvement."
inform-on-safety-standards,inform on safety standards,skill/competence,cross-sector,"Inform managers and staff regarding workplace health and safety standards,,especially in the case of dangerous environments, such as in the construction or mining industry."
inform-policy-makers-on-health-related-challenges,inform policy makers on health-related challenges,skill/competence,cross-sector,Provide useful information related to health care professions to ensure policy decisions are made in the benefit of communities.
informatica-powercenter,Informatica PowerCenter,knowledge,sector-specific,"The computer program Informatica PowerCenter is a tool for integration of information from multiple applications, created and maintained by organisations, into one consistent and transparent data structure, developed by the software company Informatica."
information-architecture,information architecture,knowledge,sector-specific,"The methods through which information is generated, structured, stored, maintained, linked, exchanged and used."
information-categorisation,information categorisation,knowledge,sector-specific,The process of classifying the information into categories and showing relationships between the data for some clearly defined purposes.
information-confidentiality,information confidentiality,knowledge,sector-specific,"The mechanisms and regulations which allow for selective access control and guarantee that only authorised parties (people, processes, systems and devices) have access to data, the way to comply with confidential information and the risks of non-compliance."
information-extraction,information extraction,knowledge,sector-specific,The techniques and methods used for eliciting and extracting information from unstructured or semi-structured digital documents and sources.
information-governance-compliance,information governance compliance,knowledge,occupation-specific,"The policies regarding processes and procedures for use of information, the balance between information availability and information security and IPR (Intellectual Property Rights) and personal data protection."
information-security-strategy,information security strategy,knowledge,sector-specific,"The plan defined by a company which sets the information security objectives and measures to mitigate risks, define control objectives, establish metrics and benchmarks while complying with legal, internal and contractual requirements."
information-structure,information structure,knowledge,sector-specific,"The type of infrastructure which defines the format of data: semi-structured, unstructured and structured."
innovate-in-ict,innovate in ICT,skill/competence,sector-specific,"Create and describe new original research and innovation ideas within the field of information and communication technologies, compare to the emerging technologies and trends and plan the development of new ideas."
innovation-processes,innovation processes,knowledge,sector-specific,"The techniques, models, methods and strategies which contribute to the promotion of steps towards innovation."
insourcing-strategy,insourcing strategy,knowledge,sector-specific,"The high level planning for managing and optimising business processes internally, usually in order to maintain control of critical aspects of work."
inspect-data,inspect data,skill/competence,cross-sector,"Analyse, transform and model data in order to discover useful information and to support decision-making."
inspect-quality-of-products,inspect quality of products,skill/competence,cross-sector,"Use various techniques to ensure the product quality is respecting the quality standards and specifications. Oversee defects, packaging and sendbacks of products to different production departments."
install-electronic-communication-equipment,install electronic communication equipment,skill/competence,sector-specific,Set up and deploy digital and analogue electronic communications. Understand electronic diagrams and equipment specifications.
install-image-equipment,install image equipment,skill/competence,occupation-specific,Install and connect projection and image equipment.
install-low-voltage-wiring,install low voltage wiring,skill/competence,cross-sector,"Plan, deploy, troubleshoot and test low voltage wiring."
install-monitors-for-process-control,install monitors for process control,skill/competence,cross-sector,Plan and deploy a system of monitors for controlling specific processes in an organisation or a system.
install-operating-system,install operating system,skill/competence,cross-sector,"Install the operating system (OS) or software that manages the software resources and computer hardware on a computer system. The operating system is an essential component of any computer system and mediates between the hardware, the application programs, and the end user. Famous examples of computer operating systems include Microsoft Windows, Linux, and Mac OS."
install-signal-repeaters,install signal repeaters,skill/competence,sector-specific,Set up and configure devices which enhance strength of signal of a communication channel to enable proper reception and reproduction in further places.
install-software,install software,skill/competence,cross-sector,"Install machine-readable instructions, such as computer programs, in order to direct the computer's processor to perform a certain set of actions."
instruct-on-set-up-of-equipment,instruct on set up of equipment,skill/competence,occupation-specific,Instruct others on how to properly and safely set up equipment according to specifications and regulations.
instructional-design-models,instructional design models,knowledge,sector-specific,The guidelines or strategies for designing and developing instructions to ensure learners achieve the intended learning outcomes.
instrument-performance-elements,instrument performance elements,knowledge,cross-sector,"Elements that indicate or influence instrument performance. A first indication of the performance of the instrument is the accuracy or precision of the instrument, such as its response time, resolution, and range. A second indication of performance is the technical performance of the instrument, such as its power level, the electromagnetic interference, and transient voltages. A third indication o"
integrate-content-into-output-media,integrate content into output media,skill/competence,sector-specific,"Compile and integrate media and text content into online and offline systems, such as websites, platforms, applications and social media, for publishing and distribution."
integrate-gender-dimension-in-research,integrate gender dimension in research,skill/competence,cross-sector,Take into account in the whole research process the biological characteristics and the evolving social and cultural features of women and men (gender).
integrate-ict-data,integrate ICT data,skill/competence,sector-specific,Combine data from sources to provide unified view of the set of these data.
integrate-marketing-strategies-with-the-global-strategy,integrate marketing strategies with the global strategy,skill/competence,cross-sector,"Integrate the marketing strategy and its elements such as the market definition, competitors, price strategy, and communication with the general guidelines of the global strategy of the company."
integrate-new-products-in-manufacturing,integrate new products in manufacturing,skill/competence,cross-sector,"Assist with the integration of new systems, products, methods, and components in the production line. Ensure that production workers are properly trained and follow the new requirements."
integrate-strategic-foundation-in-daily-performance,integrate strategic foundation in daily performance,skill/competence,cross-sector,"Reflect on the strategic foundation of companies, meaning their mission, vision, and values in order to integrate this foundation in the performance of the job position."
integrate-system-components,integrate system components,skill/competence,sector-specific,Select and use integration techniques and tools to plan and implement integration of hardware and software modules and components in a system.
integrated-circuits,integrated circuits,knowledge,cross-sector,"Electronic components, made up from a set of electronic circuits which are placed on semiconductor material, such as silicon. Integrated circuits (IC) can hold billions of electronic components on a microscale and are one of basic components of electronic devices."
integrated-development-environment-software,integrated development environment software,knowledge,sector-specific,"The suite of software development tools for writing programs, such as compiler, debugger, code editor, code highlights, packaged in a unified user interface, such as Visual Studio or Eclipse."
intellectual-property-law,intellectual property law,knowledge,cross-sector,The regulations that govern the set of rights protecting products of the intellect from unlawful infringement.
interact-professionally-in-research-and-professional-environments,interact professionally in research and professional environments,skill/competence,cross-sector,"Show consideration to others as well as collegiality. Listen, give and receive feedback and respond perceptively to others, also involving staff supervision and leadership in a professional setting."
interact-with-users-to-gather-requirements,interact with users to gather requirements,skill/competence,sector-specific,Communicate with users to identify their requirements and collect them. Define all relevant user requirements and document them in an understandable and logical way for further analysis and specification.
interfacing-techniques,interfacing techniques,knowledge,sector-specific,The techniques that relate to interfaces between models and components.
internal-auditing,internal auditing,knowledge,cross-sector,"The practice of observing, testing, and evaluating in a systematic manner the processes of the organisation in order to improve effectivity, reduce risks, and add value to the organisation by installing a preventive culture."
internal-risk-management-policy,internal risk management policy,knowledge,sector-specific,"The internal risk management policies that identify, assess and prioritise risks in an IT environment. The methods used to minimise, monitor and control the possibility and the impact of disastrous events that affect the reaching of business goals."
