skill_id,skill_name,skill_type,reuse_level,description
3d-body-scanning-technologies,3D body scanning technologies,knowledge,sector-specific,The principles and usage of technologies for 3D body scanning used to capture the size and shape of the human body.
3d-lighting,3D lighting,knowledge,sector-specific,The arrangement or digital effect which simulates lighting in a 3D environment.
3d-modelling,3D modelling,knowledge,cross-sector,The process of developing a mathematical representation of any three-dimensional surface of an object via specialised software. The product is called a 3D model. It can be displayed as a two-dimensional image through a process called 3D rendering or used in a computer simulation of physical phenomena. The model can also be physically created using 3D printing devices.
3d-printing-process,3D printing process,knowledge,sector-specific,The process of reproducing 3D objects by using 3D printing technologies.
3d-texturing,3D texturing,knowledge,sector-specific,The process of applying a type of surface to a 3D image.
abap,ABAP,knowledge,sector-specific,"The techniques and principles of software development, such as analysis, algorithms, coding, testing and compiling of programming paradigms in ABAP."
abbyy-finereader,ABBYY FineReader,knowledge,sector-specific,"The computer program ABBYY FineReader is software that electronically converts printed and typed images into machine-encoded text so that documents can be electronically stored, edited and digitally displayed."
abide-by-regulations-on-banned-materials,abide by regulations on banned materials,skill/competence,sector-specific,"Comply with regulations banning heavy metals in solder, flame retardants in plastics, and phthalate plasticisers in plastics and wiring harness insulations, under EU RoHS/WEEE Directives and China RoHS legislation."
absorb-learning-management-systems,Absorb (learning management systems),knowledge,sector-specific,"The learning system Absorb is an e-learning platform for creating, administrating and delivering e-learning education courses or training programs for secondary school students."
accounting-techniques,accounting techniques,knowledge,cross-sector,"The techniques of recording and summarising business and financial transactions and analysing, verifying, and reporting the results."
achieve-sales-targets,achieve sales targets,skill/competence,cross-sector,"Reach set sales goals, measured in revenue or sold units. Reach the target within a specific timeframe, prioritise sold products and services accordingly and plan in advance."
acoustics,acoustics,knowledge,cross-sector,"The study of sound, its reflection, amplification and absorption in a space."
acquire-system-component,acquire system component,skill/competence,sector-specific,"Obtain hardware, software or network components which match other system components in order to expand it and perform necessary tasks."
adapt-artistic-plan-to-location,adapt artistic plan to location,skill/competence,sector-specific,Adjust plans to other locations with regards to the artistic concept.
adapt-developed-game-to-the-market,adapt developed game to the market,skill/competence,sector-specific,Follow gaming trends in order to adjust the development of new games to the current needs of the market.
adapt-existing-designs-to-changed-circumstances,adapt existing designs to changed circumstances,skill/competence,sector-specific,Adapt an existing design to changed circumstances and ensure that the artistic quality of the original design is reflected in the final result.
adapt-teaching-to-student-s-capabilities,adapt teaching to student's capabilities,skill/competence,cross-sector,Identify the learning struggles and successes of students. Select teaching and learning strategies that support students’ individual learning needs and goals.
adapt-to-artists-creative-demands,adapt to artists' creative demands,skill/competence,sector-specific,"Work with artists, striving to understand the creative vision and adapting to it. Make full use of your talents and skills to reach the best possible result."
adapt-to-change-in-marketing,adapt to change in marketing,skill/competence,occupation-specific,"Stay informed and adapt to developments, innovations and trends concerning marketing such as marketing tools and marketing technologies."
adapt-to-changes-in-technological-development-plans,adapt to changes in technological development plans,skill/competence,sector-specific,Modify the current design and development activities of technological projects to meet changes in requests or strategies. Ensure that the organisation's or client's needs are met and that any sudden requests which were not previously planned are implemented.
adapt-to-changing-situations,adapt to changing situations,skill/competence,cross-sector,"Change approach to situations based on unexpected and sudden changes in people's needs and mood or in trends; shift strategies, improvise and naturally adapt to those circumstances."
adapt-to-type-of-media,adapt to type of media,skill/competence,sector-specific,"Adapt to different types of media such as television, movies, commercials, and others. Adapt work to type of media, scale of production, budget, genres within type of media, and others."
address-identified-risks,address identified risks,skill/competence,sector-specific,"Implement a risk treatment plan to address the risks identified during the assessment phase, avoid their occurrence and/or minimise their impact. Evaluate the different options available to reduce the exposure to the identified risks, based on the risk appetite of an organisation, the accepted level of tolerance and the cost of treatment."
address-problems-critically,address problems critically,skill/competence,cross-sector,"Identify the strengths and weaknesses of various abstract, rational concepts, such as issues, opinions, and approaches related to a specific problematic situation in order to formulate solutions and alternative methods of tackling the situation."
adhere-to-organisational-guidelines,adhere to organisational guidelines,skill/competence,cross-sector,Adhere to organisational or department specific standards and guidelines. Understand the motives of the organisation and the common agreements and act accordingly.
adjust-engineering-designs,adjust engineering designs,skill/competence,cross-sector,Adjust designs of products or parts of products so that they meet requirements.
adjust-ict-system-capacity,adjust ICT system capacity,skill/competence,sector-specific,"Change the scope of an ICT system by adding or reallocating additional ICT system components, such as network components, servers or storage to meet capacity or volume demands."
adjust-manufacturing-equipment,adjust manufacturing equipment,skill/competence,cross-sector,"Regulate and monitor the manufacturing equipment settings and process parameters, such as its temperature and power level. Review the manufacturing process and equipment and suggest improvements."
adjust-projector,adjust projector,skill/competence,sector-specific,Adjust the controls of projection equipment to obtain a clear and well-positioned image.
adjust-video-transmissions,adjust video transmissions,skill/competence,occupation-specific,"Adjust the fidelity, brightness, and contrast of video transmissions by using video console control panels."
administer-ict-system,administer ICT system,skill/competence,sector-specific,"Handle components of ICT system by maintaining configuration, managing users, monitoring resource use, performing backups and installing hardware or software to comply with the set requirements."
adobe-illustrator,Adobe Illustrator,knowledge,sector-specific,The computer program Adobe Illustrator CC is a graphical ICT tool which enables digital editing and composition of graphics to generate both 2D raster or 2D vector graphics. It is developed by the software company Adobe.
adobe-photoshop,Adobe Photoshop,knowledge,sector-specific,The computer program Adobe Photoshop is a graphical ICT tool which enables digital editing and composition of graphics to generate both 2D raster or 2D vector graphics. It is developed by the software company Adobe.
adobe-photoshop-lightroom,Adobe Photoshop Lightroom,knowledge,sector-specific,The computer program Adobe Photoshop Lightroom is a graphical ICT tool which enables digital editing and composition of graphics to generate both 2D raster or 2D vector graphics. It is developed by the software company Adobe.
adolescent-socialisation-behaviour,adolescent socialisation behaviour,knowledge,cross-sector,"The social dynamics through which young adults live amongst each other, expressing their likes and dislikes and the rules of communication between generations."
advertising-techniques,advertising techniques,knowledge,cross-sector,"The communication strategies intended to persuade or encourage an audience, and the different media which are used to achieve this goal."
advise-client-on-technical-possibilities,advise client on technical possibilities,skill/competence,cross-sector,"Recommend technical solutions, including systems, to the client within the framework of a project."
advise-on-environmental-remediation,advise on environmental remediation,skill/competence,cross-sector,Advise on the development and implementation of actions which aim to remove sources of pollution and contamination from the environment.
advise-on-government-policy-compliance,advise on government policy compliance,skill/competence,cross-sector,"Advise organisations on how they may improve their compliance to the applicable government policies they are required to adhere to, and the necessary steps which need to be taken in order to ensure complete compliance."
advise-on-lesson-plans,advise on lesson plans,skill/competence,cross-sector,"Advise on the ways in which lesson plans for specific lessons can be improved in order to reach education goals, engage the students and adhere to the curriculum."
advise-on-machinery-malfunctions,advise on machinery malfunctions,skill/competence,cross-sector,Offer advice to service technicians in case of machinery malfunctions and other technical repair tasks.
advise-on-safety-improvements,advise on safety improvements,skill/competence,cross-sector,Provide relevant recommendations following the conclusion of an investigation; ensure that recommendations are duly considered and where appropriate acted upon.
advise-on-strengthening-security,advise on strengthening security,skill/competence,sector-specific,Provide information and guidance to clients on how to prevent security threats and incidents.
advise-on-teaching-methods,advise on teaching methods,skill/competence,cross-sector,"Advise education professionals on the proper adaptation of curricula in lesson plans, classroom management, professional conduct as a teacher, and other activities and methods related to teaching."
advise-on-training-courses,advise on training courses,skill/competence,cross-sector,"Provide information on possible training options or qualifications and available funding resources, depending on the needs and educational background of the individual."
aesthetics,aesthetics,knowledge,cross-sector,Set of principles based on which something is appealing and beautiful.
agile-development,Agile development,knowledge,sector-specific,The agile development model is a methodology to design software systems and applications.
agile-project-management,Agile project management,knowledge,sector-specific,"The agile project management approach is a methodology for planning, managing and overseeing of ICT resources in order to meet specific goals and using project management ICT tools."
aircrack-penetration-testing-tool,Aircrack (penetration testing tool),knowledge,sector-specific,"The computer program Aircrack is a cracking program which recovers 802.11 WEP and WPA-PSK keys by making several network attacks such as FMS, KoreK and PTW attacks."
ajax,AJAX,knowledge,sector-specific,"The techniques and principles of software development, such as analysis, algorithms, coding, testing and compiling of programming paradigms in AJAX."
ajax-framework,Ajax Framework,knowledge,sector-specific,The Ajax software development environments which provide specific features and components that support and guide web applications development.
algorithms,algorithms,knowledge,cross-sector,"The self-contained step-by-step sets of operations that carry out calculations, data processing and automated reasoning, usually to solve problems."
align-antennae-with-receiving-dishes,align antennae with receiving dishes,skill/competence,occupation-specific,Align antennae with receiving dishes to obtain the clearest signal for transmission of broadcasts from field locations.
align-components,align components,skill/competence,cross-sector,Align and lay out components in order to put them together correctly according to blueprints and technical plans.
align-content-with-form,align content with form,skill/competence,cross-sector,Align form and content to make sure they fit together.
align-efforts-towards-business-development,align efforts towards business development,skill/competence,cross-sector,"Synchronise the efforts, plans, strategies, and actions carried out in departments of companies towards the growth of business and its turnover. Keep business development as the ultimate outcome of any effort of the company."
align-software-with-system-architectures,align software with system architectures,skill/competence,sector-specific,Put system design and technical specifications in line with software architecture in order to ensure the integration and interoperability between components of the system.
analog-electronics-theory,analog electronics theory,knowledge,sector-specific,The theory based on analogue circuits in which volumes (voltage or current) continuously vary over time.
analyse-a-script,analyse a script,skill/competence,sector-specific,"Break down a script by analysing the dramaturgy, form, themes and structure of a script. Conduct relevant research if necessary."
analyse-big-data,analyse big data,skill/competence,cross-sector,"Collect and evaluate numerical data in large quantities, especially for the purpose of identifying patterns between the data."
analyse-business-processes,analyse business processes,skill/competence,cross-sector,Study the contribution of the work processes to the business goals and monitor their efficiency and productivity.
analyse-business-requirements,analyse business requirements,skill/competence,cross-sector,Study clients' needs and expectations for a product or service in order to identify and resolve inconsistencies and possible disagreements of involved stakeholders.
analyse-clothing-3d-prototypes,analyse clothing 3d prototypes,skill/competence,occupation-specific,Analyse the prototype in order to adjust the pattern of clothing elements on the 3D avatar.
analyse-consumer-buying-trends,analyse consumer buying trends,skill/competence,cross-sector,Analyse buying habits or currently prevalent customer behaviour.
analyse-customer-service-surveys,analyse customer service surveys,skill/competence,cross-sector,Analyse results from surveys completed by passengers/customer. Analyse results to identify trends and draw conclusions.
analyse-environmental-data,analyse environmental data,skill/competence,sector-specific,Analyse data that interpret correlations between human activities and environmental effects.
analyse-external-factors-of-companies,analyse external factors of companies,skill/competence,cross-sector,"Perform research and analysis of the external factor pertaining to companies such as consumers, position in the market, competitors, and political situation."
analyse-ict-system,analyse ICT system,skill/competence,sector-specific,"Analyse the functioning and performance of information systems in order to define their goals, architecture and services and set procedures and operations to meet end users requirements."
analyse-ict-technical-proposals,analyse ICT technical proposals,skill/competence,occupation-specific,"Compare and assess technical requirements of an ICT product, service or solution in terms of quality, costs and compliance to specifications"
analyse-information-systems,analyse information systems,skill/competence,occupation-specific,"Conduct analyses of information systems such as archives, libraries and documentation centers to verify their effectiveness. Develop specific problem solving techniques in order to improve the performance of the systems."
analyse-internal-factors-of-companies,analyse internal factors of companies,skill/competence,cross-sector,"Research and understand various internal factors that influence the operation of companies such as its culture, strategic foundation, products, prices, and available resources."
analyse-large-scale-data-in-healthcare,analyse large-scale data in healthcare,skill/competence,sector-specific,"Carry out large-scale data gathering such as questionnaire surveys, and analyse the obtained data."
analyse-legal-enforceability,analyse legal enforceability,skill/competence,cross-sector,"Examine the client's present situation, ideas and wishes under a legal perspective to assess their legal justification or enforceability."
analyse-network-bandwidth-requirements,analyse network bandwidth requirements,skill/competence,sector-specific,Study the requirements on the transmission capacity of an ICT network or other telecommunication system.
analyse-network-configuration-and-performance,analyse network configuration and performance,skill/competence,sector-specific,"Analyse essential network data (e.g., router configuration files, routing protocols), network traffic capacity and performance characteristics of ICT networks, such as wide area network and local area network, that connect computers using cable or wireless connections and allow them to exchange data."
analyse-scanned-data-of-the-body,analyse scanned data of the body,skill/competence,sector-specific,"Analyse 3D scanned data for the development of prototypes, of avatars, for the creation of size charts, the garment pattern modification, alteration and manipulation, and for testing fit."
analyse-score,analyse score,skill/competence,sector-specific,"Analysing the score, form, themes and structure of a piece of music."
analyse-software-specifications,analyse software specifications,skill/competence,sector-specific,"Assess the specifications of a software product or system to be developed by identifying functional and non-functional requirements, constraints and possible sets of use cases which illustrate interactions between the software and its users."
analyse-staff-capacity,analyse staff capacity,skill/competence,cross-sector,"Evaluate and identify staffing gaps in quantity, skills, performance revenue and surpluses."
analyse-supply-chain-strategies,analyse supply chain strategies,skill/competence,cross-sector,"Examine an organisation's planning details of production, their expected output units, quality, quantity, cost, time available and labour requirements. Provide suggestions in order to improve products, service quality and reduce costs."
analyse-supply-chain-trends,analyse supply chain trends,skill/competence,sector-specific,"Analyse and make predictions about trends and evolutions in supply chain operations in relation to technology, efficiency systems, types of products shipped, and logistical requirements for shipments, in order to remain at the forefront of supply chain methodologies."
analyse-test-data,analyse test data,skill/competence,cross-sector,"Interpret and analyse data collected during testing in order to formulate conclusions, new insights or solutions."
analyse-texts-to-be-illustrated,analyse texts to be illustrated,skill/competence,sector-specific,Analyse texts to be illustrated by researching and checking sources.
analyse-the-artistic-concept-based-on-stage-actions,analyse the artistic concept based on stage actions,skill/competence,sector-specific,"Analyse the artistic concept, form and structure of a live performance based on observation during rehearsals or improvisation. Create a structured base for the design process of a specific production."
analyse-the-context-of-an-organisation,analyse the context of an organisation,skill/competence,cross-sector,Study the external and internal environment of an organisation by identifying its strengths and weaknesses in order to provide a base for company strategies and further planning.
analyse-the-need-for-technical-resources,analyse the need for technical resources,skill/competence,sector-specific,Define and make a list of the required resources and equipment based on the technical needs of the production.
analyse-the-scenography,analyse the scenography,skill/competence,sector-specific,Analyse the selection and distribution of material elements on a stage.
analyse-work-related-written-reports,analyse work-related written reports,skill/competence,cross-sector,"Read and comprehend job-related reports, analyse the content of reports and apply findings to daily work operations."
analytical-methods-in-biomedical-sciences,analytical methods in biomedical sciences,knowledge,sector-specific,"The various research, mathematical or analytical methods used in biomedical sciences."
android-mobile-operating-systems,Android (mobile operating systems),knowledge,sector-specific,"The system software Android consists of features, restrictions, architectures and other characteristics of operating systems designed to run on mobile devices."
angular,Angular,knowledge,sector-specific,"The techniques and principles of software development, such as analysis, algorithms, coding, testing and compiling of programming paradigms in Angular."
animate-3d-organic-forms,animate 3D organic forms,skill/competence,sector-specific,"Vitalise digital 3D models of organic items, such as emotions or face movements of characters and place them in a digital 3D environment."
ansible,Ansible,knowledge,sector-specific,"The tool Ansible is a software program to perform configuration identification, control, status accounting and audit."
answer-incoming-calls,answer incoming calls,skill/competence,cross-sector,Respond to customers' inquiries and provide customers with appropriate information.
answer-requests-for-quotation,answer requests for quotation,skill/competence,cross-sector,Make up prices and documents for the products that customers may purchase.
apache-maven,Apache Maven,knowledge,sector-specific,"The tool Apache Maven is a software program to perform configuration identification, control, status accounting and audit of software during its development and maintenance."
apache-tomcat,Apache Tomcat,knowledge,sector-specific,"The open-source web server Apache Tomcat provides a Java web server environment which uses a built in container where HTTP requests are loaded, allowing the Java web applications to run on local and server based systems."
apl,APL,knowledge,sector-specific,"The techniques and principles of software development, such as analysis, algorithms, coding, testing and compiling of programming paradigms in APL."
apparel-manufacturing-technology,apparel manufacturing technology,knowledge,sector-specific,"Traditional and advanced apparel manufacturing technologies. Technologies including processes, machinery, etc. in order to compile and design pattern requirements, contribute to product costing and finalise assembly sequence and quality assurance criteria."
application-usability,application usability,knowledge,sector-specific,"The process through which the learnability, efficiency, usefulness and ease of use of a software application can be defined and measured."
apply-3d-imaging-techniques,apply 3D imaging techniques,skill/competence,sector-specific,"Implement a variety of techniques such as digital sculpting, curve modelling and 3D scanning to create, edit, preserve and use 3D images, such as point clouds, 3D vector graphic and 3D surface shapes."
apply-advanced-manufacturing,apply advanced manufacturing,skill/competence,cross-sector,"Improve production rates, efficiencies, yields, costs, and changeovers of products and processes using relevant advanced, innovative, and cutting edge technology."
apply-blended-learning,apply blended learning,skill/competence,cross-sector,"Be familiar with blended learning tools by combining traditional face-to-face and online learning, using digital tools, online technologies, and e-learning methods."
apply-business-acumen,apply business acumen,skill/competence,cross-sector,Take appropriate actions in a business environment in order to maximise possible outcome from each situation.
apply-change-management,apply change management,skill/competence,cross-sector,Manage development within an organisation by anticipating changes and making managerial decisions to ensure that the members involved are as less disturbed as possible.
apply-company-policies,apply company policies,skill/competence,cross-sector,Apply the principles and rules that govern the activities and processes of an organisation.
apply-conflict-management,apply conflict management,skill/competence,cross-sector,"Take ownership of the handling of all complaints and disputes showing empathy and understanding to achieve resolution. Be fully aware of all Social Responsibility protocols and procedures, and be able to deal with a problematic gambling situation in a professional manner with maturity and empathy."
apply-control-process-statistical-methods,apply control process statistical methods,skill/competence,cross-sector,Apply statistical methods from Design of Experiments (DOE) and Statistical Process Control (SPC) in order to control manufacturing processes.
apply-customer-engagement-strategy,apply customer engagement strategy,skill/competence,cross-sector,Engage customers with a company or a brand by employing several methods such as humanisation of the brand and social media usage. The initiative for engagement can come either from the consumer or the company and the medium of engagement can be online as well as offline.
apply-desktop-publishing-techniques,apply desktop publishing techniques,skill/competence,cross-sector,Apply desktop publishing techniques to create page layouts and typographic quality text.
apply-for-government-funding,apply for government funding,skill/competence,cross-sector,"Gather information on and apply for subsidies, grants, and other financing programmes provided by the government to small- and large-scale projects or organisations in various fields."
apply-for-research-funding,apply for research funding,skill/competence,cross-sector,Identify key relevant funding sources and prepare research grant application in order to obtain funds and grants. Write research proposals.
apply-gaming-psychology,apply gaming psychology,skill/competence,sector-specific,Employ human psychology principles for gaming development strategies in order to create appealing games.
apply-good-clinical-practices,apply good clinical practices,skill/competence,sector-specific,"Ensure compliance with and application of the ethical and scientific quality standards used to conduct, record and report clinical trials that involve human participation, at an international level."
apply-grammar-and-spelling-rules,apply grammar and spelling rules,skill/competence,cross-sector,Apply the rules of spelling and grammar and ensure consistency throughout texts.
apply-health-and-safety-standards,apply health and safety standards,skill/competence,cross-sector,Adhere to standards of hygiene and safety established by respective authorities.
apply-ict-system-usage-policies,apply ICT system usage policies,skill/competence,sector-specific,Follow written and ethical laws and policies regarding proper ICT system usage and administration.
apply-ict-systems-theory,apply ICT systems theory,skill/competence,sector-specific,Implement principles of ICT systems theory in order to explain and document system characteristics that can be applied universally to other systems
apply-information-security-policies,apply information security policies,skill/competence,sector-specific,"Implement policies, methods and regulations for data and information security in order to respect confidentiality, integrity and availability principles."
apply-intercultural-teaching-strategies,apply intercultural teaching strategies,skill/competence,cross-sector,"Ensure that the content, methods, materials and the general learning experience is inclusive for all students and takes into account the expectations and experiences of learners from diverse cultural backgrounds. Explore individual and social stereotypes and develop cross-cultural teaching strategies."
apply-operations-for-an-itil-based-environment,apply operations for an ITIL-based environment,skill/competence,occupation-specific,Properly operate ITIL (Information Technology Infrastructure Library) based service desk procedures.
apply-organisational-techniques,apply organisational techniques,skill/competence,cross-sector,"Employ a set of organisational techniques and procedures which facilitate the achievement of the set goals set such as detailed planning of personnel's schedules. Use these resources efficiently and sustainably, and show flexibility when required."
apply-publicity-code,apply publicity code,skill/competence,occupation-specific,"Apply legislation and rules to present products to a public in texts, pictures and other symbols."
apply-research-ethics-and-scientific-integrity-principles-in-research-activities,apply research ethics and scientific integrity principles in research activities,skill/competence,cross-sector,"Apply fundamental ethical principles and legislation to scientific research, including issues of research integrity. Perform, review, or report research avoiding misconducts such as fabrication, falsification, and plagiarism."
apply-reverse-engineering,apply reverse engineering,skill/competence,sector-specific,"Use techniques to extract information or disassemble an ICT component, software or system in order to analyse, correct and reassemble or reproduce it."
apply-risk-management-processes,apply risk management processes,skill/competence,cross-sector,"Identify risks and apply a risk management process, e.g. hazard analysis and critical control points (HACCP)."
apply-social-media-marketing,apply social media marketing,skill/competence,cross-sector,"Employ website traffic of social media such as Facebook and Twitter to generate attention and participation of existing and potential customers through discussion forums, web logs, microblogging and social communities for gaining a quick overview or insight into topics and opinions in the social web and handle inbound leads or inquiries."
apply-soldering-techniques,apply soldering techniques,skill/competence,cross-sector,"Apply and work with a variety of techniques in the process of soldering, such as soft soldering, silver soldering, induction soldering, resistance soldering, pipe soldering, mechanical and aluminium soldering."
apply-statistical-analysis-techniques,apply statistical analysis techniques,skill/competence,cross-sector,"Use models (descriptive or inferential statistics) and techniques (data mining or machine learning) for statistical analysis and ICT tools to analyse data, uncover correlations and forecast trends."
apply-strategic-thinking,apply strategic thinking,skill/competence,cross-sector,"Apply generation and effective application of business insights and possible opportunities, in order to achieve competitive business advantage on a long-term basis."
apply-system-organisational-policies,apply system organisational policies,skill/competence,cross-sector,"Implement internal policies related to the development, internal and external usage of technological systems, such as software systems, network systems and telecommunications systems, in order to achieve a set of goals and targets regarding the efficient operations and growth of an organisation."
apply-systemic-design-thinking,apply systemic design thinking,skill/competence,cross-sector,"Apply the process of combining systems thinking methodologies with human-centred design in order to solve complex societal challenges in an innovative and sustainable way. This is most often applied in social innovation practices that focus less on designing stand-alone products and services to designing complex service systems, organizations or policies that bring value to the society as a whole."
apply-teaching-strategies,apply teaching strategies,skill/competence,cross-sector,"Employ various approaches, learning styles, and channels to instruct students, such as communicating content in terms they can understand, organising talking points for clarity, and repeating arguments when necessary. Use a wide range of teaching devices and methodologies appropriate to the class content, the learners' level, goals, and priorities."
apply-technical-communication-skills,apply technical communication skills,skill/competence,cross-sector,"Explain technical details to non-technical customers, stakeholders, or any other interested parties in a clear and concise manner."
apply-tools-for-content-development,apply tools for content development,skill/competence,cross-sector,"Use specialised content development tools such as content and terminology management systems, translation memory systems, language checker and editors to generate, compile and transform content according to specified standards."
approve-engineering-design,approve engineering design,skill/competence,cross-sector,Give consent to the finished engineering design to go over to the actual manufacturing and assembly of the product.
archive-documentation-related-to-work,archive documentation related to work,skill/competence,sector-specific,Select relevant documentation related to the ongoing or complete work and take steps to archive it in a way that ensures its future accessibility.
arrange-parent-teacher-meeting,arrange parent teacher meeting,skill/competence,cross-sector,Set up joined and individual meetings with students' parents to discuss their child's academic progress and general well-being.
art-history,art history,knowledge,sector-specific,"The history of art and artists, the artistic trends throughout centuries and their contemporary evolutions."
artificial-lighting-systems,artificial lighting systems,knowledge,sector-specific,"Types of artificial lighting and their power consumption. HF fluorescent lighting, LED lighting, natural daylight and programmed control systems allow an efficient use of energy."
artificial-neural-networks,artificial neural networks,knowledge,cross-sector,A network of artificial neurons composed for solving artificial intelligence problems. These computing systems are inspired by the biological neural networks that constitute brains. Understanding of its general model and its elements. Knowledge of its use possibilities for automation.
asp-net,ASP.NET,knowledge,sector-specific,"The techniques and principles of software development, such as analysis, algorithms, coding, testing and compiling of programming paradigms in ASP.NET."
assemble-hardware-components,assemble hardware components,skill/competence,cross-sector,"Assemble the necessary hardware components, such as the motherboard, Central Processing Unit (CPU), hard drive, disk drive, power supply unit, RAM, PCI card, mouse, keyboard, cameras and other necessary components to build the computer device. Attach the components manually using screwdrivers or use assembly machines and install the wiring."
assemble-mechatronic-units,assemble mechatronic units,skill/competence,sector-specific,"Assemble mechatronic units using mechanical, pneumatic, hydraulic, electrical, electronic, and information technology systems and components. Manipulate and attach metals through using welding and soldering techniques, glue, screws, and rivets. Install wiring. Install drive systems, sensors, actuators, and transducers. Mount switches, control devices, coverings, and protection."
assemble-performance-equipment,assemble performance equipment,skill/competence,sector-specific,"Set up sound, light and video equipment on stage before performance event according to specifications."
assemble-robots,assemble robots,skill/competence,sector-specific,"Assemble robotic machines, devices, and components according to engineering drawings. Program and install the necessary components of robotic systems, such as robot controllers, conveyors, and end-of-arm tools."
assemble-sensors,assemble sensors,skill/competence,sector-specific,Mount chips on a sensor substrate and attach them using soldering or wafer bumping techniques.
assemble-video-tape-footage,assemble video tape footage,skill/competence,sector-specific,"Assemble all raw video footage, with camera shots either recorded or transferred onto video tape in preparation for inputting into the computer."
assembly-computer-programming,Assembly (computer programming),knowledge,sector-specific,"The techniques and principles of software development, such as analysis, algorithms, coding, testing and compiling of programming paradigms in Assembly."
assess-conservation-needs,assess conservation needs,skill/competence,sector-specific,"Assess and list the needs for conservation/restoration, in relation to current use and planned future use."
assess-employees-capability-levels,assess employees' capability levels,skill/competence,cross-sector,Evaluate the capabilities of employees by creating criteria and systematic testing methods for measuring expertise of individuals within an organisation.
assess-financial-viability,assess financial viability,skill/competence,cross-sector,"Revise and analyse financial information and requirements of projects such as their budget appraisal, expected turnover, and risk assessment for determining the benefits and costs of the project. Assess if the agreement or project will redeem its investment, and whether the potential profit is worth the financial risk."
assess-ict-knowledge,assess ICT knowledge,skill/competence,sector-specific,Evaluate the implicit mastery of skilled experts in an ICT system to make it explicit for further analysis and usage.
assess-informational-needs,assess informational needs,skill/competence,sector-specific,Communicate with clients or users in order to identify which information they require and the methods with which they can access it.
assess-power-needs,assess power needs,skill/competence,cross-sector,Prepare and manage the provision of electrical power for different areas.
assess-sound-quality,assess sound quality,skill/competence,sector-specific,Assess the recorded sound and music. Make sure it conforms to specifications.
assess-students,assess students,skill/competence,cross-sector,"Evaluate the students' (academic) progress, achievements, course knowledge and skills through assignments, tests, and examinations. Diagnose their needs and track their progress, strengths, and weaknesses. Formulate a summative statement of the goals the student achieved."
assess-supplier-risks,assess supplier risks,skill/competence,sector-specific,"Evaluate supplier performance in order to assess if suppliers follow the agreed contracts, meet the standard requirements and provide the desired quality."
assess-users-interaction-with-ict-applications,assess users' interaction with ICT applications,skill/competence,sector-specific,"Evaluate how users interact with ICT applications in order to analyse their behaviour, draw conclusions (for instance about their motives, expectations and goals) and improve applications' functionalities."
assessment-processes,assessment processes,knowledge,cross-sector,"Various evaluation techniques, theories, and tools applicable in the assessment of students, participants in a programme, and employees. Different assessment strategies such as initial, formative, summative and self- assessment are used for varying purposes."
assign-homework,assign homework,skill/competence,sector-specific,"Provide additional exercises and assignments that the students will prepare at home, explain them in a clear way, and determine the deadline and evaluation method."
assist-children-with-special-needs-in-education-settings,assist children with special needs in education settings,skill/competence,sector-specific,"Assist children with special needs, identifying their needs, modifying classroom equipment to accommodate them and helping them participate in school activities."
assist-customers,assist customers,skill/competence,sector-specific,"Provide support and advice to customers in making purchasing decisions by finding out their needs, selecting suitable service and products for them and politely answering questions about products and services."
assist-in-the-organisation-of-school-events,assist in the organisation of school events,skill/competence,cross-sector,"Provide assistance in the planning and organisation of school events, such as the school's open house day, a sports game or a talent show."
assist-scientific-research,assist scientific research,skill/competence,cross-sector,"Assist engineers or scientists with conducting experiments, performing analysis, developing new products or processes, constructing theory, and quality control."
assist-students-in-their-learning,assist students in their learning,skill/competence,cross-sector,"Support and coach students in their work, give learners practical support and encouragement."
assist-students-with-equipment,assist students with equipment,skill/competence,cross-sector,Provide assistance to students when working with (technical) equipment used in practice-based lessons and solve operational problems when necessary.
assist-with-litigation-matters,assist with litigation matters,skill/competence,cross-sector,"Provide assistance with the management of litigation matters, including document collection and investigation."
assistive-technology-in-education,assistive technology in education,knowledge,occupation-specific,"Digital devices and equipment that support learners with learning, communication or mobility challenges to access educational resources and achieve their full potential. It includes software such as text to speech and optical character recognition."
attack-vectors,attack vectors,knowledge,sector-specific,"Method or pathway deployed by hackers to penetrate or target systems with the end to extract information, data, or money from private or public entities."
attend-music-recording-sessions,attend music recording sessions,skill/competence,sector-specific,Attend recording sessions in order to make changes or adaptations to the musical score.
attend-rehearsals,attend rehearsals,skill/competence,cross-sector,"Attend rehearsals in order to adapt sets, costumes, make-up, lighting, camera set up, etc."
attend-to-ict-systems-quality,attend to ICT systems quality,skill/competence,sector-specific,"Ensure correct operations which comply fully with specific needs and outcomes in terms of the development, integration, security and overall management of ICT systems."
audio-editing-software,audio editing software,knowledge,cross-sector,"The various software for editing and generating audio, such as Adobe Audition, Soundforge, and Power Sound Editor."
audio-mastering,audio mastering,knowledge,sector-specific,The post-production process where the finished recorded audio is transferred to a data storage device from which it will be copied.
audio-post-production,audio post-production,knowledge,sector-specific,The mixing process after the music recording phase where each song is edited individually into a finished product.
audio-technology,audio technology,knowledge,cross-sector,"The various technologies for producing, recording, and reproducing sound."
audiovisual-equipment,audiovisual equipment,knowledge,sector-specific,The characteristics and usage of different tools that stimulate the sight and audio senses.
audiovisual-products,audiovisual products,knowledge,sector-specific,"The different types of audiovisual products and their requirements, such as documentaries, low budget movies, television series, records, CDs, and others."
audit-techniques,audit techniques,knowledge,cross-sector,"The techniques and methods that support a systematic and independent examination of data, policies, operations and performances using computer-assisted audit tools and techniques (CAATs) such as spreadsheets, databases, statistical analysis and business intelligence software."
augmented-reality,augmented reality,knowledge,cross-sector,"The process of adding diverse digital content (such as images, 3D objects, etc) on surfaces that exist in the real world. The user can interact in real-time with the technology by using devices such as mobile phones."
authoring-software,authoring software,knowledge,cross-sector,"The software that provides pre-programmed elements which allow the development of interactive multimedia applications in order to edit, structure and lay out content intended for publication."
automate-cloud-tasks,automate cloud tasks,skill/competence,sector-specific,Automate manual or repeatable processes to minimize management overhead. Evaluate cloud automation alternatives for network deployments and tool-based alternatives for network operations and management.
automation-technology,automation technology,knowledge,cross-sector,"Set of technologies that make a process, system, or apparatus operate automatically through the use of control systems."
backbox-penetration-testing-tool,Backbox (penetration testing tool),knowledge,sector-specific,"The software BackBox is a Linux distribution which tests security weaknesses of the system for potentially unauthorised access to system information by information gathering, forensic, wireless and VoIP analysis, exploitation and reverse engineering."
balance-database-resources,balance database resources,skill/competence,sector-specific,"Stabilise the workload and resources of a database, by controlling the demand of transactions, allocating disk spaces and ensuring reliability of the servers in order to optimise cost and risk ratio."
behavioural-disorders,behavioural disorders,knowledge,cross-sector,"The often emotionally disruptive types of behaviour a child or adult can show, such as attention deficit hyperactivity disorder (ADHD) or oppositional defiant disorder (ODD)."
behavioural-science,behavioural science,knowledge,cross-sector,The investigation and analysis of subject behaviour through regulated and lifelike observations and disciplined scientific experiments.
blackarch,BlackArch,knowledge,sector-specific,The BlackArch Linux distribution is a penetration testing tool which tests security weaknesses of the system for potentially unauthorised access to system information.
blackberry,BlackBerry,knowledge,sector-specific,"The system software BlackBerry consists of features, restrictions, architectures and other characteristics of operating systems designed to run on mobile devices."
blockchain-consensus-mechanisms,blockchain consensus mechanisms,knowledge,sector-specific,The different mechanisms and their characteristics that ensure a transaction is propagated correctly in the distributed ledger.
blockchain-openness,blockchain openness,knowledge,sector-specific,"The different levels of openness of a blockchain, their differences, and their advantages and disadvantages. Examples are permissionless, permissioned, and hybrid blockchains"
blockchain-platforms,blockchain platforms,knowledge,sector-specific,"The different integrated infrastructures, each with their own characteristics, that allow the development of blockchain applications. Examples are multichain, ehtereum, hyperledger, corda, ripple, openchain, etc."
blueprints,blueprints,knowledge,cross-sector,"Must be able to read and understand blueprints, drawings and plans and maintain simple written records."
brainstorm-ideas,brainstorm ideas,skill/competence,cross-sector,"Pitch your ideas and concepts to fellow members of the creative team in order to come up with alternatives, solutions and better versions."
brand-marketing-techniques,brand marketing techniques,knowledge,cross-sector,The methods and systems used in researching and establishing a brand identity for marketing purposes.
brightspace-learning-management-systems,Brightspace (learning management systems),knowledge,sector-specific,"The computer program Brightspace is a e-learning platform for creating, administrating, arranging, reporting and delivering e-learning education courses or training programs. It is developed by the software company D2L Corporation."
broadcast-equipment,broadcast equipment,knowledge,sector-specific,"The use and operation of broadcast equipment such as broadcast consoles, routers, microphones, dual compressors, and other machinery."
broadcast-using-internet-protocol,broadcast using Internet Protocol,skill/competence,occupation-specific,Manage broadcasting over the internet by properly using the Internet Protocol in order to ensure the broadcast is accessible to users.
build-business-relationships,build business relationships,skill/competence,cross-sector,"Establish a positive, long-term relationship between organisations and interested third parties such as suppliers, distributors, shareholders and other stakeholders in order to inform them of the organisation and its objectives."
build-predictive-models,build predictive models,skill/competence,sector-specific,Create models to predict the probability of an outcome.
build-recommender-systems,build recommender systems,skill/competence,occupation-specific,Construct recommendation systems based on large data sets using programming languages or computer tools to create a subclass of information filtering system that seeks to predict the rating or preference a user gives to an item.
business-analysis,business analysis,knowledge,cross-sector,"The research field which addresses the identification of business needs and problems and the determination of the solutions that would mitigate or prevent the smooth functioning of a business. Business analysis comprises IT solutions, market challenges, policy development and strategic matters."
business-ict-systems,business ICT systems,knowledge,sector-specific,"The software packages, hardware devices and new technologies used in supporting business processes such as enterprise resource planning (ERP), customer relationship management (CRM), mobile devices and network solutions."
business-intelligence,business intelligence,knowledge,cross-sector,The tools used to transform large amounts of raw data into relevant and helpful business information.
business-process-modelling,business process modelling,knowledge,sector-specific,"The tools, methods and notations such as Business Process Model and Notation (BPMN) and Business Process Execution Language (BPEL), used to describe and analyse the characteristics of a business process and model its further development."
business-processes,business processes,knowledge,cross-sector,"Processes which an organisation applies to improve efficiency, set new objectives and reach goals in a profitable and timely manner."
business-requirements-techniques,business requirements techniques,knowledge,sector-specific,The procedures required to identify and analyse business and organisational needs.
business-strategy-concepts,business strategy concepts,knowledge,cross-sector,"The terminology related to the design and implementation of major trends and aims which are taken by an organisation's executives, while keeping in mind its resources, competition and environments."
c-2,C#,knowledge,sector-specific,"The techniques and principles of software development, such as analysis, algorithms, coding, testing and compiling of programming paradigms in C#."
c,C++,knowledge,sector-specific,"The techniques and principles of software development, such as analysis, algorithms, coding, testing and compiling of programming paradigms in C++."
ca-datacom-db,CA Datacom/DB,knowledge,sector-specific,"The computer program CA Datacom/DB is a tool for creating, updating and managing databases, currently developed by the software company CA Technologies."
cad-for-garment-manufacturing,CAD for garment manufacturing,knowledge,sector-specific,Softwares of computer aided design for garment manufacturing which allow create 2 or 3 dimensional drawings.
cad-software,CAD software,knowledge,cross-sector,"The computer-aided design (CAD) software for creating, modifying, analysing or optimising a design."
cadd-software,CADD software,knowledge,cross-sector,The computer-aided design and drafting (CADD) is the use of computer technology for design and design documentation. CAD software replaces manual drafting with an automated process.
cae-software,CAE software,knowledge,cross-sector,The software to perform computer-aided engineering (CAE) analysis tasks such as Finite Element Analysis and Computional Fluid Dynamics.
cain-and-abel-penetration-testing-tool,Cain and Abel (penetration testing tool),knowledge,sector-specific,"The software tool Cain and Abel is a password recovery tool which tests the Microsoft Operating System for security weaknesses and potentially unauthorised access to system information. The tool decodes, decrypts and uncovers passwords by means such as brute-force and cryptanalysis attacks, network sniffing and protocols analysis."
calculate-design-costs,calculate design costs,skill/competence,sector-specific,Calculate design costs to make sure the project is financially viable.
calculate-materials-to-build-equipment,calculate materials to build equipment,skill/competence,cross-sector,Determine the amount and the kind of materals necessary to build certain machines or equipment.
calibrate-electronic-instruments,calibrate electronic instruments,skill/competence,cross-sector,Correct and adjust the reliability of an electronic instrument by measuring output and comparing results with the data of a reference device or a set of standardised results. This is done in regular intervals which are set by the manufacturer and using calibration devices.
calibrate-mechatronic-instruments,calibrate mechatronic instruments,skill/competence,sector-specific,Correct and adjust the reliability of an mechatronic instrument by measuring output and comparing results with the data of a reference device or a set of standardised results. This is done in regular intervals which are set by the manufacturer.
call-quality-assurance-management,call quality assurance management,knowledge,cross-sector,Recording systems and monitoring procedures used in keeping track of call quality and methods for improvement.
cam-software,CAM software,knowledge,sector-specific,"Different tools for computer-aided manufacturing (CAM) to control machinery and machine tools in the creation, modification, analysis, or optimisation as part of the manufacturing processes of workpieces."
canvas-learning-management-systems,Canvas (learning management systems),knowledge,sector-specific,"The Canvas network is an e-learning platform for creating, administrating, arranging, reporting and delivering e-learning education courses or training programs."
capture-one,Capture One,knowledge,sector-specific,The computer program Capture One is a graphical ICT tool which enables digital editing and composition of graphics to generate both 2D raster or 2D vector graphics.
carry-out-environmental-audits,carry out environmental audits,skill/competence,cross-sector,Use equipment to measure various environmental parameters in order to identify environmental problems and investigate manners in which they can be resolved. Perform inspections in order to ensure compliance with environmental legislation.
carry-out-forum-moderation,carry out forum moderation,skill/competence,cross-sector,"Supervise communication activity on a web forum and other discussion platforms by assessing if the content adheres to forum regulations, enforcing rules of conduct, and ensuring the forum remains free of illegal material and conflict."
carry-out-project-activities,carry out project activities,skill/competence,cross-sector,Carry out project activities based on the project work plan and schedule. Assist in the development and execution of project plans.
carry-out-statistical-forecasts,carry out statistical forecasts,skill/competence,cross-sector,"Undertake a systematic statistical examination of data representing past observed behaviour of the system to be forecast, including observations of useful predictors outside the system."
carry-out-strategic-research,carry out strategic research,skill/competence,cross-sector,Research long term possibilities for improvements and plan steps to achieve them.
carry-out-tendering,carry out tendering,skill/competence,cross-sector,"Place the request for a quotation to the organisation requesting a tender, then perform the work or supply the goods agreed with them during the tendering process."
channel-marketing,channel marketing,knowledge,cross-sector,"The strategies and practices, including channel sales, that involve distributing products directly and indirectly through partners in order to bring the products to the end consumer."
characteristics-of-products,characteristics of products,knowledge,sector-specific,"The tangible characteristics of a product such as its materials, properties and functions, as well as its different applications, features, use and support requirements."
characteristics-of-services,characteristics of services,knowledge,sector-specific,"The characteristics of a service that might include having acquired information about its application, function, features, use and support requirements."
check-film-reels,check film reels,skill/competence,occupation-specific,Check the condition of film reels upon arrival and register them according company guidelines.
check-system-parameters-against-reference-values,check system parameters against reference values,skill/competence,cross-sector,Make sure that the measurable factors which define the operation of a system correspond to the predetermined norms.
chef-tools-for-software-configuration-management,Chef (tools for software configuration management),knowledge,sector-specific,"The tool Chef is a software program which performs infrastructure configuration identification, control and automation aiming to ease the applications deployment."
cinematography,cinematography,knowledge,sector-specific,The science of recording light and electromagnetic radiation in order to create a motion picture. The recording can happen electronically with an image sensor or chemically on light sensitive materials such as film stock.
circuit-diagrams,circuit diagrams,knowledge,sector-specific,"Read and comprehend circuit diagrams showing the connections between the devices, such as power and signal connections."
cisco,Cisco,knowledge,sector-specific,The products available from the network equipment provider Cisco and methods for selecting and procuring the equipment.
clean-equipment,clean equipment,skill/competence,cross-sector,Perform cleaning routines after equipment use.
clinical-reports,clinical reports,knowledge,sector-specific,"The methods, assessment practices, credentials and opinions gathering procedures necessary for writing clinical reports."
clinical-science,clinical science,knowledge,sector-specific,"The research and development of the techniques and equipment used by medical staff to prevent, diagnose and treat illness."
cloud-monitoring-and-reporting,cloud monitoring and reporting,knowledge,sector-specific,"The metrics and alarms utilizing cloud monitoring services, in particular performance and availability metrics."
cloud-security-and-compliance,cloud security and compliance,knowledge,sector-specific,"Cloud security and compliance concepts, including shared responsibility model, cloud access management capabilities, and resources for security support."
cloud-technologies,cloud technologies,knowledge,sector-specific,"The technologies which enable access to hardware, software, data and services through remote servers and software networks irrespective of their location and architecture."
coach-clients,coach clients,skill/competence,cross-sector,Actively help clients to improve their strengths and confidence. Propose courses and workshops or coach them yourself.
coach-employees,coach employees,skill/competence,cross-sector,"Maintain and improve employees' performance by coaching individuals or groups how to optimise specific methods, skills or abilities, using adapted coaching styles and methods. Tutor newly recruited employees and assist them in the learning of new business systems."
coach-staff-for-running-the-performance,coach staff for running the performance,skill/competence,sector-specific,Give instructions to all team members about how they should run the performance.
cobol,COBOL,knowledge,sector-specific,"The techniques and principles of software development, such as analysis, algorithms, coding, testing and compiling of programming paradigms in COBOL."
codenvy,Codenvy,knowledge,sector-specific,The tool Codenvy is a platform used to create on-demand workspaces in the cloud where developers can collaborate on coding projects and work together before they merge their work to the main repository.
coffeescript,CoffeeScript,knowledge,sector-specific,"The techniques and principles of software development, such as analysis, algorithms, coding, testing and compiling of programming paradigms in CoffeeScript."
cognitive-psychology,cognitive psychology,knowledge,cross-sector,"The human mental processes such as attention, memory, language use, perception, problem solving, creativity and thinking."
collaborate-in-the-development-of-marketing-strategies,collaborate in the development of marketing strategies,skill/competence,cross-sector,Work together with a group of professionals to develop marketing strategies performing market analysis and financial viability while staying aligned with the company's goals.
collaborate-on-costume-and-make-up-for-performances,collaborate on costume and make-up for performances,skill/competence,cross-sector,Work with the staff responsible for costumes and make up in line with their creative vision and obtain directions from them about how make-up and costumes should look.
collaborate-with-a-technical-staff-in-artistic-productions,collaborate with a technical staff in artistic productions,skill/competence,cross-sector,"Coordinate your artistic activities with others who specialise in the technical side of the project. Inform the technical staff of your plans and methods and obtain feedback on feasibility, cost, procedures and other relevant information. Be able to understand the vocabulary and the practises about technical issues"
collaborate-with-music-librarians,collaborate with music librarians,skill/competence,sector-specific,Communicate and work together with music librarians to ensure permanent availability of scores.
collect-customer-feedback-on-applications,collect customer feedback on applications,skill/competence,cross-sector,Gather a response and analyse data from customers to identify requests or problems in order to improve applications and overall customer satisfaction.
collect-cyber-defence-data,collect cyber defence data,skill/competence,sector-specific,"Collect data for cyber defence using various data collection tools. Data may be gathered from a number of internal or external sources such as online trade records, DNS request logs, email servers' logs, digital communications packet capturing, deep web resources, etc."
collect-healthcare-user-s-general-data,collect healthcare user's general data,skill/competence,sector-specific,Collect qualitative and quantitative data related to the healthcare user's anagraphic data and provide support on filling out the present and past history questionnaire and record the measures/tests performed by the practitioner.
collect-ict-data,collect ICT data,skill/competence,cross-sector,Gather data by designing and applying search and sampling methods.
common-aviation-safety-regulations,common aviation safety regulations,knowledge,sector-specific,"The body of legislation and regulations that apply to the field of civil aviation at regional, national, European and International levels. Understand that regulations aimed at protecting citizens at all times in civil aviation; ensure that operators, citizens, and organisations comply with these rules."
common-lisp,Common Lisp,knowledge,sector-specific,"The techniques and principles of software development, such as analysis, algorithms, coding, testing and compiling of programming paradigms in Common Lisp."
communicate-analytical-insights,communicate analytical insights,skill/competence,sector-specific,"Obtain analytical insights and share them with relevant teams, in order to enable them to optimise supply chain (SC) operations and planning."
communicate-during-show,communicate during show,skill/competence,sector-specific,"Communicate efficiently with other professionals during a live performance show, anticipating any possible malfunctioning."
communicate-in-air-traffic-services,communicate in air traffic services,skill/competence,sector-specific,Ensure the implementation of an efficient communication exchange in air traffic services (ATS) involving airport movement areas. Follow procedures within the network.
communicate-in-foreign-languages-with-health-service-providers,communicate in foreign languages with health service providers,skill/competence,cross-sector,Apply foreign languages in communicating with health service providers such as doctors and nurses.
communicate-in-healthcare,communicate in healthcare,skill/competence,cross-sector,"Communicate effectively with patients, families and other caregivers, health care professionals, and community partners."
communicate-test-results-to-other-departments,communicate test results to other departments,skill/competence,cross-sector,"Communicate testing information such as testing schedules, samples testing statistics and test results, to the relevant departments."
communicate-with-a-non-scientific-audience,communicate with a non-scientific audience ,skill/competence,cross-sector,"Communicate about scientific findings to a non-scientific audience, including the general public. Tailor the communication of scientific concepts, debates, findings to the audience, using a variety of methods for different target groups, including visual presentations."
communicate-with-customers,communicate with customers,skill/competence,cross-sector,"Respond to and communicate with customers in the most efficient and appropriate manner to enable them to access the desired products or services, or any other help they may require."
communication-disorders,communication disorders,knowledge,cross-sector,"The malfunction in a person's ability to comprehend, process and share concepts in various forms, such as verbal, non verbal or graphical during language, hearing, and speech communication processes."
company-policies,company policies,knowledge,sector-specific,The set of rules that govern the activity of a company.
compare-contractors-bids,compare contractors' bids,skill/competence,cross-sector,Compare proposals to award a contract in order to execute specified jobs within a prescribed frame of time.
competition-law,competition law,knowledge,cross-sector,The legal regulations that maintain market competition by regulating anti-competitive behaviour of companies and organisations.
compile-content,compile content,skill/competence,cross-sector,"Retrieve, select and organise content from specific sources, according to the requirements of the output media such as printed materials, online applications, platforms, websites and video."
compile-course-material,compile course material,skill/competence,cross-sector,"Write, select or recommend a syllabus of learning material for the students enrolled in the course."
comply-with-legal-regulations,comply with legal regulations,skill/competence,cross-sector,"Ensure you are properly informed of the legal regulations that govern a specific activity and adhere to its rules, policies and laws."
comply-with-legislation-related-to-health-care,comply with legislation related to health care,skill/competence,cross-sector,"Comply with the regional and national health legislation which regulates relations between suppliers, payers, vendors of the healthcare industry and patients, and the delivery of healthcare services."
comply-with-quality-standards-related-to-healthcare-practice,comply with quality standards related to healthcare practice,skill/competence,sector-specific,"Apply quality standards related to risk management, safety procedures, patients feedback, screening and medical devices in daily practice, as they are recognized by the national professional associations and authorities."
compose-description-for-web-elements,compose description for web elements,skill/competence,occupation-specific,"Create texts to convey the message of a web element, such as images or frames, even in cases when it cannot be displayed to the user."
compose-digital-game-story,compose digital game story,skill/competence,occupation-specific,Create a digital game story by writing out a detailed plot and storyboard with descriptions and gameplay objectives.
computer-engineering,computer engineering,knowledge,cross-sector,"Engineering discipline that combines computer science with electrical engineering to develop computer hardware and software. Computer engineering occupies itself with electronics, software design, and the integration of hardware and software."
computer-equipment,computer equipment,knowledge,sector-specific,"The offered computers, computer peripheral equipment and software products, their functionalities, properties and legal and regulatory requirements."
computer-forensics,computer forensics,knowledge,sector-specific,The process of examining and recovering digital data from sources for legal evidence and crime investigation.
computer-history,computer history,knowledge,sector-specific,The history of computer development framed in a digitising society.
computer-programming,computer programming,knowledge,cross-sector,"The techniques and principles of software development, such as analysis, algorithms, coding, testing and compiling of programming paradigms (e.g. object oriented programming, functional programming) and of programming languages."
computer-science,computer science,knowledge,cross-sector,"The scientific and practical study that deals with the foundations of information and computation, namely algorithms, data structures, programming, and data architecture. It deals with the practicability, structure and mechanisation of the methodical procedures that manage the acquisition, processing, and access to information."
computer-technology,computer technology,knowledge,cross-sector,"Computers, computer networks and other information technologies and equipment that can store, retrieve, transmit and manipulate data."
computer-vision,computer vision,knowledge,cross-sector,"The definition and functioning of computer vision. Computer vision tools to allow computers to extract information from digital images such as photographs or video. Areas of application to solve real-world problems like security, autonomous driving, robotic manufacturing and inspection, digital image classification, medical image processing and diagnosis, and others."
concepts-of-telecommunications,concepts of telecommunications,knowledge,sector-specific,"The telecommunication principles, theories, models, equipment and processes such as transfer rate, bandwidth, signal-to-noise ratio, bit error ratio and C/N ratio, as well as the effect of the qualities of the transmission path on the operation and quality of telecommunications."
conditions-for-professional-practice-of-clinical-psychology,conditions for professional practice of clinical psychology,knowledge,sector-specific,"The institutional, legal and psychosocial conditions for professional practice of clinical psychology with the aim to apply them in the exercise of the psychological profession in health care."
conduct-clinical-software-research,conduct clinical software research,skill/competence,occupation-specific,"Oversee and undertake the necessary research to succesfully purchase, design, develop, test, train and implement software regarding clinical care and according to health plans guidelines."
conduct-content-quality-assurance,conduct content quality assurance,skill/competence,cross-sector,"Carry out validation of content by reviewing it according to formal and functional quality, usability and applicable standards."
conduct-costume-research,conduct costume research,skill/competence,sector-specific,"Ensure that costumes and pieces of clothing in visual artistic productions are historically correct. Conduct research and study primary sources in literature, pictures, museums, newspapers, paintings, etc."
conduct-environmental-surveys,conduct environmental surveys,skill/competence,cross-sector,Conduct surveys in order to collect information for analysis and management of environmental risks within an organisation or in a wider context.
conduct-ict-code-review,conduct ICT code review,skill/competence,sector-specific,Examine and review systematically computer source code to identify errors in any stage of development and to improve the overall software quality.
conduct-impact-evaluation-of-ict-processes-on-business,conduct impact evaluation of ICT processes on business,skill/competence,cross-sector,Evaluate the tangible consequences of the implementation of new ICT systems and functions on the current business structure and organisational procedures.
conduct-literature-research,conduct literature research,skill/competence,cross-sector,Conduct a comprehensive and systematic research of information and publications on a specific literature topic. Present a comparative evaluative literature summary.
conduct-mobile-marketing,conduct mobile marketing,skill/competence,cross-sector,Conduct mobile marketing using a mobile device e.g. tablet or smartphone. Gather personalised information and transfer it to customers in order to promote services or goods.
conduct-online-competitive-analysis,conduct online competitive analysis,skill/competence,sector-specific,Assess strengths and weaknesses of current and potential competitors. Analyse competitors' web strategies.
conduct-performance-tests,conduct performance tests,skill/competence,cross-sector,"Conduct experimental, environmental and operational tests on models, prototypes or on the systems and equipment itself in order to test their strength and capabilities under normal and extreme conditions."
conduct-qualitative-research,conduct qualitative research,skill/competence,cross-sector,"Gather relevant information by applying systematic methods, such as interviews, focus groups, text analysis, observations and case studies."
conduct-quality-control-analysis,conduct quality control analysis,skill/competence,cross-sector,"Conduct inspections and tests of services, processes, or products to evaluate quality."
conduct-quantitative-research,conduct quantitative research,skill/competence,cross-sector,"Execute a systematic empirical investigation of observable phenomena via statistical, mathematical or computational techniques."
conduct-research-across-disciplines,conduct research across disciplines,skill/competence,cross-sector,Work and use research findings and data across disciplinary and/or functional boundaries.
conduct-research-interview,conduct research interview,skill/competence,cross-sector,"Use professional researching and interviewing methods and techniques to gather relevant data, facts or information, to gain new insights and to fully comprehend the message of the interviewee."
conduct-scholarly-research,conduct scholarly research,skill/competence,cross-sector,Plan scholarly research by formulating the research question and conducting empirical or literature research in order to investigate the truth of the research question.
conduct-search-engine-optimisation,conduct search engine optimisation,skill/competence,cross-sector,"Execute optimal marketing research and strategies on search engine processes, also known as search engine marketing (SEM), in order to increase online traffic and website exposure."
configure-ict-system,configure ICT system,skill/competence,sector-specific,Set up and customise an ICT system to meet requirements during initial implementation as well as when new business needs arise.
consult-student-s-support-system,consult student's support system,skill/competence,cross-sector,"Communicate with multiple parties, including teachers and the family of the student, to discuss the student's behaviour or academic performance."
consult-with-business-clients,consult with business clients,skill/competence,sector-specific,"Communicate with clients of a business or business project in order to introduce new ideas, obtain feedback, and find solutions to problems."
consult-with-editor,consult with editor,skill/competence,cross-sector,"Consult with the editor of a book, magazine, journal or other publications about expectations, requirements, and progress."
consult-with-production-director,consult with production director,skill/competence,sector-specific,"Consult with the director, producer and clients throughout the production and post-production process."
consult-with-sound-editor,consult with sound editor,skill/competence,sector-specific,Consult on the sounds required with the sound editor.
consult-with-stakeholders-on-implementation-of-a-production,consult with stakeholders on implementation of a production,skill/competence,sector-specific,"Consult with different people and groups who hold a stake in the production. Be on the same page on the practical side of the production, and keep them up to date."
consultation-methods,consultation methods,knowledge,sector-specific,"Techniques used to facilitate clear and open communication and the provision of advice between individuals, communities or the government, such as discussion groups or one-on-one interviews."
consumer-electronics,consumer electronics,knowledge,sector-specific,"The functioning of electronic consumer goods such as TVs, radios, cameras and other audio and video equipment."
contact-customers,contact customers,skill/competence,sector-specific,Contact customers by telephone in order to respond to inquiries or to notify them of claim investigation results or any planned adjustments.
content-development-processes,content development processes,knowledge,cross-sector,"The specialised techniques used to design, write, compile, edit and organise digital content, such as text, graphics and videos for publishing purposes."
content-marketing-strategy,content marketing strategy,knowledge,cross-sector,The process of creation and share of media and publishing content in order to acquire customers.
contextualise-artistic-work,contextualise artistic work,skill/competence,sector-specific,"Identify influences and situate your work within a specific trend which may be of an artistic, aesthetic, or philosophical natures. Analyse the evolution of artistic trends, consult experts in the field, attend events, etc."
contract-law,contract law,knowledge,cross-sector,"The field of legal principles that govern written agreements between parties concerning the exchange of goods or services, including contractual obligations and termination."
contribute-to-continuity-of-health-care,contribute to continuity of health care,skill/competence,sector-specific,Contribute to the delivery of coordinated and continuous healthcare.
control-engineering,control engineering,knowledge,cross-sector,Subdiscipline of engineering that focuses on controlling the behaviour of systems through the use of sensors and actuators.
control-objectives-for-information-and-related-technology,control objectives for information and related technology,knowledge,occupation-specific,"The risk and controls framework such as Control Objectives for Information and Related Technology (COBIT), which supports decision makers to resolve the gap between business risks, requirements and technical issues."
control-of-expenses,control of expenses,skill/competence,cross-sector,"Monitor and maintain effective cost controls, in regards to efficiencies, waste, overtime and staffing. Assessing excesses and strives for efficiency and productivity."
control-production,control production,skill/competence,cross-sector,"Plan, coordinate, and direct all production activities to insure the goods are made on time, in correct order, of adequate quality and composition, starting from intake goods up to shipping."
convert-different-audiovisual-formats,convert different audiovisual formats,skill/competence,cross-sector,Use specialised software to convert data from one audio and/or video format to another.
convert-into-animated-object,convert into animated object,skill/competence,sector-specific,"Convert real objects into visual animation elements, using animation techniques such as optical scanning."
convert-scribbles-into-virtual-sketches,convert scribbles into virtual sketches,skill/competence,occupation-specific,Use software to convert the roughly drawn representation of a design into a two-dimensional geometrical sketch that they can further develop to obtain the final concept.
cooperate-to-resolve-information-issues,cooperate to resolve information issues,skill/competence,occupation-specific,"Meet up and communicate with managers, salesmen, and others to facilitate cooperation and resolve problems."
cooperate-with-education-professionals,cooperate with education professionals,skill/competence,cross-sector,"Communicate with teachers or other professionals working in education in order to identify needs and areas of improvement in education systems, and to establish a collaborative relationship."
coordinate-activities-in-audio-recording-studio,coordinate activities in audio recording studio,skill/competence,cross-sector,Monitor the daily operations in a audio recording studio. Make sure that persons involved in recording studio activities can produce the desired quality of sound according to customer specifications. Ensure the material is maintained and available.
coordinate-educational-programmes,coordinate educational programmes,skill/competence,cross-sector,"Plan and coordinate educational and public outreach programs such as workshops, tours, lectures and classes."
coordinate-engineering-teams,coordinate engineering teams,skill/competence,cross-sector,"Plan, coordinate and supervise engineering activities together with engineers and engineering technicians. Ensure clear and effective channels of communication across all departments. Make sure the team is aware of the standards and objectives of the research and development."
coordinate-manufacturing-production-activities,coordinate manufacturing production activities,skill/competence,cross-sector,"Coordinate manufacturing activities based on production strategies, policies and plans. Study details of the planning such as expected quality of the products, quantities, cost, and labour required to foresee any action needed. Adjust processes and resources to minimise costs."
coordinate-marketing-plan-actions,coordinate marketing plan actions,skill/competence,cross-sector,"Manage the overview of the marketing actions such as the marketing planning, internal financial resource granting, advertising materials, implementation, control, and communication efforts."
coordinate-music-with-scenes,coordinate music with scenes,skill/competence,sector-specific,Coordinate the selection of music and sounds so they match the mood of the scene.
coordinate-purchasing-activities,coordinate purchasing activities,skill/competence,sector-specific,"Coordinate and manage procurement and renting processes including purchasing, renting, planning, tracking and reporting in a cost efficient way on an organisational level."
coordinate-technological-activities,coordinate technological activities,skill/competence,sector-specific,Give instructions to colleagues and other cooperating parties in order to reach the desired outcome of a technological project or achieve set goals within an organisation dealing with technology.
copyright-legislation,copyright legislation,knowledge,cross-sector,"Legislation describing the protection of the rights of original authors over their work, and how others can use it."
corporate-social-responsibility,corporate social responsibility,knowledge,sector-specific,The handling or managing of business processes in a responsible and ethical manner considering the economic responsibility towards shareholders as equally important as the responsibility towards environmental and social stakeholders.
cost-management,cost management,knowledge,sector-specific,"The process of planning, monitoring and adjusting the expenses and revenues of a business in order to achieve cost efficiency and capability."
create-2d-painting,create 2D painting,skill/competence,cross-sector,Produce a drawing by using a range of digital tools.
create-3d-characters,create 3D characters,skill/competence,sector-specific,Develop 3D models by transforming and digitising previously designed characters using specialised 3D tools
create-3d-environments,create 3D environments,skill/competence,sector-specific,"Develop a computer-generated 3D representation of a setting such as simulated environment, where the users interact."
create-3d-texture-map,create 3D texture map,skill/competence,occupation-specific,"Add detail, colour or surface texture to a computer-based 3D-model or graphic."
create-advertisements,create advertisements,skill/competence,sector-specific,"Use your creativity to draft advertiments. Keep in mind the costumer's requirements, target audience, media and marketing objectives."
create-animated-narratives,create animated narratives,skill/competence,sector-specific,"Develop animated narrative sequences and story lines, using computer software and hand drawing techniques."
create-annual-marketing-budget,create annual marketing budget,skill/competence,cross-sector,"Make the calculation of both the income and expenditures that are expected to be paid over the coming year concerning the marketing related activities such as advertising, selling and delivering products to people."
create-business-process-models,create business process models,skill/competence,cross-sector,"Develop formal and informal descriptions of the business processes and the organisational structure by using business process models, notations and tools."
create-clay-figures,create clay figures,skill/competence,cross-sector,Create mobile figures out of clay using different materials and processes.
create-concept-of-digital-game,create concept of digital game,skill/competence,occupation-specific,"Develop and communicate every aspect of overall game vision. Communicate and collaborate with technical crew, artistic and design teams to implement the game vision."
create-content-title,create content title,skill/competence,cross-sector,"Come up with an appealing title that draws people's attention to the content of your article, story or publication."
create-data-models,create data models,skill/competence,sector-specific,"Use specific techniques and methodologies to analyse the data requirements of an organisation's business processes in order to create models for these data, such as conceptual, logical and physical models. These models have a specific structure and format."
create-data-sets,create data sets,skill/competence,cross-sector,Generate a collection of new or existing related data sets that are made up out of separate elements but can be manipulated as one unit.
create-database-diagrams,create database diagrams,skill/competence,sector-specific,Develop the database design models and diagrams which establish the structure of a database by using modelling software tools to be implemented in further processes.
create-digital-game-characters,create digital game characters,skill/competence,occupation-specific,Develop a typology of characters for digital games and identify their exact role in the gameplay and the narrative.
create-digital-images,create digital images,skill/competence,cross-sector,"Create and process two-dimensional and three-dimensional digital images depicting animated objects or illustrating a process, using computer animation or modelling programs."
create-flowchart-diagram,create flowchart diagram,skill/competence,cross-sector,Compose a diagram that illustrates systematic progress through a procedure or system using connecting lines and a set of symbols.
create-gambling-games-concepts,create gambling games concepts,skill/competence,sector-specific,"Imagine the concepts to be used in creating a gambling, betting and lottery game."
create-moving-images,create moving images,skill/competence,sector-specific,Create and develop two-dimensional and three-dimensional images in motion and animations.
create-new-concepts,create new concepts,skill/competence,cross-sector,Come up with new concepts.
create-original-drawings,create original drawings,skill/competence,sector-specific,"Create original drawings, based on texts, thorough research and discussion with authors, journalists and specialists."
create-patterns-for-garments,create patterns for garments,skill/competence,sector-specific,"Create patterns for garments using pattern making softwares or by hand from sketches provided by fashion designers or product requirements. Create patterns for different sizes, styles, and components of the garments."
create-pen-and-paper-images,create pen-and-paper images,skill/competence,sector-specific,"Draw pen-and-paper images and prepare them to be edited, scanned, coloured, textured and digitally animated."
create-project-specifications,create project specifications,skill/competence,cross-sector,"Define the workplan, duration, deliverables, resources and procedures a project has to follow to achieve its goals. Describe project goals, outcomes, results and implementation scenarios."
create-prototype-of-user-experience-solutions,create prototype of user experience solutions,skill/competence,sector-specific,"Design and prepare mock-ups, prototypes and flows in order to test User Experience (UX) solutions or to collect feedback from users, customers, partners or stakeholders."
create-puppets,create puppets,skill/competence,sector-specific,"Construct hand, string, rod and shadow puppets from materials such as wood, papier maché, Styrofoam, wires, metal and rubber, using hand and machine tools."
create-scorm-packages,create SCORM packages,skill/competence,sector-specific,Develop educational packages for e-learning platforms using the Sharable Content Object Reference Model (SCORM) standard.
create-semantic-trees,create semantic trees,skill/competence,sector-specific,Create coherent lists and hierarchies of concepts and terms to ensure consistent indexing in knowledge organisation systems.
create-sketches,create sketches,skill/competence,sector-specific,Draw sketches to prepare for a drawing or as a standalone artistic technique.
create-software-design,create software design,skill/competence,sector-specific,Transpose a series of requirements into a clear and organised software design.
create-solutions-to-problems,create solutions to problems,skill/competence,cross-sector,"Solve problems which arise in planning, prioritising, organising, directing/facilitating action and evaluating performance. Use systematic processes of collecting, analysing, and synthesising information to evaluate current practice and generate new understandings about practice."
create-special-effects,create special effects,skill/competence,sector-specific,"Create special visual effects as required by the script, mixing chemicals and fabricating specific parts out of a wide variety of materials."
create-storyboards,create storyboards,skill/competence,sector-specific,Apply story development and plot lines and edit animations to create storyboards that render the flow of the animation. Map out key scenes and develop characters.
create-technical-plans,create technical plans,skill/competence,cross-sector,"Create detailed technical plans of machinery, equipment, tools and other products."
create-training-materials,create training materials,skill/competence,cross-sector,Develop and compile training items and resources according to didactical methods and training needs and using specific types of media.
create-website-wireframe,create website wireframe,skill/competence,sector-specific,"Develop an image or set of images that display the functional elements of a website or page, typically used for planning a website's functionality and structure."
creation-of-clinical-psychological-opinions,creation of clinical psychological opinions,knowledge,sector-specific,The development of opinions based on specialised literature and evidence-based documentation in the field of clinical psychology.
creatively-use-digital-technologies,creatively use digital technologies,skill/competence,cross-sector,Use digital tools and technologies to create knowledge and to innovate processes and products. Engage individually and collectively in cognitive processing to understand and resolve conceptual problems and problem situations in digital environments.
crowdsourcing-strategy,crowdsourcing strategy,knowledge,sector-specific,"The high level planning for managing and optimising business processes, ideas or content by gathering contributions from a big community of people, including on-line groups."
cryengine,CryEngine,knowledge,sector-specific,"The game engine CryEngine which is a software framework that consists of integrated development environments and specialised design tools, designed for the rapid iteration of user-derived computer games."
css,CSS,knowledge,sector-specific,"The computer language CSS is a style sheet language that conveys the presentation of structured documents. These documents have to adhere to style sheets, a set of stylistic rules such as font, color and layout."
cue-a-performance,cue a performance,skill/competence,sector-specific,Plan the technical actions and interventions during an artistic performance. Determine when actors go on and off stage. Make sure these cues are followed to ensure a smooth running of the performance.
curriculum-objectives,curriculum objectives,knowledge,cross-sector,The goals identified in curricula and defined learning outcomes.
curriculum-standards,curriculum standards,knowledge,cross-sector,The governmental policies concerning educational curricula and the approved curricula from specific educational institutions.
customer-segmentation,customer segmentation,knowledge,cross-sector,The process whereby a target market is divided into specific sets of consumers for further market analysis.
customise-software-for-drive-system,customise software for drive system,skill/competence,cross-sector,Adapt and customise software to the specific machine or application.
cyber-attack-counter-measures,cyber attack counter-measures,knowledge,sector-specific,"The strategies, techniques and tools that can be used to detect and avert malicious attacks against organisations' information systems, infrastructures or networks. Examples are secure hash algorithm (SHA) and message digest algorithm (MD5) for securing network communications, intrusion prevention systems (IPS), public-key infrastructure (PKI) for encryption and digital signatures in applications."
cyber-security,cyber security,knowledge,sector-specific,"The methods that protect ICT systems, networks, computers, devices, services, digital information and people against illegal or unauthorised use."
data-analytics,data analytics,knowledge,cross-sector,The science of analysing and making decisions based on raw data collected from various sources. Includes knowledge of techniques using algorithms that derive insights or trends from that data to support decision-making processes.
data-extraction-transformation-and-loading-tools,"data extraction, transformation and loading tools",knowledge,cross-sector,"The tools for integration of information from multiple applications, created and maintained by organisations, into one consistent and transparent data structure."
data-mining,data mining,knowledge,sector-specific,"The methods of artificial intelligence, machine learning, statistics and databases used to extract content from a dataset."
data-models,data models,knowledge,sector-specific,"The techniques and existing systems used for structuring data elements and showing relationships between them, as well as methods for interpreting the data structures and relationships."
data-protection,data protection,knowledge,sector-specific,"The principles, ethical issues, regulations and protocols of data protection."
data-quality-assessment,data quality assessment,knowledge,sector-specific,"The process of revealing data issues using ​quality indicators, measures and metrics in order to plan data cleansing and data enrichment strategies according to data quality criteria."
data-storage,data storage,knowledge,sector-specific,"The physical and technical concepts of how digital data storage is organised in specific schemes both locally, such as hard-drives and random-access memories (RAM) and remotely, via network, internet or cloud."
data-warehouse,data warehouse,knowledge,occupation-specific,The data storage system that analyses and reports on data such as a data mart.
database,database,knowledge,cross-sector,"The classification of databases, that includes their purpose, characteristics, terminology, models and use such as XML databases, document-oriented databases and full text databases."
database-development-tools,database development tools,knowledge,sector-specific,"The methodologies and tools used for creating logical and physical structure of databases, such as logical data structures, diagrams, modelling methodologies and entity-relationships."
database-management-systems,database management systems,knowledge,sector-specific,"The tools for creating, updating and managing databases, such as Oracle, MySQL and Microsoft SQL Server."
database-quality-standards,database quality standards,knowledge,sector-specific,"Techniques and methods of estimation and evaluation of system quality and overall database quality, as well as the set quality standards and regulations."
db2,DB2,knowledge,sector-specific,"The computer program IBM DB2 is a tool for creating, updating and managing databases, developed by the software company IBM."
de-rig-electronic-equipment,de-rig electronic equipment,skill/competence,cross-sector,Remove and store various types of electronic equipment safely after use.
deal-with-pressure-from-unexpected-circumstances,deal with pressure from unexpected circumstances,skill/competence,sector-specific,Strive to achieve objectives despite the pressures arising from unexpected factors outside of your control.
debug-software,debug software,skill/competence,sector-specific,"Repair computer code by analysing testing results, locating the defects causing the software to output an incorrect or unexpected result and remove these faults."
decentralized-application-frameworks,decentralized application frameworks,knowledge,sector-specific,"The different software frameworks, and their characteristics, advantages and disadvantages, that allow the development of decentralized applications on blockchain infrastructure. Examples are truffle, embark, epirus, openzeppelin, etc."
decision-support-systems,decision support systems,knowledge,sector-specific,The ICT systems that can be used to support business or organisational decision making.
deep-learning,deep learning,knowledge,cross-sector,"The principles, methods and algorithms of deep learning, a subfield of artificial intelligence and machine learning. Common neural networks like perceptrons, feed-forward, backpropagation, and convolutional and recurrent neural networks."
defence-standard-procedures,defence standard procedures,knowledge,sector-specific,"Methods and procedures typical for defence applications such as the NATO Standardization Agreements or STANAGs Standard definitions of the processes, procedures, terms, and conditions for common military or technical procedures or equipment. Guidelines for capability planners, programme managers and test managers to prescribe the necessary technical standards and profiles to achieve interoperabili"
define-artistic-approach,define artistic approach,skill/competence,sector-specific,"Define your own artistic approach by analysing your previous work and your expertise, identifying the components of your creative signature, and starting from these explorations to describe your artistic vision."
define-data-quality-criteria,define data quality criteria,skill/competence,sector-specific,"Specify the criteria by which data quality is measured for business purposes, such as inconsistencies, incompleteness, usability for purpose and accuracy."
define-database-physical-structure,define database physical structure,skill/competence,sector-specific,"Specify the physical configuration of database files on a given media. This consists of in-detail specifications of indexing options, data types and data elements placed in the data dictionary."
define-firewall-rules,define firewall rules,skill/competence,sector-specific,Specify rules to govern a set of components aiming to limit access between groups of networks or a particular network and the internet.
