skill_id,skill_name,skill_type,reuse_level,description
internet-governance,internet governance,knowledge,sector-specific,"The principles, regulations, norms and programs that shape the evolution and use of internet, such as internet domain names management, registries and registrars, according to ICANN/IANA regulations and recommendations, IP addresses and names, name servers, DNS, TLDs and aspects of IDNs and DNSSEC."
internet-of-things,Internet of Things,knowledge,sector-specific,"The general principles, categories, requirements, limitations and vulnerabilities of smart connected devices (most of them with intended internet connectivity)."
interpret-artistic-intentions,interpret artistic intentions,skill/competence,sector-specific,Interpret the artistic intentions of the author.
interpret-current-data,interpret current data,skill/competence,cross-sector,"Analyse data gathered from sources such as market data, scientific papers, customer requirements and questionnaires which are current and up-to-date in order to assess development and innovation in areas of expertise."
interpret-electronic-design-specifications,interpret electronic design specifications,skill/competence,sector-specific,Analyse and understand detailed electronic design specifications.
interpret-floor-plans,interpret floor plans,skill/competence,sector-specific,Understand the results of moving the position of objects and patterns on floor plans by thinking three-dimensionally.
interpret-illustration-needs,interpret illustration needs,skill/competence,sector-specific,"Communicate with clients, editors and authors in order to interpret and fully understand their professional needs."
interpret-technical-requirements,interpret technical requirements,skill/competence,sector-specific,"Analyse, understand and apply the information provided regarding technical conditions."
interpret-technical-texts,interpret technical texts,skill/competence,sector-specific,"Read and understand technical texts that provide information on how to perform a task, usually explained in steps."
intervene-with-actions-on-stage,intervene with actions on stage,skill/competence,sector-specific,"Take your cues from actions on the stagte and interact with them. Take decision on the exact timing and procedure in a live environment, in order to product a fluid and consistent performance."
introduce-new-employees,introduce new employees,skill/competence,cross-sector,"Give new employees a tour in the company, introduce them to the colleagues, explain them the corporate culture, routines and working methods and get them settled in their working place."
investment-analysis,investment analysis,knowledge,sector-specific,The methods and tools for analysis of an investment compared to its potential return. Identification and calculation of profitability ratio and financial indicators in relation to associated risks to guide decision on investment.
ios,iOS,knowledge,sector-specific,"The system software iOS consists of features, restrictions, architectures and other characteristics of operating systems designed to run on mobile devices."
issue-purchase-orders,issue purchase orders,skill/competence,sector-specific,Produce and review the documents needed to authorise shipment of a product from the supplier at a specified price and within specific terms.
iterative-development,Iterative development,knowledge,sector-specific,The iterative development model is a methodology to design software systems and applications.
java-computer-programming,Java (computer programming),knowledge,sector-specific,"The techniques and principles of software development, such as analysis, algorithms, coding, testing and compiling of programming paradigms in Java."
javascript,JavaScript,knowledge,sector-specific,"The techniques and principles of software development, such as analysis, algorithms, coding, testing and compiling of programming paradigms in JavaScript."
javascript-framework,JavaScript Framework,knowledge,sector-specific,"The JavaScript software development environments which provide specific features and components ( such as HTML generation tools, Canvas support or Visual design) that support and guide JavaScript web applications development."
jboss,Jboss,knowledge,sector-specific,The open-source application server JBoss is a Linux based platform which supports Java applications and large websites.
jenkins-tools-for-software-configuration-management,Jenkins (tools for software configuration management),knowledge,sector-specific,"The tool Jenkins is a software program to perform configuration identification, control, status accounting and audit of software during its development and maintenance."
john-the-ripper-penetration-testing-tool,John The Ripper (penetration testing tool),knowledge,sector-specific,The tool John the Ripper is a password recovery tool which tests security weaknesses of the systems for potentially unauthorised access to system information. The key features of this tool are the strength-checking code and password hash code.
jsss,JSSS,knowledge,sector-specific,"The computer language JSSS is a style sheet language that conveys the presentation of structured documents. These documents have to adhere to style sheets, a set of stylistic rules such as font, color and layout."
kali-linux,Kali Linux,knowledge,sector-specific,"The Kali Linux tool is a penetration testing tool which tests security weaknesses of the systems for potentially unauthorised access to system information by information gathering, vulnerability analysis and wireless and passwords attacks."
kdevelop,KDevelop,knowledge,sector-specific,"The computer program KDevelop is a suite of software development tools for writing programs, such as compiler, debugger, code editor, code highlights, packaged in a unified user interface. It is developed by the software community KDE."
keep-personal-administration,keep personal administration,skill/competence,cross-sector,File and organise personal administration documents comprehensively.
keep-records-of-attendance,keep records of attendance,skill/competence,cross-sector,Keep track of the pupils who are absent by recording their names on a list of absentees.
keep-records-of-customer-interaction,keep records of customer interaction,skill/competence,cross-sector,"Recording details of inquiries, comments and complaints received from customers, as well as actions to be taken."
keep-records-of-work-progress,keep records of work progress,skill/competence,cross-sector,"Maintain records of the progress of the work including time, defects, malfunctions, etc."
keep-records-on-sales,keep records on sales,skill/competence,sector-specific,"Keep records of the activities of the sales of products and services, tracking which products and services were sold when and maintaining customer records, in order to facilitate improvements in the sales department."
keep-task-records,keep task records,skill/competence,cross-sector,Organise and classify records of prepared reports and correspondence related to the performed work and progress records of tasks.
keep-up-to-date-on-product-knowledge,keep up to date on product knowledge,skill/competence,sector-specific,"Gather the latest information on developments related to the existing or supported products, methods or techniques."
keep-up-with-digital-transformation-of-industrial-processes,keep up with digital transformation of industrial processes,skill/competence,sector-specific,Keep up to date with digital innovations applicable to industrial processes. Integrate these transformations in the company's processes aiming for competitive and profitable business models.
keep-up-with-the-latest-information-systems-solutions,keep up with the latest information systems solutions,skill/competence,sector-specific,"Gather the latest information on existing information systems solutions which integrate software and hardware, as well as network components."
keep-up-with-trends,keep up with trends,skill/competence,cross-sector,Monitor and follow new trends and developments in specific sectors.
keep-up-to-date-with-training-subjects,keep up-to-date with training subjects,skill/competence,sector-specific,Gather the latest information on the subjects of the training process in order to be updated with the required know-how.
keywords-in-digital-content,keywords in digital content,knowledge,sector-specific,The digital tools to conduct keyword research. The information retrieval systems identify the content of a document guided by keywords and metadata.
labour-legislation,labour legislation,knowledge,cross-sector,"Legislation, on a national or international level, that governs labour conditions in various fields between labour parties such as the government, employees, employers, and trade unions."
lams,LAMS,knowledge,sector-specific,"The computer program LAMS is a e-learning platform for creating, administrating, arranging, reporting and delivering e-learning education courses or training programs. It is developed by the LAMS Foundation."
lathe-machine-parts,lathe machine parts,knowledge,cross-sector,"The different parts of a lathe machine and their applications, such as the compound, the bed, the sadle, the cross slide, the cutting tool, the lathe dog and more."
ldap,LDAP,knowledge,sector-specific,The computer language LDAP is a query language for retrieval of information from a database and of documents containing the needed information.
lead-a-team,lead a team,skill/competence,cross-sector,"Lead, supervise and motivate a group of people, in order to meet the expected results within a given timeline and with the foreseen resources in mind."
lead-disaster-recovery-exercises,lead disaster recovery exercises,skill/competence,sector-specific,"Head exercises which educate people on what to do in case of an unforeseen disastrous event in the functioning or security of ICT systems, such as on recovery of data, protection of identity and information and which steps to take in order to prevent further problems."
lead-technology-development-of-an-organisation,lead technology development of an organisation,skill/competence,sector-specific,Develop activities surrounding innovation and research in the field of technology within an organisation based on its strategic direction and growth goals. Provide guidance to colleagues how to best implement them.
leadership-principles,leadership principles,knowledge,cross-sector,"Set of traits and values which guide the actions of a leader with her/his employees and the company and provide direction throughout her/his career. These principles are also an important tool for self-evaluation to identify strengths and weaknesses, and seek self-improvement."
lean-project-management,Lean project management,knowledge,sector-specific,"The lean project management approach is a methodology for planning, managing and overseeing of ICT resources in order to meet specific goals and using project management ICT tools."
learning-difficulties,learning difficulties,knowledge,cross-sector,"The learning disorders some students face in an academic context, especially Specific Learning Difficulties such as dyslexia, dyscalculia, and concentration deficit disorders."
learning-management-systems,learning management systems,knowledge,cross-sector,"The e-learning platform for creating, administrating, arranging, reporting and delivering e-learning education courses or training programs."
learning-needs-analysis,learning needs analysis,knowledge,cross-sector,"The process of analysing a student's learning needs through observation and testing, potentially followed by the diagnosis of a learning disorder and a plan for additional support."
learning-technologies,learning technologies,knowledge,sector-specific,"The technologies and channels, including digital, to enhance learning."
legal-case-management,legal case management,knowledge,cross-sector,"The procedures of a legal case from opening to closing, such as the documentation that needs to be prepared and handled, the people involved in different stages of the case, and the requirements that need to be met before the case can be closed."
legal-requirements-of-ict-products,legal requirements of ICT products,knowledge,cross-sector,The international regulations related to the development and use of ICT products.
legal-research,legal research,knowledge,cross-sector,"The methods and procedures of research in legal matters, such as the regulations, and different approaches to analyses and source gathering, and the knowledge on how to adapt the research methodology to a specific case to obtain the required information."
legal-standards-in-gambling,legal standards in gambling,knowledge,sector-specific,"The legal requirements, rules and limitations in gambling and betting activities."
legal-terminology,legal terminology,knowledge,cross-sector,The special terms and phrases used in the field of law.
less,LESS,knowledge,sector-specific,"The computer language LESS is a style sheet language that conveys the presentation of structured documents. These documents have to adhere to style sheets, a set of stylistic rules such as font, color and layout."
levels-of-software-testing,levels of software testing,knowledge,sector-specific,"The levels of testing in the software development process, such as unit testing, integration testing, system testing and acceptance testing."
liaise-with-educational-staff,liaise with educational staff,skill/competence,cross-sector,"Communicate with the school staff such as teachers, teaching assistants, academic advisors, and the principal on issues relating to students' well-being. In the context of a university, liaise with the technical and research staff to discuss research projects and courses-related matters."
liaise-with-educational-support-staff,liaise with educational support staff,skill/competence,cross-sector,"Communicate with education management, such as the school principal and board members, and with the education support team such as the teaching assistant, school counsellor or academic advisor on issues relating the students' well-being."
liaise-with-engineers,liaise with engineers,skill/competence,cross-sector,"Collaborate with engineers to ensure common understanding and discuss product design, development and improvement."
lighting-techniques,lighting techniques,knowledge,cross-sector,The characteristics of techniques used to create atmospheres and effects on camera or on stage; the equipment required and appropriate setup to use.
linq,LINQ,knowledge,sector-specific,The computer language LINQ is a query language for retrieval of information from a database and of documents containing the needed information. It is developed by the software company Microsoft.
lisp,Lisp,knowledge,sector-specific,"The techniques and principles of software development, such as analysis, algorithms, coding, testing and compiling of programming paradigms in Lisp."
litmos,Litmos,knowledge,sector-specific,"The computer program Litmos is a e-learning platform for creating, administrating, arranging, reporting and delivering e-learning education courses or training programs. It is developed by the software company CallidusCloud."
load-equipment,load equipment,skill/competence,cross-sector,Handle safe loading of equipment in given restrictive conditions.
load-film-reels,load film reels,skill/competence,occupation-specific,Load the film reels into the projector and unload them after the projection.
machine-learning,machine learning,knowledge,cross-sector,"The principles, methods and algorithms of machine learning, a subfield of artificial intelligence. Common machine learning models such as supervised or unsupervised models, semi- supervised models and reinforcement learning models."
maintain-a-central-project-repository,maintain a central project repository,skill/competence,cross-sector,Store project files and documents in a central repository accessible to the project manager and to all the project teams. Use available online tools and dedicated software.
maintain-an-artistic-portfolio,maintain an artistic portfolio,skill/competence,sector-specific,"Maintain portfolios of artistic work to show styles, interests, abilities and realisations."
maintain-audiovisual-equipment,maintain audiovisual equipment,skill/competence,sector-specific,"Perform routine maintenance tasks on audiovisual equipment as well as minor repairs, such as replacing parts and calibrating the instruments, on equipment used in processing sound and images."
maintain-broadcast-equipment,maintain broadcast equipment,skill/competence,occupation-specific,"Maintain, check, and repair broadcast equipment to ensure continuity of operations."
maintain-computer-hardware,maintain computer hardware,skill/competence,cross-sector,"Diagnose and detect malfunctions in computer hardware components and systems and remove, replace, or repair these components when necessary. Execute preventative equipment maintenance tasks, such as storing hardware components in clean, dust free, and non-humid spaces."
maintain-control-systems-for-automated-equipment,maintain control systems for automated equipment,skill/competence,sector-specific,"Check, maintain and repair electrical and electronic elements. Check and update software of automated equipment."
maintain-customer-records,maintain customer records,skill/competence,cross-sector,Keep and store structured data and records about customers in accordance with customer data protection and privacy regulations.
maintain-data-entry-requirements,maintain data entry requirements,skill/competence,sector-specific,Uphold conditions for data entry. Follow procedures and apply data program techniques.
maintain-database-performance,maintain database performance,skill/competence,sector-specific,Calculate values for database parameters. Implement new releases and execute regular maintenance tasks such as establishing backup strategies and eliminating index fragmentation.
maintain-database-security,maintain database security,skill/competence,sector-specific,Master a wide variety of information security controls in order to pursue maximal database protection.
maintain-electrical-equipment,maintain electrical equipment,skill/competence,cross-sector,"Test electrical equipment for malfunctions. Take safety measures, company guidelines, and legislation concerning electrical equipment into account. Clean, repair and replace parts and connections as required."
maintain-electronic-equipment,maintain electronic equipment,skill/competence,cross-sector,"Check and repair electronic equipment. Detect malfunction, locate faults and take measures to prevent damage."
maintain-ict-identity-management,maintain ICT identity management,skill/competence,sector-specific,"Administer identification, authentication and authorisation of individuals within a system and control their access to resources by associating user rights and restrictions with the established identity."
maintain-ict-server,maintain ICT server,skill/competence,sector-specific,"Diagnose and eliminate hardware faults via repair or replacement. Take preventive measures, review performance, update software, review accessibility."
maintain-ict-system,maintain ICT system,skill/competence,sector-specific,Select and apply system and network monitoring techniques. Identify and fix operational problems. Ensure that system's capabilities and efficiency match company specifications.
maintain-information-network-hardware,maintain information network hardware,skill/competence,cross-sector,"Assess the functionality and identify faults in the infrastructure of an information network, perform routine maintenance tasks which prevent failure and repair tasks in order to ensure permanent availability to system users."
maintain-internal-communication-systems,maintain internal communication systems,skill/competence,cross-sector,Maintain an effective internal communication system among employees and department managers.
maintain-internet-protocol-configuration,maintain internet protocol configuration,skill/competence,sector-specific,Apply Internet Protocol Configuration (ipconfig) to gather data on Transmission Control Protocol/Internet Protocol (TCP/IP) configuration values in order to identify devices and their IP addresses.
maintain-plan-for-continuity-of-operations,maintain plan for continuity of operations,skill/competence,sector-specific,"Update methodology which contains steps to ensure that facilities of an organisation are able to continue operating, in case of broad range of unforeseen events."
maintain-projection-equipment,maintain projection equipment,skill/competence,occupation-specific,"Maintain, test and repair the projection equipment to safeguard the quality of the images and sound."
maintain-relationship-with-customers,maintain relationship with customers,skill/competence,sector-specific,"Build a lasting and meaningful relationship with customers in order to ensure satisfaction and fidelity by providing accurate and friendly advice and support, by delivering quality products and services and by supplying after-sales information and service."
maintain-relationship-with-suppliers,maintain relationship with suppliers,skill/competence,sector-specific,"Build a lasting and meaningful relationship with suppliers and service providers in order to establish a positive, profitable and enduring collaboration, co-operation and contract negotiation."
maintain-responsive-design,maintain responsive design,skill/competence,occupation-specific,Ensure that the website runs on the latest technology and is multi-platform compatible and mobile-friendly.
maintain-robotic-equipment,maintain robotic equipment,skill/competence,sector-specific,"Diagnose and detect malfunctions in robotic components and systems and remove, replace, or repair these components when necessary. Execute preventative equipment maintenance tasks, such as storing robotic components in clean, dust-free, and non-humid spaces."
maintain-safe-engineering-watches,maintain safe engineering watches,skill/competence,sector-specific,"Observe principles in keeping an engineering watch. Take over, accept and hand over a watch. Perform routine duties undertaken during a watch. Maintain the machinery space logs and the significance of the readings taken. Observe safety and emergency procedures. Observe safety precautions during a watch and take immediate actions in the event of fire or accident, with particular reference to oil sy"
maintain-sound-equipment,maintain sound equipment,skill/competence,sector-specific,"Set up, check, maintain and repair sound equipment for a live performance establishment."
maintain-students-discipline,maintain students' discipline,skill/competence,cross-sector,Make sure students follow the rules and code of behaviour established in the school and take the appropriate measures in case of violation or misbehaviour.
maintain-system-layout-for-a-production,maintain system layout for a production,skill/competence,sector-specific,Establish a workable layout for the system you manage and maintain it for the duration of a production.
maintain-telephony-system,maintain telephony system,skill/competence,sector-specific,"Prevent telephone faults. Report to the electricians for changing of the equipment and manage telephone installations and moves. Maintain voice-mail system which includes adding, deleting mailboxes and managing security codes and provide voicemail instruction for staff."
maintain-test-equipment,maintain test equipment,skill/competence,cross-sector,Maintain equipment used for testing the quality of systems and products.
maintenance-of-printing-machines,maintenance of printing machines,knowledge,sector-specific,Upkeep procedures and technical working of machines that produce printed graphical material.
maintenance-operations,maintenance operations,knowledge,cross-sector,"The preservation and restoration of products and systems, and the methods and logistics of these practices."
make-strategic-business-decisions,make strategic business decisions,skill/competence,cross-sector,"Analyse business information and consult directors for decision making purposes in a varied array of aspects affecting the prospect, productivity and sustainable operation of a company. Consider the options and alternatives to a challenge and make sound rational decisions based on analysis and experience."
maltego,Maltego,knowledge,sector-specific,"The platform Maltego is a forensic application that uses data mining to deliver on overview of organisations' environment, testing security weaknesses of the system for potentially unauthorised access and demonstrates the complexity of infrastructure failures."
manage-a-team,manage a team,skill/competence,cross-sector,"Ensure clear and effective channels of communication across all departments within the organisation and support functions, both internally and externally ensuring that the team is aware of the standards and objectives of the department/business unit. Implement the disciplinary and grievance procedures as required ensuring that a fair and consistent approach to managing performance is consistently "
manage-alarm-system,manage alarm system,skill/competence,sector-specific,Set up and maintain system for detection of intrusions and unauthorised entries into a facility.
manage-archive-users-guidelines,manage archive users guidelines,skill/competence,sector-specific,Establish policy guidelines on public access to a (digital) archive and the cautious use of present materials. Communicate the guidelines to archive visitors.
manage-briefs-for-clothing-manufacturing,manage briefs for clothing manufacturing,skill/competence,sector-specific,Manage briefs from clients for the manufacturing of wearing apparel. Collect customers' demands and prepare them into specifications for the production.
manage-budgets,manage budgets,skill/competence,cross-sector,"Plan, monitor and report on the budget."
manage-business-knowledge,manage business knowledge,skill/competence,cross-sector,"Set up structures and distribution policies to enable or improve information exploitation using appropriate tools to extract, create and expand business mastery."
manage-changes-in-ict-system,manage changes in ICT system,skill/competence,sector-specific,"Plan, realise and monitor system changes and upgrades. Maintain earlier system versions. Revert, if necessary, to a safe older system version."
manage-closed-circuit-television-system,manage closed-circuit television system,skill/competence,cross-sector,Oversee a system of cameras inside a facility which transmit a signal to a specific set of display devices.
manage-cloud-data-and-storage,manage cloud data and storage,skill/competence,sector-specific,"Create and manage cloud data retention. Identify and implement data protection, encryption, and capacity planning needs."
manage-consumables-stock,manage consumables stock,skill/competence,cross-sector,Manage and monitor consumables stock to ensure that the production demands and deadlines can be met at all times.
manage-content-development-projects,manage content development projects,skill/competence,sector-specific,"Plan and implement the creation, delivery and management of digital or printed content, develop a system that describes the entire editorial content development and publishing process and use ICT tools to support the process."
manage-content-metadata,manage content metadata,skill/competence,cross-sector,"Apply content management methods and procedures to define and use metadata concepts, such as the data of creation, in order to describe, organise and archive content such as documents, video and audio files, applications and images."
manage-contracts,manage contracts,skill/competence,cross-sector,"Negotiate the terms, conditions, costs and other specifications of a contract while making sure they comply with legal requirements and are legally enforceable. Oversee the execution of the contract, agree on and document any changes in line with any legal limitations."
manage-data,manage data,skill/competence,sector-specific,"Administer all types of data resources through their lifecycle by performing data profiling, parsing, standardisation, identity resolution, cleansing, enhancement and auditing. Ensure the data is fit for purpose, using specialised ICT tools to fulfil the data quality criteria."
manage-data-collection-systems,manage data collection systems,skill/competence,sector-specific,"Develop and manage methods and strategies used to maximise data quality and statistical efficiency in the collection of data, in order to ensure the gathered data are optimised for further processing."
manage-data-for-legal-matters,manage data for legal matters,skill/competence,sector-specific,"Collect, organise and prepare data for analysis and review during investigation, regulatory filings and other legal processes."
manage-database,manage database,skill/competence,cross-sector,"Apply database design schemes and models, define data dependencies, use query languages and database management systems (DBMS) to develop and manage databases."
manage-digital-archives,manage digital archives,skill/competence,sector-specific,"Create and maintain computer archives and databases, incorporating latest developments in electronic information storage technology."
manage-digital-documents,manage digital documents,skill/competence,cross-sector,"Manage various data formats and files by naming, publishing, transforming and sharing files and documents and transforming file formats."
manage-digital-identity,manage digital identity,skill/competence,cross-sector,"Create and manage one or multiple digital identities, be able to protect one's own reputation, deal with the data that one produces through several digital tools, environments and services."
manage-digital-libraries,manage digital libraries,skill/competence,sector-specific,"Collect, manage and preserve for permanent access digital content and offer to targeted user communities specialised search and retrieval functionality."
manage-disaster-recovery-plans,manage disaster recovery plans,skill/competence,cross-sector,"Prepare, test and execute, when necessary, a plan of action to retrieve or compensate lost information system data."
manage-email-hosting-service,manage email hosting service,skill/competence,sector-specific,"Oversee the day-to-day running of a private email platform by maintaining and refining provided services, such as spam and virus protection, blocking advertisement, website redesigns and search engine optimisation."
manage-employee-complaints,manage employee complaints,skill/competence,cross-sector,"Manage and respond to employee complaints, in a correct and polite manner, offering a solution when possible or referring it to an authorized person when necessary."
manage-engineering-project,manage engineering project,skill/competence,cross-sector,"Manage engineering project resources, budget, deadlines, and human resources, and plan schedules as well as any technical activities pertinent to the project."
manage-environmental-impact-of-operations,manage environmental impact of operations,skill/competence,cross-sector,"Manage the interaction with and impact on the environment by companies. Identify and assess environmental impacts of the production process and related services, and regulate a reduction of the effects on the environment and on people. Organise action plans and monitor any indicators of improvement."
manage-feedback,manage feedback,skill/competence,cross-sector,Provide feedback to others. Evaluate and respond constructively and professionally to critical communication from colleagues and customers.
manage-findable-accessible-interoperable-and-reusable-data,manage findable accessible interoperable and reusable data,skill/competence,cross-sector,"Produce, describe, store, preserve and (re) use scientific data based on FAIR (Findable, Accessible, Interoperable, and Reusable) principles, making data as open as possible, and as closed as necessary."
manage-flight-data-communications-programme,manage flight data communications programme,skill/competence,sector-specific,"Manage the exchanges of digital data between air traffic controllers and pilots to enable efficient aviation operations, such as trajectory-based routing and optimised profile descents. Support the safety-of-flight command, control, and information services by providing data connectivity. Provide ground automated message generation, transmission, and routing."
manage-government-funded-programmes,manage government-funded programmes,skill/competence,cross-sector,"Implement and monitor the development of projects subsidized by regional, national or European authorities."
manage-healthcare-staff,manage healthcare staff,knowledge,cross-sector,The managerial tasks and responsibilities required in a health care setting.
manage-human-resources,manage human resources,skill/competence,cross-sector,"Conduct employee recruitment, helping employees to develop their personal and organisational skills, knowledge, and competencies as well as providing feedback and performance appraisals. It includes motivating employees, by implementing rewarding systems (managing pay and benefit systems) in order to maximise employee performance with regard to employer's strategic objectives."
manage-ict-change-request-process,manage ICT change request process,skill/competence,sector-specific,"Specify the incentive for an ICT change request, stating which adjustment in the system needs to be accomplished and execute or supervise the execution of it."
manage-ict-data-architecture,manage ICT data architecture,skill/competence,sector-specific,"Oversee regulations and use ICT techniques to define the information systems architecture and to control data gathering, storing, consolidation, arrangement and usage in an organisation."
manage-ict-data-classification,manage ICT data classification,skill/competence,sector-specific,Oversee the classification system an organisation uses to organise its data. Assign an owner to each data concept or bulk of concepts and determine the value of each item of data.
manage-ict-legacy-implication,manage ICT legacy implication,skill/competence,sector-specific,"Oversee the transfer process from a legacy (an outdated system) to a current system by mapping, interfacing, migrating, documenting and transforming data."
manage-ict-project,manage ICT project,skill/competence,sector-specific,"Plan, organize, control and document procedures and resources, such as human capital, equipment and mastery, in order to achieve specific goals and objectives related to ICT systems, services or products, within specific constraints, such as scope, time, quality and budget."
manage-ict-semantic-integration,manage ICT semantic integration,skill/competence,sector-specific,"Oversee integration of public or internal databases and other data, by using semantic technologies to produce structured semantic output."
manage-ict-virtualisation-environments,manage ICT virtualisation environments,skill/competence,sector-specific,"Oversee tools, such as VMware, kvm, Xen, Docker, Kubernetes, and others, used to enable a virtual environments for different purposes such as hardware virtualization, desktop virtualisation, and operating system level virtualisation."
manage-information-sources,manage information sources,skill/competence,cross-sector,Identify relevant internal and external information sources and providers. Organise the information workflow and define information deliverables.
manage-intellectual-property-rights,manage intellectual property rights,skill/competence,sector-specific,Deal with the private legal rights that protect the products of the intellect from unlawful infringement.
manage-inventory,manage inventory,skill/competence,sector-specific,Control product inventory in balance of availability and storage costs.
manage-it-security-compliances,manage IT security compliances,skill/competence,sector-specific,"Guide application and fulfilment of relevant industry standards, best practices and legal requirements for information security."
manage-keys-for-data-protection,manage keys for data protection,skill/competence,sector-specific,"Select appropriate authentication and authorization mechanisms. Design, implement and troubleshoot key management and use. Design and implement a data encryption solution for data at rest and data in transit."
manage-localisation,manage localisation,skill/competence,cross-sector,Modify content or a product for the transference from one locale to another through the use of content translation or localisation service providers.
manage-online-content,manage online content,skill/competence,sector-specific,"Ensure the website content is up to date, organised, attractive and meets the target audience needs, the requirements of the company and international standards by checking the links, setting the publishing time framework and order."
manage-open-publications,manage open publications,skill/competence,cross-sector,"Be familiar with Open Publication strategies, with the use of information technology to support research, and with the development and management of CRIS (current research information systems) and institutional repositories. Provide licensing and copyright advice, use bibliometric indicators, and measure and report research impact."
manage-operational-budgets,manage operational budgets,skill/competence,cross-sector,"Prepare, monitor and adjust operational budgets together with the economical/administrative manager/professionals in the arts institute/unit/project."
manage-performance-light-quality,manage performance light quality,skill/competence,sector-specific,Perform light checks and adjust for optimal light quality before and during performance.
manage-personal-professional-development,manage personal professional development,skill/competence,cross-sector,Take responsibility for lifelong learning and continuous professional development. Engage in learning to support and update professional competence. Identify priority areas for professional development based on reflection about own practice and through contact with peers and stakeholders. Pursue a cycle of self-improvement and develop credible career plans.
manage-portfolio,manage portfolio,skill/competence,cross-sector,Maintain a personal portfolio by selecting your best photos or work and regularly adding new ones in order to show your professional skills and development.
manage-profitability,manage profitability,skill/competence,cross-sector,Regularly review sales and profit performance.
manage-project-changes,manage project changes,skill/competence,cross-sector,"Manage requested or identified changes to the original project planning, assess the need to implement the changes and communicate them to the different project stakeholders. Update the relevant project documentation."
manage-project-information,manage project information,skill/competence,sector-specific,Provide accurate and relevant information to all the parties involved in a project on time.
manage-project-metrics,manage project metrics,skill/competence,cross-sector,"Gather, report, analyse and create key metrics for a project to help measure its success."
manage-quantitative-data,manage quantitative data,skill/competence,cross-sector,"Gather, process and present quantitative data. Use the appropriate programs and methods for validating, organising and interpreting data."
manage-rented-goods-returns,manage rented goods returns,skill/competence,cross-sector,Organise the return of rented goods to the distributor.
manage-research-data,manage research data,skill/competence,cross-sector,Produce and analyse scientific data originating from qualitative and quantitative research methods. Store and maintain the data in research databases. Support the re-use of scientific data and be familiar with open data management principles.
manage-resources-for-educational-purposes,manage resources for educational purposes,skill/competence,sector-specific,"Identify the necessary resources needed for learning purposes, such as materials in class or arranged transportation for a field trip. Apply for the corresponding budget and follow up on the orders."
manage-schedule-of-tasks,manage schedule of tasks,skill/competence,cross-sector,"Maintain an overview of all the incoming tasks in order to prioritise the tasks, plan their execution, and integrate new tasks as they present themselves."
manage-signoff-of-an-installed-system,manage signoff of an installed system,skill/competence,sector-specific,Make sure an installed technical system is adequately transferred and signed off for.
manage-software-localisation,manage software localisation,skill/competence,occupation-specific,"Organise the transference process of a certain software from one locale to another, in order to expand the number of users, by modifying content through the use of user interface translation, while taking into consideration the properties of the future country the software will be introduced into."
manage-software-releases,manage software releases,skill/competence,occupation-specific,Examine and approve suggested software development releases. Manage further release process.
manage-sound-quality,manage sound quality,skill/competence,cross-sector,Perform sound checks. Set up audio equipment for optimal sound output before as well as during performance. Regulate the volume during broadcasts by controlling the audio equipment
manage-staff,manage staff,skill/competence,cross-sector,"Manage employees and subordinates, working in a team or individually, to maximise their performance and contribution. Schedule their work and activities, give instructions, motivate and direct the workers to meet the company objectives. Monitor and measure how an employee undertakes their responsibilities and how well these activities are executed. Identify areas for improvement and make suggestio"
manage-standard-enterprise-resource-planning-system,manage standard enterprise resource planning system,skill/competence,sector-specific,"Collect, manage and interpret data relevant for companies related to shipping, payment, inventory, resources and manufacturing using specific business management software. Such software as Microsoft Dynamics​, SAP ERP, Oracle ERP."
manage-standards-for-data-exchange,manage standards for data exchange,skill/competence,sector-specific,Set and maintain standards for transforming data from source schemas into the necessary data structure of a result schema.
manage-student-relationships,manage student relationships,skill/competence,cross-sector,Manage the relations between students and between student and teacher. Act as a just authority and create an environment of trust and stability.
manage-supplies,manage supplies,skill/competence,cross-sector,"Monitor and control the flow of supplies that includes the purchase, storage and movement of the required quality of raw materials, and also work-in-progress inventory. Manage supply chain activities and synchronise supply with demand of production and customer."
manage-system-security,manage system security,skill/competence,sector-specific,Analyse the critical assets of a company and identify weaknesses and vulnerabilities that lead to intrusion or attack. Apply security detection techniques. Understand cyber attack techniques and implement effective countermeasures.
manage-system-testing,manage system testing,skill/competence,sector-specific,"Select, perform and track testings on software or hardware to detect system defects both within the integrated system units, the inter-assemblages and the system as a whole. Organise testings such as installation testing, security testing and graphical user interface testing."
manage-technical-resources-stock,manage technical resources stock,skill/competence,sector-specific,Manage and monitor technical resources stock to ensure that production demands and deadlines can be met at all times.
manage-tender-processes,manage tender processes,skill/competence,cross-sector,Organise the process of writing and designing proposals or bids for tenders.
manage-workflow-processes,manage workflow processes,skill/competence,cross-sector,"Develop, document and implement traffic and workflow processes across the company for different functions. Liaise with several departments and services such as account management and the creative director to plan and resource work."
manipulate-puppets,manipulate puppets,skill/competence,sector-specific,"Manipulate puppets by the use of strings, rods, wires, electronics or directly by his or her own hands placed inside the puppet or holding it externally, so as to create the illusion of life."
manual-draughting-techniques,manual draughting techniques,knowledge,cross-sector,"Techniques used for creating detailed drawings of designs by using specialised pencils, rulers, templates and scales."
manufacturing-processes,manufacturing processes,knowledge,cross-sector,"The steps required through which a material is transformed into a product, its development and full-scale manufacturing."
mark-film-reels,mark film reels,skill/competence,occupation-specific,"Mark beginning, end, and light and sound extinguishing or increasing markers on the reel."
marker-making,marker making,knowledge,sector-specific,"Marker diagram of a precise arrangement of pattern pieces for a specific style and the sizes to be cut from a single spread. Markers can be made by manually tracing master patterns onto the fabric or paper or by manipulating and plotting computerised pattern images. Process of determining the most efficient layout of pattern pieces for a specified style, fabric and distribution of sizes."
market-analysis,market analysis,knowledge,cross-sector,The field of market analysis and research and its particular research methods.
market-pricing,market pricing,knowledge,sector-specific,"Price volatility according to market and price elasticity, and the factors which influence pricing trends and changes in the market in the long and short term."
market-research,market research,knowledge,cross-sector,"The processes, techniques, and purposes comprised in the first step for developing marketing strategies such as the collection of information about customers and the definition of segments and targets."
marketing-mix,marketing mix,knowledge,cross-sector,"Principle of marketing that describes the four fundamental elements in marketing strategies which are the product, the place, the price and the promotion."
marketing-principles,marketing principles,knowledge,cross-sector,The principles of managing the relationship between consumers and products or services for the purpose of increasing sales and improving advertising techniques.
marklogic,MarkLogic,knowledge,sector-specific,"The NoSQL enterprise non-relational database used for creating, updating and managing large amounts of unstructured data stored in the cloud and which provides features such as semantics, flexible data models and Hadoop integration."
mathematics,mathematics,knowledge,cross-sector,"Mathematics is the study of topics such as quantity, structure, space, and change. It involves the identification of patterns and formulating new conjectures based on them. Mathematicians strive to prove the truth or falsity of these conjectures. There are many fields of mathematics, some of which are widely used for practical applications."
matlab,MATLAB,knowledge,sector-specific,"The techniques and principles of software development, such as analysis, algorithms, coding, testing and compiling of programming paradigms in MATLAB."
maximise-sales-revenues,maximise sales revenues,skill/competence,cross-sector,"Increase possible sales volumes and avoid losses through cross-selling, upselling or promotion of additional services."
mdx,MDX,knowledge,sector-specific,The computer language MDX is a query language for retrieval of information from a database and of documents containing the needed information. It is developed by the software company Microsoft.
measure-customer-feedback,measure customer feedback,skill/competence,cross-sector,Evaluate customer's comments in order to find out whether customers feel satisfied or dissatisfied with the product or service.
measure-electrical-characteristics,measure electrical characteristics,skill/competence,cross-sector,"Measure voltage, current, resistance or other electrical characteristics by using electrical measuring equipment such as multimeters, voltmeters, and ammeters."
measure-software-usability,measure software usability,skill/competence,sector-specific,Check the convenience of the software product for the end user. Identify user problems and make adjustments to improve usability practice. Collect input data on how users evaluate software products.
mechanical-engineering,mechanical engineering,knowledge,sector-specific,"Discipline that applies principles of physics, engineering and materials science to design, analyse, manufacture and maintain mechanical systems."
mechanics,mechanics,knowledge,cross-sector,Theoretical and practical applications of the science studying the action of displacements and forces on physical bodies to the development of machinery and mechanical devices.
mechatronics,mechatronics,knowledge,cross-sector,"Multidisciplinary field of engineering that combines principles of electrical engineering, telecommunications engineering, control engineering, computer engineering, and mechanical engineering in the design of products and manufacturing processes. The combination of these areas of engineering allows for the design and development of ""smart"" devices and the achievement of an optimal balance between"
media-formats,media formats,knowledge,sector-specific,"The various formats in which media can be made available to the audience, such as paper books, e-books, tapes, and analogue signal."
medical-informatics,medical informatics,knowledge,cross-sector,The processes and tools used for the analysis and dissemination of medical data through computerized systems.
meet-deadlines,meet deadlines,skill/competence,cross-sector,Ensure operative processes are finished at a previously agreed-upon time.
meet-expectations-of-target-audience,meet expectations of target audience,skill/competence,cross-sector,Research the needs and expectations of the target audience to ensure the program's theme meets both.
mentor-individuals,mentor individuals,skill/competence,cross-sector,"Mentor individuals by providing emotional support, sharing experiences and giving advice to the individual to help them in their personal development, as well as adapting the support to the specific needs of the individual and heeding their requests and expectations."
metasploit,Metasploit,knowledge,sector-specific,The framework Metasploit is a penetration testing tool which tests security weaknesses of the system for potentially unauthorised access to system information. The tool is based on the concept of 'exploit' which implies executing code on the target machine this way taking advantage of the bugs and vulnerabilities of the target machine.
microelectronics,microelectronics,knowledge,cross-sector,"Microelectronics is a subdiscipline of electronics and relates the study, design, and manufacture of small electronic components, such as microchips."
microprocessors,microprocessors,knowledge,cross-sector,Computer processors on a microscale that integrate the computer central processing unit (CPU) on a single chip.
microsoft-access,Microsoft Access,knowledge,sector-specific,"The computer program Access is a tool for creating, updating and managing databases, developed by the software company Microsoft."
microsoft-visio,Microsoft Visio,knowledge,sector-specific,The computer program Microsoft Visio is a graphical ICT tool which enables digital editing and composition of graphics to generate both 2D raster or 2D vector graphics. It is developed by the software company Microsoft.
microsoft-visual-c,Microsoft Visual C++,knowledge,sector-specific,"The computer program Visual C++ is a suite of software development tools for writing programs, such as compiler, debugger, code editor, code highlights, packaged in a unified user interface. It is developed by the software company Microsoft."
microwave-principles,microwave principles,knowledge,sector-specific,"The technologies used in transmission of information or energy via electromagnetic waves between 1000 and 100,000 MHz."
migrate-existing-data,migrate existing data,skill/competence,sector-specific,"Apply migration and conversion methods for existing data, in order to transfer or convert data between formats, storage or computer systems."
mix-live-images,mix live images,skill/competence,sector-specific,Follow different video streams of a live event and mix them together using specialised equipment and software.
mix-multi-track-recordings,mix multi-track recordings,skill/competence,sector-specific,"Mix recorded sound from several sources using a mix panel, and edit it to obtain the desired mix."
mix-sound-in-a-live-situation,mix sound in a live situation,skill/competence,sector-specific,Mix audio signals from multiple sound sources during rehearsals or in a live situation.
ml-computer-programming,ML (computer programming),knowledge,sector-specific,"The techniques and principles of software development, such as analysis, algorithms, coding, testing and compiling of programming paradigms in ML."
mobile-device-management,mobile device management,knowledge,sector-specific,"The methods for managing the use of mobile devices within an organisation, while ensuring security."
mobile-device-software-frameworks,mobile device software frameworks,knowledge,sector-specific,"The API (Application Program Interfaces), such as Android, iOS, windows phone which enables programmers to quickly and easily write applications for mobile devices."
mobile-marketing,mobile marketing,knowledge,sector-specific,"The study of marketing which uses mobile devices as a communication channel. This approach can provide potential customers with personalised information (using location or time context) which promotes products, services or ideas."
mobile-operating-systems,mobile operating systems,knowledge,sector-specific,"The features, restrictions, architectures and other characteristics of operating systems designed to run on mobile devices, such as Android or iOS."
model-based-system-engineering,model based system engineering,knowledge,cross-sector,"Model-based systems engineering (MBSE) is a methodology for systems engineering that uses visual modelling as the primary means of communicating information. It is focused on creating and exploiting domain models as the primary means of information exchange between engineers and engineering technicians, rather than on document-based information exchange. Therefore, it eliminates the communication "
model-hardware,model hardware,skill/competence,sector-specific,Model and simulate computer hardware using technical design software. Assess the viability of the product and examine the physical parameters to ensure a successful production process.
model-power-electronics,model power electronics,skill/competence,occupation-specific,"Model and simulate power electronics systems, products, and components using technical design software. Assess the viability of the product and examine the physical parameters to ensure a successful production process."
monitor-automated-machines,monitor automated machines,skill/competence,cross-sector,"Continuously check up on the automated machine's set-up and execution or make regular control rounds. If necessary, record and interpret data on the operating conditions of installations and equipment in order to identify abnormalities."
monitor-communication-channels-performance,monitor communication channels' performance,skill/competence,sector-specific,Search for possible faults. Perform visual checks. Analyse system indicators and use diagnostic devices.
monitor-developments-in-field-of-expertise,monitor developments in field of expertise,skill/competence,cross-sector,"Keep up with new research, regulations, and other significant changes, labour market related or otherwise, occurring within the field of specialisation."
monitor-developments-in-technology-used-for-design,monitor developments in technology used for design,skill/competence,sector-specific,"Identify and explore recent developments in technology and materials used in the live performance industry, in order to create an up-to-date technical background for one’s personal design work."
monitor-educational-developments,monitor educational developments,skill/competence,cross-sector,"Monitor the changes in educational policies, methodologies and research by reviewing relevant literature and liaising with education officials and institutions."
monitor-ict-research,monitor ICT research,skill/competence,sector-specific,Survey and investigate recent trends and developments in ICT research. Observe and anticipate mastery evolution.
monitor-legislation-developments,monitor legislation developments,skill/competence,cross-sector,"Monitor changes in rules, policies and legislation, and identify how they may influence the organisation, existing operations, or a specific case or situation."
monitor-machine-operations,monitor machine operations,skill/competence,cross-sector,Observing machine operations and evaluating product quality thereby ensuring conformity to standards.
monitor-manufacturing-quality-standards,monitor manufacturing quality standards,skill/competence,cross-sector,Monitor quality standards in manufacturing and finishing process.
monitor-mixing-in-a-live-situation,monitor mixing in a live situation,skill/competence,sector-specific,"Monitor mixing in a live audio situation, under own responsibility."
monitor-quality-of-broadcasts,monitor quality of broadcasts,skill/competence,occupation-specific,"Monitor strength, clarity, and reliability of incoming and outgoing signals to adjust equipment as necessary to maintain the quality of the broadcast."
monitor-sociological-trends,monitor sociological trends,skill/competence,sector-specific,Identify and investigate sociological trends and movements in society.
monitor-student-s-behaviour,monitor student's behaviour,skill/competence,cross-sector,Supervise the student's social behaviour to discover anything unusual. Help solve any issues if necessary.
monitor-system-performance,monitor system performance,skill/competence,sector-specific,"Measure system reliability and performance before, during and after component integration and during system operation and maintenance. Select and use performance monitoring tools and techniques, such as special software."
monitor-technology-trends,monitor technology trends,skill/competence,cross-sector,"Survey and investigate recent trends and developments in technology. Observe and anticipate their evolution, according to current or future market and business conditions."
moodle,Moodle,knowledge,sector-specific,"The computer program Moodle is a e-learning platform for creating, administrating, arranging, reporting and delivering e-learning education courses or training programs."
motion-capture,motion capture,knowledge,sector-specific,The process and techniques for capturing the movement of human actors in order to create and animate digital characters that look and move as humanly as possible.
motion-graphics,motion graphics,knowledge,cross-sector,"The techniques and software for creating the illusion of motion such as keyframing, Adobe After Effects, and Nuke."
motivate-employees,motivate employees,skill/competence,cross-sector,"Communicate with employees in order to ensure that their personal ambitions are in line with the business goals, and that they work to meet them."
multi-professional-cooperation-in-health-care,multi-professional cooperation in health care,knowledge,sector-specific,"The way to behave during team meetings, visits and meetings in multi-professional cooperation especially with other health professionals."
multimedia-systems,multimedia systems,knowledge,cross-sector,"The methods, procedures and techniques pertaining to the operation of multimedia systems, usually a combination of software and hardware, presenting various types of media such as video and audio."
musical-genres,musical genres,knowledge,cross-sector,"Different musical styles and genres such as blues, jazz, reggae, rock, or indie."
musical-instruments,musical instruments,knowledge,sector-specific,"The different musical instruments, their ranges, timbre, and possible combinations."
musical-notation,musical notation,knowledge,cross-sector,"The systems used to visually represent music through the use of written symbols, including ancient or modern musical symbols."
musical-theory,musical theory,knowledge,sector-specific,The body of interrelated concepts that constitutes the theoretical background of music.
mysql,MySQL,knowledge,sector-specific,"The computer program MySQL is a tool for creating, updating and managing databases, currently developed by the software company Oracle."
n1ql,N1QL,knowledge,sector-specific,The computer language N1QL is a query language for retrieval of information from a database and of documents containing the needed information. It is developed by the software company Couchbase.
natural-language-processing,natural language processing,knowledge,sector-specific,The technologies which enable ICT devices to understand and interact with users through human language.
negotiate-buying-conditions,negotiate buying conditions,skill/competence,cross-sector,"Negotiate terms such as price, quantity, quality, and delivery terms with vendors and suppliers in order to ensure the most beneficial buying conditions."
nessus,Nessus,knowledge,sector-specific,"The computer program Nessus is a specialised ICT tool which tests security weaknesses of the system for potentially unauthorised access to system information, developed by the software company Tenable Network Security."
network-management-system-tools,network management system tools,knowledge,sector-specific,"The software or hardware tools which enable monitoring, analysis and supervision of individual network components or network parts within a larger network system."
neuromarketing-techniques,neuromarketing techniques,knowledge,sector-specific,A field of marketing which uses medical technologies such as functional Magnetic Resonance Imaging (fMRI) to study the brain’s responses to marketing stimuli.
nexpose,Nexpose,knowledge,sector-specific,"The computer program Nexpose is a specialised ICT tool which tests security weaknesses of the system for potentially unauthorised access to system information, developed by the software company Rapid7."
normalise-data,normalise data,skill/competence,sector-specific,"Reduce data to their accurate core form (normal forms) in order to achieve such results as minimisation of dependency, elimination of redundancy, increase of consistency."
nosql,NoSQL,knowledge,sector-specific,"The Not Only SQL non-relational database used for creating, updating and managing large amounts of unstructured data stored in the cloud."
nursing-science,nursing science,knowledge,cross-sector,The factors that influence human health and the therapeutic interventions that promote health with the purpose to improve individual`s mental and physical health.
object-oriented-modelling,object-oriented modelling,knowledge,sector-specific,"The object-oriented paradigm, which is based on classes, objects, methods and interfaces and their application in software design and analysis, programming organisation and techniques."
objective-c,Objective-C,knowledge,sector-specific,"The techniques and principles of software development, such as analysis, algorithms, coding, testing and compiling of programming paradigms in Objective-C."
objectstore,ObjectStore,knowledge,sector-specific,"The computer program ObjectStore is a tool for creating, updating and managing databases, developed by the software company Object Design, Incorporated."
observe-student-s-progress,observe student's progress,skill/competence,cross-sector,Follow up on students’ learning progress and assess their achievements and needs.
octopus-deploy,Octopus Deploy,knowledge,sector-specific,The tool Octopus Deploy is a software program used to automate ASP.NET applications deployment to local or on the cloud servers.
office-software,office software,knowledge,cross-sector,"The characteristics and functioning of software programs for office tasks such as word processing, spreadsheets, presentation, email and database."
omnipage,OmniPage,knowledge,sector-specific,"The computer program OmniPage is software that electronically converts printed and typed images into machine-encoded text so that documents can be electronically stored, edited and digitally displayed."
online-ads-campaign-techniques,online ads campaign techniques,knowledge,cross-sector,Techniques to plan and implement a marketing campaign on online ads platforms.
online-analytical-processing,online analytical processing,knowledge,sector-specific,"The online tools which analyse, aggregate and present multi-dimensional data enabling users to interactively and selectively extract and view data from specific points of view."
online-moderation-techniques,online moderation techniques,knowledge,sector-specific,The strategies and methods used to interact online and moderate online users and groups.
open-source-model,Open source model,knowledge,sector-specific,"The open source model consists of principles and fundamentals of service-oriented modelling for business and software systems that allow the design and specification of service-oriented business systems within a variety of architectural styles, such as enterprise architecture."
openedge-advanced-business-language,OpenEdge Advanced Business Language,knowledge,sector-specific,"The techniques and principles of software development, such as analysis, algorithms, coding, testing and compiling of programming paradigms in OpenEdge Advanced Business Language."
openedge-database,OpenEdge Database,knowledge,sector-specific,"The computer program OpenEdge Database is a tool for creating, updating and managing databases, developed by the software company Progress Software Corporation."
operate-3d-computer-graphics-software,operate 3D computer graphics software,skill/competence,sector-specific,"Use graphical ICT tools, such as Autodesk Maya, Blender which enable digital editing, modelling, rendering and composition of graphics. These tools are based in mathematical representation of three-dimensional objects."
operate-a-camera,operate a camera,skill/competence,sector-specific,Capture moving images with a camera. Operate the camera skilfully and safely to obtain high quality material.
operate-a-lighting-console,operate a lighting console,skill/competence,sector-specific,"Operate a light board during rehearsal or live situations, based on visual cues or documentation."
operate-an-audio-mixing-console,operate an audio mixing console,skill/competence,sector-specific,Operate an audio mixing system during rehearsals or during live performances.
operate-audio-equipment,operate audio equipment,skill/competence,sector-specific,"Apply technologies for re-creation or recording of sounds, such as speaking, sound of instruments in electrical or mechanical form."
operate-audio-signal-processors,operate audio-signal processors,skill/competence,cross-sector,Operate audio-signal processors to alter auditory signals.
operate-broadcast-equipment,operate broadcast equipment,skill/competence,sector-specific,"Operate broadcast equipment to produce, switch, receive, record, edit, and reproduce television and radio signals."
operate-call-distribution-system,operate call distribution system,skill/competence,sector-specific,Apply assigning methods (mostly used in call centres) to provide clients with the best possible service by connecting them with the most suitable agent.
operate-electronic-measuring-instruments,operate electronic measuring instruments,skill/competence,sector-specific,"Tend a wide variety of devices for measuring electronic characteristics of system components, such as optical power meter, fibre power meter, digital power meter and multimeter."
operate-garment-manufacturing-machines,operate garment manufacturing machines,skill/competence,sector-specific,"Operate and monitor machines which make miscellaneous wearing apparel articles. Operate and monitor machines that fold cloth into measured length, and measure size of pieces."
operate-lighting-equipment,operate lighting equipment,skill/competence,sector-specific,"Operate lighting equipment used during production of movies, commercials, animations and other visual productions to create an atmosphere with light."
operate-open-source-software,operate open source software,skill/competence,sector-specific,"Operate Open Source software, knowing the main Open Source models, licensing schemes, and the coding practices commonly adopted in the production of Open Source software."
operate-precision-machinery,operate precision machinery,skill/competence,cross-sector,Operate machinery used for the making of small systems or components with a high level of precision.
operate-precision-measuring-equipment,operate precision measuring equipment,skill/competence,cross-sector,"Measure the size of a processed part when checking and marking it to check if it is up to standard by use of two and three dimensional precision measuring equipment such as a caliper, a micrometer, and a measuring gauge."
operate-printing-machinery,operate printing machinery,skill/competence,sector-specific,"Operate machinery for various types of printed documents, adjusting the font, paper size, and weight. This allows ascenders and descenders to be correctly placed."
operate-private-branch-exchange,operate private branch exchange,skill/competence,sector-specific,"Handle Private Branch Exchange (PBX), a telecommunication system within an organisation that switches calls between users on local lines. At the same time the system allows all users to share external phone lines."
operate-projector,operate projector,skill/competence,occupation-specific,Operate projection equipment manually or with a control panel.
operate-relational-database-management-system,operate relational database management system,skill/competence,sector-specific,"Extract, store and verify information using database management systems based on the relational database model, which arranges data into tables of rows and columns, such as Oracle Database, Microsoft SQL Server and MySQL."
operate-remote-broadcast-equipment,operate remote broadcast equipment,skill/competence,sector-specific,Handle equipment that is used for broadcasting from locations which are far from central station. The pickup unit (RPU) is the most common tool for this communication.
operate-scientific-measuring-equipment,operate scientific measuring equipment,skill/competence,cross-sector,"Operate devices, machinery, and equipment designed for scientific measurement. Scientific equipment consists of specialised measuring instruments refined to facilitate the acquisition of data."
operate-sound-live,operate sound live,skill/competence,sector-specific,Operate sound system and audio devices during rehearsals or in a live situation.
operate-the-sound-in-the-rehearsal-studio,operate the sound in the rehearsal studio,skill/competence,sector-specific,"Create cues for any sound technicians and verify their understanding of them. If no sound crew are available, use others' cues to operate the sound system."
operate-video-equipment,operate video equipment,skill/competence,cross-sector,Use of various types of video equipment.
operating-systems,operating systems,knowledge,sector-specific,"The features, restrictions, architectures and other characteristics of operating systems such Linux, Windows, MacOS, etc."
optical-character-recognition-software,optical character recognition software,knowledge,cross-sector,"The software that electronically converts printed and typed images into machine-encoded text so that documents can be electronically stored, edited and digitally displayed."
optics,optics,knowledge,cross-sector,The science that studies the elements and reaction of light.
optimise-choice-of-ict-solution,optimise choice of ICT solution,skill/competence,sector-specific,"Select the appropriate solutions in the field of ICT while taking into account potential risks, benefits and overall impact."
optimise-financial-performance,optimise financial performance,skill/competence,cross-sector,"Direct and coordinate the organisation's financial operations and budget activities, in order to optimise financial performance."
optimise-production,optimise production,skill/competence,sector-specific,"Analyse and identify the strengths and weaknesses of solutions, conclusions or approaches to problems; formulate and plan alternatives."
optoelectronics,optoelectronics,knowledge,cross-sector,Branch of electronics and optics dedicated to the study and use of electronic devices that detect and control light.
oracle-application-development-framework,Oracle Application Development Framework,knowledge,sector-specific,"The Java framework software development environment which provide specific features and components (such as enhanced reusability features, visual and declarative programming) that support and guide enterprise applications development."
oracle-data-integrator,Oracle Data Integrator,knowledge,sector-specific,"The computer program Oracle Data Integrator is a tool for integration of information from multiple applications, created and maintained by organisations, into one consistent and transparent data structure, developed by the software company Oracle."
oracle-relational-database,Oracle Relational Database,knowledge,sector-specific,"The computer program Oracle Rdb is a tool for creating, updating and managing databases, developed by the software company Oracle."
oracle-warehouse-builder,Oracle Warehouse Builder,knowledge,sector-specific,"The computer program Oracle Warehouse Builder is a tool for integration of information from multiple applications, created and maintained by organisations, into one consistent and transparent data structure, developed by the software company Oracle."
oracle-weblogic,Oracle WebLogic,knowledge,sector-specific,The application server Oracle WebLogic is Java EE based application server which serves as a middle tier that links the back-end databases to the related applications.
organisational-policies,organisational policies,knowledge,sector-specific,The policies to achieve set of goals and targets regarding the development and maintenance of an organisation.
organisational-resilience,organisational resilience,knowledge,sector-specific,"The strategies, methods and techniques that increase the organisation's capacity to protect and sustain the services and operations that fulfil the organisational mission and create lasting values by effectively addressing the combined issues of security, preparedness, risk and disaster recovery."
organisational-structure,organisational structure,knowledge,cross-sector,"Framework of the different departments within the organisation, as well its people, their roles and responsibilities."
organise-compositions,organise compositions,skill/competence,sector-specific,"Arrange and adapt existing musical compositions, add variations to existing melodies or compositions manually or with the use of computer software. Redistribute instrumental parts."
organise-project-meetings,organise project meetings,skill/competence,cross-sector,"Organise project meetings such as the project kick-off meeting and the project review meeting. Plan the meeting agenda, set up conference calls, address any logistical needs and prepare documentation or hand-outs needed for the meeting. Ensure the participation of the project team, the project client and other relevant stakeholders. Draft and circulate the meeting minutes."
organise-projects-to-fill-education-needs,organise projects to fill education needs,skill/competence,cross-sector,"Fill education gaps by organising projects and activities that help people to grow academically, socially or emotionally."
organise-resources-for-artistic-production,organise resources for artistic production,skill/competence,cross-sector,"Coordinate human, material and capital resources within artistic productions, based on the given documentation e.g. scripts."
organise-training,organise training,skill/competence,cross-sector,"Make the necessary preparations to conduct a training session. Provide equipment, supplies and exercise materials. Ensure the training runs smoothly."
outsourcing-model,Outsourcing model,knowledge,sector-specific,"The outsourcing model consists of principles and fundamentals of service-oriented modelling for business and software systems that allow the design and specification of service-oriented business systems within a variety of architectural styles, such as enterprise architecture."
outsourcing-strategy,outsourcing strategy,knowledge,sector-specific,The high level planning for managing and optimising external services of providers to execute business processes.
oversee-clinical-information-system-activities,oversee clinical information system activities,skill/competence,occupation-specific,"Supervise and oversee day-to-day operational and clinical information system activities such as CIS, which are used for collecting and storing clinical information regarding the healthcare delivery process."
oversee-development-of-software,oversee development of software,skill/competence,sector-specific,"Organise, plan and supervise the development of the applications and frameworks in order to create a software product, from the earliest planning stages to the final product test."
oversee-extra-curricular-activities,oversee extra-curricular activities,skill/competence,cross-sector,Supervise and potentially organise educational or recreational activities for the students outside of mandatory classes.
oversee-quality-control,oversee quality control,skill/competence,cross-sector,Monitor and assure the quality of the provided goods or services by overseeing that all the factors of the production meet quality requirements. Supervise product inspection and testing.
owasp-zap,OWASP ZAP,knowledge,sector-specific,"The integrated testing tool OWASP Zed Attack Proxy (ZAP) is a specialised tool which tests web applications security weaknesses, replying on an automated scanner and a REST API."
pack-electronic-equipment,pack electronic equipment,skill/competence,sector-specific,Safely pack sensitive electronic equipment for storage and transport.
parrot-security-os,Parrot Security OS,knowledge,sector-specific,"The operating system Parrot Security is a Linux distribution which performs penetration cloud testing, analysing security weaknesses for potentially unauthorised access."
participate-in-artistic-mediation-activities,participate in artistic mediation activities,skill/competence,sector-specific,"Participate in cultural and artistic mediation activities: announce the activity, give a presentation or talk related to a piece of art or an exhibition, teach a class or a group, lead artistic mediation activities, lead or participate in a public discussion."
participate-in-medical-records-auditing-activities,participate in medical records' auditing activities,skill/competence,sector-specific,"Assist and help with any requests arisen during audits related to the archiving, filling and processing of medical records."
particle-animation,particle animation,knowledge,occupation-specific,"The field of particle animation, an animation technique in which large numbers of graphic objects are used to simulate phenomena, such as flames and explosions and 'fuzzy phenomena' that are difficult to reproduce using conventional rendering methods."
pascal-computer-programming,Pascal (computer programming),knowledge,sector-specific,"The techniques and principles of software development, such as analysis, algorithms, coding, testing and compiling of programming paradigms in Pascal."
pedagogy,pedagogy,knowledge,cross-sector,The discipline that concerns the theory and practice of education including the various instructional methods for educating individuals or groups.
penetration-testing-tool,penetration testing tool,knowledge,sector-specific,"The specialised ICT tools which test security weaknesses of the system for potentially unauthorised access to system information such as Metasploit, Burp suite and Webinspect."
pentaho-data-integration,Pentaho Data Integration,knowledge,sector-specific,"The computer program Pentaho Data Integration is a tool for integration of information from multiple applications, created and maintained by organisations, into one consistent and transparent data structure, developed by the software company Pentaho."
perform-backups,perform backups,skill/competence,sector-specific,Implement backup procedures to backup data and systems to ensure permanent and reliable system operation. Execute data backups in order to secure information by copying and archiving to ensure integrity during system integration and after data loss occurrence.
perform-business-analysis,perform business analysis,skill/competence,cross-sector,"Evaluate the condition of a business on its own and in relation to the competitive business domain, performing research, placing data in context of the business' needs and determining areas of opportunity."
perform-classroom-management,perform classroom management,skill/competence,cross-sector,Maintain discipline and engage students during instruction.
perform-clinical-coding-procedures,perform clinical coding procedures,skill/competence,sector-specific,Match and record correctly the specific illnesses and treatments of a patient by using a clinical codes classification system.
perform-contract-compliance-audits,perform contract compliance audits,skill/competence,cross-sector,"Execute a thorough contract compliance audit, ensuring that goods or services are being delivered in a correct and timely fashion, checking for clerical errors or missed credits and discounts and starting procedures for cash recovery."
perform-copywriting,perform copywriting,skill/competence,cross-sector,Write creative texts targeted to a specific audience for marketing and advertising purposes and ensure that the message convinces potential customers to buy a product or a service and facilitates a positive outlook on the organisation.
perform-customer-management,perform customer management,skill/competence,cross-sector,"Identify and understand the customer's needs. Communicate and engage with stakeholders in designing, promoting and evaluating services."
perform-customers-needs-analysis,perform customers’ needs analysis,skill/competence,cross-sector,Analyse the habits and needs of customers and target groups in order to devise and apply new marketing strategies and to sell more goods in a more effective way.
perform-data-analysis,perform data analysis,skill/competence,cross-sector,"Collect data and statistics to test and evaluate in order to generate assertions and pattern predictions, with the aim of discovering useful information in a decision-making process."
perform-data-cleansing,perform data cleansing,skill/competence,cross-sector,"Detect and correct corrupt records from data sets, ensure that the data become and remain structured according to guidelines."
perform-data-mining,perform data mining,skill/competence,sector-specific,"Explore large datasets to reveal patterns using statistics, database systems or artificial intelligence and present the information in a comprehensible way."
perform-dimensionality-reduction,perform dimensionality reduction,skill/competence,cross-sector,"Reduce the number of variables or features for a dataset in machine learning algorithms through methods such as principal component analysis, matrix factorization, autoencoder methods, and others."
perform-escalation-procedure,perform escalation procedure,skill/competence,cross-sector,"Assess situations in which a solution cannot be provided right away, and ensure that it is brought to the next levels of support."
perform-forensic-preservations-of-digital-devices,perform forensic preservations of digital devices,skill/competence,occupation-specific,"Preserve integrity of ICT devices, such as laptops, desktops and other digital media, by storing them physically and using software such as PTK Forensics and EnCase to retrieve, store and trace digital information in a legal manner so that they can be used as evidence at an appropriate time."
perform-ict-security-testing,perform ICT security testing,skill/competence,sector-specific,"Execute types of security testing, such as network penetration testing, wireless testing, code reviews, wireless and/or firewall assessments in accordance with industry-accepted methods and protocols to identify and analyse potential vulnerabilities."
perform-ict-troubleshooting,perform ICT troubleshooting,skill/competence,cross-sector,"Identify problems with servers, desktops, printers, networks, and remote access, and perform actions which solve the problems."
perform-image-editing,perform image editing,skill/competence,cross-sector,Edit various types of images such as analogue and digital photographs or illustrations.
perform-in-circuit-test,perform in-circuit test,skill/competence,sector-specific,"Conduct in-circuit test (ICT) to assess whether the printed circuit boards (PCB) were correctly manufactured. The ICT tests for shorts, resistance, and capacitance, and can be performed with a ""bed of nails"" tester or with a fixtureless in-circuit test (FICT)."
perform-machine-maintenance,perform machine maintenance,skill/competence,cross-sector,"Perform regular maintenance, possibly including corrections and alterations, on a machine or machine tool to ensure it remains in a proper productive state."
perform-market-research,perform market research,skill/competence,cross-sector,"Gather, assess and represent data about target market and customers in order to facilitate strategic development and feasibility studies. Identify market trends."
perform-minor-repairs-to-equipment,perform minor repairs to equipment,skill/competence,cross-sector,Conduct routine maintenance on equipment. Recognise and identify minor defects in equipment and make repairs if appropriate.
perform-multiple-tasks-at-the-same-time,perform multiple tasks at the same time,skill/competence,cross-sector,"Execute multiple tasks at the same time, being aware of key priorities."
perform-online-data-analysis,perform online data analysis,skill/competence,cross-sector,"Analyse online experiences and online data for purposes of understanding user behaviour, triggers of online attention, and other factors that could optimise webpage development and exposure."
perform-procurement-processes,perform procurement processes,skill/competence,cross-sector,"Undertake ordering of services, equipment, goods or ingredients, compare costs and check the quality to ensure optimal payoff for the organisation."
perform-product-planning,perform product planning,skill/competence,sector-specific,"Identify and articulate market requirements that define a product’s feature set. Product planning serves as the basis for decisions about price, distribution and promotion."
perform-project-management,perform project management,skill/competence,cross-sector,"Manage and plan various resources, such as human resources, budget, deadline, results, and quality necessary for a specific project, and monitor the project's progress in order to achieve a specific goal within a set time and budget."
perform-quality-audits,perform quality audits,skill/competence,cross-sector,"Execute regular, systematic and documented examinations of a quality system for verifying conformity with a standard based on objective evidence such as the implementation of processes, effectiveness in achieving quality goals and reduction and elimination of quality problems."
perform-quality-control-of-design-during-a-run,perform quality control of design during a run,skill/competence,sector-specific,Control and ensure the quality of design results during a run.
perform-resource-planning,perform resource planning,skill/competence,cross-sector,"Estimate the expected input in terms of time, human and financial resources necessary to achieve the project objectives."
perform-risk-analysis,perform risk analysis,skill/competence,cross-sector,Identify and assess factors that may jeopardise the success of a project or threaten the organisation's functioning. Implement procedures to avoid or minimise their impact.
perform-scientific-research,perform scientific research,skill/competence,cross-sector,"Gain, correct or improve knowledge about phenomena by using scientific methods and techniques, based on empirical or measurable observations."
perform-software-recovery-testing,perform software recovery testing,skill/competence,sector-specific,Execute testing using specialised software tools to force failure of software in a variety of ways and checking how fast and better the software can recover against any type of crash or failure.
perform-software-unit-testing,perform software unit testing,skill/competence,sector-specific,Test single units of source code to determine whether or not they are suitable for use by creating short code fragments.
perform-soundchecks,perform soundchecks,skill/competence,sector-specific,Test the sound equipment of a venue to ensure smooth operation during the performance. Cooperate with performers to make sure the venue equipment is adjusted for the requirements of the performance.
perform-technical-sound-check,perform technical sound check,skill/competence,sector-specific,Prepare and run a technical sound check before rehearsals or live shows. Check instrument setup and ensure correct functioning of the audio equipment. Anticipate possible technical problems during a live show.
perform-test-run,perform test run,skill/competence,cross-sector,"Perform tests putting a system, machine, tool or other equipment through a series of actions under actual operating conditions in order to assess its reliability and suitability to realise its tasks, and adjust settings accordingly."
perform-video-editing,perform video editing,skill/competence,sector-specific,"Rearrange and edit video footage in the course of the post-production process. Edit the footage using a variety of sofware, tools, and techniques such as colour correction and effects, speed effects, and audio enhancing."
perl,Perl,knowledge,sector-specific,"The techniques and principles of software development, such as analysis, algorithms, coding, testing and compiling of programming paradigms in Perl."
personal-directing-styles,personal directing styles,knowledge,sector-specific,Understand and analyse the behaviour of specific directors.
photography,photography,knowledge,cross-sector,Art and practice of creating aesthetically appealing images by recording light or electromagnetic radiation.
php,PHP,knowledge,sector-specific,"The techniques and principles of software development, such as analysis, algorithms, coding, testing and compiling of programming paradigms in PHP."
physics,physics,knowledge,cross-sector,"The natural science involving the study of matter, motion, energy, force and related notions."
plan-a-recording,plan a recording,skill/competence,cross-sector,Make the necessary arrangements to record music.
plan-act-lighting,plan act lighting,skill/competence,sector-specific,Lay out the lighting of your act. Work together with technicians to make sure the lighting of your act conforms with the artistic vision.
plan-art-educational-activities,plan art educational activities,skill/competence,sector-specific,"Plan and implement artistic facilities, performance, venues and museum-related educational activities and events."
plan-audiovisual-recording,plan audiovisual recording,skill/competence,cross-sector,Plan audio-visual recordings.
plan-digital-marketing,plan digital marketing,skill/competence,cross-sector,"Develop digital marketing strategies for both leisure and business purposes, create websites and deal with mobile technology and social networking."
plan-ict-capacity,plan ICT capacity,skill/competence,occupation-specific,"Schedule the longer-term hardware capacity, ICT infrastructure, computing resources, human resources and other aspects needed to meet changing demands for ICT products and services."
plan-learning-curriculum,plan learning curriculum,skill/competence,cross-sector,"Organise content, form, methods and technologies for delivery of study experiences that occur during educational effort which leads to gaining learning outcomes."
plan-marketing-campaigns,plan marketing campaigns,skill/competence,cross-sector,"Develop a method to promote a product through different channels, such as television, radio, print and online platforms, social media with the aim to communicate and deliver value to customers."
plan-marketing-strategy,plan marketing strategy,skill/competence,cross-sector,"Determine the objective of the marketing strategy whether it is for establishing image, implementing a pricing strategy, or raising awareness of the product. Establish approaches of marketing actions to ensure that goals are achieved efficiently and over a long term."
plan-migration-to-cloud,plan migration to cloud,skill/competence,sector-specific,"Select existing workloads and processes for potential migration to the cloud and choose migration tools. Determine a new cloud architecture for an existing solution, plan a strategy for migrating existing workloads to the cloud."
plan-product-management,plan product management,skill/competence,cross-sector,"Manage the scheduling of procedures which aim to maximise sales objectives, such as forecasting market trends, product placement, and sales planning."
plan-research-process,plan research process,skill/competence,sector-specific,Outline the research methodologies and schedule in order to ensure that the research can be thoroughly and efficiently executed and that the objectives can be met in a timely manner.
plan-shots,plan shots,skill/competence,occupation-specific,"Plan complicated shots, such as explosions, before shooting."
plan-social-media-marketing-campaigns,plan social media marketing campaigns,skill/competence,sector-specific,Plan and implement a marketing campaign on social media.
plan-software-testing,plan software testing,skill/competence,sector-specific,"Create and supervise tests plans. Decide on allocation of resources, tools and techniques. Set testing criteria for balancing incurred risks in case of remaining defects, adapt budgets and plan additional costs."
plan-teamwork,plan teamwork,skill/competence,sector-specific,Plan the working schedule of a group of people in order to meet all time and quality requirements.
plot-lighting-states,plot lighting states,skill/competence,sector-specific,Set up and try out lighting states.
plot-lighting-states-with-automated-lights,plot lighting states with automated lights,skill/competence,sector-specific,Technically manipulate light boards for automated lights. Set up and try out lighting states with automated lights.
pneumatics,pneumatics,knowledge,cross-sector,The application of pressurised gas to produce mechanical motion.
post-processing-of-photographs,post-processing of photographs,knowledge,cross-sector,The characteristics of software and techniques used in post-processing photographs.
post-secondary-school-procedures,post-secondary school procedures,knowledge,sector-specific,"The inner workings of a post-secondary school, such as the structure of the relevant education support and management, the policies, and the regulations."
postgresql,PostgreSQL,knowledge,sector-specific,"The computer program PostgreSQL is a free and open-source software tool for creating, updating and managing databases, developed by the PostgreSQL Global Development Group."
power-electronics,power electronics,knowledge,cross-sector,"The functioning, design, and usage of electronics that control and convert electric power. Power conversion systems are usually categorised as AC-DC or rectifiers, DC-AC or inverters, DC-DC converters, and AC-AC converters."
practise-camera-movements,practise camera movements,skill/competence,occupation-specific,Practise operating the camera and the required movements for pre-arranged shots.
prepare-assembly-drawings,prepare assembly drawings,skill/competence,cross-sector,"Create the drawings that identify the different components and materials, and that provide instructions as to how they should be assembled."
prepare-digital-art-for-master-photograph,prepare digital art for master photograph,skill/competence,sector-specific,"Assemble, typeset, scan and produce digital art ready to be photographed as a master copy."
prepare-financial-auditing-reports,prepare financial auditing reports,skill/competence,cross-sector,"Compile information on audit findings of financial statements and financial management in order to prepare reports, point out improvement possibilities, and confirm governability."
prepare-lesson-content,prepare lesson content,skill/competence,cross-sector,"Prepare content to be taught in class in accordance with curriculum objectives by drafting exercises, researching up-to-date examples etc."
prepare-licence-agreements,prepare licence agreements,skill/competence,cross-sector,"Make the legal contract ready, granting permission to use equipment, services, components, applications and intellectual property."
prepare-personal-work-environment,prepare personal work environment,skill/competence,cross-sector,Correct settings or positions for your working instruments and adjust them before starting operations.
prepare-production-prototypes,prepare production prototypes,skill/competence,cross-sector,Prepare early models or prototypes in order to test concepts and replicability possibilities. Create prototypes to assess for pre-production tests.
prepare-purchasing-reportings,prepare purchasing reportings,skill/competence,sector-specific,Prepare documentation and files related to product purchases.
prepare-scientific-reports,prepare scientific reports,skill/competence,cross-sector,"Prepare reports that describe results and processes of scientific or technical research, or assess its progress. These reports help researchers to keep up to date with recent findings."
prepare-sound-equipment-on-stage,prepare sound equipment on stage,skill/competence,sector-specific,"Set up, rig, connect, test and tune audio equipment on stage."
prepare-youths-for-adulthood,prepare youths for adulthood,skill/competence,cross-sector,Work with children and young people to identify the skills and abilities they will need to become effective citizens and adults and to prepare them for independence.
prepress-processes,prepress processes,knowledge,cross-sector,"The processes that occur between the creation of a print layout and the final printing, such as copyediting, proofing, proofreading and others."
present-artistic-design-proposals,present artistic design proposals,skill/competence,cross-sector,"Prepare and present detailed design suggestions for a specific production to a mixed group of people, including technical, artistic and management staff."
present-exhibition,present exhibition,skill/competence,sector-specific,Present an exhibition and give educational lectures in a comprehensible way that is attractive to the public.
present-reports,present reports,skill/competence,cross-sector,"Display results, statistics and conclusions to an audience in a transparent and straightforward way."
prevent-fire-in-a-performance-environment,prevent fire in a performance environment,skill/competence,sector-specific,"Take steps to prevent fire in a performance environment. Make sure the space complies with fire safety rules, with sprinklers and fire extinguishers installed where necessary. Make sure staff are aware of fire prevention measures."
prevent-undesired-changes-to-sound-design,prevent undesired changes to sound design,skill/competence,sector-specific,"Adapt your maintenance of sound equipment to prevent undesired changes in the sound balance and design, safeguarding the overall production quality."
pricing-strategies,pricing strategies,knowledge,cross-sector,"The techniques, theories, and commonly accepted strategies regarding pricing of goods. The relation between pricing strategies and outcomes in the market such as profitability maximisation, deterrence of newcomers, or increase of market share."
principles-of-animation,principles of animation,knowledge,sector-specific,"The principles of 2D and 3D animation, such as body motion, kinematics, overshoot, anticipation, squash and stretch."
principles-of-artificial-intelligence,principles of artificial intelligence,knowledge,sector-specific,"The artificial intelligence theories, applied principles, architectures and systems, such as intelligent agents, multi-agent systems, expert systems, rule-based systems, neural networks, ontologies and cognition theories."
principles-of-distributed-ledger-technology,principles of distributed ledger technology,knowledge,sector-specific,"The distributed ledger theories, applied principles, architectures and systems, such as decentralization, consensus mechanisms, smart contracts, trust, etc."
printed-circuit-boards,printed circuit boards,knowledge,cross-sector,"Printed circuit boards (PCB) are essential components to almost all electronic devices. They consist of thin wafers or substrates on which electronic components, such as microchips, are placed. The electronic components are electrically connected through conductive tracks and pads."
printed-circuit-boards-testing-methods,printed circuit boards testing methods,knowledge,cross-sector,"Printed circuit board (PCB) testing methods consist of those processes in which PCB components or systems are tested, such as the in-circuit test (ICT), joint test action group (JTAG) test, and automated optical inspection (AOI)."
