career_title,skill_id,weight,relation_type,career_source
.NET Developer,c-2,92,essential,market
.NET Developer,asp-net,85,essential,market
.NET Developer,use-object-oriented-programming,80,essential,market
.NET Developer,debug-software,78,essential,market
.NET Developer,sql,70,optional,market
.NET Developer,sql-server,68,optional,market
.NET Developer,visual-studio-net,65,optional,market
.NET Developer,linq,64,optional,market
.NET Developer,web-programming,62,optional,market
.NET Developer,agile-development,60,optional,market
.NET Developer,software-design-methodologies,58,optional,market
.NET Developer,develop-automated-software-tests,55,optional,market
3D animator,operate-3d-computer-graphics-software,95,essential,esco
3D animator,principles-of-animation,92,essential,esco
3D animator,animate-3d-organic-forms,88,essential,esco
3D animator,rig-3d-characters,85,essential,esco
3D animator,apply-3d-imaging-techniques,80,essential,esco
3D animator,create-3d-characters,78,essential,esco
3D animator,create-3d-environments,74,essential,esco
3D animator,particle-animation,72,essential,esco
3D animator,3d-texturing,70,essential,esco
3D animator,3d-lighting,68,essential,esco
3D animator,render-3d-images,66,essential,esco
3D animator,create-animated-narratives,55,optional,esco
3D animator,develop-creative-ideas,52,optional,esco
3D animator,create-storyboards,48,optional,esco
3D animator,augmented-reality,45,essential,esco
3D animator,use-scripting-programming,40,optional,esco
3D animator,draw-design-sketches,38,optional,esco
3D animator,maintain-an-artistic-portfolio,35,optional,esco
3D animator,manage-schedule-of-tasks,30,optional,esco
3D animator,select-illustration-styles,28,optional,esco
3D modeller,operate-3d-computer-graphics-software,95,essential,esco
3D modeller,use-polygonal-modelling,92,essential,esco
3D modeller,3d-texturing,90,essential,esco
3D modeller,create-3d-environments,88,essential,esco
3D modeller,create-3d-texture-map,86,essential,esco
3D modeller,create-3d-characters,85,essential,esco
3D modeller,apply-3d-imaging-techniques,82,essential,esco
3D modeller,3d-lighting,78,essential,esco
3D modeller,render-3d-images,75,essential,esco
3D modeller,principles-of-animation,62,optional,esco
3D modeller,develop-creative-ideas,60,essential,esco
3D modeller,animate-3d-organic-forms,58,optional,esco
3D modeller,draw-design-sketches,44,optional,esco
3D modeller,maintain-an-artistic-portfolio,42,optional,esco
3D modeller,augmented-reality,40,essential,esco
3D modeller,migrate-existing-data,35,essential,esco
3D modeller,3d-printing-process,34,optional,esco
3D modeller,create-2d-painting,32,optional,esco
3D modeller,build-business-relationships,30,essential,esco
3D modeller,select-illustration-styles,30,optional,esco
3D modeller,apply-technical-communication-skills,26,optional,esco
3D modeller,software-interaction-design,24,optional,esco
3D modeller,python-computer-programming,22,optional,esco
3D modeller,computer-programming,20,optional,esco
3D modeller,emergent-technologies,20,optional,esco
3D modeller,perform-ict-troubleshooting,20,optional,esco
3D modeller,agile-project-management,18,optional,esco
3D modeller,apply-social-media-marketing,16,optional,esco
3D modeller,ict-project-management-methodologies,15,optional,esco
3D modeller,c,14,optional,esco
3D modeller,geographic-information-systems,10,optional,esco
3D modeller,lean-project-management,10,optional,esco
3D modeller,matlab,10,optional,esco
3D modeller,microsoft-visual-c,10,optional,esco
3D modeller,process-based-management,10,optional,esco
3D modeller,c-2,8,optional,esco
3D modeller,javascript,8,optional,esco
3D modeller,perform-data-mining,8,optional,esco
3D modeller,java-computer-programming,6,optional,esco
3D modeller,typescript,6,optional,esco
3D modeller,visual-studio-net,6,optional,esco
3D modeller,php,5,optional,esco
3D modeller,ajax,4,optional,esco
3D modeller,asp-net,4,optional,esco
3D modeller,assembly-computer-programming,4,optional,esco
3D modeller,objective-c,4,optional,esco
3D modeller,perl,4,optional,esco
3D modeller,r,4,optional,esco
3D modeller,ruby-computer-programming,4,optional,esco
3D modeller,swift-computer-programming,4,optional,esco
3D modeller,coffeescript,3,optional,esco
3D modeller,common-lisp,3,optional,esco
3D modeller,erlang,3,optional,esco
3D modeller,groovy,3,optional,esco
3D modeller,haskell,3,optional,esco
3D modeller,lisp,3,optional,esco
3D modeller,pascal-computer-programming,3,optional,esco
3D modeller,prolog-computer-programming,3,optional,esco
3D modeller,sap-r3,3,optional,esco
3D modeller,sas-language,3,optional,esco
3D modeller,scala,3,optional,esco
3D modeller,scratch-computer-programming,3,optional,esco
3D modeller,vbscript,3,optional,esco
3D modeller,abap,2,optional,esco
3D modeller,apl,2,optional,esco
3D modeller,cobol,2,optional,esco
3D modeller,ml-computer-programming,2,optional,esco
3D modeller,openedge-advanced-business-language,2,optional,esco
3D modeller,smalltalk-computer-programming,2,optional,esco
3D printing technician,3d-printing-process,96,essential,esco
3D printing technician,3d-modelling,88,essential,esco
3D printing technician,use-cad-software,85,essential,esco
3D printing technician,cad-software,82,essential,esco
3D printing technician,printing-techniques,74,essential,esco
3D printing technician,use-technical-drawing-software,72,essential,esco
3D printing technician,operate-3d-computer-graphics-software,70,essential,esco
3D printing technician,adjust-engineering-designs,66,essential,esco
3D printing technician,cadd-software,62,optional,esco
3D printing technician,draft-design-specifications,60,essential,esco
3D printing technician,technical-drawings,58,optional,esco
3D printing technician,create-solutions-to-problems,56,essential,esco
3D printing technician,advise-client-on-technical-possibilities,54,essential,esco
3D printing technician,design-prototypes,52,optional,esco
3D printing technician,ict-software-specifications,50,essential,esco
3D printing technician,identify-customer-s-needs,48,essential,esco
3D printing technician,design-principles,45,optional,esco
3D printing technician,create-technical-plans,42,optional,esco
3D printing technician,mathematics,30,optional,esco
AI Engineer,machine-learning,90,essential,market
AI Engineer,python-computer-programming,88,essential,market
AI Engineer,deep-learning,85,essential,market
AI Engineer,algorithms,80,essential,market
AI Engineer,statistics,78,essential,market
AI Engineer,build-predictive-models,72,optional,market
AI Engineer,sql,68,optional,market
AI Engineer,natural-language-processing,65,optional,market
AI Engineer,distributed-computing,62,optional,market
AI Engineer,computer-vision,60,optional,market
AI Platform Engineer,cloud-technologies,90,essential,market
AI Platform Engineer,design-cloud-architecture,85,essential,market
AI Platform Engineer,devops,82,essential,market
AI Platform Engineer,cloud-security-and-compliance,80,essential,market
AI Platform Engineer,distributed-computing,78,essential,market
AI Platform Engineer,manage-cloud-data-and-storage,74,optional,market
AI Platform Engineer,develop-with-cloud-services,72,optional,market
AI Platform Engineer,manage-ict-virtualisation-environments,72,optional,market
AI Platform Engineer,cloud-monitoring-and-reporting,69,optional,market
AI Platform Engineer,automate-cloud-tasks,68,optional,market
AI Platform Engineer,manage-software-releases,66,optional,market
AI Platform Engineer,jenkins-tools-for-software-configuration-management,63,optional,market
Analytics Engineer,sql,90,essential,market
Analytics Engineer,create-data-models,88,essential,market
Analytics Engineer,data-warehouse,85,essential,market
Analytics Engineer,data-extraction-transformation-and-loading-tools,82,essential,market
Analytics Engineer,implement-data-quality-processes,78,essential,market
Analytics Engineer,python-computer-programming,70,optional,market
Analytics Engineer,business-intelligence,68,optional,market
Analytics Engineer,perform-data-cleansing,65,optional,market
Analytics Engineer,manage-ict-data-architecture,63,optional,market
Analytics Engineer,online-analytical-processing,60,optional,market
Analytics Engineer,deliver-visual-presentation-of-data,55,optional,market
Android Developer,android-mobile-operating-systems,92,essential,market
Android Developer,java-computer-programming,85,essential,market
Android Developer,mobile-device-software-frameworks,80,essential,market
Android Developer,use-object-oriented-programming,74,essential,market
Android Developer,debug-software,72,essential,market
Android Developer,design-user-interface,67,optional,market
Android Developer,application-usability,60,optional,market
Android Developer,agile-development,58,optional,market
Android Developer,sql,55,optional,market
Android Developer,integrated-development-environment-software,52,optional,market
Angular Developer,angular,90,essential,market
Angular Developer,typescript,85,essential,market
Angular Developer,javascript,80,essential,market
Angular Developer,web-programming,79,essential,market
Angular Developer,css,76,essential,market
Angular Developer,use-markup-languages,74,essential,market
Angular Developer,implement-front-end-website-design,72,optional,market
Angular Developer,design-user-interface,69,optional,market
Angular Developer,debug-software,67,optional,market
Angular Developer,maintain-responsive-design,66,optional,market
Angular Developer,agile-development,64,optional,market
Angular Developer,web-application-security-threats,62,optional,market
animation director,perform-project-management,90,essential,esco
animation director,manage-staff,88,essential,esco
animation director,finish-project-within-budget,86,essential,esco
animation director,manage-budgets,84,essential,esco
animation director,follow-a-brief,80,essential,esco
animation director,motion-graphics,78,essential,esco
animation director,follow-work-schedule,72,essential,esco
animation director,graphic-design,70,essential,esco
animation director,develop-animations,68,optional,esco
animation director,hire-new-personnel,66,essential,esco
animation director,multimedia-systems,62,essential,esco
animation director,manage-contracts,60,optional,esco
animation director,analyse-the-need-for-technical-resources,58,essential,esco
animation director,design-graphics,56,optional,esco
animation director,create-moving-images,54,optional,esco
animation director,edit-digital-moving-images,52,optional,esco
animation director,ict-software-specifications,50,essential,esco
animation director,operate-3d-computer-graphics-software,50,optional,esco
animation director,digital-compositing,48,optional,esco
animation director,apply-3d-imaging-techniques,46,optional,esco
animation director,create-3d-characters,45,optional,esco
animation director,computer-equipment,44,essential,esco
animation director,create-3d-environments,44,optional,esco
animation director,motion-capture,42,optional,esco
animation director,render-3d-images,41,optional,esco
animation director,3d-lighting,40,optional,esco
animation director,adobe-photoshop,38,optional,esco
animation director,graphics-editor-software,36,optional,esco
animation director,adobe-illustrator,34,optional,esco
animation director,manage-portfolio,32,optional,esco
animation director,create-2d-painting,26,optional,esco
animation director,augmented-reality,22,optional,esco
animation director,gimp-graphics-editor-software,20,optional,esco
animation director,sketchbook-pro,18,optional,esco
animation director,microsoft-visio,16,optional,esco
animation director,synfig,14,optional,esco
animation layout artist,set-up-animation-elements,90,essential,esco
animation layout artist,operate-3d-computer-graphics-software,88,essential,esco
animation layout artist,3d-lighting,78,essential,esco
animation layout artist,motion-graphics,74,essential,esco
animation layout artist,edit-digital-moving-images,72,essential,esco
animation layout artist,graphic-design,70,essential,esco
animation layout artist,follow-a-brief,68,essential,esco
animation layout artist,develop-animations,65,optional,esco
animation layout artist,create-moving-images,62,optional,esco
animation layout artist,follow-work-schedule,60,essential,esco
animation layout artist,multimedia-systems,58,essential,esco
animation layout artist,apply-3d-imaging-techniques,55,optional,esco
animation layout artist,finish-project-within-budget,52,essential,esco
animation layout artist,design-graphics,50,optional,esco
animation layout artist,ict-software-specifications,50,essential,esco
animation layout artist,create-animated-narratives,48,optional,esco
animation layout artist,animate-3d-organic-forms,46,optional,esco
animation layout artist,convert-into-animated-object,45,optional,esco
animation layout artist,graphics-editor-software,44,optional,esco
animation layout artist,create-3d-characters,42,optional,esco
animation layout artist,adobe-photoshop,40,optional,esco
animation layout artist,provide-multimedia-content,40,optional,esco
animation layout artist,rig-3d-characters,38,optional,esco
animation layout artist,adobe-illustrator,36,optional,esco
animation layout artist,motion-capture,34,optional,esco
animation layout artist,manage-portfolio,24,optional,esco
animation layout artist,augmented-reality,22,optional,esco
animation layout artist,sketchbook-pro,20,optional,esco
animation layout artist,gimp-graphics-editor-software,18,optional,esco
animation layout artist,synfig,14,optional,esco
animation layout artist,microsoft-visio,12,optional,esco
animation layout artist,capture-one,10,optional,esco
animator,develop-animations,95,essential,esco
animator,create-moving-images,88,essential,esco
animator,motion-graphics,80,essential,esco
animator,create-animated-narratives,78,essential,esco
animator,graphic-design,72,essential,esco
animator,design-graphics,70,essential,esco
animator,follow-a-brief,66,essential,esco
animator,provide-multimedia-content,62,essential,esco
animator,multimedia-systems,58,essential,esco
animator,operate-3d-computer-graphics-software,56,optional,esco
animator,follow-work-schedule,55,essential,esco
animator,convert-into-animated-object,52,optional,esco
animator,ict-software-specifications,52,essential,esco
animator,finish-project-within-budget,50,essential,esco
animator,graphics-editor-software,48,optional,esco
animator,create-original-drawings,46,optional,esco
animator,computer-equipment,45,essential,esco
animator,animate-3d-organic-forms,44,optional,esco
animator,create-sketches,44,optional,esco
animator,adobe-photoshop,42,optional,esco
animator,adobe-illustrator,40,optional,esco
animator,identify-customer-s-needs,40,optional,esco
animator,render-3d-images,40,optional,esco
animator,create-2d-painting,38,optional,esco
animator,digital-compositing,38,optional,esco
animator,3d-lighting,36,optional,esco
animator,create-3d-characters,35,optional,esco
animator,apply-3d-imaging-techniques,34,optional,esco
animator,motion-capture,34,optional,esco
animator,rig-3d-characters,33,optional,esco
animator,create-3d-environments,32,optional,esco
animator,manage-feedback,30,optional,esco
animator,copyright-legislation,26,optional,esco
animator,manage-portfolio,25,optional,esco
animator,synfig,24,optional,esco
animator,sketchbook-pro,22,optional,esco
animator,augmented-reality,20,optional,esco
animator,gimp-graphics-editor-software,18,optional,esco
animator,microsoft-visio,10,optional,esco
animator,capture-one,8,optional,esco
API Developer,design-component-interfaces,88,essential,market
API Developer,web-programming,85,essential,market
API Developer,web-application-security-threats,80,essential,market
API Developer,computer-programming,78,essential,market
API Developer,define-software-architecture,76,essential,market
API Developer,define-integration-strategy,74,essential,market
API Developer,use-interface-description-language,72,essential,market
API Developer,use-software-design-patterns,65,optional,market
API Developer,execute-integration-testing,62,optional,market
API Developer,sql,60,optional,market
API Developer,use-databases,58,optional,market
Application Security Engineer,web-application-security-threats,85,essential,market
Application Security Engineer,perform-ict-security-testing,82,essential,market
Application Security Engineer,conduct-ict-code-review,78,essential,market
Application Security Engineer,identify-ict-security-risks,75,essential,market
Application Security Engineer,apply-information-security-policies,72,essential,market
Application Security Engineer,software-architecture-models,64,optional,market
Application Security Engineer,cyber-security,62,optional,market
Application Security Engineer,owasp-zap,60,optional,market
Application Security Engineer,devops,57,optional,market
Application Security Engineer,develop-code-exploits,55,optional,market
Applied AI Engineer,machine-learning,92,essential,market
Applied AI Engineer,python-computer-programming,88,essential,market
Applied AI Engineer,deep-learning,85,essential,market
Applied AI Engineer,statistics,82,essential,market
Applied AI Engineer,build-predictive-models,80,essential,market
Applied AI Engineer,algorithms,78,essential,market
Applied AI Engineer,sql,74,optional,market
Applied AI Engineer,data-analytics,70,optional,market
Applied AI Engineer,cloud-technologies,69,optional,market
Applied AI Engineer,distributed-computing,66,optional,market
Applied AI Engineer,software-architecture-models,64,optional,market
Applied AI Engineer,devops,60,optional,market
AR/VR Developer,augmented-reality,88,essential,market
AR/VR Developer,computer-programming,85,essential,market
AR/VR Developer,human-computer-interaction,82,essential,market
AR/VR Developer,design-interaction-model,78,essential,market
AR/VR Developer,unity-digital-game-creation-systems,75,optional,market
AR/VR Developer,computer-vision,72,optional,market
AR/VR Developer,real-time-computing,68,optional,market
AR/VR Developer,design-user-interface,66,optional,market
AR/VR Developer,c-2,65,optional,market
AR/VR Developer,unreal-engine,60,optional,market
assistive technologist,assistive-technology-in-education,95,essential,esco
assistive technologist,guide-learners-in-using-assistive-technologies,92,essential,esco
assistive technologist,ict-accessibility-standards,85,essential,esco
assistive technologist,disability-types,82,essential,esco
assistive technologist,assess-users-interaction-with-ict-applications,72,essential,esco
assistive technologist,human-computer-interaction,70,essential,esco
assistive technologist,measure-software-usability,65,essential,esco
assistive technologist,address-problems-critically,60,essential,esco
assistive technologist,present-reports,55,essential,esco
assistive technologist,protect-personal-data-and-privacy,50,essential,esco
assistive technologist,ensure-compliance-with-legal-requirements,48,essential,esco
assistive technologist,project-management,45,essential,esco
assistive technologist,application-usability,40,optional,esco
assistive technologist,work-with-virtual-learning-environments,35,optional,esco
assistive technologist,online-moderation-techniques,32,essential,esco
assistive technologist,domotic-systems,30,essential,esco
assistive technologist,develop-organisational-policies,25,optional,esco
assistive technologist,manage-budgets,22,optional,esco
assistive technologist,funding-methods,20,optional,esco
Automation Test Engineer,develop-automated-software-tests,90,essential,market
Automation Test Engineer,tools-for-ict-test-automation,85,essential,market
Automation Test Engineer,execute-software-tests,80,essential,market
Automation Test Engineer,perform-software-unit-testing,76,essential,market
Automation Test Engineer,plan-software-testing,74,essential,market
Automation Test Engineer,execute-integration-testing,68,optional,market
Automation Test Engineer,debug-software,66,optional,market
Automation Test Engineer,quality-assurance-methodologies,64,optional,market
Automation Test Engineer,levels-of-software-testing,62,optional,market
Automation Test Engineer,jenkins-tools-for-software-configuration-management,60,optional,market
Automation Test Engineer,report-test-findings,58,optional,market
Automation Test Engineer,communicate-test-results-to-other-departments,55,optional,market
aviation data communications manager,monitor-communication-channels-performance,90,essential,esco
aviation data communications manager,manage-data,82,essential,esco
aviation data communications manager,perform-risk-analysis,76,essential,esco
aviation data communications manager,apply-technical-communication-skills,72,essential,esco
aviation data communications manager,use-different-communication-channels,70,essential,esco
aviation data communications manager,have-computer-literacy,68,essential,esco
aviation data communications manager,write-work-related-reports,58,essential,esco
aviation data communications manager,present-reports,56,essential,esco
aviation data communications manager,use-databases,52,optional,esco
aviation data communications manager,tolerate-stress,48,essential,esco
aviation data communications manager,perform-multiple-tasks-at-the-same-time,44,optional,esco
AWS Solutions Architect,design-cloud-architecture,92,essential,market
AWS Solutions Architect,cloud-security-and-compliance,85,essential,market
AWS Solutions Architect,cloud-technologies,78,essential,market
AWS Solutions Architect,ict-system-integration,76,essential,market
AWS Solutions Architect,define-technical-requirements,74,essential,market
AWS Solutions Architect,plan-migration-to-cloud,72,optional,market
AWS Solutions Architect,design-cloud-networks,68,optional,market
AWS Solutions Architect,manage-cloud-data-and-storage,63,optional,market
AWS Solutions Architect,deploy-cloud-resource,60,optional,market
AWS Solutions Architect,cloud-monitoring-and-reporting,58,optional,market
Azure Cloud Engineer,cloud-technologies,88,essential,market
Azure Cloud Engineer,design-cloud-architecture,85,essential,market
Azure Cloud Engineer,implement-cloud-security-and-compliance,82,essential,market
Azure Cloud Engineer,deploy-cloud-resource,80,essential,market
Azure Cloud Engineer,design-cloud-networks,78,essential,market
Azure Cloud Engineer,cloud-monitoring-and-reporting,75,essential,market
Azure Cloud Engineer,automate-cloud-tasks,68,optional,market
Azure Cloud Engineer,plan-migration-to-cloud,65,optional,market
Azure Cloud Engineer,maintain-ict-identity-management,62,optional,market
Azure Cloud Engineer,respond-to-incidents-in-cloud,60,optional,market
Back End Developer,computer-programming,90,essential,market
Back End Developer,sql,85,essential,market
Back End Developer,database-management-systems,80,essential,market
Back End Developer,define-software-architecture,78,essential,market
Back End Developer,web-programming,75,essential,market
Back End Developer,debug-software,72,essential,market
Back End Developer,create-data-models,68,optional,market
Back End Developer,design-database-scheme,66,optional,market
Back End Developer,software-frameworks,60,optional,market
Back End Developer,devops,58,optional,market
Back End Developer,cloud-technologies,55,optional,market
big data archive librarian,manage-digital-archives,94,essential,esco
big data archive librarian,manage-content-metadata,90,essential,esco
big data archive librarian,database,88,essential,esco
big data archive librarian,database-management-systems,86,essential,esco
big data archive librarian,manage-database,85,essential,esco
big data archive librarian,analyse-big-data,84,essential,esco
big data archive librarian,manage-data,83,essential,esco
big data archive librarian,manage-ict-data-classification,82,essential,esco
big data archive librarian,data-extraction-transformation-and-loading-tools,80,essential,esco
big data archive librarian,data-models,78,essential,esco
big data archive librarian,maintain-database-performance,74,essential,esco
big data archive librarian,maintain-database-security,72,essential,esco
big data archive librarian,query-languages,72,essential,esco
big data archive librarian,write-database-documentation,70,essential,esco
big data archive librarian,database-development-tools,68,essential,esco
big data archive librarian,maintain-data-entry-requirements,64,essential,esco
big data archive librarian,business-intelligence,62,essential,esco
big data archive librarian,digitise-documents,62,optional,esco
big data archive librarian,comply-with-legal-regulations,60,essential,esco
big data archive librarian,data-quality-assessment,60,optional,esco
big data archive librarian,information-confidentiality,58,optional,esco
big data archive librarian,integrate-ict-data,58,optional,esco
big data archive librarian,resource-description-framework-query-language,58,essential,esco
big data archive librarian,migrate-existing-data,56,optional,esco
big data archive librarian,perform-backups,56,optional,esco
big data archive librarian,information-structure,55,optional,esco
big data archive librarian,design-database-scheme,54,optional,esco
big data archive librarian,apply-information-security-policies,52,optional,esco
big data archive librarian,design-database-backup-specifications,52,optional,esco
big data archive librarian,manage-data-collection-systems,50,optional,esco
big data archive librarian,normalise-data,50,optional,esco
big data archive librarian,mysql,46,optional,esco
big data archive librarian,develop-ict-workflow,44,optional,esco
big data archive librarian,oracle-relational-database,44,optional,esco
big data archive librarian,postgresql,44,optional,esco
big data archive librarian,sparql,44,optional,esco
big data archive librarian,sql-server,44,optional,esco
big data archive librarian,triplestore,42,optional,esco
big data archive librarian,identify-technological-needs,40,optional,esco
big data archive librarian,statistics,40,optional,esco
big data archive librarian,xquery,40,optional,esco
big data archive librarian,db2,38,optional,esco
big data archive librarian,monitor-technology-trends,38,optional,esco
big data archive librarian,mdx,36,optional,esco
big data archive librarian,informatica-powercenter,34,optional,esco
big data archive librarian,marklogic,34,optional,esco
big data archive librarian,sql-server-integration-services,34,optional,esco
big data archive librarian,ldap,32,optional,esco
big data archive librarian,oracle-data-integrator,32,optional,esco
big data archive librarian,creatively-use-digital-technologies,30,optional,esco
big data archive librarian,ibm-infosphere-datastage,30,optional,esco
big data archive librarian,microsoft-access,30,optional,esco
big data archive librarian,oracle-warehouse-builder,30,optional,esco
big data archive librarian,pentaho-data-integration,30,optional,esco
big data archive librarian,teradata-database,30,optional,esco
big data archive librarian,linq,28,optional,esco
big data archive librarian,sas-data-management,28,optional,esco
big data archive librarian,ibm-infosphere-information-server,26,optional,esco
big data archive librarian,sap-data-services,26,optional,esco
big data archive librarian,n1ql,24,optional,esco
big data archive librarian,visual-presentation-techniques,22,optional,esco
big data archive librarian,filemaker-database-management-systems,20,optional,esco
big data archive librarian,ibm-informix,20,optional,esco
big data archive librarian,openedge-database,20,optional,esco
big data archive librarian,objectstore,18,optional,esco
big data archive librarian,qlikview-expressor,18,optional,esco
big data archive librarian,ca-datacom-db,16,optional,esco
big data archive librarian,give-live-presentation,16,optional,esco
Big Data Engineer,distributed-computing,90,essential,market
Big Data Engineer,data-extraction-transformation-and-loading-tools,88,essential,market
Big Data Engineer,develop-data-processing-applications,82,essential,market
Big Data Engineer,sql,78,essential,market
Big Data Engineer,python-computer-programming,77,essential,market
Big Data Engineer,create-data-models,76,essential,market
Big Data Engineer,data-warehouse,70,optional,market
Big Data Engineer,hadoop,69,optional,market
Big Data Engineer,nosql,67,optional,market
Big Data Engineer,manage-ict-data-architecture,66,optional,market
Big Data Engineer,cloud-technologies,64,optional,market
Big Data Engineer,data-quality-assessment,60,optional,market
blockchain architect,principles-of-distributed-ledger-technology,95,essential,esco
blockchain architect,define-software-architecture,90,essential,esco
blockchain architect,blockchain-platforms,88,essential,esco
blockchain architect,smart-contract,84,essential,esco
blockchain architect,blockchain-consensus-mechanisms,82,essential,esco
blockchain architect,design-information-system,76,essential,esco
blockchain architect,blockchain-openness,72,essential,esco
blockchain architect,define-technical-requirements,70,essential,esco
blockchain architect,interpret-technical-requirements,66,essential,esco
blockchain architect,decentralized-application-frameworks,64,optional,esco
blockchain architect,systems-development-life-cycle,60,essential,esco
blockchain architect,analyse-ict-system,58,essential,esco
blockchain architect,ict-encryption,56,optional,esco
blockchain architect,business-processes,50,essential,esco
blockchain architect,design-thinking,46,essential,esco
blockchain architect,create-business-process-models,44,essential,esco
blockchain architect,design-cloud-architecture,42,optional,esco
blockchain architect,debug-software,40,optional,esco
blockchain architect,cloud-technologies,38,optional,esco
blockchain architect,develop-software-prototype,36,optional,esco
blockchain architect,software-components-libraries,34,optional,esco
blockchain architect,saas-service-oriented-modelling,30,optional,esco
blockchain architect,data-analytics,20,optional,esco
blockchain architect,statistics,14,optional,esco
blockchain developer,smart-contract,95,essential,esco
blockchain developer,principles-of-distributed-ledger-technology,92,essential,esco
blockchain developer,computer-programming,88,essential,esco
blockchain developer,blockchain-platforms,84,essential,esco
blockchain developer,solidity,80,optional,esco
blockchain developer,debug-software,78,essential,esco
blockchain developer,decentralized-application-frameworks,76,essential,esco
blockchain developer,blockchain-consensus-mechanisms,74,essential,esco
blockchain developer,use-software-design-patterns,66,essential,esco
blockchain developer,use-software-libraries,64,essential,esco
blockchain developer,blockchain-openness,62,essential,esco
blockchain developer,ict-debugging-tools,60,essential,esco
blockchain developer,ict-encryption,58,optional,esco
blockchain developer,interpret-technical-requirements,56,essential,esco
blockchain developer,software-components-libraries,54,essential,esco
blockchain developer,javascript,48,optional,esco
blockchain developer,vyper,44,optional,esco
blockchain developer,typescript,42,optional,esco
blockchain developer,provide-technical-documentation,40,essential,esco
blockchain developer,utilise-computer-aided-software-engineering-tools,34,essential,esco
blockchain developer,c,32,optional,esco
blockchain developer,java-computer-programming,30,optional,esco
blockchain developer,adapt-to-changes-in-technological-development-plans,28,optional,esco
blockchain developer,cloud-technologies,26,optional,esco
blockchain developer,implement-front-end-website-design,24,optional,esco
blockchain developer,angular,22,optional,esco
blockchain developer,design-user-interface,20,optional,esco
blockchain developer,data-analytics,18,optional,esco
blockchain developer,saas-service-oriented-modelling,16,optional,esco
blockchain developer,scala,14,optional,esco
blockchain developer,use-markup-languages,12,optional,esco
broadcast technician,media-formats,90,essential,esco
broadcast technician,multimedia-systems,88,essential,esco
broadcast technician,meet-deadlines,80,essential,esco
broadcast technician,use-audio-reproduction-software,78,essential,esco
broadcast technician,audio-technology,70,optional,esco
broadcast technician,broadcast-using-internet-protocol,68,optional,esco
broadcast technician,ict-communications-protocols,62,optional,esco
broadcast technician,edit-recorded-sound,60,optional,esco
broadcast technician,maintain-internet-protocol-configuration,58,optional,esco
broadcast technician,execute-integration-testing,57,optional,esco
broadcast technician,provide-multimedia-content,55,optional,esco
broadcast technician,administer-ict-system,50,optional,esco
Build and Release Engineer,manage-software-releases,88,essential,market
Build and Release Engineer,devops,84,essential,market
Build and Release Engineer,tools-for-software-configuration-management,80,essential,market
Build and Release Engineer,solution-deployment,78,essential,market
Build and Release Engineer,use-scripting-programming,74,essential,market
Build and Release Engineer,project-configuration-management,72,essential,market
Build and Release Engineer,jenkins-tools-for-software-configuration-management,70,optional,market
Build and Release Engineer,apache-maven,66,optional,market
Build and Release Engineer,automate-cloud-tasks,64,optional,market
Build and Release Engineer,manage-ict-virtualisation-environments,60,optional,market
Business Intelligence Developer,sql,92,essential,market
Business Intelligence Developer,data-warehouse,86,essential,market
Business Intelligence Developer,data-extraction-transformation-and-loading-tools,84,essential,market
Business Intelligence Developer,business-intelligence,80,essential,market
Business Intelligence Developer,create-data-models,78,essential,market
Business Intelligence Developer,online-analytical-processing,74,optional,market
Business Intelligence Developer,sql-server-integration-services,72,optional,market
Business Intelligence Developer,mdx,66,optional,market
Business Intelligence Developer,database-management-systems,64,optional,market
Business Intelligence Developer,deliver-visual-presentation-of-data,62,optional,market
C# Developer,c-2,95,essential,market
C# Developer,use-object-oriented-programming,88,essential,market
C# Developer,visual-studio-net,78,essential,market
C# Developer,linq,76,essential,market
C# Developer,debug-software,72,essential,market
C# Developer,asp-net,68,optional,market
C# Developer,use-software-design-patterns,66,optional,market
C# Developer,sql-server,64,optional,market
C# Developer,sql,62,optional,market
C# Developer,agile-development,55,optional,market
camera operator,create-moving-images,88,essential,esco
camera operator,photography,84,essential,esco
camera operator,determine-visual-concepts,78,essential,esco
camera operator,use-technical-documentation,62,essential,esco
camera operator,follow-work-schedule,58,essential,esco
camera operator,file-based-workflow,56,optional,esco
camera operator,keep-up-with-trends,54,essential,esco
camera operator,use-storyboards,50,optional,esco
chief data officer,manage-data,92,essential,esco
chief data officer,manage-ict-data-architecture,90,essential,esco
chief data officer,define-data-quality-criteria,88,essential,esco
chief data officer,information-structure,85,essential,esco
chief data officer,manage-ict-data-classification,82,essential,esco
chief data officer,data-mining,80,essential,esco
chief data officer,data-storage,78,essential,esco
chief data officer,apply-information-security-policies,72,essential,esco
chief data officer,business-intelligence,70,optional,esco
chief data officer,decision-support-systems,68,essential,esco
chief data officer,information-architecture,68,optional,esco
chief data officer,business-processes,66,essential,esco
chief data officer,data-quality-assessment,65,optional,esco
chief data officer,utilise-decision-support-system,64,essential,esco
chief data officer,manage-business-knowledge,63,optional,esco
chief data officer,information-security-strategy,62,optional,esco
chief data officer,develop-information-security-strategy,60,optional,esco
chief data officer,visual-presentation-techniques,60,essential,esco
chief data officer,cloud-technologies,58,optional,esco
chief data officer,integrate-ict-data,57,optional,esco
chief data officer,information-confidentiality,56,optional,esco
chief data officer,database,55,optional,esco
chief data officer,data-models,54,optional,esco
chief data officer,information-categorisation,52,optional,esco
chief data officer,report-analysis-results,51,optional,esco
chief data officer,database-management-systems,50,optional,esco
chief data officer,information-extraction,48,optional,esco
chief data officer,deliver-visual-presentation-of-data,47,optional,esco
chief data officer,unstructured-data,46,optional,esco
chief data officer,implement-ict-risk-management,45,optional,esco
chief data officer,online-analytical-processing,44,optional,esco
chief data officer,apply-change-management,42,optional,esco
chief data officer,use-databases,40,optional,esco
chief data officer,coordinate-technological-activities,38,optional,esco
chief data officer,query-languages,34,optional,esco
chief data officer,database-development-tools,32,optional,esco
chief data officer,mysql,30,optional,esco
chief data officer,postgresql,30,optional,esco
chief data officer,sql-server,28,optional,esco
chief data officer,oracle-relational-database,26,optional,esco
chief data officer,db2,22,optional,esco
chief data officer,mdx,20,optional,esco
chief data officer,sparql,18,optional,esco
chief data officer,xquery,18,optional,esco
chief data officer,teradata-database,16,optional,esco
chief data officer,microsoft-access,14,optional,esco
chief data officer,resource-description-framework-query-language,14,optional,esco
chief data officer,ldap,12,optional,esco
chief data officer,linq,12,optional,esco
chief data officer,ibm-informix,10,optional,esco
chief data officer,objectstore,10,optional,esco
chief data officer,openedge-database,10,optional,esco
chief data officer,ca-datacom-db,8,optional,esco
chief data officer,filemaker-database-management-systems,8,optional,esco
chief data officer,n1ql,8,optional,esco
chief ICT security officer,information-security-strategy,95,essential,esco
chief ICT security officer,cyber-security,90,essential,esco
chief ICT security officer,implement-ict-risk-management,88,essential,esco
chief ICT security officer,manage-it-security-compliances,86,essential,esco
chief ICT security officer,identify-ict-security-risks,85,essential,esco
chief ICT security officer,internal-risk-management-policy,84,essential,esco
chief ICT security officer,ict-security-standards,82,essential,esco
chief ICT security officer,data-protection,80,essential,esco
chief ICT security officer,ensure-compliance-with-legal-requirements,79,essential,esco
chief ICT security officer,organisational-resilience,78,essential,esco
chief ICT security officer,manage-disaster-recovery-plans,77,essential,esco
chief ICT security officer,ict-security-legislation,76,essential,esco
chief ICT security officer,ensure-information-privacy,75,essential,esco
chief ICT security officer,information-confidentiality,74,essential,esco
chief ICT security officer,maintain-plan-for-continuity-of-operations,73,essential,esco
chief ICT security officer,implement-ict-safety-policies,72,essential,esco
chief ICT security officer,ensure-adherence-to-organisational-ict-standards,71,essential,esco
chief ICT security officer,ict-network-security-risks,70,essential,esco
chief ICT security officer,cyber-attack-counter-measures,68,essential,esco
chief ICT security officer,attack-vectors,66,essential,esco
chief ICT security officer,lead-disaster-recovery-exercises,64,essential,esco
chief ICT security officer,ensure-cross-department-cooperation,62,essential,esco
chief ICT security officer,implement-corporate-governance,60,essential,esco
chief ICT security officer,audit-techniques,58,essential,esco
chief ICT security officer,manage-staff,57,optional,esco
chief ICT security officer,educate-on-data-confidentiality,56,essential,esco
chief ICT security officer,control-objectives-for-information-and-related-technology,55,optional,esco
chief ICT security officer,ict-recovery-techniques,54,optional,esco
chief ICT security officer,execute-ict-audits,53,optional,esco
chief ICT security officer,monitor-developments-in-field-of-expertise,52,essential,esco
chief ICT security officer,cloud-security-and-compliance,51,optional,esco
chief ICT security officer,identify-legal-requirements,50,optional,esco
chief ICT security officer,monitor-technology-trends,50,essential,esco
chief ICT security officer,conduct-impact-evaluation-of-ict-processes-on-business,49,optional,esco
chief ICT security officer,implement-cloud-security-and-compliance,48,optional,esco
chief ICT security officer,ict-encryption,47,optional,esco
chief ICT security officer,ict-infrastructure,46,optional,esco
chief ICT security officer,coordinate-technological-activities,45,optional,esco
chief ICT security officer,web-application-security-threats,44,optional,esco
chief ICT security officer,train-employees,43,optional,esco
chief ICT security officer,create-solutions-to-problems,42,optional,esco
chief ICT security officer,optimise-choice-of-ict-solution,41,optional,esco
chief ICT security officer,cloud-technologies,40,optional,esco
chief ICT security officer,manage-digital-identity,39,optional,esco
chief ICT security officer,computer-forensics,38,optional,esco
chief ICT security officer,cloud-monitoring-and-reporting,36,optional,esco
chief ICT security officer,ict-process-quality-models,35,optional,esco
chief ICT security officer,decision-support-systems,34,essential,esco
chief ICT security officer,manage-keys-for-data-protection,34,optional,esco
chief ICT security officer,assess-ict-knowledge,33,optional,esco
chief ICT security officer,internet-governance,32,optional,esco
chief ICT security officer,use-different-communication-channels,31,optional,esco
chief ICT security officer,utilise-decision-support-system,30,essential,esco
chief ICT security officer,apply-operations-for-an-itil-based-environment,29,optional,esco
chief ICT security officer,ict-communications-protocols,28,optional,esco
chief ICT security officer,safeguard-online-privacy-and-identity,27,optional,esco
chief ICT security officer,ict-system-user-requirements,26,optional,esco
chief ICT security officer,internet-of-things,24,optional,esco
chief ICT security officer,implement-a-virtual-private-network,22,optional,esco
chief ICT security officer,software-anomalies,20,optional,esco
chief ICT security officer,implement-anti-virus-software,18,optional,esco
chief ICT security officer,implement-a-firewall,16,optional,esco
chief ICT security officer,world-wide-web-consortium-standards,14,optional,esco
chief ICT security officer,computer-programming,12,optional,esco
chief information officer,define-technology-strategy,95,essential,esco
chief information officer,optimise-choice-of-ict-solution,88,essential,esco
chief information officer,implement-corporate-governance,85,essential,esco
chief information officer,ensure-adherence-to-organisational-ict-standards,82,essential,esco
chief information officer,implement-ict-risk-management,80,essential,esco
chief information officer,maintain-plan-for-continuity-of-operations,79,essential,esco
chief information officer,carry-out-strategic-research,78,essential,esco
chief information officer,monitor-technology-trends,76,essential,esco
chief information officer,use-different-communication-channels,74,essential,esco
chief information officer,coordinate-technological-activities,73,essential,esco
chief information officer,ict-project-management-methodologies,72,essential,esco
chief information officer,forecast-future-ict-network-needs,71,essential,esco
chief information officer,market-analysis,70,essential,esco
chief information officer,review-development-process-of-an-organisation,69,essential,esco
chief information officer,information-architecture,68,essential,esco
chief information officer,lead-technology-development-of-an-organisation,67,optional,esco
chief information officer,information-structure,66,essential,esco
chief information officer,manage-budgets,64,optional,esco
chief information officer,systems-development-life-cycle,62,essential,esco
chief information officer,manage-staff,60,optional,esco
chief information officer,software-architecture-models,60,essential,esco
chief information officer,decision-support-systems,58,essential,esco
chief information officer,utilise-decision-support-system,57,essential,esco
chief information officer,ict-architectural-frameworks,56,optional,esco
chief information officer,attack-vectors,55,essential,esco
chief information officer,ensure-information-privacy,54,optional,esco
chief information officer,implement-ict-safety-policies,52,optional,esco
chief information officer,software-design-methodologies,50,essential,esco
chief information officer,oversee-development-of-software,48,optional,esco
chief information officer,monitor-ict-research,46,optional,esco
chief information officer,manage-software-releases,45,essential,esco
chief information officer,administer-ict-system,44,optional,esco
chief information officer,agile-project-management,42,optional,esco
chief information officer,establish-an-ict-customer-support-process,42,optional,esco
chief information officer,agile-development,40,optional,esco
chief information officer,deploy-ict-systems,40,optional,esco
chief information officer,devops,38,optional,esco
chief information officer,safeguard-online-privacy-and-identity,36,optional,esco
chief information officer,internet-governance,34,optional,esco
chief information officer,lean-project-management,34,optional,esco
chief information officer,process-based-management,32,optional,esco
chief information officer,carry-out-statistical-forecasts,30,optional,esco
chief information officer,computer-programming,30,optional,esco
chief information officer,engineering-processes,28,optional,esco
chief information officer,incremental-development,26,optional,esco
chief information officer,iterative-development,26,optional,esco
chief information officer,waterfall-development,24,optional,esco
chief information officer,world-wide-web-consortium-standards,22,optional,esco
chief information officer,rapid-application-development,20,optional,esco
chief information officer,spiral-development,20,optional,esco
chief information officer,prototyping-development,18,optional,esco
chief information officer,python-computer-programming,18,optional,esco
chief information officer,sap-r3,18,optional,esco
chief information officer,java-computer-programming,16,optional,esco
chief information officer,javascript,15,optional,esco
chief information officer,c-2,14,optional,esco
chief information officer,c,12,optional,esco
chief information officer,r,12,optional,esco
chief information officer,typescript,12,optional,esco
chief information officer,php,10,optional,esco
chief information officer,ruby-computer-programming,10,optional,esco
chief information officer,sas-language,10,optional,esco
chief information officer,visual-studio-net,10,optional,esco
chief information officer,abap,8,optional,esco
chief information officer,asp-net,8,optional,esco
chief information officer,cobol,8,optional,esco
chief information officer,matlab,8,optional,esco
chief information officer,microsoft-visual-c,8,optional,esco
chief information officer,perl,8,optional,esco
chief information officer,swift-computer-programming,8,optional,esco
chief information officer,ajax,7,optional,esco
chief information officer,scala,7,optional,esco
chief information officer,assembly-computer-programming,6,optional,esco
chief information officer,erlang,6,optional,esco
chief information officer,groovy,6,optional,esco
chief information officer,haskell,6,optional,esco
chief information officer,objective-c,6,optional,esco
chief information officer,apl,5,optional,esco
chief information officer,coffeescript,5,optional,esco
chief information officer,common-lisp,5,optional,esco
chief information officer,lisp,5,optional,esco
chief information officer,ml-computer-programming,5,optional,esco
chief information officer,openedge-advanced-business-language,5,optional,esco
chief information officer,pascal-computer-programming,5,optional,esco
chief information officer,prolog-computer-programming,5,optional,esco
chief information officer,smalltalk-computer-programming,5,optional,esco
chief information officer,vbscript,5,optional,esco
chief information officer,scratch-computer-programming,4,optional,esco
chief technology officer,define-technology-strategy,95,essential,esco
chief technology officer,lead-technology-development-of-an-organisation,92,essential,esco
chief technology officer,optimise-choice-of-ict-solution,88,essential,esco
chief technology officer,monitor-technology-trends,82,essential,esco
chief technology officer,review-development-process-of-an-organisation,78,essential,esco
chief technology officer,carry-out-strategic-research,76,essential,esco
chief technology officer,coordinate-technological-activities,74,essential,esco
chief technology officer,analyse-ict-system,72,essential,esco
chief technology officer,ensure-adherence-to-organisational-ict-standards,71,essential,esco
chief technology officer,ict-project-management,70,essential,esco
chief technology officer,implement-corporate-governance,69,essential,esco
chief technology officer,manage-budgets,68,essential,esco
chief technology officer,ict-project-management-methodologies,66,essential,esco
chief technology officer,business-strategy-concepts,65,optional,esco
chief technology officer,maintain-plan-for-continuity-of-operations,64,essential,esco
chief technology officer,monitor-ict-research,62,essential,esco
chief technology officer,implement-ict-coding-conventions,60,essential,esco
chief technology officer,oversee-development-of-software,60,optional,esco
chief technology officer,attack-vectors,58,essential,esco
chief technology officer,ict-infrastructure,56,optional,esco
chief technology officer,decision-support-systems,55,essential,esco
chief technology officer,perform-business-analysis,54,optional,esco
chief technology officer,administer-ict-system,52,essential,esco
chief technology officer,utilise-decision-support-system,50,essential,esco
chief technology officer,agile-project-management,48,optional,esco
chief technology officer,build-business-relationships,47,optional,esco
chief technology officer,maintain-relationship-with-customers,46,optional,esco
chief technology officer,establish-an-ict-customer-support-process,45,essential,esco
chief technology officer,information-structure,44,optional,esco
chief technology officer,ensure-information-privacy,43,optional,esco
chief technology officer,business-intelligence,42,optional,esco
chief technology officer,computer-programming,40,optional,esco
chief technology officer,ict-quality-policy,38,optional,esco
chief technology officer,ict-communications-protocols,34,optional,esco
chief technology officer,lean-project-management,32,optional,esco
chief technology officer,process-based-management,30,optional,esco
chief technology officer,internet-governance,28,optional,esco
chief technology officer,software-components-libraries,26,optional,esco
chief technology officer,python-computer-programming,24,optional,esco
chief technology officer,java-computer-programming,22,optional,esco
chief technology officer,software-components-suppliers,22,optional,esco
chief technology officer,hardware-components,20,optional,esco
chief technology officer,javascript,20,optional,esco
chief technology officer,c-2,18,optional,esco
chief technology officer,c,16,optional,esco
chief technology officer,sap-r3,16,optional,esco
chief technology officer,typescript,16,optional,esco
chief technology officer,r,14,optional,esco
chief technology officer,ruby-computer-programming,14,optional,esco
chief technology officer,php,12,optional,esco
chief technology officer,visual-studio-net,12,optional,esco
chief technology officer,asp-net,10,optional,esco
chief technology officer,microsoft-visual-c,10,optional,esco
chief technology officer,sas-language,10,optional,esco
chief technology officer,swift-computer-programming,10,optional,esco
chief technology officer,matlab,9,optional,esco
chief technology officer,perl,9,optional,esco
chief technology officer,scala,9,optional,esco
chief technology officer,ajax,8,optional,esco
chief technology officer,assembly-computer-programming,8,optional,esco
chief technology officer,erlang,8,optional,esco
chief technology officer,groovy,8,optional,esco
chief technology officer,haskell,8,optional,esco
chief technology officer,abap,7,optional,esco
chief technology officer,cobol,7,optional,esco
chief technology officer,objective-c,7,optional,esco
chief technology officer,common-lisp,6,optional,esco
chief technology officer,lisp,6,optional,esco
chief technology officer,prolog-computer-programming,6,optional,esco
chief technology officer,apl,5,optional,esco
chief technology officer,coffeescript,5,optional,esco
chief technology officer,ml-computer-programming,5,optional,esco
chief technology officer,openedge-advanced-business-language,5,optional,esco
chief technology officer,pascal-computer-programming,5,optional,esco
chief technology officer,smalltalk-computer-programming,5,optional,esco
chief technology officer,vbscript,5,optional,esco
chief technology officer,scratch-computer-programming,4,optional,esco
clinical informatics manager,medical-informatics,95,essential,esco
clinical informatics manager,oversee-clinical-information-system-activities,92,essential,esco
clinical informatics manager,conduct-clinical-software-research,85,essential,esco
clinical informatics manager,adhere-to-organisational-guidelines,74,essential,esco
clinical informatics manager,apply-organisational-techniques,70,essential,esco
clinical informatics manager,database,68,essential,esco
clinical informatics manager,computer-science,65,essential,esco
clinical informatics manager,perform-project-management,64,optional,esco
clinical informatics manager,data-storage,62,essential,esco
clinical informatics manager,supervise-staff,62,optional,esco
clinical informatics manager,manage-workflow-processes,60,optional,esco
clinical informatics manager,manage-budgets,58,optional,esco
clinical informatics manager,implement-strategic-planning,55,optional,esco
clinical informatics manager,meet-deadlines,50,optional,esco
clinical informatics manager,train-employees,48,optional,esco
clinical informatics manager,manage-project-metrics,46,optional,esco
clinical informatics manager,data-extraction-transformation-and-loading-tools,45,optional,esco
clinical informatics manager,recruit-employees,44,optional,esco
clinical informatics manager,audit-techniques,40,optional,esco
clinical informatics manager,sql-server-integration-services,20,optional,esco
clinical informatics manager,informatica-powercenter,18,optional,esco
clinical informatics manager,ibm-infosphere-datastage,16,optional,esco
clinical informatics manager,oracle-data-integrator,15,optional,esco
clinical informatics manager,oracle-warehouse-builder,15,optional,esco
clinical informatics manager,ibm-infosphere-information-server,14,optional,esco
clinical informatics manager,pentaho-data-integration,14,optional,esco
clinical informatics manager,sap-data-services,14,optional,esco
clinical informatics manager,qlikview-expressor,12,optional,esco
Cloud Architect,cloud-technologies,90,essential,market
Cloud Architect,design-cloud-architecture,88,essential,market
Cloud Architect,cloud-security-and-compliance,85,essential,market
Cloud Architect,plan-migration-to-cloud,78,essential,market
Cloud Architect,define-technical-requirements,74,essential,market
Cloud Architect,design-cloud-networks,70,optional,market
Cloud Architect,devops,66,optional,market
Cloud Architect,distributed-computing,65,optional,market
Cloud Architect,automate-cloud-tasks,64,optional,market
Cloud Architect,manage-cloud-data-and-storage,60,optional,market
Cloud Architect,ict-architectural-frameworks,59,optional,market
Cloud Architect,cloud-monitoring-and-reporting,55,optional,market
cloud engineer,cloud-technologies,95,essential,esco
cloud engineer,design-cloud-architecture,92,essential,esco
cloud engineer,deploy-cloud-resource,88,essential,esco
cloud engineer,develop-with-cloud-services,86,essential,esco
cloud engineer,plan-migration-to-cloud,84,essential,esco
cloud engineer,implement-cloud-security-and-compliance,82,essential,esco
cloud engineer,cloud-security-and-compliance,80,essential,esco
cloud engineer,automate-cloud-tasks,79,essential,esco
cloud engineer,cloud-monitoring-and-reporting,78,essential,esco
cloud engineer,computer-programming,76,essential,esco
cloud engineer,respond-to-incidents-in-cloud,74,essential,esco
cloud engineer,design-cloud-networks,72,essential,esco
cloud engineer,solve-ict-system-problems,71,essential,esco
cloud engineer,cyber-security,70,essential,esco
cloud engineer,do-cloud-refactoring,68,essential,esco
cloud engineer,operating-systems,66,essential,esco
cloud engineer,manage-cloud-data-and-storage,65,essential,esco
cloud engineer,ict-system-integration,64,essential,esco
cloud engineer,debug-software,63,essential,esco
cloud engineer,ict-system-programming,62,essential,esco
cloud engineer,saas-service-oriented-modelling,60,essential,esco
cloud engineer,systems-development-life-cycle,58,essential,esco
cloud engineer,align-software-with-system-architectures,56,essential,esco
cloud engineer,python-computer-programming,55,optional,esco
cloud engineer,manage-keys-for-data-protection,54,essential,esco
cloud engineer,design-database-in-the-cloud,52,essential,esco
cloud engineer,analyse-software-specifications,50,essential,esco
cloud engineer,database-development-tools,48,essential,esco
cloud engineer,interpret-technical-texts,46,essential,esco
cloud engineer,analyse-business-requirements,45,essential,esco
cloud engineer,develop-software-prototype,44,essential,esco
cloud engineer,provide-technical-documentation,42,essential,esco
cloud engineer,ict-security-standards,40,optional,esco
cloud engineer,systems-theory,40,essential,esco
cloud engineer,design-for-organisational-complexity,38,essential,esco
cloud engineer,use-query-languages,36,optional,esco
cloud engineer,java-computer-programming,34,optional,esco
cloud engineer,apply-risk-management-processes,32,optional,esco
cloud engineer,apply-ict-systems-theory,30,optional,esco
cloud engineer,perform-data-analysis,28,optional,esco
cloud engineer,ruby-computer-programming,20,optional,esco
cloud engineer,design-interaction-model,16,optional,esco
cloud engineer,ethics,14,optional,esco
Cloud Infrastructure Engineer,cloud-technologies,90,essential,market
Cloud Infrastructure Engineer,design-cloud-architecture,88,essential,market
Cloud Infrastructure Engineer,deploy-cloud-resource,82,essential,market
Cloud Infrastructure Engineer,automate-cloud-tasks,80,essential,market
Cloud Infrastructure Engineer,implement-cloud-security-and-compliance,78,essential,market
Cloud Infrastructure Engineer,design-cloud-networks,74,optional,market
Cloud Infrastructure Engineer,devops,73,optional,market
Cloud Infrastructure Engineer,cloud-monitoring-and-reporting,72,optional,market
Cloud Infrastructure Engineer,respond-to-incidents-in-cloud,71,optional,market
Cloud Infrastructure Engineer,plan-migration-to-cloud,70,optional,market
Cloud Infrastructure Engineer,manage-cloud-data-and-storage,69,optional,market
Cloud Infrastructure Engineer,manage-ict-virtualisation-environments,67,optional,market
Cloud Security Engineer,cloud-security-and-compliance,90,essential,market
Cloud Security Engineer,implement-cloud-security-and-compliance,86,essential,market
Cloud Security Engineer,manage-keys-for-data-protection,84,essential,market
Cloud Security Engineer,cloud-technologies,80,essential,market
Cloud Security Engineer,maintain-ict-identity-management,79,essential,market
Cloud Security Engineer,identify-ict-security-risks,78,essential,market
Cloud Security Engineer,respond-to-incidents-in-cloud,76,essential,market
Cloud Security Engineer,ict-encryption,72,optional,market
Cloud Security Engineer,implement-ict-risk-management,71,optional,market
Cloud Security Engineer,cloud-monitoring-and-reporting,68,optional,market
Cloud Security Engineer,web-application-security-threats,65,optional,market
Cloud Security Engineer,define-firewall-rules,60,optional,market
Compiler Engineer,algorithms,90,essential,market
Compiler Engineer,computer-programming,85,essential,market
Compiler Engineer,ict-system-programming,78,essential,market
Compiler Engineer,debug-software,76,essential,market
Compiler Engineer,assembly-computer-programming,74,essential,market
Compiler Engineer,c,71,optional,market
Compiler Engineer,operating-systems,66,optional,market
Compiler Engineer,mathematics,65,optional,market
Compiler Engineer,use-functional-programming,60,optional,market
Compiler Engineer,use-concurrent-programming,58,optional,market
Compiler Engineer,software-architecture-models,57,optional,market
Compiler Engineer,utilise-regular-expressions,50,optional,market
computer hardware engineer,design-hardware,95,essential,esco
computer hardware engineer,hardware-components,92,essential,esco
computer hardware engineer,computer-engineering,90,essential,esco
computer hardware engineer,engineering-principles,88,essential,esco
computer hardware engineer,electronics,87,essential,esco
computer hardware engineer,hardware-architectures,86,essential,esco
computer hardware engineer,hardware-testing-methods,85,essential,esco
computer hardware engineer,printed-circuit-boards,84,essential,esco
computer hardware engineer,hardware-platforms,82,essential,esco
computer hardware engineer,test-hardware,80,essential,esco
computer hardware engineer,model-hardware,79,essential,esco
computer hardware engineer,adjust-engineering-designs,78,essential,esco
computer hardware engineer,mathematics,76,essential,esco
computer hardware engineer,read-engineering-drawings,75,essential,esco
computer hardware engineer,computer-technology,74,essential,esco
computer hardware engineer,design-prototypes,73,essential,esco
computer hardware engineer,use-technical-drawing-software,72,essential,esco
computer hardware engineer,analyse-test-data,70,essential,esco
computer hardware engineer,conduct-quality-control-analysis,68,essential,esco
computer hardware engineer,microelectronics,68,optional,esco
computer hardware engineer,record-test-data,66,essential,esco
computer hardware engineer,firmware,65,optional,esco
computer hardware engineer,prepare-production-prototypes,64,essential,esco
computer hardware engineer,use-cad-software,63,optional,esco
computer hardware engineer,approve-engineering-design,62,essential,esco
computer hardware engineer,assemble-hardware-components,60,optional,esco
computer hardware engineer,design-firmware,58,optional,esco
computer hardware engineer,think-abstractly,58,essential,esco
computer hardware engineer,create-technical-plans,57,optional,esco
computer hardware engineer,cae-software,56,optional,esco
computer hardware engineer,perform-data-analysis,55,essential,esco
computer hardware engineer,program-firmware,55,optional,esco
computer hardware engineer,quality-standards,54,optional,esco
computer hardware engineer,draft-scientific-or-academic-papers-and-technical-documentation,52,essential,esco
computer hardware engineer,provide-technical-documentation,52,optional,esco
computer hardware engineer,develop-product-design,51,optional,esco
computer hardware engineer,report-analysis-results,50,essential,esco
computer hardware engineer,perform-project-management,48,essential,esco
computer hardware engineer,coordinate-engineering-teams,47,optional,esco
computer hardware engineer,mechatronics,46,optional,esco
computer hardware engineer,assembly-computer-programming,45,optional,esco
computer hardware engineer,manage-research-data,44,essential,esco
computer hardware engineer,matlab,44,optional,esco
computer hardware engineer,apply-technical-communication-skills,43,optional,esco
computer hardware engineer,align-software-with-system-architectures,42,optional,esco
computer hardware engineer,synthesise-information,42,essential,esco
computer hardware engineer,computer-programming,40,optional,esco
computer hardware engineer,interact-professionally-in-research-and-professional-environments,40,essential,esco
computer hardware engineer,use-cam-software,39,optional,esco
computer hardware engineer,operate-open-source-software,38,essential,esco
computer hardware engineer,c,35,optional,esco
computer hardware engineer,manage-intellectual-property-rights,34,essential,esco
computer hardware engineer,mentor-individuals,32,essential,esco
computer hardware engineer,manage-findable-accessible-interoperable-and-reusable-data,30,essential,esco
computer hardware engineer,perform-resource-planning,30,optional,esco
computer hardware engineer,communicate-with-customers,28,optional,esco
computer hardware engineer,manage-personal-professional-development,28,essential,esco
computer hardware engineer,communicate-with-a-non-scientific-audience,26,essential,esco
computer hardware engineer,install-operating-system,25,optional,esco
computer hardware engineer,python-computer-programming,24,optional,esco
computer hardware engineer,train-employees,24,optional,esco
computer hardware engineer,install-software,22,optional,esco
computer hardware engineer,manage-open-publications,22,essential,esco
computer hardware engineer,microsoft-visual-c,20,optional,esco
computer hardware engineer,speak-different-languages,20,essential,esco
computer hardware engineer,build-business-relationships,18,optional,esco
computer hardware engineer,c-2,12,optional,esco
computer hardware engineer,java-computer-programming,12,optional,esco
computer hardware engineer,r,12,optional,esco
computer hardware engineer,visual-studio-net,12,optional,esco
computer hardware engineer,implement-anti-virus-software,10,optional,esco
computer hardware engineer,javascript,8,optional,esco
computer hardware engineer,perl,8,optional,esco
computer hardware engineer,ruby-computer-programming,8,optional,esco
computer hardware engineer,sas-language,8,optional,esco
computer hardware engineer,objective-c,6,optional,esco
computer hardware engineer,php,6,optional,esco
computer hardware engineer,swift-computer-programming,6,optional,esco
computer hardware engineer,typescript,6,optional,esco
computer hardware engineer,asp-net,5,optional,esco
computer hardware engineer,cobol,5,optional,esco
computer hardware engineer,common-lisp,5,optional,esco
computer hardware engineer,erlang,5,optional,esco
computer hardware engineer,groovy,5,optional,esco
computer hardware engineer,haskell,5,optional,esco
computer hardware engineer,lisp,5,optional,esco
computer hardware engineer,pascal-computer-programming,5,optional,esco
computer hardware engineer,sap-r3,5,optional,esco
computer hardware engineer,scala,5,optional,esco
computer hardware engineer,abap,4,optional,esco
computer hardware engineer,ajax,4,optional,esco
computer hardware engineer,apl,4,optional,esco
computer hardware engineer,coffeescript,4,optional,esco
computer hardware engineer,ml-computer-programming,4,optional,esco
computer hardware engineer,openedge-advanced-business-language,4,optional,esco
computer hardware engineer,prolog-computer-programming,4,optional,esco
computer hardware engineer,smalltalk-computer-programming,4,optional,esco
computer hardware engineer,vbscript,4,optional,esco
computer hardware engineer,scratch-computer-programming,3,optional,esco
computer hardware engineering technician,assemble-hardware-components,92,essential,esco
computer hardware engineering technician,hardware-components,90,essential,esco
computer hardware engineering technician,test-hardware,89,essential,esco
computer hardware engineering technician,circuit-diagrams,88,essential,esco
computer hardware engineering technician,electronics,86,essential,esco
computer hardware engineering technician,hardware-testing-methods,85,essential,esco
computer hardware engineering technician,computer-engineering,80,essential,esco
computer hardware engineering technician,read-engineering-drawings,78,essential,esco
computer hardware engineering technician,hardware-architectures,76,essential,esco
computer hardware engineering technician,hardware-platforms,74,essential,esco
computer hardware engineering technician,prepare-production-prototypes,72,essential,esco
computer hardware engineering technician,computer-technology,70,essential,esco
computer hardware engineering technician,liaise-with-engineers,66,essential,esco
computer hardware engineering technician,record-test-data,64,essential,esco
computer hardware engineering technician,adjust-engineering-designs,62,essential,esco
computer hardware engineering technician,maintain-computer-hardware,58,optional,esco
computer hardware engineering technician,firmware,55,optional,esco
computer hardware engineering technician,meet-deadlines,52,essential,esco
computer hardware engineering technician,program-firmware,52,optional,esco
computer hardware engineering technician,quality-standards,50,optional,esco
computer hardware engineering technician,cad-software,48,optional,esco
computer hardware engineering technician,use-cad-software,46,optional,esco
computer hardware engineering technician,mathematics,45,optional,esco
computer hardware engineering technician,write-technical-reports,44,optional,esco
computer hardware engineering technician,apply-technical-communication-skills,42,optional,esco
computer hardware engineering technician,keep-records-of-work-progress,41,optional,esco
computer hardware engineering technician,computer-programming,40,optional,esco
computer hardware engineering technician,install-operating-system,38,optional,esco
computer hardware engineering technician,install-software,36,optional,esco
computer hardware engineering technician,assembly-computer-programming,34,optional,esco
computer hardware engineering technician,align-software-with-system-architectures,32,optional,esco
computer hardware engineering technician,c,30,optional,esco
computer hardware engineering technician,customise-software-for-drive-system,28,optional,esco
computer hardware engineering technician,python-computer-programming,26,optional,esco
computer hardware engineering technician,matlab,24,optional,esco
computer hardware engineering technician,use-cam-software,22,optional,esco
computer hardware engineering technician,microsoft-visual-c,20,optional,esco
computer hardware engineering technician,remove-computer-virus-or-malware-from-a-computer,14,optional,esco
computer hardware engineering technician,c-2,12,optional,esco
computer hardware engineering technician,java-computer-programming,12,optional,esco
computer hardware engineering technician,implement-anti-virus-software,11,optional,esco
computer hardware engineering technician,visual-studio-net,10,optional,esco
computer hardware engineering technician,perl,9,optional,esco
computer hardware engineering technician,javascript,8,optional,esco
computer hardware engineering technician,r,8,optional,esco
computer hardware engineering technician,php,6,optional,esco
computer hardware engineering technician,ruby-computer-programming,6,optional,esco
computer hardware engineering technician,typescript,6,optional,esco
computer hardware engineering technician,asp-net,5,optional,esco
computer hardware engineering technician,objective-c,5,optional,esco
computer hardware engineering technician,sas-language,5,optional,esco
computer hardware engineering technician,swift-computer-programming,5,optional,esco
computer hardware engineering technician,vbscript,5,optional,esco
computer hardware engineering technician,ajax,4,optional,esco
computer hardware engineering technician,erlang,4,optional,esco
computer hardware engineering technician,groovy,4,optional,esco
computer hardware engineering technician,haskell,4,optional,esco
computer hardware engineering technician,ml-computer-programming,4,optional,esco
computer hardware engineering technician,pascal-computer-programming,4,optional,esco
computer hardware engineering technician,sap-r3,4,optional,esco
computer hardware engineering technician,scala,4,optional,esco
computer hardware engineering technician,abap,3,optional,esco
computer hardware engineering technician,apl,3,optional,esco
computer hardware engineering technician,cobol,3,optional,esco
computer hardware engineering technician,coffeescript,3,optional,esco
computer hardware engineering technician,common-lisp,3,optional,esco
computer hardware engineering technician,lisp,3,optional,esco
computer hardware engineering technician,openedge-advanced-business-language,3,optional,esco
computer hardware engineering technician,prolog-computer-programming,3,optional,esco
computer hardware engineering technician,scratch-computer-programming,3,optional,esco
computer hardware engineering technician,smalltalk-computer-programming,3,optional,esco
computer hardware test technician,hardware-testing-methods,95,essential,esco
computer hardware test technician,test-hardware,92,essential,esco
computer hardware test technician,analyse-test-data,88,essential,esco
computer hardware test technician,hardware-components,86,essential,esco
computer hardware test technician,circuit-diagrams,84,essential,esco
computer hardware test technician,conduct-quality-control-analysis,82,essential,esco
computer hardware test technician,quality-assurance-procedures,80,essential,esco
computer hardware test technician,quality-standards,78,essential,esco
computer hardware test technician,hardware-platforms,72,essential,esco
computer hardware test technician,hardware-architectures,70,essential,esco
computer hardware test technician,read-engineering-drawings,68,essential,esco
computer hardware test technician,electronics,66,optional,esco
computer hardware test technician,printed-circuit-boards-testing-methods,64,optional,esco
computer hardware test technician,test-printed-circuit-boards,62,optional,esco
computer hardware test technician,communicate-test-results-to-other-departments,60,essential,esco
computer hardware test technician,check-system-parameters-against-reference-values,58,optional,esco
computer hardware test technician,meet-deadlines,54,essential,esco
computer hardware test technician,microelectronics,50,optional,esco
computer hardware test technician,liaise-with-engineers,46,optional,esco
computer hardware test technician,test-wireless-devices,44,optional,esco
computer hardware test technician,keep-records-of-work-progress,40,optional,esco
computer scientist,draft-scientific-or-academic-papers-and-technical-documentation,90,essential,esco
computer scientist,think-abstractly,88,essential,esco
computer scientist,execute-analytical-mathematical-calculations,84,essential,esco
computer scientist,conduct-quantitative-research,82,essential,esco
computer scientist,apply-statistical-analysis-techniques,80,essential,esco
computer scientist,synthesise-information,78,essential,esco
computer scientist,manage-research-data,76,essential,esco
computer scientist,conduct-qualitative-research,66,essential,esco
computer scientist,create-solutions-to-problems,64,optional,esco
computer scientist,interact-professionally-in-research-and-professional-environments,62,essential,esco
computer scientist,manage-findable-accessible-interoperable-and-reusable-data,60,essential,esco
computer scientist,operate-open-source-software,58,essential,esco
computer scientist,communicate-with-a-non-scientific-audience,56,essential,esco
computer scientist,report-analysis-results,55,optional,esco
computer scientist,innovate-in-ict,54,optional,esco
computer scientist,perform-project-management,52,essential,esco
computer scientist,develop-professional-network,50,optional,esco
computer scientist,data-mining,48,optional,esco
computer scientist,manage-open-publications,48,essential,esco
computer scientist,mentor-individuals,46,essential,esco
computer scientist,sql,46,optional,esco
computer scientist,process-data,45,optional,esco
computer scientist,execute-ict-user-research-activities,44,essential,esco
computer scientist,perform-data-mining,44,optional,esco
computer scientist,software-frameworks,44,optional,esco
computer scientist,information-extraction,42,optional,esco
computer scientist,manage-personal-professional-development,42,essential,esco
computer scientist,conduct-research-interview,40,essential,esco
computer scientist,use-an-application-specific-interface,40,essential,esco
computer scientist,apply-reverse-engineering,38,essential,esco
computer scientist,emergent-technologies,38,optional,esco
computer scientist,innovation-processes,36,optional,esco
computer scientist,manage-intellectual-property-rights,34,essential,esco
computer scientist,use-query-languages,34,optional,esco
computer scientist,query-languages,32,optional,esco
computer scientist,documentation-types,30,optional,esco
computer scientist,information-categorisation,28,optional,esco
computer scientist,business-intelligence,26,optional,esco
computer scientist,unstructured-data,26,optional,esco
computer scientist,speak-different-languages,25,essential,esco
computer scientist,nosql,24,optional,esco
computer scientist,use-presentation-software,24,optional,esco
computer scientist,use-back-up-and-recovery-tools,22,essential,esco
computer scientist,behavioural-science,20,optional,esco
computer scientist,use-spreadsheets-software,20,optional,esco
computer scientist,javascript-framework,18,optional,esco
computer scientist,sparql,16,optional,esco
computer scientist,resource-description-framework-query-language,14,optional,esco
computer scientist,xquery,12,optional,esco
computer scientist,apache-tomcat,10,optional,esco
computer scientist,ldap,8,optional,esco
computer scientist,linq,8,optional,esco
computer scientist,mdx,8,optional,esco
computer scientist,implement-anti-virus-software,6,optional,esco
computer scientist,n1ql,6,optional,esco
computer vision engineer,machine-learning,95,essential,esco
computer vision engineer,digital-image-processing,92,essential,esco
computer vision engineer,python-computer-programming,90,essential,esco
computer vision engineer,computer-programming,88,essential,esco
computer vision engineer,principles-of-artificial-intelligence,86,essential,esco
computer vision engineer,statistics,82,essential,esco
computer vision engineer,deep-learning,80,optional,esco
computer vision engineer,execute-analytical-mathematical-calculations,78,essential,esco
computer vision engineer,apply-statistical-analysis-techniques,76,essential,esco
computer vision engineer,use-software-libraries,74,essential,esco
computer vision engineer,image-formation,70,optional,esco
computer vision engineer,develop-data-processing-applications,68,essential,esco
computer vision engineer,perform-dimensionality-reduction,66,essential,esco
computer vision engineer,perform-data-cleansing,64,essential,esco
computer vision engineer,interpret-current-data,62,essential,esco
computer vision engineer,handle-data-samples,60,essential,esco
computer vision engineer,develop-software-prototype,58,essential,esco
computer vision engineer,integrated-development-environment-software,58,essential,esco
computer vision engineer,signal-processing,58,optional,esco
computer vision engineer,normalise-data,56,essential,esco
computer vision engineer,debug-software,55,optional,esco
computer vision engineer,manage-data-collection-systems,52,essential,esco
computer vision engineer,establish-data-processes,50,essential,esco
computer vision engineer,implement-data-quality-processes,48,essential,esco
computer vision engineer,report-analysis-results,46,essential,esco
computer vision engineer,define-technical-requirements,45,essential,esco
computer vision engineer,deliver-visual-presentation-of-data,44,essential,esco
computer vision engineer,provide-technical-documentation,42,essential,esco
computer vision engineer,perform-data-mining,40,optional,esco
computer vision engineer,conduct-quantitative-research,38,optional,esco
computer vision engineer,utilise-computer-aided-software-engineering-tools,36,essential,esco
computer vision engineer,define-data-quality-criteria,34,optional,esco
computer vision engineer,create-data-models,32,optional,esco
computer vision engineer,query-languages,26,optional,esco
computer vision engineer,conduct-qualitative-research,20,optional,esco
computer vision engineer,design-user-interface,16,optional,esco
computer vision engineer,use-markup-languages,14,optional,esco
computer vision engineer,resource-description-framework-query-language,10,optional,esco
data analyst,statistics,88,essential,esco
data analyst,interpret-current-data,86,essential,esco
data analyst,perform-data-cleansing,85,essential,esco
data analyst,apply-statistical-analysis-techniques,84,essential,esco
data analyst,use-data-processing-techniques,82,essential,esco
data analyst,use-databases,80,essential,esco
data analyst,analyse-big-data,79,essential,esco
data analyst,execute-analytical-mathematical-calculations,78,essential,esco
data analyst,query-languages,76,essential,esco
data analyst,data-quality-assessment,74,essential,esco
data analyst,data-mining,72,essential,esco
data analyst,data-models,72,essential,esco
data analyst,business-intelligence,70,essential,esco
data analyst,visual-presentation-techniques,68,essential,esco
data analyst,normalise-data,66,essential,esco
data analyst,manage-data,65,essential,esco
data analyst,information-extraction,64,essential,esco
data analyst,collect-ict-data,63,essential,esco
data analyst,perform-data-mining,62,essential,esco
data analyst,report-analysis-results,62,optional,esco
data analyst,establish-data-processes,60,essential,esco
data analyst,use-spreadsheets-software,60,optional,esco
data analyst,deliver-visual-presentation-of-data,58,optional,esco
data analyst,handle-data-samples,58,essential,esco
data analyst,information-structure,58,essential,esco
data analyst,integrate-ict-data,56,essential,esco
data analyst,database,55,optional,esco
data analyst,define-data-quality-criteria,54,essential,esco
data analyst,implement-data-quality-processes,52,essential,esco
data analyst,create-data-models,50,optional,esco
data analyst,information-categorisation,50,essential,esco
data analyst,manage-quantitative-data,48,optional,esco
data analyst,unstructured-data,46,essential,esco
data analyst,online-analytical-processing,44,optional,esco
data analyst,manage-data-collection-systems,42,optional,esco
data analyst,information-confidentiality,40,essential,esco
data analyst,web-analytics,40,optional,esco
data analyst,data-storage,36,optional,esco
data analyst,documentation-types,34,essential,esco
data analyst,hadoop,32,optional,esco
data analyst,information-architecture,30,optional,esco
data analyst,cloud-technologies,28,optional,esco
data analyst,store-digital-data-and-systems,26,optional,esco
data analyst,manage-cloud-data-and-storage,24,optional,esco
data analyst,resource-description-framework-query-language,22,essential,esco
data analyst,mdx,18,optional,esco
data analyst,sparql,16,optional,esco
data analyst,xquery,14,optional,esco
data analyst,gather-data-for-forensic-purposes,12,optional,esco
data analyst,linq,12,optional,esco
data analyst,n1ql,10,optional,esco
data analyst,ldap,8,optional,esco
data centre operator,maintain-ict-server,94,essential,esco
data centre operator,monitor-system-performance,92,essential,esco
data centre operator,administer-ict-system,90,essential,esco
data centre operator,maintain-database-performance,84,essential,esco
data centre operator,manage-database,82,essential,esco
data centre operator,database-management-systems,80,essential,esco
data centre operator,maintain-database-security,80,essential,esco
data centre operator,analyse-ict-system,78,essential,esco
data centre operator,balance-database-resources,76,essential,esco
data centre operator,use-back-up-and-recovery-tools,70,optional,esco
data centre operator,create-solutions-to-problems,68,optional,esco
data centre operator,migrate-existing-data,66,essential,esco
data centre operator,keep-up-with-the-latest-information-systems-solutions,64,essential,esco
data centre operator,data-storage,62,optional,esco
data centre operator,provide-technical-documentation,62,essential,esco
data centre operator,use-databases,60,optional,esco
data centre operator,integrate-system-components,58,optional,esco
data centre operator,query-languages,58,essential,esco
data centre operator,use-ict-ticketing-system,56,optional,esco
data centre operator,information-confidentiality,54,optional,esco
data centre operator,develop-automated-migration-methods,52,optional,esco
data centre operator,business-ict-systems,50,optional,esco
data centre operator,implement-a-firewall,48,optional,esco
data centre operator,sql-server,48,optional,esco
data centre operator,implement-anti-virus-software,46,optional,esco
data centre operator,mysql,46,optional,esco
data centre operator,postgresql,46,optional,esco
data centre operator,database-development-tools,44,optional,esco
data centre operator,implement-a-virtual-private-network,44,optional,esco
data centre operator,data-models,42,optional,esco
data centre operator,resource-description-framework-query-language,42,essential,esco
data centre operator,db2,40,optional,esco
data centre operator,ldap,40,optional,esco
data centre operator,use-different-communication-channels,36,optional,esco
data centre operator,unstructured-data,34,optional,esco
data centre operator,teradata-database,26,optional,esco
data centre operator,control-of-expenses,24,optional,esco
data centre operator,xquery,24,optional,esco
data centre operator,ibm-informix,22,optional,esco
data centre operator,microsoft-access,22,optional,esco
data centre operator,sparql,22,optional,esco
data centre operator,linq,20,optional,esco
data centre operator,mdx,20,optional,esco
data centre operator,openedge-database,20,optional,esco
data centre operator,ca-datacom-db,18,optional,esco
data centre operator,n1ql,18,optional,esco
data centre operator,world-wide-web-consortium-standards,18,optional,esco
data centre operator,filemaker-database-management-systems,16,optional,esco
data centre operator,objectstore,16,optional,esco
Data Engineer,sql,90,essential,market
Data Engineer,data-warehouse,85,essential,market
Data Engineer,data-extraction-transformation-and-loading-tools,80,essential,market
Data Engineer,design-database-scheme,78,essential,market
Data Engineer,database-management-systems,74,essential,market
Data Engineer,python-computer-programming,65,optional,market
Data Engineer,distributed-computing,62,optional,market
Data Engineer,cloud-technologies,60,optional,market
Data Engineer,data-quality-assessment,58,optional,market
Data Engineer,nosql,55,optional,market
data entry clerk,maintain-data-entry-requirements,90,essential,esco
data entry clerk,process-data,88,essential,esco
data entry clerk,perform-data-cleansing,82,essential,esco
data entry clerk,use-word-processing-software,78,essential,esco
data entry clerk,use-spreadsheets-software,74,optional,esco
data entry clerk,database,70,essential,esco
data entry clerk,apply-information-security-policies,62,essential,esco
data entry clerk,use-databases,60,optional,esco
data entry clerk,documentation-types,58,essential,esco
data entry clerk,manage-digital-documents,58,optional,esco
data entry clerk,optical-character-recognition-software,56,optional,esco
data entry clerk,manage-data,54,optional,esco
data entry clerk,information-confidentiality,52,optional,esco
data entry clerk,implement-data-quality-processes,50,optional,esco
data entry clerk,apply-organisational-techniques,48,optional,esco
data entry clerk,normalise-data,46,optional,esco
data entry clerk,abbyy-finereader,44,optional,esco
data entry clerk,query-languages,44,essential,esco
data entry clerk,omnipage,42,optional,esco
data entry clerk,apply-statistical-analysis-techniques,40,essential,esco
data entry clerk,establish-data-processes,40,optional,esco
data entry clerk,use-an-application-specific-interface,38,optional,esco
data entry clerk,manage-ict-data-classification,36,optional,esco
data entry clerk,data-storage,34,optional,esco
data entry clerk,manage-data-collection-systems,32,optional,esco
data entry clerk,resource-description-framework-query-language,30,essential,esco
data entry clerk,data-models,28,optional,esco
data entry clerk,implement-data-warehousing-techniques,22,optional,esco
data entry clerk,ldap,20,optional,esco
data entry clerk,xquery,18,optional,esco
data entry clerk,linq,16,optional,esco
data entry clerk,mdx,16,optional,esco
data entry clerk,sparql,16,optional,esco
data entry clerk,n1ql,14,optional,esco
data entry supervisor,supervise-work,94,essential,esco
data entry supervisor,manage-schedule-of-tasks,88,essential,esco
data entry supervisor,evaluate-employees,86,essential,esco
data entry supervisor,motivate-employees,84,essential,esco
data entry supervisor,manage-employee-complaints,82,essential,esco
data entry supervisor,estimate-duration-of-work,80,essential,esco
data entry supervisor,gather-feedback-from-employees,78,essential,esco
data entry supervisor,information-confidentiality,76,essential,esco
data entry supervisor,company-policies,74,essential,esco
data entry supervisor,database,74,essential,esco
data entry supervisor,apply-information-security-policies,72,essential,esco
data entry supervisor,introduce-new-employees,72,essential,esco
data entry supervisor,maintain-data-entry-requirements,70,optional,esco
data entry supervisor,manage-data,66,optional,esco
data entry supervisor,coach-employees,64,optional,esco
data entry supervisor,documentation-types,64,essential,esco
data entry supervisor,develop-working-procedures,60,optional,esco
data entry supervisor,apply-organisational-techniques,58,optional,esco
data entry supervisor,establish-data-processes,58,optional,esco
data entry supervisor,query-languages,58,essential,esco
data entry supervisor,implement-data-quality-processes,56,optional,esco
data entry supervisor,manage-data-collection-systems,54,optional,esco
data entry supervisor,perform-data-cleansing,52,optional,esco
data entry supervisor,process-data,50,optional,esco
data entry supervisor,recruit-employees,50,optional,esco
data entry supervisor,manage-ict-data-classification,44,optional,esco
data entry supervisor,normalise-data,40,optional,esco
data entry supervisor,data-models,38,optional,esco
data entry supervisor,optical-character-recognition-software,36,optional,esco
data entry supervisor,data-storage,34,optional,esco
data entry supervisor,ldap,34,essential,esco
data entry supervisor,implement-data-warehousing-techniques,32,optional,esco
data entry supervisor,xquery,32,essential,esco
data entry supervisor,linq,30,essential,esco
data entry supervisor,mdx,30,essential,esco
data entry supervisor,sparql,30,essential,esco
data entry supervisor,resource-description-framework-query-language,28,essential,esco
data entry supervisor,n1ql,26,essential,esco
data entry supervisor,abbyy-finereader,22,optional,esco
data entry supervisor,omnipage,20,optional,esco
Data Modeler,create-data-models,90,essential,market
Data Modeler,design-database-scheme,85,essential,market
Data Modeler,sql,79,essential,market
Data Modeler,normalise-data,76,essential,market
Data Modeler,define-database-physical-structure,74,essential,market
Data Modeler,create-database-diagrams,68,optional,market
Data Modeler,database-management-systems,67,optional,market
Data Modeler,information-architecture,64,optional,market
Data Modeler,data-warehouse,62,optional,market
Data Modeler,data-quality-assessment,60,optional,market
data protection officer,gdpr,96,essential,esco
data protection officer,data-protection,95,essential,esco
data protection officer,protect-personal-data-and-privacy,92,essential,esco
data protection officer,respect-data-protection-principles,90,essential,esco
data protection officer,ensure-compliance-with-legal-requirements,88,essential,esco
data protection officer,information-governance-compliance,86,essential,esco
data protection officer,ensure-information-privacy,85,essential,esco
data protection officer,information-confidentiality,84,essential,esco
data protection officer,ict-security-legislation,82,essential,esco
data protection officer,identify-legal-requirements,80,essential,esco
data protection officer,monitor-legislation-developments,78,essential,esco
data protection officer,manage-data-for-legal-matters,76,essential,esco
data protection officer,apply-information-security-policies,74,essential,esco
data protection officer,develop-organisational-policies,72,essential,esco
data protection officer,internal-risk-management-policy,70,essential,esco
data protection officer,information-security-strategy,68,essential,esco
data protection officer,advise-on-government-policy-compliance,66,essential,esco
data protection officer,develop-information-security-strategy,64,essential,esco
data protection officer,define-organisational-standards,60,essential,esco
data protection officer,train-employees,58,essential,esco
data protection officer,internal-auditing,56,essential,esco
data protection officer,develop-training-programmes,52,essential,esco
data protection officer,risk-management,50,optional,esco
data protection officer,use-consulting-techniques,48,essential,esco
data protection officer,estimate-impact-of-risks,46,optional,esco
data protection officer,apply-system-organisational-policies,44,optional,esco
data protection officer,address-identified-risks,42,optional,esco
data protection officer,conduct-impact-evaluation-of-ict-processes-on-business,40,optional,esco
data protection officer,write-work-related-reports,38,optional,esco
data protection officer,manage-keys-for-data-protection,36,optional,esco
data protection officer,manage-digital-identity,34,optional,esco
data protection officer,document-project-progress,30,optional,esco
data protection officer,perform-project-management,28,optional,esco
data protection officer,perform-data-cleansing,26,optional,esco
data protection officer,maintain-internal-communication-systems,22,optional,esco
data quality specialist,define-data-quality-criteria,95,essential,esco
data quality specialist,perform-data-cleansing,92,essential,esco
data quality specialist,implement-data-quality-processes,90,essential,esco
data quality specialist,normalise-data,88,essential,esco
data quality specialist,process-data,85,essential,esco
data quality specialist,manage-data,84,essential,esco
data quality specialist,use-data-processing-techniques,82,essential,esco
data quality specialist,database,80,essential,esco
data quality specialist,information-structure,78,essential,esco
data quality specialist,establish-data-processes,76,essential,esco
data quality specialist,data-quality-assessment,74,optional,esco
data quality specialist,report-analysis-results,72,essential,esco
data quality specialist,query-languages,70,essential,esco
data quality specialist,manage-database,68,essential,esco
data quality specialist,address-problems-critically,66,essential,esco
data quality specialist,handle-data-samples,65,essential,esco
data quality specialist,utilise-regular-expressions,62,essential,esco
data quality specialist,manage-standards-for-data-exchange,60,essential,esco
data quality specialist,design-database-scheme,58,essential,esco
data quality specialist,perform-data-analysis,55,optional,esco
data quality specialist,statistics,48,optional,esco
data quality specialist,resource-description-framework-query-language,45,essential,esco
data quality specialist,business-processes,40,optional,esco
data quality specialist,execute-analytical-mathematical-calculations,34,optional,esco
data quality specialist,execute-ict-audits,30,optional,esco
data quality specialist,design-database-in-the-cloud,28,optional,esco
data quality specialist,visual-presentation-techniques,26,optional,esco
data quality specialist,manage-schedule-of-tasks,24,optional,esco
data quality specialist,perform-project-management,22,optional,esco
data quality specialist,xquery,22,optional,esco
data quality specialist,sparql,20,optional,esco
data quality specialist,train-employees,20,optional,esco
data quality specialist,build-business-relationships,18,optional,esco
data quality specialist,linq,14,optional,esco
data quality specialist,ldap,12,optional,esco
data quality specialist,mdx,12,optional,esco
data quality specialist,n1ql,8,optional,esco
data scientist,statistics,92,essential,esco
data scientist,execute-analytical-mathematical-calculations,86,essential,esco
data scientist,interpret-current-data,84,essential,esco
data scientist,use-data-processing-techniques,82,essential,esco
data scientist,perform-data-cleansing,80,essential,esco
data scientist,data-mining,76,essential,esco
data scientist,think-abstractly,74,essential,esco
data scientist,use-databases,72,essential,esco
data scientist,query-languages,70,essential,esco
data scientist,synthesise-information,69,essential,esco
data scientist,data-models,68,essential,esco
data scientist,normalise-data,66,essential,esco
data scientist,deliver-visual-presentation-of-data,65,essential,esco
data scientist,handle-data-samples,64,essential,esco
data scientist,report-analysis-results,63,essential,esco
data scientist,visual-presentation-techniques,62,essential,esco
data scientist,develop-data-processing-applications,61,essential,esco
data scientist,information-extraction,60,essential,esco
data scientist,perform-data-mining,60,optional,esco
data scientist,data-quality-assessment,58,optional,esco
data scientist,establish-data-processes,58,essential,esco
data scientist,collect-ict-data,57,essential,esco
data scientist,manage-research-data,56,essential,esco
data scientist,create-data-models,55,optional,esco
data scientist,manage-data-collection-systems,55,essential,esco
data scientist,implement-data-quality-processes,54,essential,esco
data scientist,manage-data,52,optional,esco
data scientist,operate-open-source-software,52,essential,esco
data scientist,build-recommender-systems,50,essential,esco
data scientist,draft-scientific-or-academic-papers-and-technical-documentation,48,essential,esco
data scientist,integrate-ict-data,48,optional,esco
data scientist,communicate-with-a-non-scientific-audience,47,essential,esco
data scientist,manage-findable-accessible-interoperable-and-reusable-data,46,essential,esco
data scientist,unstructured-data,45,optional,esco
data scientist,business-intelligence,44,optional,esco
data scientist,information-categorisation,44,essential,esco
data scientist,define-data-quality-criteria,43,optional,esco
data scientist,design-database-scheme,42,essential,esco
data scientist,hadoop,40,optional,esco
data scientist,interact-professionally-in-research-and-professional-environments,40,essential,esco
data scientist,perform-project-management,38,essential,esco
data scientist,online-analytical-processing,34,essential,esco
data scientist,use-spreadsheets-software,34,optional,esco
data scientist,manage-personal-professional-development,32,essential,esco
data scientist,mentor-individuals,30,essential,esco
data scientist,manage-ict-data-architecture,28,optional,esco
data scientist,manage-ict-data-classification,26,optional,esco
data scientist,manage-open-publications,24,essential,esco
data scientist,design-database-in-the-cloud,22,optional,esco
data scientist,manage-intellectual-property-rights,20,essential,esco
data scientist,resource-description-framework-query-language,18,essential,esco
data scientist,speak-different-languages,16,essential,esco
data scientist,sparql,14,optional,esco
data scientist,mdx,12,optional,esco
data scientist,xquery,12,optional,esco
data scientist,linq,10,optional,esco
data scientist,ldap,8,optional,esco
data scientist,n1ql,8,optional,esco
data warehouse designer,data-warehouse,95,essential,esco
data warehouse designer,design-database-scheme,90,essential,esco
data warehouse designer,database,88,essential,esco
data warehouse designer,database-management-systems,85,essential,esco
data warehouse designer,operate-relational-database-management-system,84,essential,esco
data warehouse designer,use-databases,82,essential,esco
data warehouse designer,migrate-existing-data,80,essential,esco
data warehouse designer,information-structure,78,essential,esco
data warehouse designer,manage-database,78,essential,esco
data warehouse designer,database-development-tools,76,essential,esco
data warehouse designer,query-languages,74,essential,esco
data warehouse designer,develop-automated-migration-methods,72,essential,esco
data warehouse designer,analyse-business-requirements,70,essential,esco
data warehouse designer,create-data-sets,68,essential,esco
data warehouse designer,identify-software-for-warehouse-management,66,essential,esco
data warehouse designer,define-technical-requirements,65,essential,esco
data warehouse designer,create-database-diagrams,64,essential,esco
data warehouse designer,business-process-modelling,62,essential,esco
data warehouse designer,create-software-design,60,essential,esco
data warehouse designer,data-models,60,optional,esco
data warehouse designer,use-query-languages,58,optional,esco
data warehouse designer,write-database-documentation,58,essential,esco
data warehouse designer,manage-standards-for-data-exchange,56,essential,esco
data warehouse designer,define-database-physical-structure,55,optional,esco
data warehouse designer,systems-theory,55,essential,esco
data warehouse designer,apply-ict-systems-theory,50,essential,esco
data warehouse designer,perform-data-analysis,50,optional,esco
data warehouse designer,assess-ict-knowledge,48,essential,esco
data warehouse designer,develop-reporting-software,46,optional,esco
data warehouse designer,ict-security-legislation,45,essential,esco
data warehouse designer,design-database-in-the-cloud,44,optional,esco
data warehouse designer,use-markup-languages,42,essential,esco
data warehouse designer,agile-project-management,40,optional,esco
data warehouse designer,oracle-relational-database,40,optional,esco
data warehouse designer,resource-description-framework-query-language,40,essential,esco
data warehouse designer,sql-server,40,optional,esco
data warehouse designer,web-programming,40,essential,esco
data warehouse designer,computer-programming,38,optional,esco
data warehouse designer,manage-cloud-data-and-storage,38,optional,esco
data warehouse designer,postgresql,38,optional,esco
data warehouse designer,design-database-backup-specifications,36,optional,esco
data warehouse designer,mysql,36,optional,esco
data warehouse designer,ict-project-management-methodologies,34,optional,esco
data warehouse designer,store-digital-data-and-systems,34,optional,esco
data warehouse designer,teradata-database,34,optional,esco
data warehouse designer,use-back-up-and-recovery-tools,32,optional,esco
data warehouse designer,apply-technical-communication-skills,30,optional,esco
data warehouse designer,db2,30,optional,esco
data warehouse designer,python-computer-programming,28,optional,esco
data warehouse designer,java-computer-programming,26,optional,esco
data warehouse designer,product-data-management,26,optional,esco
data warehouse designer,javascript,24,optional,esco
data warehouse designer,process-based-management,24,optional,esco
data warehouse designer,lean-project-management,22,optional,esco
data warehouse designer,perform-resource-planning,22,optional,esco
data warehouse designer,c-2,20,optional,esco
data warehouse designer,microsoft-access,20,optional,esco
data warehouse designer,typescript,20,optional,esco
data warehouse designer,use-access-control-software,20,optional,esco
data warehouse designer,php,18,optional,esco
data warehouse designer,ruby-computer-programming,18,optional,esco
data warehouse designer,visual-studio-net,18,optional,esco
data warehouse designer,build-business-relationships,16,optional,esco
data warehouse designer,c,16,optional,esco
data warehouse designer,ibm-informix,16,optional,esco
data warehouse designer,ldap,16,optional,esco
data warehouse designer,openedge-database,16,optional,esco
data warehouse designer,perl,16,optional,esco
data warehouse designer,r,16,optional,esco
data warehouse designer,scala,16,optional,esco
data warehouse designer,unstructured-data,16,optional,esco
data warehouse designer,sap-r3,15,optional,esco
data warehouse designer,asp-net,14,optional,esco
data warehouse designer,design-user-interface,14,optional,esco
data warehouse designer,linq,14,optional,esco
data warehouse designer,sas-language,14,optional,esco
data warehouse designer,sparql,14,optional,esco
data warehouse designer,vbscript,14,optional,esco
data warehouse designer,xquery,14,optional,esco
data warehouse designer,matlab,13,optional,esco
data warehouse designer,abap,12,optional,esco
data warehouse designer,ajax,12,optional,esco
data warehouse designer,ca-datacom-db,12,optional,esco
data warehouse designer,filemaker-database-management-systems,12,optional,esco
data warehouse designer,groovy,12,optional,esco
data warehouse designer,marklogic,12,optional,esco
data warehouse designer,mdx,12,optional,esco
data warehouse designer,microsoft-visual-c,12,optional,esco
data warehouse designer,objectstore,12,optional,esco
data warehouse designer,swift-computer-programming,12,optional,esco
data warehouse designer,triplestore,12,optional,esco
data warehouse designer,cobol,10,optional,esco
data warehouse designer,objective-c,10,optional,esco
data warehouse designer,assembly-computer-programming,9,optional,esco
data warehouse designer,erlang,9,optional,esco
data warehouse designer,coffeescript,8,optional,esco
data warehouse designer,haskell,8,optional,esco
data warehouse designer,n1ql,8,optional,esco
data warehouse designer,openedge-advanced-business-language,8,optional,esco
data warehouse designer,pascal-computer-programming,8,optional,esco
data warehouse designer,common-lisp,7,optional,esco
data warehouse designer,lisp,7,optional,esco
data warehouse designer,ml-computer-programming,7,optional,esco
data warehouse designer,prolog-computer-programming,6,optional,esco
data warehouse designer,smalltalk-computer-programming,6,optional,esco
data warehouse designer,apl,5,optional,esco
data warehouse designer,scratch-computer-programming,5,optional,esco
database administrator,manage-database,95,essential,esco
database administrator,database-management-systems,92,essential,esco
database administrator,perform-backups,90,essential,esco
database administrator,maintain-database-performance,89,essential,esco
database administrator,use-databases,88,essential,esco
database administrator,maintain-database-security,87,essential,esco
database administrator,operate-relational-database-management-system,86,essential,esco
database administrator,system-backup-best-practice,85,essential,esco
database administrator,administer-ict-system,82,essential,esco
database administrator,design-database-backup-specifications,80,essential,esco
database administrator,balance-database-resources,78,essential,esco
database administrator,define-database-physical-structure,76,essential,esco
database administrator,data-storage,74,essential,esco
database administrator,query-languages,72,essential,esco
database administrator,design-database-scheme,70,essential,esco
database administrator,information-structure,70,essential,esco
database administrator,database-development-tools,68,essential,esco
database administrator,perform-ict-troubleshooting,66,essential,esco
database administrator,data-models,65,essential,esco
database administrator,use-scripting-programming,62,essential,esco
database administrator,create-data-models,60,essential,esco
database administrator,data-quality-assessment,58,essential,esco
database administrator,distributed-computing,55,essential,esco
database administrator,use-back-up-and-recovery-tools,52,optional,esco
database administrator,use-an-application-specific-interface,50,essential,esco
database administrator,interpret-technical-texts,48,essential,esco
database administrator,oracle-relational-database,46,optional,esco
database administrator,sql-server,46,optional,esco
database administrator,apply-company-policies,45,essential,esco
database administrator,mysql,44,optional,esco
database administrator,postgresql,44,optional,esco
database administrator,design-database-in-the-cloud,40,optional,esco
database administrator,provide-technical-documentation,38,optional,esco
database administrator,manage-cloud-data-and-storage,36,optional,esco
database administrator,resource-description-framework-query-language,35,essential,esco
database administrator,db2,34,optional,esco
database administrator,implement-ict-safety-policies,32,optional,esco
database administrator,business-intelligence,30,optional,esco
database administrator,execute-ict-audits,28,optional,esco
database administrator,online-analytical-processing,26,optional,esco
database administrator,implement-a-firewall,24,optional,esco
database administrator,provide-ict-support,24,optional,esco
database administrator,quality-assurance-methodologies,24,optional,esco
database administrator,microsoft-access,22,optional,esco
database administrator,support-ict-system-users,22,optional,esco
database administrator,teradata-database,22,optional,esco
database administrator,estimate-duration-of-work,20,optional,esco
database administrator,implement-anti-virus-software,20,optional,esco
database administrator,provide-technical-training,20,optional,esco
database administrator,use-different-communication-channels,20,optional,esco
database administrator,safeguard-online-privacy-and-identity,18,optional,esco
database administrator,use-automatic-programming,18,optional,esco
database administrator,ibm-informix,16,optional,esco
database administrator,ldap,16,optional,esco
database administrator,openedge-database,16,optional,esco
database administrator,remove-computer-virus-or-malware-from-a-computer,16,optional,esco
database administrator,use-spreadsheets-software,16,optional,esco
database administrator,linq,14,optional,esco
database administrator,sparql,14,optional,esco
database administrator,xquery,14,optional,esco
database administrator,filemaker-database-management-systems,12,optional,esco
database administrator,marklogic,12,optional,esco
database administrator,mdx,12,optional,esco
database administrator,objectstore,12,optional,esco
database administrator,triplestore,12,optional,esco
database administrator,n1ql,8,optional,esco
database designer,design-database-scheme,95,essential,esco
database designer,database,90,essential,esco
database designer,database-management-systems,86,essential,esco
database designer,create-database-diagrams,84,essential,esco
database designer,operate-relational-database-management-system,82,essential,esco
database designer,information-structure,80,essential,esco
database designer,analyse-business-requirements,78,essential,esco
database designer,manage-database,76,essential,esco
database designer,database-development-tools,74,essential,esco
database designer,query-languages,72,essential,esco
database designer,define-technical-requirements,70,essential,esco
database designer,data-models,68,optional,esco
database designer,create-software-design,66,essential,esco
database designer,write-database-documentation,65,essential,esco
database designer,business-process-modelling,64,essential,esco
database designer,define-database-physical-structure,62,optional,esco
database designer,migrate-existing-data,62,essential,esco
database designer,perform-data-analysis,60,essential,esco
database designer,use-databases,60,optional,esco
database designer,create-data-sets,58,essential,esco
database designer,systems-theory,58,essential,esco
database designer,develop-automated-migration-methods,56,essential,esco
database designer,systems-development-life-cycle,55,essential,esco
database designer,manage-standards-for-data-exchange,54,essential,esco
database designer,apply-ict-systems-theory,50,essential,esco
database designer,assess-ict-knowledge,45,essential,esco
database designer,design-database-in-the-cloud,42,optional,esco
database designer,ict-security-legislation,42,essential,esco
database designer,agile-project-management,40,optional,esco
database designer,use-markup-languages,40,essential,esco
database designer,computer-programming,38,optional,esco
database designer,oracle-relational-database,38,optional,esco
database designer,resource-description-framework-query-language,38,essential,esco
database designer,sql-server,38,optional,esco
database designer,mysql,36,optional,esco
database designer,postgresql,36,optional,esco
database designer,design-database-backup-specifications,34,optional,esco
database designer,ict-project-management-methodologies,34,optional,esco
database designer,web-programming,32,essential,esco
database designer,apply-technical-communication-skills,30,optional,esco
database designer,manage-cloud-data-and-storage,28,optional,esco
database designer,python-computer-programming,28,optional,esco
database designer,db2,26,optional,esco
database designer,java-computer-programming,26,optional,esco
database designer,javascript,24,optional,esco
database designer,process-based-management,24,optional,esco
database designer,lean-project-management,22,optional,esco
database designer,teradata-database,22,optional,esco
database designer,c-2,20,optional,esco
database designer,microsoft-access,20,optional,esco
database designer,perform-resource-planning,20,optional,esco
database designer,typescript,20,optional,esco
database designer,use-access-control-software,20,optional,esco
database designer,php,18,optional,esco
database designer,ruby-computer-programming,18,optional,esco
database designer,visual-studio-net,18,optional,esco
database designer,build-business-relationships,16,optional,esco
database designer,c,16,optional,esco
database designer,ibm-informix,16,optional,esco
database designer,ldap,16,optional,esco
database designer,openedge-database,16,optional,esco
database designer,perl,16,optional,esco
database designer,r,16,optional,esco
database designer,scala,16,optional,esco
database designer,unstructured-data,16,optional,esco
database designer,sap-r3,15,optional,esco
database designer,asp-net,14,optional,esco
database designer,linq,14,optional,esco
database designer,oracle-weblogic,14,optional,esco
database designer,sas-language,14,optional,esco
database designer,sparql,14,optional,esco
database designer,vbscript,14,optional,esco
database designer,xquery,14,optional,esco
database designer,matlab,13,optional,esco
database designer,abap,12,optional,esco
database designer,ajax,12,optional,esco
database designer,ca-datacom-db,12,optional,esco
database designer,filemaker-database-management-systems,12,optional,esco
database designer,groovy,12,optional,esco
database designer,marklogic,12,optional,esco
database designer,mdx,12,optional,esco
database designer,microsoft-visual-c,12,optional,esco
database designer,objectstore,12,optional,esco
database designer,swift-computer-programming,12,optional,esco
database designer,triplestore,12,optional,esco
database designer,cobol,10,optional,esco
database designer,objective-c,10,optional,esco
database designer,assembly-computer-programming,9,optional,esco
database designer,erlang,9,optional,esco
database designer,coffeescript,8,optional,esco
database designer,haskell,8,optional,esco
database designer,n1ql,8,optional,esco
database designer,openedge-advanced-business-language,8,optional,esco
database designer,pascal-computer-programming,8,optional,esco
database designer,common-lisp,7,optional,esco
database designer,lisp,7,optional,esco
database designer,ml-computer-programming,7,optional,esco
database designer,prolog-computer-programming,6,optional,esco
database designer,smalltalk-computer-programming,6,optional,esco
database designer,apl,5,optional,esco
database designer,scratch-computer-programming,5,optional,esco
database developer,use-databases,92,essential,esco
database developer,database-management-systems,90,essential,esco
database developer,test-ict-queries,88,essential,esco
database developer,database-development-tools,84,essential,esco
database developer,data-extraction-transformation-and-loading-tools,82,essential,esco
database developer,query-languages,78,essential,esco
database developer,create-data-models,76,essential,esco
database developer,sql,75,optional,esco
database developer,balance-database-resources,72,essential,esco
database developer,data-storage,70,essential,esco
database developer,use-query-languages,68,optional,esco
database developer,perform-backups,65,essential,esco
database developer,write-database-documentation,62,essential,esco
database developer,data-quality-assessment,60,essential,esco
database developer,identify-customer-requirements,58,essential,esco
database developer,use-an-application-specific-interface,55,essential,esco
database developer,report-analysis-results,52,essential,esco
database developer,apply-information-security-policies,50,essential,esco
database developer,create-solutions-to-problems,50,optional,esco
database developer,interpret-technical-texts,48,essential,esco
database developer,sql-server,48,optional,esco
database developer,address-problems-critically,46,optional,esco
database developer,mysql,46,optional,esco
database developer,oracle-relational-database,46,optional,esco
database developer,postgresql,46,optional,esco
database developer,collect-customer-feedback-on-applications,45,essential,esco
database developer,use-software-design-patterns,44,optional,esco
database developer,estimate-duration-of-work,42,essential,esco
database developer,execute-software-tests,42,optional,esco
database developer,perform-data-mining,40,optional,esco
database developer,resource-description-framework-query-language,40,essential,esco
database developer,computer-programming,38,optional,esco
database developer,use-back-up-and-recovery-tools,38,optional,esco
database developer,execute-integration-testing,36,optional,esco
database developer,integrate-system-components,34,optional,esco
database developer,store-digital-data-and-systems,34,optional,esco
database developer,manage-cloud-data-and-storage,32,optional,esco
database developer,sql-server-integration-services,30,optional,esco
database developer,verify-formal-ict-specifications,30,optional,esco
database developer,identify-ict-security-risks,28,optional,esco
database developer,python-computer-programming,28,optional,esco
database developer,db2,26,optional,esco
database developer,execute-analytical-mathematical-calculations,26,optional,esco
database developer,informatica-powercenter,26,optional,esco
database developer,java-computer-programming,26,optional,esco
database developer,ict-infrastructure,24,optional,esco
database developer,javascript,24,optional,esco
database developer,oracle-data-integrator,24,optional,esco
database developer,ibm-infosphere-datastage,22,optional,esco
database developer,manage-business-knowledge,22,optional,esco
database developer,oracle-warehouse-builder,22,optional,esco
database developer,pentaho-data-integration,22,optional,esco
database developer,teradata-database,22,optional,esco
database developer,c-2,20,optional,esco
database developer,execute-ict-audits,20,optional,esco
database developer,javascript-framework,20,optional,esco
database developer,microsoft-access,20,optional,esco
database developer,typescript,20,optional,esco
database developer,ibm-infosphere-information-server,18,optional,esco
database developer,manage-digital-documents,18,optional,esco
database developer,php,18,optional,esco
database developer,ruby-computer-programming,18,optional,esco
database developer,use-spreadsheets-software,18,optional,esco
database developer,visual-studio-net,18,optional,esco
database developer,ajax-framework,16,optional,esco
database developer,c,16,optional,esco
database developer,ibm-informix,16,optional,esco
database developer,ldap,16,optional,esco
database developer,openedge-database,16,optional,esco
database developer,perl,16,optional,esco
database developer,r,16,optional,esco
database developer,sap-data-services,16,optional,esco
database developer,sas-data-management,16,optional,esco
database developer,scala,16,optional,esco
database developer,sap-r3,15,optional,esco
database developer,asp-net,14,optional,esco
database developer,hardware-architectures,14,optional,esco
database developer,linq,14,optional,esco
database developer,oracle-application-development-framework,14,optional,esco
database developer,qlikview-expressor,14,optional,esco
database developer,sas-language,14,optional,esco
database developer,sparql,14,optional,esco
database developer,vbscript,14,optional,esco
database developer,xquery,14,optional,esco
database developer,matlab,13,optional,esco
database developer,abap,12,optional,esco
database developer,ajax,12,optional,esco
database developer,ca-datacom-db,12,optional,esco
database developer,filemaker-database-management-systems,12,optional,esco
database developer,groovy,12,optional,esco
database developer,marklogic,12,optional,esco
database developer,mdx,12,optional,esco
database developer,microsoft-visual-c,12,optional,esco
database developer,objectstore,12,optional,esco
database developer,swift-computer-programming,12,optional,esco
database developer,triplestore,12,optional,esco
database developer,use-personal-organization-software,12,optional,esco
database developer,cobol,10,optional,esco
database developer,objective-c,10,optional,esco
database developer,wordpress,10,optional,esco
database developer,assembly-computer-programming,9,optional,esco
database developer,erlang,9,optional,esco
database developer,coffeescript,8,optional,esco
database developer,haskell,8,optional,esco
database developer,ict-power-consumption,8,optional,esco
database developer,n1ql,8,optional,esco
database developer,openedge-advanced-business-language,8,optional,esco
database developer,pascal-computer-programming,8,optional,esco
database developer,common-lisp,7,optional,esco
database developer,lisp,7,optional,esco
database developer,ml-computer-programming,7,optional,esco
database developer,prolog-computer-programming,6,optional,esco
database developer,smalltalk-computer-programming,6,optional,esco
database developer,apl,5,optional,esco
database developer,scratch-computer-programming,5,optional,esco
database integrator,integrate-ict-data,95,essential,esco
database integrator,data-extraction-transformation-and-loading-tools,90,essential,esco
database integrator,execute-integration-testing,88,essential,esco
database integrator,database-management-systems,85,essential,esco
database integrator,implement-data-warehousing-techniques,80,essential,esco
database integrator,manage-data,76,essential,esco
database integrator,query-languages,74,essential,esco
database integrator,information-structure,72,essential,esco
database integrator,perform-data-cleansing,70,essential,esco
database integrator,use-interface-description-language,68,essential,esco
database integrator,define-integration-strategy,66,optional,esco
database integrator,verify-formal-ict-specifications,64,essential,esco
database integrator,manage-ict-legacy-implication,62,essential,esco
database integrator,balance-database-resources,60,essential,esco
database integrator,create-database-diagrams,58,essential,esco
database integrator,database,56,optional,esco
database integrator,ict-debugging-tools,55,essential,esco
database integrator,design-application-interfaces,52,optional,esco
database integrator,manage-ict-semantic-integration,50,optional,esco
database integrator,sql-server-integration-services,48,optional,esco
database integrator,informatica-powercenter,46,optional,esco
database integrator,create-solutions-to-problems,45,optional,esco
database integrator,oracle-data-integrator,44,optional,esco
database integrator,use-scripting-programming,44,optional,esco
database integrator,ibm-infosphere-datastage,42,optional,esco
database integrator,resource-description-framework-query-language,42,essential,esco
database integrator,pentaho-data-integration,40,optional,esco
database integrator,define-data-quality-criteria,38,optional,esco
database integrator,oracle-warehouse-builder,38,optional,esco
database integrator,apply-ict-systems-theory,36,optional,esco
database integrator,write-database-documentation,36,optional,esco
database integrator,systems-development-life-cycle,34,optional,esco
database integrator,ibm-infosphere-information-server,32,optional,esco
database integrator,oracle-relational-database,32,optional,esco
database integrator,sql-server,32,optional,esco
database integrator,business-intelligence,30,optional,esco
database integrator,manage-cloud-data-and-storage,30,optional,esco
database integrator,mysql,30,optional,esco
database integrator,postgresql,30,optional,esco
database integrator,perform-data-mining,28,optional,esco
database integrator,systems-theory,28,optional,esco
database integrator,sap-data-services,26,optional,esco
database integrator,sas-data-management,26,optional,esco
database integrator,db2,24,optional,esco
database integrator,qlikview-expressor,22,optional,esco
database integrator,teradata-database,22,optional,esco
database integrator,microsoft-access,20,optional,esco
database integrator,perform-project-management,20,optional,esco
database integrator,execute-ict-audits,18,optional,esco
database integrator,ibm-informix,16,optional,esco
database integrator,ldap,16,optional,esco
database integrator,openedge-database,16,optional,esco
database integrator,linq,14,optional,esco
database integrator,sparql,14,optional,esco
database integrator,xquery,14,optional,esco
database integrator,ca-datacom-db,12,optional,esco
database integrator,filemaker-database-management-systems,12,optional,esco
database integrator,marklogic,12,optional,esco
database integrator,mdx,12,optional,esco
database integrator,objectstore,12,optional,esco
database integrator,triplestore,12,optional,esco
database integrator,n1ql,8,optional,esco
desktop publisher,desktop-publishing,95,essential,esco
desktop publisher,apply-desktop-publishing-techniques,90,essential,esco
desktop publisher,typography,88,essential,esco
desktop publisher,align-content-with-form,82,essential,esco
desktop publisher,graphic-design,80,essential,esco
desktop publisher,prepress-processes,78,essential,esco
desktop publisher,translate-requirements-into-visual-design,72,essential,esco
desktop publisher,printing-techniques,70,essential,esco
desktop publisher,follow-a-brief,65,essential,esco
desktop publisher,perform-image-editing,56,optional,esco
desktop publisher,follow-work-schedule,55,essential,esco
desktop publisher,finish-project-within-budget,52,essential,esco
desktop publisher,proofread-text,50,optional,esco
desktop publisher,apply-grammar-and-spelling-rules,48,optional,esco
desktop publisher,ict-software-specifications,48,essential,esco
desktop publisher,develop-creative-ideas,46,optional,esco
desktop publisher,copyright-legislation,45,essential,esco
desktop publisher,use-word-processing-software,44,optional,esco
desktop publisher,grammar,42,optional,esco
desktop publisher,spelling,42,optional,esco
desktop publisher,multimedia-systems,40,essential,esco
desktop publisher,identify-customer-s-needs,38,optional,esco
desktop publisher,edit-photographs,36,optional,esco
desktop publisher,post-processing-of-photographs,34,optional,esco
desktop publisher,digitise-documents,32,optional,esco
desktop publisher,search-databases,30,essential,esco
desktop publisher,use-presentation-software,22,optional,esco
desktop publisher,use-spreadsheets-software,20,optional,esco
desktop publisher,perform-backups,18,optional,esco
desktop publisher,edit-negatives,16,optional,esco
Developer Experience Engineer,devops,84,essential,market
Developer Experience Engineer,provide-technical-documentation,80,essential,market
Developer Experience Engineer,usability-engineering,76,essential,market
Developer Experience Engineer,interact-with-users-to-gather-requirements,74,essential,market
Developer Experience Engineer,agile-development,67,optional,market
Developer Experience Engineer,execute-ict-user-research-activities,66,optional,market
Developer Experience Engineer,develop-with-cloud-services,64,optional,market
Developer Experience Engineer,manage-software-releases,63,optional,market
Developer Experience Engineer,provide-user-documentation,61,optional,market
Developer Experience Engineer,design-component-interfaces,59,optional,market
Developer Experience Engineer,tools-for-ict-test-automation,58,optional,market
DevOps Engineer,devops,88,essential,market
DevOps Engineer,operating-systems,82,essential,market
DevOps Engineer,use-scripting-programming,78,essential,market
DevOps Engineer,cloud-technologies,76,essential,market
DevOps Engineer,deploy-cloud-resource,74,optional,market
DevOps Engineer,manage-software-releases,70,optional,market
DevOps Engineer,design-cloud-architecture,69,optional,market
DevOps Engineer,monitor-system-performance,64,optional,market
DevOps Engineer,ansible,61,optional,market
DevOps Engineer,jenkins-tools-for-software-configuration-management,59,optional,market
DevSecOps Engineer,devops,90,essential,market
DevSecOps Engineer,implement-cloud-security-and-compliance,85,essential,market
DevSecOps Engineer,cloud-technologies,80,essential,market
DevSecOps Engineer,ensure-information-security,78,essential,market
DevSecOps Engineer,tools-for-software-configuration-management,74,essential,market
DevSecOps Engineer,automate-cloud-tasks,69,optional,market
DevSecOps Engineer,respond-to-incidents-in-cloud,68,optional,market
DevSecOps Engineer,perform-ict-security-testing,66,optional,market
DevSecOps Engineer,jenkins-tools-for-software-configuration-management,65,optional,market
DevSecOps Engineer,ansible,64,optional,market
DevSecOps Engineer,cloud-monitoring-and-reporting,63,optional,market
DevSecOps Engineer,web-application-security-threats,62,optional,market
DevSecOps Engineer,python-computer-programming,58,optional,market
digital artist,create-digital-images,95,essential,esco
digital artist,use-specialised-design-software,90,essential,esco
digital artist,have-computer-literacy,70,essential,esco
digital artist,create-pen-and-paper-images,62,essential,esco
digital artist,develop-animations,58,essential,esco
digital artist,convert-into-animated-object,55,essential,esco
digital artist,prepare-digital-art-for-master-photograph,50,optional,esco
digital artist,art-history,45,essential,esco
digital artist,design-materials-for-multimedia-campaigns,44,optional,esco
digital artist,intellectual-property-law,40,essential,esco
digital artist,operate-3d-computer-graphics-software,38,optional,esco
digital artist,labour-legislation,25,essential,esco
digital artist,augmented-reality,24,optional,esco
digital forensics expert,computer-forensics,96,essential,esco
digital forensics expert,gather-data-for-forensic-purposes,92,essential,esco
digital forensics expert,perform-forensic-preservations-of-digital-devices,90,essential,esco
digital forensics expert,use-software-for-data-preservation,84,essential,esco
digital forensics expert,manage-data-for-legal-matters,82,essential,esco
digital forensics expert,apply-reverse-engineering,78,essential,esco
digital forensics expert,secure-sensitive-customer-s-information,76,essential,esco
digital forensics expert,identify-ict-system-weaknesses,74,essential,esco
digital forensics expert,penetration-testing-tool,72,essential,esco
digital forensics expert,ict-network-security-risks,70,essential,esco
digital forensics expert,collect-cyber-defence-data,68,optional,esco
digital forensics expert,information-confidentiality,68,essential,esco
digital forensics expert,cyber-attack-counter-measures,66,essential,esco
digital forensics expert,ict-security-legislation,65,optional,esco
digital forensics expert,perform-ict-security-testing,64,essential,esco
digital forensics expert,use-scripting-programming,62,essential,esco
digital forensics expert,identify-ict-security-risks,60,essential,esco
digital forensics expert,ict-security-standards,58,essential,esco
digital forensics expert,ict-encryption,57,optional,esco
digital forensics expert,implement-ict-network-diagnostic-tools,56,essential,esco
digital forensics expert,wireshark,55,optional,esco
digital forensics expert,legal-requirements-of-ict-products,54,optional,esco
digital forensics expert,manage-it-security-compliances,52,essential,esco
digital forensics expert,data-storage,50,optional,esco
digital forensics expert,kali-linux,48,optional,esco
digital forensics expert,perform-data-mining,47,optional,esco
digital forensics expert,develop-information-security-strategy,46,essential,esco
digital forensics expert,information-security-strategy,45,optional,esco
digital forensics expert,analyse-network-configuration-and-performance,44,optional,esco
digital forensics expert,query-languages,44,essential,esco
digital forensics expert,hardware-architectures,43,optional,esco
digital forensics expert,hardware-platforms,42,optional,esco
digital forensics expert,metasploit,40,optional,esco
digital forensics expert,provide-ict-consulting-advice,40,essential,esco
digital forensics expert,maltego,38,optional,esco
digital forensics expert,cloud-technologies,36,optional,esco
digital forensics expert,manage-cloud-data-and-storage,35,optional,esco
digital forensics expert,educate-on-data-confidentiality,34,essential,esco
digital forensics expert,implement-ict-safety-policies,33,optional,esco
digital forensics expert,cain-and-abel-penetration-testing-tool,32,optional,esco
digital forensics expert,john-the-ripper-penetration-testing-tool,30,optional,esco
digital forensics expert,resource-description-framework-query-language,30,essential,esco
digital forensics expert,nessus,28,optional,esco
digital forensics expert,design-computer-network,27,optional,esco
digital forensics expert,information-architecture,26,optional,esco
digital forensics expert,ldap,25,optional,esco
digital forensics expert,owasp-zap,24,optional,esco
digital forensics expert,use-different-communication-channels,23,optional,esco
digital forensics expert,aircrack-penetration-testing-tool,22,optional,esco
digital forensics expert,thc-hydra,21,optional,esco
digital forensics expert,nexpose,19,optional,esco
digital forensics expert,backbox-penetration-testing-tool,18,optional,esco
digital forensics expert,parrot-security-os,17,optional,esco
digital forensics expert,blackarch,16,optional,esco
digital forensics expert,samurai-web-testing-framework,15,optional,esco
digital forensics expert,whitehat-sentinel,14,optional,esco
digital forensics expert,xquery,14,optional,esco
digital forensics expert,sparql,13,optional,esco
digital forensics expert,mdx,12,optional,esco
digital forensics expert,linq,10,optional,esco
digital forensics expert,n1ql,9,optional,esco
digital games designer,create-concept-of-digital-game,95,essential,esco
digital games designer,formulate-game-rules,90,essential,esco
digital games designer,digital-game-creation-systems,85,essential,esco
digital games designer,specify-digital-game-scenes,84,essential,esco
digital games designer,compose-digital-game-story,80,essential,esco
digital games designer,digital-game-genres,78,essential,esco
digital games designer,create-digital-game-characters,76,essential,esco
digital games designer,design-process,70,essential,esco
digital games designer,define-technical-requirements,65,essential,esco
digital games designer,create-software-design,62,essential,esco
digital games designer,unity-digital-game-creation-systems,62,optional,esco
digital games designer,task-algorithmisation,60,essential,esco
digital games designer,unreal-engine,58,optional,esco
digital games designer,systems-development-life-cycle,55,essential,esco
digital games designer,design-graphics,52,essential,esco
digital games designer,analyse-business-requirements,48,essential,esco
digital games designer,application-usability,46,optional,esco
digital games designer,computer-programming,45,optional,esco
digital games designer,c,44,optional,esco
digital games designer,principles-of-animation,44,optional,esco
digital games designer,software-interaction-design,42,optional,esco
digital games designer,create-3d-environments,40,optional,esco
digital games designer,cryengine,40,optional,esco
digital games designer,software-design-methodologies,40,optional,esco
digital games designer,web-programming,40,essential,esco
digital games designer,create-3d-characters,38,optional,esco
digital games designer,prototyping-development,38,optional,esco
digital games designer,agile-development,36,optional,esco
digital games designer,operate-3d-computer-graphics-software,36,optional,esco
digital games designer,c-2,35,optional,esco
digital games designer,use-markup-languages,35,essential,esco
digital games designer,apply-3d-imaging-techniques,34,optional,esco
digital games designer,hardware-platforms,34,optional,esco
digital games designer,3d-texturing,32,optional,esco
digital games designer,estimate-duration-of-work,32,optional,esco
digital games designer,gamemaker-studio,32,optional,esco
digital games designer,3d-lighting,30,optional,esco
digital games designer,animate-3d-organic-forms,30,optional,esco
digital games designer,manage-online-content,30,essential,esco
digital games designer,python-computer-programming,30,optional,esco
digital games designer,rage-digital-game-creation-systems,30,optional,esco
digital games designer,augmented-reality,28,optional,esco
digital games designer,iterative-development,26,optional,esco
digital games designer,microsoft-visual-c,26,optional,esco
digital games designer,id-tech,25,optional,esco
digital games designer,gamesalad,24,optional,esco
digital games designer,javascript,24,optional,esco
digital games designer,perform-resource-planning,24,optional,esco
digital games designer,source-digital-game-creation-systems,24,optional,esco
digital games designer,frostbite-digital-game-creation-systems,22,optional,esco
digital games designer,incremental-development,22,optional,esco
digital games designer,rapid-application-development,22,optional,esco
digital games designer,ict-performance-analysis-methods,20,optional,esco
digital games designer,java-computer-programming,20,optional,esco
digital games designer,manage-localisation,20,optional,esco
digital games designer,shiva-digital-game-creation-systems,20,optional,esco
digital games designer,havok-vision,18,optional,esco
digital games designer,heroengine,18,optional,esco
digital games designer,visual-studio-net,18,optional,esco
digital games designer,waterfall-development,18,optional,esco
digital games designer,project-anarchy,16,optional,esco
digital games designer,typescript,16,optional,esco
digital games designer,devops,14,optional,esco
digital games designer,spiral-development,14,optional,esco
digital games designer,ict-security-legislation,12,optional,esco
digital games designer,php,10,optional,esco
digital games designer,assembly-computer-programming,8,optional,esco
digital games designer,scratch-computer-programming,8,optional,esco
digital games designer,swift-computer-programming,8,optional,esco
digital games designer,ajax,6,optional,esco
digital games designer,asp-net,6,optional,esco
digital games designer,matlab,6,optional,esco
digital games designer,objective-c,6,optional,esco
digital games designer,r,6,optional,esco
digital games designer,ruby-computer-programming,6,optional,esco
digital games designer,perl,5,optional,esco
digital games designer,groovy,4,optional,esco
digital games designer,coffeescript,3,optional,esco
digital games designer,common-lisp,3,optional,esco
digital games designer,erlang,3,optional,esco
digital games designer,haskell,3,optional,esco
digital games designer,lisp,3,optional,esco
digital games designer,pascal-computer-programming,3,optional,esco
digital games designer,prolog-computer-programming,3,optional,esco
digital games designer,sas-language,3,optional,esco
digital games designer,scala,3,optional,esco
digital games designer,vbscript,3,optional,esco
digital games designer,abap,2,optional,esco
digital games designer,apl,2,optional,esco
digital games designer,cobol,2,optional,esco
digital games designer,ml-computer-programming,2,optional,esco
digital games designer,openedge-advanced-business-language,2,optional,esco
digital games designer,sap-r3,2,optional,esco
digital games designer,smalltalk-computer-programming,2,optional,esco
digital games developer,computer-programming,90,essential,esco
digital games developer,develop-virtual-game-engine,84,optional,esco
digital games developer,c,80,optional,esco
digital games developer,c-2,78,optional,esco
digital games developer,debug-software,76,essential,esco
digital games developer,use-object-oriented-programming,76,optional,esco
digital games developer,use-software-design-patterns,74,essential,esco
digital games developer,integrated-development-environment-software,66,essential,esco
digital games developer,tools-for-software-configuration-management,65,essential,esco
digital games developer,use-software-libraries,64,essential,esco
digital games developer,analyse-software-specifications,62,essential,esco
digital games developer,ict-debugging-tools,60,essential,esco
digital games developer,digital-game-genres,54,essential,esco
digital games developer,develop-software-prototype,50,essential,esco
digital games developer,use-concurrent-programming,46,optional,esco
digital games developer,java-computer-programming,45,optional,esco
digital games developer,python-computer-programming,45,optional,esco
digital games developer,3d-lighting,44,essential,esco
digital games developer,3d-texturing,44,essential,esco
digital games developer,render-3d-images,44,essential,esco
digital games developer,apply-3d-imaging-techniques,42,essential,esco
digital games developer,javascript,40,optional,esco
digital games developer,provide-technical-documentation,40,optional,esco
digital games developer,object-oriented-modelling,37,optional,esco
digital games developer,design-user-interface,35,optional,esco
digital games developer,typescript,35,optional,esco
digital games developer,augmented-reality,34,optional,esco
digital games developer,software-anomalies,33,optional,esco
digital games developer,interpret-technical-texts,31,essential,esco
digital games developer,execute-analytical-mathematical-calculations,25,essential,esco
digital games developer,integrate-system-components,25,optional,esco
digital games developer,php,25,optional,esco
digital games developer,create-flowchart-diagram,23,optional,esco
digital games developer,utilise-computer-aided-software-engineering-tools,22,essential,esco
digital games developer,use-functional-programming,21,optional,esco
digital games developer,ruby-computer-programming,20,optional,esco
digital games developer,swift-computer-programming,20,optional,esco
digital games developer,adapt-to-changes-in-technological-development-plans,19,optional,esco
digital games developer,ajax,19,optional,esco
digital games developer,develop-creative-ideas,19,optional,esco
digital games developer,jenkins-tools-for-software-configuration-management,19,optional,esco
digital games developer,asp-net,17,optional,esco
digital games developer,apache-maven,15,optional,esco
digital games developer,eclipse-integrated-development-environment-software,15,optional,esco
digital games developer,objective-c,15,optional,esco
digital games developer,visual-studio-net,15,optional,esco
digital games developer,world-wide-web-consortium-standards,15,optional,esco
digital games developer,ansible,13,optional,esco
digital games developer,scala,13,optional,esco
digital games developer,use-automatic-programming,13,optional,esco
digital games developer,use-logic-programming,13,optional,esco
digital games developer,assembly-computer-programming,10,optional,esco
digital games developer,groovy,10,optional,esco
digital games developer,matlab,10,optional,esco
digital games developer,microsoft-visual-c,10,optional,esco
digital games developer,perl,10,optional,esco
digital games developer,r,10,optional,esco
digital games developer,xcode,10,optional,esco
digital games developer,internet-of-things,7,optional,esco
digital games developer,puppet-tools-for-software-configuration-management,7,optional,esco
digital games developer,abap,5,optional,esco
digital games developer,salt-tools-for-software-configuration-management,5,optional,esco
digital games developer,sas-language,5,optional,esco
digital games developer,vbscript,5,optional,esco
digital games developer,cobol,3,optional,esco
digital games developer,haskell,3,optional,esco
digital games developer,kdevelop,3,optional,esco
digital games developer,pascal-computer-programming,3,optional,esco
digital games developer,sap-r3,3,optional,esco
digital games developer,scratch-computer-programming,3,optional,esco
digital games developer,staf,3,optional,esco
digital games developer,trigonometry,3,optional,esco
digital games developer,apl,1,optional,esco
digital games developer,common-lisp,1,optional,esco
digital games developer,lisp,1,optional,esco
digital games developer,ml-computer-programming,1,optional,esco
digital games developer,openedge-advanced-business-language,1,optional,esco
digital games developer,prolog-computer-programming,1,optional,esco
digital games tester,execute-software-tests,92,essential,esco
digital games tester,report-test-findings,88,essential,esco
digital games tester,replicate-customer-software-issues,85,essential,esco
digital games tester,digital-game-genres,82,essential,esco
digital games tester,levels-of-software-testing,80,essential,esco
digital games tester,software-anomalies,78,essential,esco
digital games tester,application-usability,70,essential,esco
digital games tester,provide-software-testing-documentation,68,essential,esco
digital games tester,address-problems-critically,66,essential,esco
digital games tester,measure-software-usability,50,optional,esco
digital games tester,debug-software,48,optional,esco
digital games tester,tools-for-ict-test-automation,46,optional,esco
digital games tester,develop-ict-test-suite,45,optional,esco
digital games tester,ict-debugging-tools,44,optional,esco
digital games tester,software-interaction-design,42,optional,esco
digital games tester,develop-automated-software-tests,40,optional,esco
digital games tester,human-computer-interaction,40,optional,esco
digital games tester,use-scripting-programming,38,optional,esco
digital games tester,query-languages,35,optional,esco
digital games tester,agile-project-management,34,optional,esco
digital games tester,perform-software-recovery-testing,32,optional,esco
digital games tester,principles-of-animation,30,optional,esco
digital games tester,ict-project-management-methodologies,26,optional,esco
digital games tester,manage-schedule-of-tasks,24,optional,esco
digital games tester,process-based-management,24,optional,esco
digital games tester,conduct-ict-code-review,22,optional,esco
digital games tester,lean-project-management,22,optional,esco
digital games tester,ldap,16,optional,esco
digital games tester,linq,14,optional,esco
digital games tester,resource-description-framework-query-language,14,optional,esco
digital games tester,sparql,14,optional,esco
digital games tester,xquery,14,optional,esco
digital games tester,mdx,12,optional,esco
digital games tester,n1ql,8,optional,esco
digital media designer,design-graphics,90,essential,esco
digital media designer,graphics-editor-software,85,essential,esco
digital media designer,perform-image-editing,82,essential,esco
digital media designer,provide-multimedia-content,80,essential,esco
digital media designer,integrate-content-into-output-media,78,essential,esco
digital media designer,use-markup-languages,76,essential,esco
digital media designer,style-sheet-languages,74,essential,esco
digital media designer,web-programming,72,essential,esco
digital media designer,create-website-wireframe,70,essential,esco
digital media designer,authoring-software,68,essential,esco
digital media designer,manage-online-content,65,essential,esco
digital media designer,convert-into-animated-object,62,essential,esco
digital media designer,adobe-photoshop,58,optional,esco
digital media designer,css,56,optional,esco
digital media designer,publishing-strategy,55,essential,esco
digital media designer,adobe-illustrator,54,optional,esco
digital media designer,javascript,50,optional,esco
digital media designer,copyright-legislation,48,essential,esco
digital media designer,multimedia-systems,46,optional,esco
digital media designer,task-algorithmisation,45,essential,esco
digital media designer,sass,44,optional,esco
digital media designer,use-content-management-system-software,44,optional,esco
digital media designer,perform-video-editing,42,optional,esco
digital media designer,visual-presentation-techniques,42,optional,esco
digital media designer,less,40,optional,esco
digital media designer,tools-for-software-configuration-management,40,essential,esco
digital media designer,wordpress,40,optional,esco
digital media designer,webcms,38,optional,esco
digital media designer,conduct-content-quality-assurance,36,optional,esco
digital media designer,ict-software-specifications,36,optional,esco
digital media designer,audio-editing-software,34,optional,esco
digital media designer,define-technical-requirements,34,optional,esco
digital media designer,analyse-business-requirements,32,optional,esco
digital media designer,php,32,optional,esco
digital media designer,computer-programming,30,optional,esco
digital media designer,perform-online-data-analysis,30,optional,esco
digital media designer,augmented-reality,28,optional,esco
digital media designer,edit-recorded-sound,28,optional,esco
digital media designer,apply-technical-communication-skills,26,optional,esco
digital media designer,gimp-graphics-editor-software,26,optional,esco
digital media designer,typescript,26,optional,esco
digital media designer,use-presentation-software,24,optional,esco
digital media designer,build-business-relationships,22,optional,esco
digital media designer,sketchbook-pro,22,optional,esco
digital media designer,ajax,20,optional,esco
digital media designer,give-live-presentation,20,optional,esco
digital media designer,perform-resource-planning,20,optional,esco
digital media designer,python-computer-programming,18,optional,esco
digital media designer,synfig,18,optional,esco
digital media designer,capture-one,16,optional,esco
digital media designer,microsoft-visio,14,optional,esco
digital media designer,java-computer-programming,12,optional,esco
digital media designer,3d-printing-process,10,optional,esco
digital media designer,c-2,10,optional,esco
digital media designer,visual-studio-net,10,optional,esco
digital media designer,apache-maven,8,optional,esco
digital media designer,asp-net,8,optional,esco
digital media designer,jenkins-tools-for-software-configuration-management,8,optional,esco
digital media designer,jsss,8,optional,esco
digital media designer,ruby-computer-programming,8,optional,esco
digital media designer,ansible,6,optional,esco
digital media designer,c,6,optional,esco
digital media designer,coffeescript,6,optional,esco
digital media designer,microsoft-visual-c,6,optional,esco
digital media designer,puppet-tools-for-software-configuration-management,6,optional,esco
digital media designer,swift-computer-programming,6,optional,esco
digital media designer,perl,5,optional,esco
digital media designer,r,5,optional,esco
digital media designer,groovy,4,optional,esco
digital media designer,matlab,4,optional,esco
digital media designer,objective-c,4,optional,esco
digital media designer,salt-tools-for-software-configuration-management,4,optional,esco
digital media designer,scratch-computer-programming,4,optional,esco
digital media designer,staf,4,optional,esco
digital media designer,vbscript,4,optional,esco
digital media designer,assembly-computer-programming,3,optional,esco
digital media designer,pascal-computer-programming,3,optional,esco
digital media designer,scala,3,optional,esco
digital media designer,abap,2,optional,esco
digital media designer,apl,2,optional,esco
digital media designer,cobol,2,optional,esco
digital media designer,common-lisp,2,optional,esco
digital media designer,erlang,2,optional,esco
digital media designer,haskell,2,optional,esco
digital media designer,lisp,2,optional,esco
digital media designer,ml-computer-programming,2,optional,esco
digital media designer,openedge-advanced-business-language,2,optional,esco
digital media designer,prolog-computer-programming,2,optional,esco
digital media designer,sap-r3,2,optional,esco
digital media designer,sas-language,2,optional,esco
digital media designer,smalltalk-computer-programming,2,optional,esco
electronics engineer,electronics,95,essential,esco
electronics engineer,design-electronic-systems,92,essential,esco
electronics engineer,engineering-principles,90,essential,esco
electronics engineer,types-of-electronics,85,essential,esco
electronics engineer,mathematics,80,essential,esco
electronics engineer,adjust-engineering-designs,78,essential,esco
electronics engineer,design-circuit-boards,76,optional,esco
electronics engineer,design-integrated-circuits,74,optional,esco
electronics engineer,use-technical-drawing-software,72,essential,esco
electronics engineer,create-technical-plans,70,essential,esco
electronics engineer,design-microelectronics,68,optional,esco
electronics engineer,cad-software,66,optional,esco
electronics engineer,use-cad-software,65,optional,esco
electronics engineer,approve-engineering-design,64,essential,esco
electronics engineer,design-prototypes,63,optional,esco
electronics engineer,write-technical-reports,62,essential,esco
electronics engineer,design-principles,60,optional,esco
electronics engineer,execute-feasibility-study,58,essential,esco
electronics engineer,identify-customer-s-needs,55,essential,esco
electronics engineer,programmable-logic-controller,52,optional,esco
electronics engineer,design-microelectromechanical-systems,50,optional,esco
electronics engineer,model-based-system-engineering,48,optional,esco
electronics engineer,perform-project-management,44,optional,esco
electronics engineer,project-management,42,optional,esco
electronics engineer,manage-budgets,40,essential,esco
electronics engineer,create-software-design,38,optional,esco
electronics engineer,robotic-components,34,optional,esco
electronics engineer,robotics,32,optional,esco
electronics engineer,risk-management,30,optional,esco
electronics engineer,product-data-management,28,optional,esco
electronics engineer,assess-financial-viability,26,optional,esco
electronics engineer,assess-supplier-risks,22,optional,esco
electronics engineer,design-user-interface,20,optional,esco
Embedded Software Engineer,embedded-systems,92,essential,market
Embedded Software Engineer,program-firmware,88,essential,market
Embedded Software Engineer,real-time-computing,85,essential,market
Embedded Software Engineer,c,82,essential,market
Embedded Software Engineer,microprocessors,75,essential,market
Embedded Software Engineer,debug-software,73,essential,market
Embedded Software Engineer,assembly-computer-programming,68,optional,market
Embedded Software Engineer,integrate-system-components,62,optional,market
Embedded Software Engineer,electronics,60,optional,market
Embedded Software Engineer,interfacing-techniques,58,optional,market
Embedded Software Engineer,hardware-architectures,57,optional,market
Embedded Software Engineer,control-engineering,55,optional,market
Embedded Software Engineer,sensors,52,optional,market
embedded system designer,embedded-systems,95,essential,esco
embedded system designer,real-time-computing,88,essential,esco
embedded system designer,interpret-electronic-design-specifications,86,essential,esco
embedded system designer,create-software-design,84,essential,esco
embedded system designer,analyse-software-specifications,80,essential,esco
embedded system designer,signal-processing,76,essential,esco
embedded system designer,define-technical-requirements,74,essential,esco
embedded system designer,ict-communications-protocols,72,essential,esco
embedded system designer,c,70,optional,esco
embedded system designer,task-algorithmisation,70,essential,esco
embedded system designer,hardware-architectures,68,optional,esco
embedded system designer,computer-programming,66,optional,esco
embedded system designer,systems-development-life-cycle,66,essential,esco
embedded system designer,hardware-components,64,optional,esco
embedded system designer,assembly-computer-programming,62,optional,esco
embedded system designer,field-programmable-gate-arrays,60,optional,esco
embedded system designer,tools-for-software-configuration-management,58,essential,esco
embedded system designer,matlab,55,optional,esco
embedded system designer,create-flowchart-diagram,52,essential,esco
embedded system designer,provide-technical-documentation,50,optional,esco
embedded system designer,verify-formal-ict-specifications,48,optional,esco
embedded system designer,develop-creative-ideas,46,essential,esco
embedded system designer,microsoft-visual-c,45,optional,esco
embedded system designer,python-computer-programming,45,optional,esco
embedded system designer,engineering-processes,44,optional,esco
embedded system designer,ict-system-integration,42,optional,esco
embedded system designer,utilise-computer-aided-software-engineering-tools,42,optional,esco
embedded system designer,tools-for-ict-test-automation,40,optional,esco
embedded system designer,software-components-libraries,38,optional,esco
embedded system designer,provide-ict-consulting-advice,34,essential,esco
embedded system designer,ict-network-simulation,30,optional,esco
embedded system designer,ict-security-standards,26,optional,esco
embedded system designer,collect-customer-feedback-on-applications,24,optional,esco
embedded system designer,java-computer-programming,23,optional,esco
embedded system designer,network-management-system-tools,22,optional,esco
embedded system designer,typescript,20,optional,esco
embedded system designer,build-business-relationships,18,optional,esco
embedded system designer,c-2,18,optional,esco
embedded system designer,erlang,18,optional,esco
embedded system designer,php,15,optional,esco
embedded system designer,jenkins-tools-for-software-configuration-management,14,optional,esco
embedded system designer,ruby-computer-programming,13,optional,esco
embedded system designer,ansible,12,optional,esco
embedded system designer,asp-net,12,optional,esco
embedded system designer,javascript,12,optional,esco
embedded system designer,r,12,optional,esco
embedded system designer,scala,12,optional,esco
embedded system designer,swift-computer-programming,12,optional,esco
embedded system designer,ajax,10,optional,esco
embedded system designer,apache-maven,10,optional,esco
embedded system designer,puppet-tools-for-software-configuration-management,10,optional,esco
embedded system designer,visual-studio-net,10,optional,esco
embedded system designer,objective-c,9,optional,esco
embedded system designer,perl,9,optional,esco
embedded system designer,groovy,8,optional,esco
embedded system designer,salt-tools-for-software-configuration-management,8,optional,esco
embedded system designer,abap,6,optional,esco
embedded system designer,haskell,6,optional,esco
embedded system designer,sap-r3,6,optional,esco
embedded system designer,sas-language,6,optional,esco
embedded system designer,vbscript,5,optional,esco
embedded system designer,cobol,4,optional,esco
embedded system designer,coffeescript,4,optional,esco
embedded system designer,common-lisp,4,optional,esco
embedded system designer,lisp,4,optional,esco
embedded system designer,pascal-computer-programming,4,optional,esco
embedded system designer,prolog-computer-programming,4,optional,esco
embedded system designer,ml-computer-programming,3,optional,esco
embedded system designer,smalltalk-computer-programming,3,optional,esco
embedded system designer,staf,3,optional,esco
embedded system designer,apl,2,optional,esco
embedded system designer,openedge-advanced-business-language,2,optional,esco
embedded system designer,scratch-computer-programming,2,optional,esco
embedded systems security engineer,embedded-systems,95,essential,esco
embedded systems security engineer,perform-ict-security-testing,88,essential,esco
embedded systems security engineer,identify-ict-security-risks,86,essential,esco
embedded systems security engineer,computer-programming,85,essential,esco
embedded systems security engineer,identify-ict-system-weaknesses,84,essential,esco
embedded systems security engineer,cyber-attack-counter-measures,82,essential,esco
embedded systems security engineer,information-security-strategy,80,essential,esco
embedded systems security engineer,internet-of-things,78,essential,esco
embedded systems security engineer,develop-ict-device-driver,76,essential,esco
embedded systems security engineer,ict-security-standards,74,essential,esco
embedded systems security engineer,ict-network-security-risks,72,essential,esco
embedded systems security engineer,analyse-ict-system,68,essential,esco
embedded systems security engineer,perform-risk-analysis,66,essential,esco
embedded systems security engineer,ict-encryption,65,optional,esco
embedded systems security engineer,execute-software-tests,64,essential,esco
embedded systems security engineer,debug-software,63,optional,esco
embedded systems security engineer,software-anomalies,62,essential,esco
embedded systems security engineer,use-software-design-patterns,60,essential,esco
embedded systems security engineer,define-security-policies,58,essential,esco
embedded systems security engineer,define-technical-requirements,57,essential,esco
embedded systems security engineer,develop-software-prototype,56,essential,esco
embedded systems security engineer,monitor-system-performance,55,essential,esco
embedded systems security engineer,use-software-libraries,54,essential,esco
embedded systems security engineer,keep-up-with-the-latest-information-systems-solutions,52,essential,esco
embedded systems security engineer,provide-technical-documentation,50,essential,esco
embedded systems security engineer,manage-it-security-compliances,48,essential,esco
embedded systems security engineer,interpret-technical-texts,46,essential,esco
embedded systems security engineer,integrate-system-components,45,optional,esco
embedded systems security engineer,utilise-computer-aided-software-engineering-tools,44,essential,esco
embedded systems security engineer,report-test-findings,42,essential,esco
embedded systems security engineer,provide-ict-consulting-advice,40,essential,esco
embedded systems security engineer,create-flowchart-diagram,34,essential,esco
embedded systems security engineer,organisational-resilience,30,optional,esco
embedded systems security engineer,cloud-technologies,26,optional,esco
embedded systems security engineer,develop-creative-ideas,22,optional,esco
embedded systems security engineer,perform-project-management,20,optional,esco
embedded systems security engineer,design-user-interface,15,optional,esco
embedded systems software developer,embedded-systems,95,essential,esco
embedded systems software developer,computer-programming,88,essential,esco
embedded systems software developer,c,82,optional,esco
embedded systems software developer,debug-software,78,essential,esco
embedded systems software developer,ict-debugging-tools,72,essential,esco
embedded systems software developer,use-software-libraries,69,essential,esco
embedded systems software developer,analyse-software-specifications,68,essential,esco
embedded systems software developer,develop-ict-device-driver,66,essential,esco
embedded systems software developer,integrated-development-environment-software,65,essential,esco
embedded systems software developer,use-software-design-patterns,60,essential,esco
embedded systems software developer,use-object-oriented-programming,57,optional,esco
embedded systems software developer,assembly-computer-programming,55,optional,esco
embedded systems software developer,tools-for-software-configuration-management,55,essential,esco
embedded systems software developer,use-concurrent-programming,55,optional,esco
embedded systems software developer,provide-technical-documentation,52,essential,esco
embedded systems software developer,python-computer-programming,45,optional,esco
embedded systems software developer,develop-software-prototype,37,essential,esco
embedded systems software developer,object-oriented-modelling,37,optional,esco
embedded systems software developer,create-flowchart-diagram,35,essential,esco
embedded systems software developer,design-user-interface,35,optional,esco
embedded systems software developer,microsoft-visual-c,35,optional,esco
embedded systems software developer,typescript,35,optional,esco
embedded systems software developer,c-2,34,optional,esco
embedded systems software developer,java-computer-programming,34,optional,esco
embedded systems software developer,software-anomalies,33,optional,esco
embedded systems software developer,interpret-technical-texts,31,essential,esco
embedded systems software developer,integrate-system-components,25,optional,esco
embedded systems software developer,php,25,optional,esco
embedded systems software developer,javascript,22,optional,esco
embedded systems software developer,utilise-computer-aided-software-engineering-tools,22,essential,esco
embedded systems software developer,use-functional-programming,21,optional,esco
embedded systems software developer,ruby-computer-programming,20,optional,esco
embedded systems software developer,swift-computer-programming,20,optional,esco
embedded systems software developer,adapt-to-changes-in-technological-development-plans,19,optional,esco
embedded systems software developer,ajax,19,optional,esco
embedded systems software developer,develop-creative-ideas,19,optional,esco
embedded systems software developer,internet-of-things,19,essential,esco
embedded systems software developer,jenkins-tools-for-software-configuration-management,19,optional,esco
embedded systems software developer,asp-net,17,optional,esco
embedded systems software developer,apache-maven,15,optional,esco
embedded systems software developer,collect-customer-feedback-on-applications,15,optional,esco
embedded systems software developer,eclipse-integrated-development-environment-software,15,optional,esco
embedded systems software developer,objective-c,15,optional,esco
embedded systems software developer,visual-studio-net,15,optional,esco
embedded systems software developer,world-wide-web-consortium-standards,15,optional,esco
embedded systems software developer,ansible,13,optional,esco
embedded systems software developer,scala,13,optional,esco
embedded systems software developer,use-automatic-programming,13,optional,esco
embedded systems software developer,use-logic-programming,13,optional,esco
embedded systems software developer,groovy,10,optional,esco
embedded systems software developer,matlab,10,optional,esco
embedded systems software developer,perl,10,optional,esco
embedded systems software developer,r,10,optional,esco
embedded systems software developer,xcode,10,optional,esco
embedded systems software developer,ict-security-legislation,9,optional,esco
embedded systems software developer,develop-automated-migration-methods,7,optional,esco
embedded systems software developer,puppet-tools-for-software-configuration-management,7,optional,esco
embedded systems software developer,abap,5,optional,esco
embedded systems software developer,salt-tools-for-software-configuration-management,5,optional,esco
embedded systems software developer,sas-language,5,optional,esco
embedded systems software developer,vbscript,5,optional,esco
embedded systems software developer,cobol,3,optional,esco
embedded systems software developer,haskell,3,optional,esco
embedded systems software developer,kdevelop,3,optional,esco
embedded systems software developer,pascal-computer-programming,3,optional,esco
embedded systems software developer,sap-r3,3,optional,esco
embedded systems software developer,scratch-computer-programming,3,optional,esco
embedded systems software developer,staf,3,optional,esco
embedded systems software developer,apl,1,optional,esco
embedded systems software developer,common-lisp,1,optional,esco
embedded systems software developer,lisp,1,optional,esco
embedded systems software developer,ml-computer-programming,1,optional,esco
embedded systems software developer,openedge-advanced-business-language,1,optional,esco
embedded systems software developer,prolog-computer-programming,1,optional,esco
Engineering Manager,lead-a-team,90,essential,market
Engineering Manager,manage-a-team,85,essential,market
Engineering Manager,coordinate-engineering-teams,82,essential,market
Engineering Manager,manage-engineering-project,78,essential,market
Engineering Manager,evaluate-project-plans,75,essential,market
Engineering Manager,engineering-principles,72,essential,market
Engineering Manager,perform-project-management,68,optional,market
Engineering Manager,risk-management,66,optional,market
Engineering Manager,perform-resource-planning,64,optional,market
Engineering Manager,manage-budgets,62,optional,market
Engineering Manager,liaise-with-engineers,60,optional,market
Engineering Manager,organise-project-meetings,57,optional,market
enterprise architect,design-enterprise-architecture,95,essential,esco
enterprise architect,ict-architectural-frameworks,92,essential,esco
enterprise architect,define-software-architecture,88,essential,esco
enterprise architect,business-strategy-concepts,86,essential,esco
enterprise architect,align-software-with-system-architectures,82,essential,esco
enterprise architect,information-architecture,78,essential,esco
enterprise architect,provide-ict-consulting-advice,76,essential,esco
enterprise architect,design-information-system,74,essential,esco
enterprise architect,software-architecture-models,72,optional,esco
enterprise architect,analyse-business-requirements,70,optional,esco
enterprise architect,manage-ict-data-architecture,70,essential,esco
enterprise architect,business-process-modelling,68,optional,esco
enterprise architect,execute-feasibility-study,68,essential,esco
enterprise architect,business-requirements-techniques,66,optional,esco
enterprise architect,perform-risk-analysis,66,essential,esco
enterprise architect,keep-up-with-the-latest-information-systems-solutions,64,essential,esco
enterprise architect,optimise-choice-of-ict-solution,64,optional,esco
enterprise architect,perform-project-management,63,essential,esco
enterprise architect,apply-systemic-design-thinking,62,optional,esco
enterprise architect,ict-project-management-methodologies,62,essential,esco
enterprise architect,coordinate-technological-activities,60,optional,esco
enterprise architect,object-oriented-modelling,60,essential,esco
enterprise architect,provide-cost-benefit-analysis-reports,58,optional,esco
enterprise architect,review-development-process-of-an-organisation,58,essential,esco
enterprise architect,unified-modelling-language,58,optional,esco
enterprise architect,build-business-relationships,56,optional,esco
enterprise architect,ict-market,56,essential,esco
enterprise architect,software-design-methodologies,56,optional,esco
enterprise architect,monitor-technology-trends,54,optional,esco
enterprise architect,emergent-technologies,52,optional,esco
enterprise architect,legal-requirements-of-ict-products,50,essential,esco
enterprise architect,agile-project-management,48,optional,esco
enterprise architect,apply-ict-system-usage-policies,46,essential,esco
enterprise architect,apply-information-security-policies,46,optional,esco
enterprise architect,agile-development,44,optional,esco
enterprise architect,implement-ict-safety-policies,44,essential,esco
enterprise architect,use-different-communication-channels,44,optional,esco
enterprise architect,process-based-management,42,optional,esco
enterprise architect,collect-customer-feedback-on-applications,40,essential,esco
enterprise architect,devops,40,optional,esco
enterprise architect,manage-staff,38,optional,esco
enterprise architect,lean-project-management,36,optional,esco
enterprise architect,use-an-application-specific-interface,34,essential,esco
enterprise architect,computer-programming,30,optional,esco
enterprise architect,manage-cloud-data-and-storage,30,optional,esco
enterprise architect,apply-conflict-management,28,optional,esco
enterprise architect,incremental-development,26,optional,esco
enterprise architect,iterative-development,26,optional,esco
enterprise architect,prototyping-development,24,optional,esco
enterprise architect,waterfall-development,24,optional,esco
enterprise architect,rapid-application-development,22,optional,esco
enterprise architect,python-computer-programming,21,optional,esco
enterprise architect,java-computer-programming,20,optional,esco
enterprise architect,spiral-development,20,optional,esco
enterprise architect,javascript,19,optional,esco
enterprise architect,typescript,18,optional,esco
enterprise architect,c,17,optional,esco
enterprise architect,c-2,16,optional,esco
enterprise architect,php,13,optional,esco
enterprise architect,ruby-computer-programming,11,optional,esco
enterprise architect,asp-net,10,optional,esco
enterprise architect,r,10,optional,esco
enterprise architect,scala,10,optional,esco
enterprise architect,swift-computer-programming,10,optional,esco
enterprise architect,matlab,9,optional,esco
enterprise architect,visual-studio-net,9,optional,esco
enterprise architect,ajax,8,optional,esco
enterprise architect,microsoft-visual-c,8,optional,esco
enterprise architect,objective-c,8,optional,esco
enterprise architect,perl,8,optional,esco
enterprise architect,groovy,7,optional,esco
enterprise architect,assembly-computer-programming,6,optional,esco
enterprise architect,erlang,6,optional,esco
enterprise architect,sap-r3,6,optional,esco
enterprise architect,abap,5,optional,esco
enterprise architect,haskell,5,optional,esco
enterprise architect,sas-language,5,optional,esco
enterprise architect,cobol,4,optional,esco
enterprise architect,coffeescript,4,optional,esco
enterprise architect,common-lisp,4,optional,esco
enterprise architect,lisp,4,optional,esco
enterprise architect,pascal-computer-programming,4,optional,esco
enterprise architect,vbscript,4,optional,esco
enterprise architect,ml-computer-programming,3,optional,esco
enterprise architect,prolog-computer-programming,3,optional,esco
enterprise architect,smalltalk-computer-programming,3,optional,esco
enterprise architect,apl,2,optional,esco
enterprise architect,openedge-advanced-business-language,2,optional,esco
enterprise architect,scratch-computer-programming,2,optional,esco
ethical hacker,penetration-testing-tool,95,essential,esco
ethical hacker,perform-ict-security-testing,94,essential,esco
ethical hacker,attack-vectors,92,essential,esco
ethical hacker,identify-ict-system-weaknesses,90,essential,esco
ethical hacker,web-application-security-threats,88,essential,esco
ethical hacker,develop-code-exploits,86,essential,esco
ethical hacker,cyber-attack-counter-measures,84,essential,esco
ethical hacker,identify-ict-security-risks,82,essential,esco
ethical hacker,cyber-security,76,optional,esco
ethical hacker,metasploit,74,optional,esco
ethical hacker,ict-network-security-risks,72,optional,esco
ethical hacker,address-problems-critically,70,essential,esco
ethical hacker,kali-linux,68,optional,esco
ethical hacker,software-anomalies,68,essential,esco
ethical hacker,ethics,66,essential,esco
ethical hacker,wireshark,64,optional,esco
ethical hacker,computer-forensics,62,essential,esco
ethical hacker,owasp-zap,60,optional,esco
ethical hacker,nessus,58,optional,esco
ethical hacker,provide-technical-documentation,58,essential,esco
ethical hacker,tools-for-ict-test-automation,56,essential,esco
ethical hacker,ict-security-legislation,55,optional,esco
ethical hacker,execute-software-tests,54,essential,esco
ethical hacker,ict-security-standards,52,optional,esco
ethical hacker,ict-encryption,50,optional,esco
ethical hacker,legal-requirements-of-ict-products,50,essential,esco
ethical hacker,execute-ict-audits,48,essential,esco
ethical hacker,maltego,46,optional,esco
ethical hacker,john-the-ripper-penetration-testing-tool,45,optional,esco
ethical hacker,monitor-system-performance,44,essential,esco
ethical hacker,proxy-servers,44,optional,esco
ethical hacker,implement-a-firewall,43,optional,esco
ethical hacker,cain-and-abel-penetration-testing-tool,42,optional,esco
ethical hacker,solve-ict-system-problems,41,optional,esco
ethical hacker,aircrack-penetration-testing-tool,40,optional,esco
ethical hacker,analyse-the-context-of-an-organisation,40,essential,esco
ethical hacker,information-security-strategy,38,optional,esco
ethical hacker,information-confidentiality,36,optional,esco
ethical hacker,define-security-policies,35,optional,esco
ethical hacker,levels-of-software-testing,34,optional,esco
ethical hacker,manage-it-security-compliances,33,optional,esco
ethical hacker,nexpose,32,optional,esco
ethical hacker,implement-ict-safety-policies,30,optional,esco
ethical hacker,maintain-ict-server,29,optional,esco
ethical hacker,samurai-web-testing-framework,28,optional,esco
ethical hacker,remove-computer-virus-or-malware-from-a-computer,27,optional,esco
ethical hacker,backbox-penetration-testing-tool,26,optional,esco
ethical hacker,parrot-security-os,25,optional,esco
ethical hacker,blackarch,24,optional,esco
ethical hacker,organisational-resilience,22,optional,esco
ethical hacker,internet-of-things,21,optional,esco
ethical hacker,whitehat-sentinel,20,optional,esco
ethical hacker,manage-cloud-data-and-storage,19,optional,esco
ethical hacker,internet-governance,18,optional,esco
ethical hacker,perform-project-management,16,optional,esco
ethical hacker,open-source-model,15,optional,esco
ethical hacker,saas-service-oriented-modelling,11,optional,esco
ethical hacker,service-oriented-modelling,10,optional,esco
ethical hacker,hybrid-model,9,optional,esco
ethical hacker,outsourcing-model,8,optional,esco
ETL Developer,data-extraction-transformation-and-loading-tools,90,essential,market
ETL Developer,sql,85,essential,market
ETL Developer,implement-data-warehousing-techniques,78,essential,market
ETL Developer,database-management-systems,75,essential,market
ETL Developer,perform-data-cleansing,72,optional,market
ETL Developer,create-data-models,68,optional,market
ETL Developer,migrate-existing-data,66,optional,market
ETL Developer,data-quality-assessment,64,optional,market
ETL Developer,sql-server-integration-services,60,optional,market
ETL Developer,informatica-powercenter,58,optional,market
Firmware Engineer,firmware,90,essential,market
Firmware Engineer,program-firmware,88,essential,market
Firmware Engineer,c,80,essential,market
Firmware Engineer,embedded-systems,78,essential,market
Firmware Engineer,real-time-computing,75,essential,market
Firmware Engineer,debug-software,74,essential,market
Firmware Engineer,microprocessors,72,essential,market
Firmware Engineer,design-firmware,68,optional,market
Firmware Engineer,develop-ict-device-driver,66,optional,market
Firmware Engineer,electronics,62,optional,market
Firmware Engineer,assembly-computer-programming,60,optional,market
Firmware Engineer,hardware-architectures,58,optional,market
Firmware Engineer,interfacing-techniques,55,optional,market
Flutter Developer,computer-programming,90,essential,market
Flutter Developer,mobile-device-software-frameworks,86,essential,market
Flutter Developer,design-user-interface,82,essential,market
Flutter Developer,debug-software,78,essential,market
Flutter Developer,mobile-operating-systems,76,essential,market
Flutter Developer,usability-engineering,68,optional,market
Flutter Developer,integrated-development-environment-software,66,optional,market
Flutter Developer,android-mobile-operating-systems,64,optional,market
Flutter Developer,ios,64,optional,market
Flutter Developer,develop-automated-software-tests,62,optional,market
Flutter Developer,use-software-libraries,60,optional,market
Front End Developer,javascript,92,essential,market
Front End Developer,css,88,essential,market
Front End Developer,use-markup-languages,85,essential,market
Front End Developer,implement-front-end-website-design,77,essential,market
Front End Developer,design-user-interface,74,essential,market
Front End Developer,javascript-framework,69,optional,market
Front End Developer,maintain-responsive-design,68,optional,market
Front End Developer,typescript,66,optional,market
Front End Developer,debug-software,62,optional,market
Front End Developer,world-wide-web-consortium-standards,59,optional,market
Full Stack Developer,web-programming,90,essential,market
Full Stack Developer,javascript,85,essential,market
Full Stack Developer,sql,80,essential,market
Full Stack Developer,implement-front-end-website-design,78,essential,market
Full Stack Developer,css,74,essential,market
Full Stack Developer,database-management-systems,70,optional,market
Full Stack Developer,web-application-security-threats,68,optional,market
Full Stack Developer,javascript-framework,66,optional,market
Full Stack Developer,agile-development,62,optional,market
Full Stack Developer,devops,60,optional,market
Full Stack Java Developer,java-computer-programming,92,essential,market
Full Stack Java Developer,web-programming,85,essential,market
Full Stack Java Developer,javascript,78,essential,market
Full Stack Java Developer,sql,76,essential,market
Full Stack Java Developer,debug-software,73,essential,market
Full Stack Java Developer,use-markup-languages,72,essential,market
Full Stack Java Developer,database-management-systems,71,essential,market
Full Stack Java Developer,design-application-interfaces,66,optional,market
Full Stack Java Developer,javascript-framework,64,optional,market
Full Stack Java Developer,css,63,optional,market
Full Stack Java Developer,agile-development,62,optional,market
Full Stack Java Developer,apache-maven,59,optional,market
Full Stack Java Developer,jenkins-tools-for-software-configuration-management,57,optional,market
Full Stack Python Developer,python-computer-programming,90,essential,market
Full Stack Python Developer,web-programming,85,essential,market
Full Stack Python Developer,javascript,82,essential,market
Full Stack Python Developer,sql,78,essential,market
Full Stack Python Developer,debug-software,74,essential,market
Full Stack Python Developer,postgresql,68,optional,market
Full Stack Python Developer,use-markup-languages,65,optional,market
Full Stack Python Developer,implement-front-end-website-design,63,optional,market
Full Stack Python Developer,css,62,optional,market
Full Stack Python Developer,database-management-systems,59,optional,market
Full Stack Python Developer,develop-with-cloud-services,58,optional,market
Full Stack Python Developer,devops,56,optional,market
Full Stack Python Developer,design-application-interfaces,55,optional,market
Full Stack Python Developer,nosql,54,optional,market
Full Stack Python Developer,web-application-security-threats,52,optional,market
gambling games designer,create-gambling-games-concepts,95,essential,esco
gambling games designer,games-rules,90,essential,esco
gambling games designer,formulate-game-rules,88,essential,esco
gambling games designer,graphic-design,65,essential,esco
gambling games designer,aesthetics,62,essential,esco
gambling games designer,apply-gaming-psychology,60,optional,esco
gambling games designer,apply-publicity-code,55,essential,esco
gambling games designer,design-the-digital-interface-of-gambling-betting-and-lottery-games,52,optional,esco
gambling games designer,adapt-developed-game-to-the-market,48,optional,esco
gambling games designer,design-graphics,40,optional,esco
gambling games designer,develop-animations,30,optional,esco
gambling games designer,use-technical-drawing-software,25,optional,esco
Game Developer,computer-programming,90,essential,market
Game Developer,use-object-oriented-programming,85,essential,market
Game Developer,digital-game-creation-systems,82,essential,market
Game Developer,debug-software,78,essential,market
Game Developer,algorithms,76,essential,market
Game Developer,unity-digital-game-creation-systems,72,optional,market
Game Developer,c,70,optional,market
Game Developer,c-2,68,optional,market
Game Developer,use-software-design-patterns,66,optional,market
Game Developer,unreal-engine,65,optional,market
Game Developer,formulate-game-rules,64,optional,market
Game Developer,design-user-interface,60,optional,market
Game Developer,agile-development,58,optional,market
Game Developer,3d-modelling,45,optional,market
Gameplay Engineer,c,88,essential,market
Gameplay Engineer,use-object-oriented-programming,82,essential,market
Gameplay Engineer,real-time-computing,80,essential,market
Gameplay Engineer,algorithms,78,essential,market
Gameplay Engineer,debug-software,74,essential,market
Gameplay Engineer,unreal-engine,66,optional,market
Gameplay Engineer,use-software-design-patterns,64,optional,market
Gameplay Engineer,unity-digital-game-creation-systems,62,optional,market
Gameplay Engineer,use-scripting-programming,60,optional,market
Gameplay Engineer,mathematics,59,optional,market
Gameplay Engineer,develop-software-prototype,58,optional,market
Golang Developer,computer-programming,90,essential,market
Golang Developer,use-concurrent-programming,85,essential,market
Golang Developer,debug-software,82,essential,market
Golang Developer,algorithms,78,essential,market
Golang Developer,create-software-design,74,essential,market
Golang Developer,web-programming,70,optional,market
Golang Developer,sql,66,optional,market
Golang Developer,develop-automated-software-tests,64,optional,market
Golang Developer,devops,62,optional,market
Golang Developer,agile-development,60,optional,market
Golang Developer,perform-software-unit-testing,58,optional,market
Golang Developer,integrated-development-environment-software,50,optional,market
graphic designer,graphic-design,95,essential,esco
graphic designer,design-graphics,90,essential,esco
graphic designer,use-creative-suite-software,88,essential,esco
graphic designer,translate-requirements-into-visual-design,85,essential,esco
graphic designer,develop-creative-ideas,80,essential,esco
graphic designer,adobe-photoshop,74,optional,esco
graphic designer,adobe-illustrator,72,optional,esco
graphic designer,follow-a-brief,72,essential,esco
graphic designer,desktop-publishing,70,essential,esco
graphic designer,convert-scribbles-into-virtual-sketches,66,essential,esco
graphic designer,identify-customer-s-needs,62,essential,esco
graphic designer,design-prototypes,58,essential,esco
graphic designer,use-digital-illustration-techniques,58,optional,esco
graphic designer,graphics-editor-software,56,optional,esco
graphic designer,finish-project-within-budget,55,essential,esco
graphic designer,meet-expectations-of-target-audience,52,optional,esco
graphic designer,aesthetics,50,optional,esco
graphic designer,draw-design-sketches,50,optional,esco
graphic designer,apply-desktop-publishing-techniques,48,optional,esco
graphic designer,brainstorm-ideas,46,optional,esco
graphic designer,copyright-legislation,45,essential,esco
graphic designer,create-advertisements,44,optional,esco
graphic designer,advertising-techniques,42,optional,esco
graphic designer,perform-market-research,40,essential,esco
graphic designer,use-traditional-illustration-techniques,38,optional,esco
graphic designer,edit-photographs,36,optional,esco
graphic designer,gimp-graphics-editor-software,34,optional,esco
graphic designer,adobe-photoshop-lightroom,32,optional,esco
graphic designer,motion-graphics,30,optional,esco
graphic designer,photography,30,optional,esco
graphic designer,sketchbook-pro,28,optional,esco
graphic designer,digital-compositing,26,optional,esco
graphic designer,use-presentation-software,26,optional,esco
graphic designer,use-word-processing-software,24,optional,esco
graphic designer,develop-animations,22,optional,esco
graphic designer,manage-contracts,22,optional,esco
graphic designer,create-animated-narratives,20,optional,esco
graphic designer,edit-digital-moving-images,20,optional,esco
graphic designer,capture-one,18,optional,esco
graphic designer,create-moving-images,18,optional,esco
graphic designer,3d-modelling,16,optional,esco
graphic designer,operate-3d-computer-graphics-software,16,optional,esco
graphic designer,apply-3d-imaging-techniques,15,optional,esco
graphic designer,3d-lighting,14,optional,esco
graphic designer,edit-negatives,14,optional,esco
graphic designer,create-3d-characters,12,optional,esco
graphic designer,create-3d-environments,12,optional,esco
graphic designer,microsoft-visio,12,optional,esco
graphic designer,use-cad-software,12,optional,esco
graphic designer,synfig,10,optional,esco
green ICT consultant,ict-environmental-policies,95,essential,esco
green ICT consultant,provide-ict-consulting-advice,88,essential,esco
green ICT consultant,consult-with-business-clients,84,essential,esco
green ICT consultant,optimise-choice-of-ict-solution,80,essential,esco
green ICT consultant,ict-power-consumption,78,optional,esco
green ICT consultant,apply-business-acumen,70,essential,esco
green ICT consultant,define-technical-requirements,66,essential,esco
green ICT consultant,create-project-specifications,62,essential,esco
green ICT consultant,legal-requirements-of-ict-products,52,optional,esco
green ICT consultant,emergent-technologies,46,optional,esco
green ICT consultant,ict-market,44,optional,esco
green ICT consultant,track-key-performance-indicators,40,optional,esco
green ICT consultant,software-components-suppliers,34,optional,esco
green ICT consultant,ict-sales-methodologies,30,optional,esco
green ICT consultant,copyright-legislation,18,optional,esco
ICT accessibility tester,ict-accessibility-standards,95,essential,esco
ICT accessibility tester,test-system-accessibility-for-users-with-special-needs,92,essential,esco
ICT accessibility tester,world-wide-web-consortium-standards,82,essential,esco
ICT accessibility tester,application-usability,76,essential,esco
ICT accessibility tester,assess-users-interaction-with-ict-applications,72,essential,esco
ICT accessibility tester,debug-software,70,optional,esco
ICT accessibility tester,execute-software-tests,68,essential,esco
ICT accessibility tester,measure-software-usability,68,essential,esco
ICT accessibility tester,report-test-findings,65,essential,esco
ICT accessibility tester,human-computer-interaction,62,essential,esco
ICT accessibility tester,levels-of-software-testing,56,essential,esco
ICT accessibility tester,provide-software-testing-documentation,55,essential,esco
ICT accessibility tester,use-markup-languages,55,optional,esco
ICT accessibility tester,ict-debugging-tools,53,optional,esco
ICT accessibility tester,develop-ict-test-suite,50,optional,esco
ICT accessibility tester,execute-ict-user-research-activities,50,essential,esco
ICT accessibility tester,design-user-interface,42,optional,esco
ICT accessibility tester,javascript,42,optional,esco
ICT accessibility tester,address-problems-critically,41,essential,esco
ICT accessibility tester,tools-for-ict-test-automation,40,optional,esco
ICT accessibility tester,conduct-ict-code-review,39,optional,esco
ICT accessibility tester,use-scripting-programming,37,optional,esco
ICT accessibility tester,develop-automated-software-tests,35,optional,esco
ICT accessibility tester,cognitive-psychology,34,optional,esco
ICT accessibility tester,agile-project-management,33,optional,esco
ICT accessibility tester,use-an-application-specific-interface,31,essential,esco
ICT accessibility tester,web-programming,30,optional,esco
ICT accessibility tester,ict-project-management-methodologies,29,optional,esco
ICT accessibility tester,query-languages,29,optional,esco
ICT accessibility tester,php,25,optional,esco
ICT accessibility tester,replicate-customer-software-issues,23,essential,esco
ICT accessibility tester,use-experience-map,22,essential,esco
ICT accessibility tester,ajax,19,optional,esco
ICT accessibility tester,manage-schedule-of-tasks,19,optional,esco
ICT accessibility tester,behavioural-science,17,essential,esco
ICT accessibility tester,conduct-research-interview,17,essential,esco
ICT accessibility tester,lean-project-management,15,optional,esco
ICT accessibility tester,process-based-management,15,optional,esco
ICT accessibility tester,linq,7,optional,esco
ICT accessibility tester,give-live-presentation,5,optional,esco
ICT accessibility tester,ldap,5,optional,esco
ICT accessibility tester,xquery,5,optional,esco
ICT accessibility tester,mdx,3,optional,esco
ICT accessibility tester,resource-description-framework-query-language,3,optional,esco
ICT accessibility tester,sparql,3,optional,esco
ICT accessibility tester,n1ql,1,optional,esco
ICT account manager,maintain-relationship-with-customers,95,essential,esco
ICT account manager,implement-sales-strategies,88,essential,esco
ICT account manager,develop-account-strategy,85,essential,esco
ICT account manager,identify-new-business-opportunities,82,essential,esco
ICT account manager,perform-customers-needs-analysis,80,essential,esco
ICT account manager,guarantee-customer-satisfaction,78,essential,esco
ICT account manager,use-customer-relationship-management-software,72,essential,esco
ICT account manager,implement-customer-follow-up,70,essential,esco
ICT account manager,manage-contracts,65,essential,esco
ICT account manager,build-business-relationships,62,optional,esco
ICT account manager,implement-marketing-strategies,60,essential,esco
ICT account manager,deliver-a-sales-pitch,55,optional,esco
ICT account manager,perform-data-analysis,55,essential,esco
ICT account manager,channel-marketing,50,essential,esco
ICT account manager,forecast-account-metrics,48,optional,esco
ICT account manager,apply-company-policies,45,essential,esco
ICT account manager,maintain-customer-records,44,optional,esco
ICT account manager,perform-market-research,42,optional,esco
ICT account manager,identify-ict-user-needs,40,optional,esco
ICT account manager,accounting-techniques,38,essential,esco
ICT account manager,coordinate-technological-activities,36,optional,esco
ICT account manager,adhere-to-organisational-guidelines,34,optional,esco
ICT account manager,service-oriented-modelling,34,essential,esco
ICT account manager,ensure-compliance-with-legal-requirements,32,optional,esco
ICT account manager,implement-strategic-planning,30,optional,esco
ICT account manager,saas-service-oriented-modelling,26,optional,esco
ICT account manager,outsourcing-model,22,optional,esco
ICT account manager,open-source-model,20,optional,esco
ICT account manager,hybrid-model,18,optional,esco
ICT account manager,perform-data-mining,16,optional,esco
ICT application configurator,use-an-application-specific-interface,88,optional,esco
ICT application configurator,use-software-design-patterns,75,essential,esco
ICT application configurator,analyse-software-specifications,67,essential,esco
ICT application configurator,integrated-development-environment-software,67,essential,esco
ICT application configurator,ict-debugging-tools,65,essential,esco
ICT application configurator,tools-for-software-configuration-management,65,essential,esco
ICT application configurator,integrate-system-components,62,essential,esco
ICT application configurator,computer-programming,60,essential,esco
ICT application configurator,use-object-oriented-programming,57,optional,esco
ICT application configurator,debug-software,55,essential,esco
ICT application configurator,provide-technical-documentation,55,essential,esco
ICT application configurator,javascript,50,optional,esco
ICT application configurator,python-computer-programming,50,optional,esco
ICT application configurator,java-computer-programming,45,optional,esco
ICT application configurator,use-software-libraries,45,essential,esco
ICT application configurator,c,40,optional,esco
ICT application configurator,create-solutions-to-problems,39,optional,esco
ICT application configurator,c-2,37,optional,esco
ICT application configurator,develop-software-prototype,37,essential,esco
ICT application configurator,create-flowchart-diagram,35,essential,esco
ICT application configurator,typescript,35,optional,esco
ICT application configurator,collect-customer-feedback-on-applications,27,essential,esco
ICT application configurator,integrate-ict-data,27,essential,esco
ICT application configurator,php,25,optional,esco
ICT application configurator,use-concurrent-programming,25,optional,esco
ICT application configurator,migrate-existing-data,21,essential,esco
ICT application configurator,use-functional-programming,21,optional,esco
ICT application configurator,ruby-computer-programming,20,optional,esco
ICT application configurator,swift-computer-programming,20,optional,esco
ICT application configurator,ajax,19,optional,esco
ICT application configurator,build-business-relationships,19,essential,esco
ICT application configurator,develop-automated-migration-methods,19,essential,esco
ICT application configurator,jenkins-tools-for-software-configuration-management,19,optional,esco
ICT application configurator,asp-net,17,optional,esco
ICT application configurator,apache-maven,15,optional,esco
ICT application configurator,eclipse-integrated-development-environment-software,15,optional,esco
ICT application configurator,objective-c,15,optional,esco
ICT application configurator,provide-ict-consulting-advice,15,optional,esco
ICT application configurator,visual-studio-net,15,optional,esco
ICT application configurator,ansible,13,optional,esco
ICT application configurator,apply-statistical-analysis-techniques,13,optional,esco
ICT application configurator,interfacing-techniques,13,optional,esco
ICT application configurator,manage-cloud-data-and-storage,13,optional,esco
ICT application configurator,scala,13,optional,esco
ICT application configurator,statistics,13,optional,esco
ICT application configurator,use-automatic-programming,13,optional,esco
ICT application configurator,use-logic-programming,13,optional,esco
ICT application configurator,assembly-computer-programming,10,optional,esco
ICT application configurator,groovy,10,optional,esco
ICT application configurator,matlab,10,optional,esco
ICT application configurator,microsoft-visual-c,10,optional,esco
ICT application configurator,perl,10,optional,esco
ICT application configurator,r,10,optional,esco
ICT application configurator,utilise-computer-aided-software-engineering-tools,10,optional,esco
ICT application configurator,xcode,10,optional,esco
ICT application configurator,do-cloud-refactoring,9,optional,esco
ICT application configurator,legal-requirements-of-ict-products,9,optional,esco
ICT application configurator,implement-ict-safety-policies,7,optional,esco
ICT application configurator,puppet-tools-for-software-configuration-management,7,optional,esco
ICT application configurator,use-back-up-and-recovery-tools,7,optional,esco
ICT application configurator,abap,5,optional,esco
ICT application configurator,consultation-methods,5,optional,esco
ICT application configurator,salt-tools-for-software-configuration-management,5,optional,esco
ICT application configurator,sas-language,5,optional,esco
ICT application configurator,vbscript,5,optional,esco
ICT application configurator,cobol,3,optional,esco
ICT application configurator,haskell,3,optional,esco
ICT application configurator,kdevelop,3,optional,esco
ICT application configurator,pascal-computer-programming,3,optional,esco
ICT application configurator,sap-r3,3,optional,esco
ICT application configurator,scratch-computer-programming,3,optional,esco
ICT application configurator,staf,3,optional,esco
ICT application configurator,apl,1,optional,esco
ICT application configurator,common-lisp,1,optional,esco
ICT application configurator,lisp,1,optional,esco
ICT application configurator,ml-computer-programming,1,optional,esco
ICT application configurator,openedge-advanced-business-language,1,optional,esco
ICT application configurator,prolog-computer-programming,1,optional,esco
ICT application developer,computer-programming,92,essential,esco
ICT application developer,analyse-software-specifications,82,essential,esco
ICT application developer,debug-software,82,essential,esco
ICT application developer,use-software-design-patterns,78,essential,esco
ICT application developer,integrated-development-environment-software,75,essential,esco
ICT application developer,ict-debugging-tools,72,essential,esco
ICT application developer,use-software-libraries,72,essential,esco
ICT application developer,software-frameworks,70,optional,esco
ICT application developer,use-object-oriented-programming,70,optional,esco
ICT application developer,tools-for-software-configuration-management,68,essential,esco
ICT application developer,java-computer-programming,60,optional,esco
ICT application developer,python-computer-programming,60,optional,esco
ICT application developer,javascript,58,optional,esco
ICT application developer,provide-technical-documentation,50,essential,esco
ICT application developer,sql,50,optional,esco
ICT application developer,use-an-application-specific-interface,45,essential,esco
ICT application developer,identify-customer-requirements,41,essential,esco
ICT application developer,c,40,optional,esco
ICT application developer,c-2,37,optional,esco
ICT application developer,develop-software-prototype,37,essential,esco
ICT application developer,object-oriented-modelling,37,optional,esco
ICT application developer,create-flowchart-diagram,35,essential,esco
ICT application developer,design-user-interface,35,optional,esco
ICT application developer,typescript,35,optional,esco
ICT application developer,software-anomalies,33,optional,esco
ICT application developer,use-query-languages,33,optional,esco
ICT application developer,interpret-technical-texts,31,essential,esco
ICT application developer,propose-ict-solutions-to-business-problems,31,essential,esco
ICT application developer,javascript-framework,29,optional,esco
ICT application developer,integrate-system-components,25,optional,esco
ICT application developer,php,25,optional,esco
ICT application developer,use-concurrent-programming,25,optional,esco
ICT application developer,service-oriented-modelling,22,essential,esco
ICT application developer,utilise-computer-aided-software-engineering-tools,22,essential,esco
ICT application developer,manage-business-knowledge,21,essential,esco
ICT application developer,nosql,21,optional,esco
ICT application developer,use-functional-programming,21,optional,esco
ICT application developer,ruby-computer-programming,20,optional,esco
ICT application developer,swift-computer-programming,20,optional,esco
ICT application developer,adapt-to-changes-in-technological-development-plans,19,optional,esco
ICT application developer,ajax,19,optional,esco
ICT application developer,develop-automated-migration-methods,19,essential,esco
ICT application developer,develop-creative-ideas,19,optional,esco
ICT application developer,jenkins-tools-for-software-configuration-management,19,optional,esco
ICT application developer,asp-net,17,optional,esco
ICT application developer,apache-maven,15,optional,esco
ICT application developer,collect-customer-feedback-on-applications,15,optional,esco
ICT application developer,eclipse-integrated-development-environment-software,15,optional,esco
ICT application developer,objective-c,15,optional,esco
ICT application developer,visual-studio-net,15,optional,esco
ICT application developer,world-wide-web-consortium-standards,15,optional,esco
ICT application developer,ansible,13,optional,esco
ICT application developer,scala,13,optional,esco
ICT application developer,use-automatic-programming,13,optional,esco
ICT application developer,use-logic-programming,13,optional,esco
ICT application developer,ajax-framework,10,optional,esco
ICT application developer,assembly-computer-programming,10,optional,esco
ICT application developer,drupal,10,optional,esco
ICT application developer,groovy,10,optional,esco
ICT application developer,matlab,10,optional,esco
ICT application developer,microsoft-visual-c,10,optional,esco
ICT application developer,perl,10,optional,esco
ICT application developer,r,10,optional,esco
ICT application developer,saas-service-oriented-modelling,10,optional,esco
ICT application developer,wordpress,10,optional,esco
ICT application developer,xcode,10,optional,esco
ICT application developer,do-cloud-refactoring,9,optional,esco
ICT application developer,ict-security-legislation,9,optional,esco
ICT application developer,migrate-existing-data,9,optional,esco
ICT application developer,ibm-websphere,7,optional,esco
ICT application developer,internet-of-things,7,optional,esco
ICT application developer,open-source-model,7,optional,esco
ICT application developer,puppet-tools-for-software-configuration-management,7,optional,esco
ICT application developer,abap,5,optional,esco
ICT application developer,hybrid-model,5,optional,esco
ICT application developer,salt-tools-for-software-configuration-management,5,optional,esco
ICT application developer,sas-language,5,optional,esco
ICT application developer,vbscript,5,optional,esco
ICT application developer,cobol,3,optional,esco
ICT application developer,haskell,3,optional,esco
ICT application developer,kdevelop,3,optional,esco
ICT application developer,outsourcing-model,3,optional,esco
ICT application developer,pascal-computer-programming,3,optional,esco
ICT application developer,sap-r3,3,optional,esco
ICT application developer,scratch-computer-programming,3,optional,esco
ICT application developer,staf,3,optional,esco
ICT application developer,apl,1,optional,esco
ICT application developer,common-lisp,1,optional,esco
ICT application developer,lisp,1,optional,esco
ICT application developer,ml-computer-programming,1,optional,esco
ICT application developer,openedge-advanced-business-language,1,optional,esco
ICT application developer,prolog-computer-programming,1,optional,esco
ICT auditor manager,execute-ict-audits,95,essential,esco
ICT auditor manager,audit-techniques,90,essential,esco
ICT auditor manager,develop-audit-plan,85,essential,esco
ICT auditor manager,manage-it-security-compliances,75,essential,esco
ICT auditor manager,ict-security-standards,72,optional,esco
ICT auditor manager,control-objectives-for-information-and-related-technology,70,essential,esco
ICT auditor manager,ensure-compliance-with-legal-requirements,68,essential,esco
ICT auditor manager,implement-ict-risk-management,65,essential,esco
ICT auditor manager,ict-security-legislation,64,optional,esco
ICT auditor manager,implement-corporate-governance,62,optional,esco
ICT auditor manager,ensure-adherence-to-organisational-ict-standards,60,essential,esco
ICT auditor manager,ensure-information-privacy,55,optional,esco
ICT auditor manager,ict-process-quality-models,55,optional,esco
ICT auditor manager,ict-quality-policy,55,optional,esco
ICT auditor manager,perform-contract-compliance-audits,55,essential,esco
ICT auditor manager,information-confidentiality,54,optional,esco
ICT auditor manager,javascript,50,optional,esco
ICT auditor manager,cyber-security,45,essential,esco
ICT auditor manager,identify-legal-requirements,44,essential,esco
ICT auditor manager,ict-project-management,41,essential,esco
ICT auditor manager,coach-employees,40,optional,esco
ICT auditor manager,legal-requirements-of-ict-products,40,optional,esco
ICT auditor manager,provide-technical-documentation,40,optional,esco
ICT auditor manager,train-employees,40,optional,esco
ICT auditor manager,systems-development-life-cycle,39,optional,esco
ICT auditor manager,use-markup-languages,35,optional,esco
ICT auditor manager,monitor-technology-trends,31,essential,esco
ICT auditor manager,quality-standards,31,essential,esco
ICT auditor manager,web-programming,30,optional,esco
ICT auditor manager,develop-ict-workflow,27,essential,esco
ICT auditor manager,attack-vectors,25,essential,esco
ICT auditor manager,php,25,optional,esco
ICT auditor manager,cloud-technologies,23,optional,esco
ICT auditor manager,ajax,19,optional,esco
ICT auditor manager,build-business-relationships,19,essential,esco
ICT auditor manager,manage-standard-enterprise-resource-planning-system,17,essential,esco
ICT auditor manager,develop-ict-test-suite,15,optional,esco
ICT auditor manager,manage-changes-in-ict-system,13,optional,esco
ICT auditor manager,develop-information-security-strategy,10,optional,esco
ICT auditor manager,information-structure,10,optional,esco
ICT auditor manager,implement-ict-safety-policies,7,optional,esco
ICT auditor manager,organisational-resilience,5,optional,esco
ICT business analysis manager,perform-business-analysis,95,essential,esco
ICT business analysis manager,analyse-business-requirements,92,essential,esco
ICT business analysis manager,propose-ict-solutions-to-business-problems,88,essential,esco
ICT business analysis manager,improve-business-processes,82,essential,esco
ICT business analysis manager,business-processes,80,essential,esco
ICT business analysis manager,business-process-modelling,78,essential,esco
ICT business analysis manager,create-business-process-models,76,essential,esco
ICT business analysis manager,manage-ict-project,74,essential,esco
ICT business analysis manager,define-technical-requirements,72,essential,esco
ICT business analysis manager,provide-ict-consulting-advice,68,essential,esco
ICT business analysis manager,make-strategic-business-decisions,66,essential,esco
ICT business analysis manager,provide-cost-benefit-analysis-reports,64,essential,esco
ICT business analysis manager,implement-strategic-planning,60,essential,esco
ICT business analysis manager,apply-change-management,58,optional,esco
ICT business analysis manager,track-key-performance-indicators,58,essential,esco
ICT business analysis manager,coordinate-technological-activities,55,essential,esco
ICT business analysis manager,design-process,52,essential,esco
ICT business analysis manager,business-strategy-concepts,50,optional,esco
ICT business analysis manager,write-work-related-reports,50,essential,esco
ICT business analysis manager,systems-development-life-cycle,46,optional,esco
ICT business analysis manager,decision-support-systems,45,essential,esco
ICT business analysis manager,communicate-with-customers,44,optional,esco
ICT business analysis manager,use-different-communication-channels,38,optional,esco
ICT business analysis manager,adapt-to-changing-situations,36,optional,esco
ICT business analysis manager,ict-security-legislation,35,essential,esco
ICT business analysis manager,data-mining,34,optional,esco
ICT business analysis manager,perform-data-mining,32,optional,esco
ICT business analysis manager,provide-training-on-technological-business-developments,30,optional,esco
ICT business analysis manager,execute-analytical-mathematical-calculations,28,optional,esco
ICT business analysis manager,visual-presentation-techniques,26,optional,esco
ICT business analysis manager,ict-market,24,optional,esco
ICT business analysis manager,information-extraction,20,optional,esco
ICT business analyst,analyse-business-requirements,95,essential,esco
ICT business analyst,analyse-business-processes,90,essential,esco
ICT business analyst,business-requirements-techniques,88,essential,esco
ICT business analyst,business-process-modelling,84,essential,esco
ICT business analyst,create-business-process-models,82,essential,esco
ICT business analyst,interact-with-users-to-gather-requirements,80,essential,esco
ICT business analyst,identify-customer-requirements,78,essential,esco
ICT business analyst,propose-ict-solutions-to-business-problems,76,essential,esco
ICT business analyst,define-technical-requirements,74,essential,esco
ICT business analyst,apply-change-management,68,essential,esco
ICT business analyst,analyse-the-context-of-an-organisation,66,essential,esco
ICT business analyst,provide-cost-benefit-analysis-reports,62,essential,esco
ICT business analyst,translate-requirements-into-visual-design,55,essential,esco
ICT business analyst,implement-strategic-planning,52,essential,esco
ICT business analyst,systems-development-life-cycle,50,optional,esco
ICT business analyst,business-strategy-concepts,48,optional,esco
ICT business analyst,design-process,46,optional,esco
ICT business analyst,identify-legal-requirements,45,essential,esco
ICT business analyst,business-ict-systems,44,optional,esco
ICT business analyst,manage-ict-project,42,optional,esco
ICT business analyst,business-intelligence,40,optional,esco
ICT business analyst,decision-support-systems,40,optional,esco
ICT business analyst,legal-requirements-of-ict-products,40,essential,esco
ICT business analyst,information-architecture,38,optional,esco
ICT business analyst,product-usage-risks-analysis,38,essential,esco
ICT business analyst,provide-user-documentation,36,optional,esco
ICT business analyst,innovation-processes,32,optional,esco
ICT business analyst,visual-presentation-techniques,30,optional,esco
ICT business analyst,information-categorisation,28,optional,esco
ICT business analyst,ict-market,26,optional,esco
ICT business analyst,internal-risk-management-policy,26,optional,esco
ICT business analyst,organisational-resilience,24,optional,esco
ICT business analyst,cloud-technologies,22,optional,esco
ICT business analyst,execute-analytical-mathematical-calculations,22,optional,esco
ICT business analyst,unstructured-data,20,optional,esco
ICT business analyst,information-extraction,18,optional,esco
ICT business development manager,identify-new-business-opportunities,95,essential,esco
ICT business development manager,perform-business-analysis,85,essential,esco
ICT business development manager,business-strategy-concepts,82,essential,esco
ICT business development manager,ict-market,78,essential,esco
ICT business development manager,analyse-business-requirements,76,essential,esco
ICT business development manager,monitor-technology-trends,72,essential,esco
ICT business development manager,perform-market-research,70,essential,esco
ICT business development manager,business-processes,68,essential,esco
ICT business development manager,innovate-in-ict,66,essential,esco
ICT business development manager,innovation-processes,64,essential,esco
ICT business development manager,seek-innovation-in-current-practices,62,essential,esco
ICT business development manager,build-business-relationships,60,optional,esco
ICT business development manager,interpret-current-data,58,essential,esco
ICT business development manager,give-live-presentation,55,essential,esco
ICT business development manager,business-ict-systems,52,essential,esco
ICT business development manager,manage-contracts,52,optional,esco
ICT business development manager,communicate-with-customers,50,optional,esco
ICT business development manager,collect-customer-feedback-on-applications,48,essential,esco
ICT business development manager,business-intelligence,45,optional,esco
ICT business development manager,business-requirements-techniques,44,optional,esco
ICT business development manager,decision-support-systems,40,essential,esco
ICT business development manager,outsourcing-strategy,38,optional,esco
ICT business development manager,investment-analysis,36,optional,esco
ICT business development manager,use-different-communication-channels,35,optional,esco
ICT business development manager,business-process-modelling,34,optional,esco
ICT business development manager,insourcing-strategy,30,optional,esco
ICT business development manager,crowdsourcing-strategy,28,optional,esco
ICT business development manager,visual-presentation-techniques,26,optional,esco
ICT business development manager,coordinate-technological-activities,24,optional,esco
ICT business development manager,ict-capacity-planning-strategies,22,optional,esco
ICT business development manager,information-extraction,18,optional,esco
ICT capacity planner,ict-capacity-planning-strategies,95,essential,esco
ICT capacity planner,plan-ict-capacity,92,essential,esco
ICT capacity planner,forecast-workload,88,essential,esco
ICT capacity planner,ict-infrastructure,85,essential,esco
ICT capacity planner,perform-resource-planning,84,essential,esco
ICT capacity planner,carry-out-statistical-forecasts,82,essential,esco
ICT capacity planner,analyse-business-requirements,78,essential,esco
ICT capacity planner,perform-business-analysis,76,essential,esco
ICT capacity planner,provide-cost-benefit-analysis-reports,74,essential,esco
ICT capacity planner,improve-business-processes,68,essential,esco
ICT capacity planner,develop-financial-statistics-reports,66,essential,esco
ICT capacity planner,statistical-analysis-system-software,62,essential,esco
ICT capacity planner,ensure-adherence-to-organisational-ict-standards,60,essential,esco
ICT capacity planner,outsourcing-strategy,55,essential,esco
ICT capacity planner,insourcing-strategy,52,essential,esco
ICT capacity planner,perform-project-management,50,optional,esco
ICT capacity planner,apply-company-policies,48,essential,esco
ICT capacity planner,cloud-technologies,46,optional,esco
ICT capacity planner,business-process-modelling,45,optional,esco
ICT capacity planner,create-solutions-to-problems,44,optional,esco
ICT capacity planner,crowdsourcing-strategy,42,essential,esco
ICT capacity planner,plan-migration-to-cloud,42,optional,esco
ICT capacity planner,provide-ict-consulting-advice,40,optional,esco
ICT capacity planner,administer-ict-system,38,optional,esco
ICT capacity planner,coordinate-technological-activities,38,optional,esco
ICT capacity planner,design-process,36,optional,esco
ICT capacity planner,query-languages,35,optional,esco
ICT capacity planner,ict-process-quality-models,34,optional,esco
ICT capacity planner,deploy-ict-systems,32,optional,esco
ICT capacity planner,execute-ict-audits,30,optional,esco
ICT capacity planner,use-different-communication-channels,30,optional,esco
ICT capacity planner,systems-development-life-cycle,28,optional,esco
ICT capacity planner,perform-ict-troubleshooting,26,optional,esco
ICT capacity planner,collect-customer-feedback-on-applications,24,optional,esco
ICT capacity planner,ict-security-standards,24,optional,esco
ICT capacity planner,use-scripting-programming,22,optional,esco
ICT capacity planner,provide-user-documentation,20,optional,esco
ICT capacity planner,ldap,16,optional,esco
ICT capacity planner,design-database-scheme,14,optional,esco
ICT capacity planner,linq,14,optional,esco
ICT capacity planner,resource-description-framework-query-language,14,optional,esco
ICT capacity planner,sparql,14,optional,esco
ICT capacity planner,xquery,14,optional,esco
ICT capacity planner,create-database-diagrams,12,optional,esco
ICT capacity planner,mdx,12,optional,esco
ICT capacity planner,implement-a-virtual-private-network,10,optional,esco
ICT capacity planner,labour-legislation,10,optional,esco
ICT capacity planner,n1ql,8,optional,esco
ICT change and configuration manager,manage-changes-in-ict-system,95,essential,esco
ICT change and configuration manager,apply-change-management,88,optional,esco
ICT change and configuration manager,project-configuration-management,85,essential,esco
ICT change and configuration manager,tools-for-software-configuration-management,78,essential,esco
ICT change and configuration manager,computer-programming,75,optional,esco
ICT change and configuration manager,manage-software-releases,75,essential,esco
ICT change and configuration manager,apply-operations-for-an-itil-based-environment,60,optional,esco
ICT change and configuration manager,deploy-ict-systems,58,essential,esco
ICT change and configuration manager,integrated-development-environment-software,55,optional,esco
ICT change and configuration manager,provide-technical-documentation,52,essential,esco
ICT change and configuration manager,administer-ict-system,50,essential,esco
ICT change and configuration manager,use-scripting-programming,49,essential,esco
ICT change and configuration manager,jenkins-tools-for-software-configuration-management,45,optional,esco
ICT change and configuration manager,perform-software-unit-testing,43,optional,esco
ICT change and configuration manager,ict-project-management-methodologies,41,essential,esco
ICT change and configuration manager,devops,37,essential,esco
ICT change and configuration manager,integrate-system-components,37,essential,esco
ICT change and configuration manager,perform-project-management,37,essential,esco
ICT change and configuration manager,chef-tools-for-software-configuration-management,35,optional,esco
ICT change and configuration manager,puppet-tools-for-software-configuration-management,35,optional,esco
ICT change and configuration manager,octopus-deploy,30,optional,esco
ICT change and configuration manager,salt-tools-for-software-configuration-management,30,optional,esco
ICT change and configuration manager,vagrant,30,optional,esco
ICT change and configuration manager,staf,24,optional,esco
ICT change and configuration manager,ict-process-quality-models,22,essential,esco
ICT change and configuration manager,manage-ict-virtualisation-environments,22,essential,esco
ICT change and configuration manager,train-employees,21,essential,esco
ICT change and configuration manager,build-business-relationships,19,essential,esco
ICT change and configuration manager,develop-automated-migration-methods,19,essential,esco
ICT change and configuration manager,apache-maven,15,optional,esco
ICT change and configuration manager,embedded-systems,15,optional,esco
ICT change and configuration manager,design-cloud-architecture,13,optional,esco
ICT change and configuration manager,utilise-computer-aided-software-engineering-tools,10,optional,esco
ICT change and configuration manager,migrate-existing-data,9,optional,esco
ICT change and configuration manager,perform-software-recovery-testing,7,optional,esco
ICT change and configuration manager,control-objectives-for-information-and-related-technology,5,optional,esco
ICT change and configuration manager,codenvy,1,optional,esco
ICT consultant,provide-ict-consulting-advice,95,essential,esco
ICT consultant,identify-customer-requirements,88,essential,esco
ICT consultant,optimise-choice-of-ict-solution,85,essential,esco
ICT consultant,analyse-ict-system,82,essential,esco
ICT consultant,define-technical-requirements,80,essential,esco
ICT consultant,manage-ict-project,78,essential,esco
ICT consultant,identify-technological-needs,74,essential,esco
ICT consultant,keep-up-with-the-latest-information-systems-solutions,72,essential,esco
ICT consultant,create-project-specifications,70,essential,esco
ICT consultant,solve-ict-system-problems,68,essential,esco
ICT consultant,ict-system-integration,66,essential,esco
ICT consultant,manage-changes-in-ict-system,64,essential,esco
ICT consultant,analyse-software-specifications,62,essential,esco
ICT consultant,interact-with-users-to-gather-requirements,60,optional,esco
ICT consultant,monitor-system-performance,58,essential,esco
ICT consultant,verify-formal-ict-specifications,55,essential,esco
ICT consultant,identify-ict-user-needs,52,optional,esco
ICT consultant,ict-project-management-methodologies,50,optional,esco
ICT consultant,provide-user-documentation,50,essential,esco
ICT consultant,ict-sales-methodologies,48,essential,esco
ICT consultant,manage-contracts,46,essential,esco
ICT consultant,agile-project-management,45,optional,esco
ICT consultant,manage-ict-change-request-process,44,optional,esco
ICT consultant,legal-requirements-of-ict-products,42,essential,esco
ICT consultant,maintain-relationship-with-customers,42,optional,esco
ICT consultant,manage-standard-enterprise-resource-planning-system,40,essential,esco
ICT consultant,systems-development-life-cycle,40,optional,esco
ICT consultant,visual-presentation-techniques,38,essential,esco
ICT consultant,emergent-technologies,34,optional,esco
ICT consultant,ict-process-quality-models,32,optional,esco
ICT consultant,process-based-management,28,optional,esco
ICT consultant,lean-project-management,26,optional,esco
ICT consultant,software-components-libraries,24,optional,esco
ICT consultant,hardware-components,22,optional,esco
ICT consultant,keep-task-records,18,optional,esco
ICT consultant,copyright-legislation,14,optional,esco
ICT disaster recovery analyst,ict-recovery-techniques,95,essential,esco
ICT disaster recovery analyst,implement-ict-recovery-system,90,essential,esco
ICT disaster recovery analyst,manage-disaster-recovery-plans,88,essential,esco
ICT disaster recovery analyst,maintain-plan-for-continuity-of-operations,82,essential,esco
ICT disaster recovery analyst,system-backup-best-practice,78,essential,esco
ICT disaster recovery analyst,perform-backups,75,essential,esco
ICT disaster recovery analyst,ict-debugging-tools,65,essential,esco
ICT disaster recovery analyst,organisational-resilience,65,optional,esco
ICT disaster recovery analyst,identify-ict-security-risks,62,essential,esco
ICT disaster recovery analyst,ict-infrastructure,60,optional,esco
ICT disaster recovery analyst,cyber-security,55,optional,esco
ICT disaster recovery analyst,develop-information-security-strategy,55,essential,esco
ICT disaster recovery analyst,information-security-strategy,55,optional,esco
ICT disaster recovery analyst,ict-problem-management-techniques,50,essential,esco
ICT disaster recovery analyst,internal-risk-management-policy,50,optional,esco
ICT disaster recovery analyst,manage-system-security,50,essential,esco
ICT disaster recovery analyst,ict-network-security-risks,48,optional,esco
ICT disaster recovery analyst,cyber-attack-counter-measures,45,optional,esco
ICT disaster recovery analyst,respond-to-incidents-in-cloud,40,optional,esco
ICT disaster recovery analyst,protect-ict-devices,38,essential,esco
ICT disaster recovery analyst,levels-of-software-testing,37,optional,esco
ICT disaster recovery analyst,software-anomalies,33,optional,esco
ICT disaster recovery analyst,ict-performance-analysis-methods,27,essential,esco
ICT disaster recovery analyst,optimise-choice-of-ict-solution,27,essential,esco
ICT disaster recovery analyst,report-analysis-results,27,essential,esco
ICT disaster recovery analyst,conduct-impact-evaluation-of-ict-processes-on-business,25,essential,esco
ICT disaster recovery analyst,develop-strategy-to-solve-problems,25,optional,esco
ICT disaster recovery analyst,apply-company-policies,22,essential,esco
ICT disaster recovery analyst,define-security-policies,22,essential,esco
ICT disaster recovery analyst,manage-it-security-compliances,22,essential,esco
ICT disaster recovery analyst,build-business-relationships,19,essential,esco
ICT disaster recovery analyst,product-usage-risks-analysis,17,essential,esco
ICT disaster recovery analyst,hardware-architectures,15,optional,esco
ICT disaster recovery analyst,ict-communications-protocols,15,optional,esco
ICT disaster recovery analyst,android-mobile-operating-systems,10,optional,esco
ICT disaster recovery analyst,ict-process-quality-models,10,optional,esco
ICT disaster recovery analyst,ios,10,optional,esco
ICT disaster recovery analyst,mobile-operating-systems,10,optional,esco
ICT disaster recovery analyst,network-management-system-tools,9,optional,esco
ICT disaster recovery analyst,manage-staff,7,optional,esco
ICT disaster recovery analyst,give-live-presentation,5,optional,esco
ICT disaster recovery analyst,ict-power-consumption,5,optional,esco
ICT disaster recovery analyst,implement-a-virtual-private-network,5,optional,esco
ICT disaster recovery analyst,unstructured-data,3,optional,esco
ICT disaster recovery analyst,blackberry,1,optional,esco
ICT disaster recovery analyst,windows-phone,1,optional,esco
ICT documentation manager,manage-content-development-projects,92,essential,esco
ICT documentation manager,content-development-processes,90,essential,esco
ICT documentation manager,provide-guidelines-for-content-development,85,essential,esco
ICT documentation manager,develop-information-standards,82,essential,esco
ICT documentation manager,manage-content-metadata,78,essential,esco
ICT documentation manager,manage-information-sources,75,essential,esco
ICT documentation manager,ensure-compliance-with-legal-requirements,74,essential,esco
ICT documentation manager,ict-project-management,72,essential,esco
ICT documentation manager,legal-requirements-of-ict-products,70,essential,esco
ICT documentation manager,business-processes,68,essential,esco
ICT documentation manager,manage-budgets,66,essential,esco
ICT documentation manager,apply-organisational-techniques,65,essential,esco
ICT documentation manager,manage-human-resources,64,essential,esco
ICT documentation manager,perform-resource-planning,63,essential,esco
ICT documentation manager,identify-legal-requirements,62,essential,esco
ICT documentation manager,disseminate-internal-communications,60,essential,esco
ICT documentation manager,document-management,58,optional,esco
ICT documentation manager,develop-technological-improvement-strategies,56,essential,esco
ICT documentation manager,industrial-software,55,essential,esco
ICT documentation manager,identify-market-requirements-for-ict-documentation,52,optional,esco
ICT documentation manager,manage-localisation,50,optional,esco
ICT documentation manager,quality-assurance-methodologies,48,optional,esco
ICT documentation manager,identify-ict-user-needs,47,optional,esco
ICT documentation manager,set-quality-assurance-objectives,46,optional,esco
ICT documentation manager,track-key-performance-indicators,45,optional,esco
ICT documentation manager,apply-change-management,44,optional,esco
ICT documentation manager,usability-engineering,42,optional,esco
ICT documentation manager,systems-development-life-cycle,40,optional,esco
ICT documentation manager,monitor-technology-trends,36,optional,esco
ICT documentation manager,ict-help-platforms,35,optional,esco
ICT documentation manager,supplier-management,32,optional,esco
ICT documentation manager,maintain-relationship-with-suppliers,30,optional,esco
ICT documentation manager,outsourcing-strategy,28,optional,esco
ICT documentation manager,crowdsourcing-strategy,24,optional,esco
ICT documentation manager,insourcing-strategy,24,optional,esco
ICT documentation manager,develop-media-strategy,20,optional,esco
ICT documentation manager,plan-digital-marketing,18,optional,esco
ICT environmental manager,green-computing,95,essential,esco
ICT environmental manager,ict-power-consumption,88,optional,esco
ICT environmental manager,ensure-compliance-with-legal-requirements,82,essential,esco
ICT environmental manager,manage-ict-project,76,essential,esco
ICT environmental manager,provide-cost-benefit-analysis-reports,72,essential,esco
ICT environmental manager,ensure-compliance-with-company-regulations,70,essential,esco
ICT environmental manager,product-life-cycle,68,essential,esco
ICT environmental manager,cost-management,66,essential,esco
ICT environmental manager,manage-budgets,64,essential,esco
ICT environmental manager,ict-infrastructure,62,optional,esco
ICT environmental manager,provide-technical-documentation,60,essential,esco
ICT environmental manager,ict-market,58,essential,esco
ICT environmental manager,coordinate-technological-activities,55,optional,esco
ICT environmental manager,emergent-technologies,48,optional,esco
ICT environmental manager,develop-ict-workflow,45,optional,esco
ICT environmental manager,design-computer-network,42,optional,esco
ICT environmental manager,perform-ict-security-testing,40,essential,esco
ICT environmental manager,network-management-system-tools,38,optional,esco
ICT environmental manager,train-employees,36,optional,esco
ICT environmental manager,give-live-presentation,34,optional,esco
ICT environmental manager,coach-employees,32,optional,esco
ICT environmental manager,systems-development-life-cycle,30,optional,esco
ICT environmental manager,maintain-internal-communication-systems,26,optional,esco
ICT environmental manager,outsourcing-strategy,24,optional,esco
ICT environmental manager,embedded-systems,22,optional,esco
ICT environmental manager,crowdsourcing-strategy,18,optional,esco
ICT environmental manager,insourcing-strategy,18,optional,esco
ICT help desk agent,support-ict-system-users,94,essential,esco
ICT help desk agent,provide-ict-support,92,essential,esco
ICT help desk agent,communicate-with-customers,90,essential,esco
ICT help desk agent,solve-ict-system-problems,88,essential,esco
ICT help desk agent,guarantee-customer-satisfaction,84,essential,esco
ICT help desk agent,create-solutions-to-problems,82,essential,esco
ICT help desk agent,use-ict-ticketing-system,80,essential,esco
ICT help desk agent,identify-customer-s-needs,78,essential,esco
ICT help desk agent,handle-helpdesk-problems,74,optional,esco
ICT help desk agent,prioritise-requests,72,essential,esco
ICT help desk agent,ict-system-user-requirements,70,essential,esco
ICT help desk agent,keep-up-to-date-on-product-knowledge,68,essential,esco
ICT help desk agent,perform-escalation-procedure,66,optional,esco
ICT help desk agent,use-customer-relationship-management-software,62,essential,esco
ICT help desk agent,characteristics-of-products,60,essential,esco
ICT help desk agent,keep-task-records,60,essential,esco
ICT help desk agent,characteristics-of-services,58,essential,esco
ICT help desk agent,ict-help-platforms,56,optional,esco
ICT help desk agent,manage-schedule-of-tasks,55,essential,esco
ICT help desk agent,ict-infrastructure,50,optional,esco
ICT help desk agent,information-confidentiality,44,optional,esco
ICT help desk agent,implement-anti-virus-software,38,optional,esco
ICT help desk agent,educate-on-data-confidentiality,34,optional,esco
ICT help desk agent,implement-a-virtual-private-network,30,optional,esco
ICT help desk agent,perform-data-analysis,20,optional,esco
ICT help desk manager,manage-staff,92,essential,esco
ICT help desk manager,provide-ict-support,84,essential,esco
ICT help desk manager,communicate-with-customers,82,essential,esco
ICT help desk manager,analyse-staff-capacity,80,essential,esco
ICT help desk manager,create-solutions-to-problems,78,essential,esco
ICT help desk manager,forecast-workload,76,essential,esco
ICT help desk manager,use-ict-ticketing-system,74,essential,esco
ICT help desk manager,manage-schedule-of-tasks,70,optional,esco
ICT help desk manager,secure-sensitive-customer-s-information,68,essential,esco
ICT help desk manager,coach-employees,66,optional,esco
ICT help desk manager,train-employees,64,optional,esco
ICT help desk manager,organisational-structure,62,essential,esco
ICT help desk manager,prioritise-requests,62,optional,esco
ICT help desk manager,keep-up-to-date-on-product-knowledge,60,essential,esco
ICT help desk manager,characteristics-of-services,58,essential,esco
ICT help desk manager,perform-project-management,58,optional,esco
ICT help desk manager,educate-on-data-confidentiality,56,essential,esco
ICT help desk manager,characteristics-of-products,55,essential,esco
ICT help desk manager,use-customer-relationship-management-software,54,optional,esco
ICT help desk manager,ict-help-platforms,52,optional,esco
ICT help desk manager,ict-quality-policy,48,optional,esco
ICT help desk manager,ict-process-quality-models,44,optional,esco
ICT help desk manager,ict-market,26,optional,esco
ICT information and knowledge manager,information-architecture,90,essential,esco
ICT information and knowledge manager,information-structure,88,essential,esco
ICT information and knowledge manager,manage-business-knowledge,85,essential,esco
ICT information and knowledge manager,structure-information,84,essential,esco
ICT information and knowledge manager,manage-ict-data-architecture,82,essential,esco
ICT information and knowledge manager,assess-informational-needs,80,essential,esco
ICT information and knowledge manager,manage-information-sources,79,essential,esco
ICT information and knowledge manager,business-intelligence,78,essential,esco
ICT information and knowledge manager,information-categorisation,76,essential,esco
ICT information and knowledge manager,interpret-current-data,75,essential,esco
ICT information and knowledge manager,data-models,74,essential,esco
ICT information and knowledge manager,data-mining,72,essential,esco
ICT information and knowledge manager,create-data-models,71,essential,esco
ICT information and knowledge manager,data-storage,70,essential,esco
ICT information and knowledge manager,information-extraction,68,essential,esco
ICT information and knowledge manager,manage-data-collection-systems,68,essential,esco
ICT information and knowledge manager,information-security-strategy,66,essential,esco
ICT information and knowledge manager,unstructured-data,65,essential,esco
ICT information and knowledge manager,decision-support-systems,64,essential,esco
ICT information and knowledge manager,business-processes,62,essential,esco
ICT information and knowledge manager,analyse-the-context-of-an-organisation,60,essential,esco
ICT information and knowledge manager,online-analytical-processing,58,essential,esco
ICT information and knowledge manager,deliver-visual-presentation-of-data,56,essential,esco
ICT information and knowledge manager,migrate-existing-data,55,essential,esco
ICT information and knowledge manager,perform-data-mining,54,optional,esco
ICT information and knowledge manager,data-quality-assessment,52,optional,esco
ICT information and knowledge manager,data-protection,50,optional,esco
ICT information and knowledge manager,implement-data-warehousing-techniques,49,optional,esco
ICT information and knowledge manager,information-confidentiality,48,optional,esco
ICT information and knowledge manager,utilise-decision-support-system,47,optional,esco
ICT information and knowledge manager,use-databases,46,optional,esco
ICT information and knowledge manager,design-information-system,45,optional,esco
ICT information and knowledge manager,keep-up-with-the-latest-information-systems-solutions,44,optional,esco
ICT information and knowledge manager,manage-cloud-data-and-storage,43,optional,esco
ICT information and knowledge manager,ensure-information-privacy,42,optional,esco
ICT information and knowledge manager,assess-ict-knowledge,40,optional,esco
ICT information and knowledge manager,interact-with-users-to-gather-requirements,38,optional,esco
ICT information and knowledge manager,implement-ict-safety-policies,35,optional,esco
ICT information and knowledge manager,coordinate-technological-activities,34,optional,esco
ICT information and knowledge manager,attack-vectors,30,essential,esco
ICT integration tester,execute-integration-testing,95,essential,esco
ICT integration tester,execute-software-tests,90,essential,esco
ICT integration tester,levels-of-software-testing,88,essential,esco
ICT integration tester,integrate-system-components,84,essential,esco
ICT integration tester,report-test-findings,82,essential,esco
ICT integration tester,manage-system-testing,80,essential,esco
ICT integration tester,software-anomalies,78,essential,esco
ICT integration tester,address-problems-critically,76,essential,esco
ICT integration tester,provide-software-testing-documentation,74,essential,esco
ICT integration tester,replicate-customer-software-issues,70,essential,esco
ICT integration tester,use-an-application-specific-interface,62,essential,esco
ICT integration tester,tools-for-ict-test-automation,60,optional,esco
ICT integration tester,ict-debugging-tools,58,optional,esco
ICT integration tester,develop-automated-software-tests,56,optional,esco
ICT integration tester,debug-software,55,optional,esco
ICT integration tester,develop-ict-test-suite,54,optional,esco
ICT integration tester,use-scripting-programming,52,optional,esco
ICT integration tester,agile-project-management,45,optional,esco
ICT integration tester,perform-software-recovery-testing,44,optional,esco
ICT integration tester,ict-infrastructure,40,optional,esco
ICT integration tester,conduct-ict-code-review,35,optional,esco
ICT integration tester,query-languages,35,optional,esco
ICT integration tester,ict-performance-analysis-methods,34,optional,esco
ICT integration tester,ict-project-management-methodologies,34,optional,esco
ICT integration tester,manage-schedule-of-tasks,28,optional,esco
ICT integration tester,process-based-management,24,optional,esco
ICT integration tester,implement-ict-safety-policies,22,optional,esco
ICT integration tester,lean-project-management,22,optional,esco
ICT integration tester,ict-network-simulation,20,optional,esco
ICT integration tester,ldap,16,optional,esco
ICT integration tester,linq,14,optional,esco
ICT integration tester,resource-description-framework-query-language,14,optional,esco
ICT integration tester,sparql,14,optional,esco
ICT integration tester,xquery,14,optional,esco
ICT integration tester,mdx,12,optional,esco
ICT integration tester,n1ql,8,optional,esco
ICT intelligent systems designer,principles-of-artificial-intelligence,95,essential,esco
ICT intelligent systems designer,artificial-neural-networks,92,essential,esco
ICT intelligent systems designer,algorithms,90,essential,esco
ICT intelligent systems designer,computer-programming,88,essential,esco
ICT intelligent systems designer,python-computer-programming,85,essential,esco
ICT intelligent systems designer,data-mining,82,essential,esco
ICT intelligent systems designer,analyse-big-data,78,essential,esco
ICT intelligent systems designer,data-models,76,essential,esco
ICT intelligent systems designer,deep-learning,76,optional,esco
ICT intelligent systems designer,utilise-machine-learning,75,optional,esco
ICT intelligent systems designer,use-data-processing-techniques,74,essential,esco
ICT intelligent systems designer,task-algorithmisation,72,essential,esco
ICT intelligent systems designer,create-data-sets,70,essential,esco
ICT intelligent systems designer,information-extraction,68,essential,esco
ICT intelligent systems designer,build-predictive-models,66,optional,esco
ICT intelligent systems designer,information-structure,66,essential,esco
ICT intelligent systems designer,information-categorisation,64,essential,esco
ICT intelligent systems designer,computer-vision,62,optional,esco
ICT intelligent systems designer,information-architecture,62,essential,esco
ICT intelligent systems designer,unstructured-data,60,essential,esco
ICT intelligent systems designer,build-recommender-systems,58,optional,esco
ICT intelligent systems designer,develop-statistical-software,58,essential,esco
ICT intelligent systems designer,design-process,56,essential,esco
ICT intelligent systems designer,perform-dimensionality-reduction,55,optional,esco
ICT intelligent systems designer,resource-description-framework-query-language,55,essential,esco
ICT intelligent systems designer,develop-creative-ideas,54,essential,esco
ICT intelligent systems designer,creatively-use-digital-technologies,52,essential,esco
ICT intelligent systems designer,define-technical-requirements,50,essential,esco
ICT intelligent systems designer,systems-development-life-cycle,50,essential,esco
ICT intelligent systems designer,apply-ict-systems-theory,48,essential,esco
ICT intelligent systems designer,deliver-visual-presentation-of-data,46,essential,esco
ICT intelligent systems designer,apply-systemic-design-thinking,45,optional,esco
ICT intelligent systems designer,business-process-modelling,44,essential,esco
ICT intelligent systems designer,manage-ict-semantic-integration,44,optional,esco
ICT intelligent systems designer,analyse-business-requirements,42,essential,esco
ICT intelligent systems designer,sparql,42,optional,esco
ICT intelligent systems designer,design-database-scheme,40,optional,esco
ICT intelligent systems designer,r,40,optional,esco
ICT intelligent systems designer,design-application-interfaces,38,optional,esco
ICT intelligent systems designer,prolog-computer-programming,38,optional,esco
ICT intelligent systems designer,visual-presentation-techniques,38,essential,esco
ICT intelligent systems designer,manage-ict-data-classification,36,optional,esco
ICT intelligent systems designer,java-computer-programming,35,optional,esco
ICT intelligent systems designer,manage-business-knowledge,34,optional,esco
ICT intelligent systems designer,matlab,34,optional,esco
ICT intelligent systems designer,common-lisp,32,optional,esco
ICT intelligent systems designer,lisp,32,optional,esco
ICT intelligent systems designer,assess-ict-knowledge,30,optional,esco
ICT intelligent systems designer,database-development-tools,28,optional,esco
ICT intelligent systems designer,agile-project-management,26,optional,esco
ICT intelligent systems designer,ml-computer-programming,26,optional,esco
ICT intelligent systems designer,business-intelligence,24,optional,esco
ICT intelligent systems designer,c,24,optional,esco
ICT intelligent systems designer,haskell,22,optional,esco
ICT intelligent systems designer,ict-project-management-methodologies,22,optional,esco
ICT intelligent systems designer,javascript,22,optional,esco
ICT intelligent systems designer,c-2,20,optional,esco
ICT intelligent systems designer,sas-language,20,optional,esco
ICT intelligent systems designer,typescript,20,optional,esco
ICT intelligent systems designer,microsoft-visual-c,18,optional,esco
ICT intelligent systems designer,ruby-computer-programming,18,optional,esco
ICT intelligent systems designer,scala,18,optional,esco
ICT intelligent systems designer,erlang,16,optional,esco
ICT intelligent systems designer,visual-studio-net,16,optional,esco
ICT intelligent systems designer,linq,14,optional,esco
ICT intelligent systems designer,perl,14,optional,esco
ICT intelligent systems designer,php,14,optional,esco
ICT intelligent systems designer,assembly-computer-programming,12,optional,esco
ICT intelligent systems designer,build-business-relationships,12,optional,esco
ICT intelligent systems designer,groovy,12,optional,esco
ICT intelligent systems designer,lean-project-management,12,optional,esco
ICT intelligent systems designer,process-based-management,12,optional,esco
ICT intelligent systems designer,smalltalk-computer-programming,12,optional,esco
ICT intelligent systems designer,swift-computer-programming,12,optional,esco
ICT intelligent systems designer,objective-c,10,optional,esco
ICT intelligent systems designer,coffeescript,8,optional,esco
ICT intelligent systems designer,n1ql,8,optional,esco
ICT intelligent systems designer,openedge-advanced-business-language,8,optional,esco
ICT intelligent systems designer,pascal-computer-programming,8,optional,esco
ICT intelligent systems designer,sap-r3,8,optional,esco
ICT intelligent systems designer,vbscript,8,optional,esco
ICT intelligent systems designer,cobol,6,optional,esco
ICT intelligent systems designer,scratch-computer-programming,6,optional,esco
ICT network administrator,ict-network-routing,92,essential,esco
ICT network administrator,network-management-system-tools,90,essential,esco
ICT network administrator,ict-network-security-risks,88,essential,esco
ICT network administrator,maintain-internet-protocol-configuration,86,essential,esco
ICT network administrator,implement-a-firewall,85,essential,esco
ICT network administrator,define-firewall-rules,84,essential,esco
ICT network administrator,design-computer-network,82,essential,esco
ICT network administrator,implement-ict-network-diagnostic-tools,80,essential,esco
ICT network administrator,implement-a-virtual-private-network,78,essential,esco
ICT network administrator,cyber-attack-counter-measures,76,essential,esco
ICT network administrator,analyse-network-bandwidth-requirements,74,essential,esco
ICT network administrator,manage-ict-virtualisation-environments,68,essential,esco
ICT network administrator,implement-ict-safety-policies,66,essential,esco
ICT network administrator,perform-backups,65,essential,esco
ICT network administrator,use-back-up-and-recovery-tools,64,essential,esco
ICT network administrator,adjust-ict-system-capacity,62,essential,esco
ICT network administrator,cloud-technologies,62,essential,esco
ICT network administrator,cisco,60,optional,esco
ICT network administrator,ict-performance-analysis-methods,60,essential,esco
ICT network administrator,forecast-future-ict-network-needs,58,essential,esco
ICT network administrator,maintain-ict-server,58,optional,esco
ICT network administrator,solution-deployment,58,essential,esco
ICT network administrator,implement-anti-virus-software,56,essential,esco
ICT network administrator,operating-systems,55,optional,esco
ICT network administrator,procurement-of-ict-network-equipment,55,essential,esco
ICT network administrator,apply-ict-system-usage-policies,54,essential,esco
ICT network administrator,provide-technical-documentation,52,essential,esco
ICT network administrator,integrate-system-components,50,essential,esco
ICT network administrator,internet-governance,50,essential,esco
ICT network administrator,ict-system-programming,48,essential,esco
ICT network administrator,manage-email-hosting-service,48,essential,esco
ICT network administrator,interpret-technical-texts,46,essential,esco
ICT network administrator,computer-programming,45,essential,esco
ICT network administrator,ict-security-legislation,44,essential,esco
ICT network administrator,proxy-servers,44,optional,esco
ICT network administrator,automate-cloud-tasks,40,optional,esco
ICT network administrator,remove-computer-virus-or-malware-from-a-computer,38,optional,esco
ICT network administrator,apply-system-organisational-policies,36,optional,esco
ICT network administrator,quality-assurance-methodologies,35,essential,esco
ICT network administrator,implement-spam-protection,34,optional,esco
ICT network administrator,organisational-policies,34,optional,esco
ICT network administrator,ict-system-user-requirements,32,optional,esco
ICT network administrator,python-computer-programming,32,optional,esco
ICT network administrator,optimise-choice-of-ict-solution,30,optional,esco
ICT network administrator,safeguard-online-privacy-and-identity,28,optional,esco
ICT network administrator,apache-tomcat,26,optional,esco
ICT network administrator,execute-ict-audits,26,optional,esco
ICT network administrator,java-computer-programming,26,optional,esco
ICT network administrator,acquire-system-component,24,optional,esco
ICT network administrator,javascript,24,optional,esco
ICT network administrator,provide-ict-system-training,22,optional,esco
ICT network administrator,c-2,20,optional,esco
ICT network administrator,mobile-operating-systems,20,optional,esco
ICT network administrator,provide-technical-training,20,optional,esco
ICT network administrator,typescript,20,optional,esco
ICT network administrator,php,18,optional,esco
ICT network administrator,ruby-computer-programming,18,optional,esco
ICT network administrator,visual-studio-net,18,optional,esco
ICT network administrator,c,16,optional,esco
ICT network administrator,perl,16,optional,esco
ICT network administrator,r,16,optional,esco
ICT network administrator,scala,16,optional,esco
ICT network administrator,sap-r3,15,optional,esco
ICT network administrator,android-mobile-operating-systems,14,optional,esco
ICT network administrator,asp-net,14,optional,esco
ICT network administrator,prepare-licence-agreements,14,optional,esco
ICT network administrator,sas-language,14,optional,esco
ICT network administrator,vbscript,14,optional,esco
ICT network administrator,matlab,13,optional,esco
ICT network administrator,abap,12,optional,esco
ICT network administrator,ajax,12,optional,esco
ICT network administrator,groovy,12,optional,esco
ICT network administrator,ios,12,optional,esco
ICT network administrator,microsoft-visual-c,12,optional,esco
ICT network administrator,swift-computer-programming,12,optional,esco
ICT network administrator,utilise-computer-aided-software-engineering-tools,12,optional,esco
ICT network administrator,cobol,10,optional,esco
ICT network administrator,objective-c,10,optional,esco
ICT network administrator,assembly-computer-programming,9,optional,esco
ICT network administrator,erlang,9,optional,esco
ICT network administrator,coffeescript,8,optional,esco
ICT network administrator,haskell,8,optional,esco
ICT network administrator,openedge-advanced-business-language,8,optional,esco
ICT network administrator,pascal-computer-programming,8,optional,esco
ICT network administrator,windows-phone,8,optional,esco
ICT network administrator,common-lisp,7,optional,esco
ICT network administrator,lisp,7,optional,esco
ICT network administrator,ml-computer-programming,7,optional,esco
ICT network administrator,blackberry,6,optional,esco
ICT network administrator,prolog-computer-programming,6,optional,esco
ICT network administrator,smalltalk-computer-programming,6,optional,esco
ICT network administrator,apl,5,optional,esco
ICT network administrator,scratch-computer-programming,5,optional,esco
ICT network architect,design-computer-network,95,essential,esco
ICT network architect,ict-network-routing,92,essential,esco
ICT network architect,ict-networking-hardware,88,essential,esco
ICT network architect,define-ict-network-design-policies,86,essential,esco
ICT network architect,analyse-network-bandwidth-requirements,82,essential,esco
ICT network architect,ict-network-security-risks,80,essential,esco
ICT network architect,forecast-future-ict-network-needs,76,essential,esco
ICT network architect,design-ict-hardware-placement,74,essential,esco
ICT network architect,define-technical-requirements,73,essential,esco
ICT network architect,maintain-internet-protocol-configuration,72,essential,esco
ICT network architect,adjust-ict-system-capacity,70,essential,esco
ICT network architect,implement-a-virtual-private-network,68,essential,esco
ICT network architect,maintain-information-network-hardware,66,essential,esco
ICT network architect,implement-ict-network-diagnostic-tools,65,essential,esco
ICT network architect,analyse-business-requirements,64,essential,esco
ICT network architect,implement-a-firewall,63,essential,esco
ICT network architect,provide-technical-documentation,62,essential,esco
ICT network architect,network-management-system-tools,60,optional,esco
ICT network architect,design-cloud-networks,58,optional,esco
ICT network architect,design-process,58,essential,esco
ICT network architect,ict-network-simulation,56,optional,esco
ICT network architect,implement-ict-safety-policies,55,essential,esco
ICT network architect,design-cloud-architecture,54,optional,esco
ICT network architect,cisco,52,optional,esco
ICT network architect,ict-security-standards,50,optional,esco
ICT network architect,perform-ict-troubleshooting,49,optional,esco
ICT network architect,ict-security-legislation,48,essential,esco
ICT network architect,design-for-organisational-complexity,47,optional,esco
ICT network architect,procurement-of-ict-network-equipment,46,optional,esco
ICT network architect,business-process-modelling,45,essential,esco
ICT network architect,use-an-application-specific-interface,44,essential,esco
ICT network architect,apply-technical-communication-skills,43,optional,esco
ICT network architect,use-back-up-and-recovery-tools,42,essential,esco
ICT network architect,assess-ict-knowledge,40,essential,esco
ICT network architect,develop-with-cloud-services,40,optional,esco
ICT network architect,monitor-communication-channels-performance,39,optional,esco
ICT network architect,ict-project-management-methodologies,38,optional,esco
ICT network architect,develop-creative-ideas,35,essential,esco
ICT network architect,agile-project-management,34,optional,esco
ICT network architect,organisational-resilience,33,optional,esco
ICT network architect,automate-cloud-tasks,32,optional,esco
ICT network architect,perform-resource-planning,31,optional,esco
ICT network architect,attack-vectors,30,optional,esco
ICT network architect,provide-cost-benefit-analysis-reports,28,optional,esco
ICT network architect,internet-governance,26,optional,esco
ICT network architect,build-business-relationships,25,optional,esco
ICT network architect,legal-requirements-of-ict-products,24,optional,esco
ICT network architect,process-based-management,22,optional,esco
ICT network architect,safeguard-online-privacy-and-identity,21,optional,esco
ICT network architect,lean-project-management,20,optional,esco
ICT network architect,manage-staff,18,optional,esco
ICT network architect,implement-spam-protection,15,optional,esco
ICT network engineer,ict-network-routing,93,essential,esco
ICT network engineer,design-computer-network,90,essential,esco
ICT network engineer,analyse-network-configuration-and-performance,88,essential,esco
ICT network engineer,implement-ict-network-diagnostic-tools,85,essential,esco
ICT network engineer,implement-a-virtual-private-network,78,essential,esco
ICT network engineer,ict-performance-analysis-methods,76,essential,esco
ICT network engineer,forecast-future-ict-network-needs,74,essential,esco
ICT network engineer,network-management-system-tools,72,optional,esco
ICT network engineer,cloud-technologies,70,essential,esco
ICT network engineer,apply-information-security-policies,68,essential,esco
ICT network engineer,computer-programming,66,essential,esco
ICT network engineer,ict-debugging-tools,62,essential,esco
ICT network engineer,information-security-strategy,60,essential,esco
ICT network engineer,implement-a-firewall,58,optional,esco
ICT network engineer,provide-technical-documentation,58,essential,esco
ICT network engineer,design-cloud-networks,56,optional,esco
ICT network engineer,debug-software,55,essential,esco
ICT network engineer,create-solutions-to-problems,52,optional,esco
ICT network engineer,ict-problem-management-techniques,50,optional,esco
ICT network engineer,migrate-existing-data,48,essential,esco
ICT network engineer,use-back-up-and-recovery-tools,48,optional,esco
ICT network engineer,implement-ict-safety-policies,46,optional,esco
ICT network engineer,use-an-application-specific-interface,45,essential,esco
ICT network engineer,develop-automated-migration-methods,44,essential,esco
ICT network engineer,develop-with-cloud-services,44,optional,esco
ICT network engineer,adapt-to-changes-in-technological-development-plans,42,optional,esco
ICT network engineer,analyse-software-specifications,42,essential,esco
ICT network engineer,python-computer-programming,40,optional,esco
ICT network engineer,use-software-design-patterns,40,essential,esco
ICT network engineer,automate-cloud-tasks,38,optional,esco
ICT network engineer,design-for-organisational-complexity,36,optional,esco
ICT network engineer,mobile-operating-systems,35,essential,esco
ICT network engineer,ansible,34,optional,esco
ICT network engineer,implement-anti-virus-software,33,optional,esco
ICT network engineer,remove-computer-virus-or-malware-from-a-computer,32,optional,esco
ICT network engineer,collect-customer-feedback-on-applications,30,essential,esco
ICT network engineer,puppet-tools-for-software-configuration-management,30,optional,esco
ICT network engineer,internet-of-things,28,optional,esco
ICT network engineer,implement-spam-protection,27,optional,esco
ICT network engineer,jenkins-tools-for-software-configuration-management,26,optional,esco
ICT network engineer,tools-for-software-configuration-management,26,optional,esco
ICT network engineer,develop-creative-ideas,25,optional,esco
ICT network engineer,salt-tools-for-software-configuration-management,24,optional,esco
ICT network engineer,use-object-oriented-programming,24,optional,esco
ICT network engineer,develop-software-prototype,22,optional,esco
ICT network engineer,vagrant,22,optional,esco
ICT network engineer,create-flowchart-diagram,21,optional,esco
ICT network engineer,java-computer-programming,20,optional,esco
ICT network engineer,use-concurrent-programming,20,optional,esco
ICT network engineer,c,18,optional,esco
ICT network engineer,javascript,18,optional,esco
ICT network engineer,c-2,16,optional,esco
ICT network engineer,integrated-development-environment-software,16,optional,esco
ICT network engineer,ruby-computer-programming,14,optional,esco
ICT network engineer,typescript,14,optional,esco
ICT network engineer,visual-studio-net,14,optional,esco
ICT network engineer,android-mobile-operating-systems,12,optional,esco
ICT network engineer,apache-maven,12,optional,esco
ICT network engineer,erlang,12,optional,esco
ICT network engineer,microsoft-visual-c,12,optional,esco
ICT network engineer,php,12,optional,esco
ICT network engineer,use-automatic-programming,12,optional,esco
ICT network engineer,asp-net,10,optional,esco
ICT network engineer,assembly-computer-programming,10,optional,esco
ICT network engineer,eclipse-integrated-development-environment-software,10,optional,esco
ICT network engineer,use-functional-programming,10,optional,esco
ICT network engineer,use-logic-programming,10,optional,esco
ICT network engineer,vbscript,10,optional,esco
ICT network engineer,ajax,8,optional,esco
ICT network engineer,groovy,8,optional,esco
ICT network engineer,haskell,8,optional,esco
ICT network engineer,ios,8,optional,esco
ICT network engineer,kdevelop,8,optional,esco
ICT network engineer,r,8,optional,esco
ICT network engineer,sas-language,8,optional,esco
ICT network engineer,scala,8,optional,esco
ICT network engineer,staf,8,optional,esco
ICT network engineer,swift-computer-programming,8,optional,esco
ICT network engineer,common-lisp,6,optional,esco
ICT network engineer,lisp,6,optional,esco
ICT network engineer,matlab,6,optional,esco
ICT network engineer,objective-c,6,optional,esco
ICT network engineer,sap-r3,6,optional,esco
ICT network engineer,xcode,6,optional,esco
ICT network engineer,abap,5,optional,esco
ICT network engineer,prolog-computer-programming,5,optional,esco
ICT network engineer,apl,4,optional,esco
ICT network engineer,cobol,4,optional,esco
ICT network engineer,coffeescript,4,optional,esco
ICT network engineer,ml-computer-programming,4,optional,esco
ICT network engineer,openedge-advanced-business-language,4,optional,esco
ICT network engineer,pascal-computer-programming,4,optional,esco
ICT network engineer,smalltalk-computer-programming,4,optional,esco
ICT network engineer,blackberry,3,optional,esco
ICT network engineer,scratch-computer-programming,3,optional,esco
ICT network engineer,windows-phone,3,optional,esco
ICT network technician,ict-network-routing,92,essential,esco
ICT network technician,ict-networking-hardware,90,essential,esco
ICT network technician,analyse-network-configuration-and-performance,88,essential,esco
ICT network technician,maintain-internet-protocol-configuration,86,essential,esco
ICT network technician,implement-ict-network-diagnostic-tools,84,essential,esco
ICT network technician,implement-a-firewall,80,essential,esco
ICT network technician,analyse-network-bandwidth-requirements,78,essential,esco
ICT network technician,ict-network-security-risks,76,essential,esco
ICT network technician,implement-a-virtual-private-network,74,essential,esco
ICT network technician,ict-network-cable-limitations,72,essential,esco
ICT network technician,create-solutions-to-problems,70,essential,esco
ICT network technician,network-management-system-tools,68,optional,esco
ICT network technician,ict-communications-protocols,66,optional,esco
ICT network technician,adjust-ict-system-capacity,64,essential,esco
ICT network technician,cisco,62,optional,esco
ICT network technician,implement-anti-virus-software,62,essential,esco
ICT network technician,use-back-up-and-recovery-tools,60,essential,esco
ICT network technician,implement-ict-safety-policies,58,essential,esco
ICT network technician,provide-technical-documentation,54,essential,esco
ICT network technician,perform-ict-security-testing,52,optional,esco
ICT network technician,procurement-of-ict-network-equipment,50,optional,esco
ICT network technician,concepts-of-telecommunications,46,optional,esco
ICT network technician,ict-debugging-tools,44,optional,esco
ICT network technician,implement-spam-protection,42,optional,esco
ICT network technician,remove-computer-virus-or-malware-from-a-computer,40,optional,esco
ICT network technician,design-cloud-architecture,34,optional,esco
ICT network technician,ict-security-legislation,30,optional,esco
ICT network technician,solder-electronics,28,optional,esco
ICT network technician,migrate-existing-data,26,optional,esco
ICT network technician,ict-system-programming,24,optional,esco
ICT network technician,apache-tomcat,20,optional,esco
ICT operations manager,attend-to-ict-systems-quality,88,essential,esco
ICT operations manager,manage-changes-in-ict-system,85,essential,esco
ICT operations manager,manage-staff,80,essential,esco
ICT operations manager,develop-ict-workflow,78,essential,esco
ICT operations manager,improve-business-processes,76,essential,esco
ICT operations manager,perform-project-management,75,essential,esco
ICT operations manager,manage-budgets,74,essential,esco
ICT operations manager,oversee-quality-control,72,essential,esco
ICT operations manager,track-key-performance-indicators,71,essential,esco
ICT operations manager,define-technology-strategy,70,essential,esco
ICT operations manager,use-ict-ticketing-system,68,essential,esco
ICT operations manager,maintain-relationship-with-suppliers,66,essential,esco
ICT operations manager,train-employees,62,essential,esco
ICT operations manager,use-different-communication-channels,60,essential,esco
ICT operations manager,coordinate-technological-activities,58,optional,esco
ICT operations manager,design-process,58,essential,esco
ICT operations manager,implement-ict-risk-management,56,optional,esco
ICT operations manager,innovation-processes,55,essential,esco
ICT operations manager,manage-contracts,54,optional,esco
ICT operations manager,ict-process-quality-models,52,optional,esco
ICT operations manager,implement-ict-safety-policies,50,optional,esco
ICT operations manager,apply-organisational-techniques,49,optional,esco
ICT operations manager,comply-with-legal-regulations,48,optional,esco
ICT operations manager,provide-cost-benefit-analysis-reports,46,optional,esco
ICT operations manager,develop-information-standards,44,optional,esco
ICT operations manager,recruit-employees,42,optional,esco
ICT operations manager,systems-development-life-cycle,40,optional,esco
ICT operations manager,contract-law,38,optional,esco
ICT operations manager,hardware-components,34,optional,esco
ICT operations manager,outsourcing-strategy,30,optional,esco
ICT operations manager,engineering-processes,28,optional,esco
ICT operations manager,software-components-suppliers,26,optional,esco
ICT operations manager,implement-a-virtual-private-network,24,optional,esco
ICT operations manager,software-components-libraries,22,optional,esco
ICT operations manager,crowdsourcing-strategy,20,optional,esco
ICT operations manager,insourcing-strategy,20,optional,esco
ICT presales engineer,ict-sales-methodologies,92,essential,esco
ICT presales engineer,identify-customer-s-needs,88,essential,esco
ICT presales engineer,define-technical-requirements,85,essential,esco
ICT presales engineer,keep-up-to-date-on-product-knowledge,78,essential,esco
ICT presales engineer,develop-revenue-generation-strategies,68,essential,esco
ICT presales engineer,deliver-a-sales-pitch,65,optional,esco
ICT presales engineer,customer-segmentation,60,essential,esco
ICT presales engineer,perform-market-research,58,essential,esco
ICT presales engineer,ict-system-user-requirements,55,optional,esco
ICT presales engineer,business-intelligence,52,essential,esco
ICT presales engineer,ict-market,50,optional,esco
ICT presales engineer,apply-conflict-management,48,essential,esco
ICT presales engineer,market-pricing,46,optional,esco
ICT presales engineer,hardware-components,44,optional,esco
ICT presales engineer,prepare-scientific-reports,42,essential,esco
ICT presales engineer,software-components-libraries,40,optional,esco
ICT presales engineer,use-different-communication-channels,40,optional,esco
ICT presales engineer,comply-with-legal-regulations,38,essential,esco
ICT presales engineer,implement-marketing-strategies,38,optional,esco
ICT presales engineer,perform-project-management,36,optional,esco
ICT presales engineer,develop-account-strategy,35,optional,esco
ICT presales engineer,digital-marketing-techniques,34,optional,esco
ICT presales engineer,emergent-technologies,30,optional,esco
ICT presales engineer,software-components-suppliers,28,optional,esco
ICT presales engineer,coordinate-technological-activities,26,optional,esco
ICT presales engineer,apply-statistical-analysis-techniques,22,optional,esco
ICT presales engineer,identify-training-needs,18,optional,esco
ICT presales engineer,statistical-analysis-system-software,14,optional,esco
ICT presales engineer,sas-language,10,optional,esco
ICT product manager,plan-product-management,92,essential,esco
ICT product manager,perform-product-planning,90,essential,esco
ICT product manager,define-technical-requirements,85,essential,esco
ICT product manager,ict-system-user-requirements,82,essential,esco
ICT product manager,ict-market,80,essential,esco
ICT product manager,perform-market-research,79,essential,esco
ICT product manager,create-project-specifications,78,essential,esco
ICT product manager,ict-software-specifications,76,essential,esco
ICT product manager,cost-management,74,essential,esco
ICT product manager,conduct-impact-evaluation-of-ict-processes-on-business,72,essential,esco
ICT product manager,manage-budgets,70,essential,esco
ICT product manager,manage-schedule-of-tasks,68,essential,esco
ICT product manager,provide-cost-benefit-analysis-reports,67,essential,esco
ICT product manager,systems-development-life-cycle,66,essential,esco
ICT product manager,perform-risk-analysis,65,essential,esco
ICT product manager,interact-with-users-to-gather-requirements,64,optional,esco
ICT product manager,monitor-technology-trends,62,essential,esco
ICT product manager,ict-hardware-specifications,60,essential,esco
ICT product manager,ict-infrastructure,58,essential,esco
ICT product manager,ict-project-management,56,optional,esco
ICT product manager,assess-ict-knowledge,55,essential,esco
ICT product manager,agile-development,54,optional,esco
ICT product manager,innovation-processes,52,optional,esco
ICT product manager,business-process-modelling,50,optional,esco
ICT product manager,ict-sales-methodologies,48,optional,esco
ICT product manager,perform-online-data-analysis,47,optional,esco
ICT product manager,quality-standards,46,optional,esco
ICT product manager,manage-contracts,45,essential,esco
ICT product manager,ict-quality-policy,44,optional,esco
ICT product manager,prototyping-development,42,optional,esco
ICT product manager,advertising-techniques,40,essential,esco
ICT product manager,ict-process-quality-models,40,optional,esco
ICT product manager,software-design-methodologies,38,optional,esco
ICT product manager,saas-service-oriented-modelling,36,optional,esco
ICT product manager,devops,35,optional,esco
ICT product manager,ict-security-legislation,34,optional,esco
ICT product manager,manage-localisation,33,optional,esco
ICT product manager,iterative-development,32,optional,esco
ICT product manager,incremental-development,30,optional,esco
ICT product manager,service-oriented-modelling,30,optional,esco
ICT product manager,engineering-processes,28,optional,esco
ICT product manager,rapid-application-development,28,optional,esco
ICT product manager,open-source-model,26,optional,esco
ICT product manager,waterfall-development,26,optional,esco
ICT product manager,outsourcing-model,24,optional,esco
ICT product manager,hybrid-model,22,optional,esco
ICT product manager,spiral-development,22,optional,esco
ICT project manager,ict-project-management,95,essential,esco
ICT project manager,manage-ict-project,92,essential,esco
ICT project manager,ict-project-management-methodologies,90,essential,esco
ICT project manager,perform-project-management,88,essential,esco
ICT project manager,manage-budgets,82,essential,esco
ICT project manager,create-project-specifications,80,essential,esco
ICT project manager,manage-project-changes,79,essential,esco
ICT project manager,perform-risk-analysis,78,essential,esco
ICT project manager,perform-resource-planning,77,essential,esco
ICT project manager,manage-project-information,76,essential,esco
ICT project manager,estimate-duration-of-work,75,essential,esco
ICT project manager,manage-staff,74,essential,esco
ICT project manager,carry-out-project-activities,70,optional,esco
ICT project manager,internal-risk-management-policy,68,essential,esco
ICT project manager,quality-standards,66,essential,esco
ICT project manager,agile-project-management,65,optional,esco
ICT project manager,provide-cost-benefit-analysis-reports,64,essential,esco
ICT project manager,implement-ict-risk-management,63,optional,esco
ICT project manager,apply-conflict-management,62,essential,esco
ICT project manager,draft-project-documentation,61,optional,esco
ICT project manager,apply-change-management,60,optional,esco
ICT project manager,coach-employees,60,essential,esco
ICT project manager,build-business-relationships,58,essential,esco
ICT project manager,create-solutions-to-problems,58,optional,esco
ICT project manager,organise-project-meetings,57,optional,esco
ICT project manager,project-configuration-management,56,optional,esco
ICT project manager,identify-legal-requirements,55,essential,esco
ICT project manager,apply-organisational-techniques,54,optional,esco
ICT project manager,ict-system-user-requirements,52,optional,esco
ICT project manager,train-employees,52,essential,esco
ICT project manager,systems-development-life-cycle,50,optional,esco
ICT project manager,define-technical-requirements,49,optional,esco
ICT project manager,recruit-employees,48,essential,esco
ICT project manager,agile-development,47,optional,esco
ICT project manager,quality-assurance-methodologies,46,optional,esco
ICT project manager,lean-project-management,45,optional,esco
ICT project manager,maintain-relationship-with-suppliers,44,optional,esco
ICT project manager,waterfall-development,44,optional,esco
ICT project manager,ict-process-quality-models,43,optional,esco
ICT project manager,legal-requirements-of-ict-products,42,optional,esco
ICT project manager,maintain-a-central-project-repository,41,optional,esco
ICT project manager,incremental-development,40,optional,esco
ICT project manager,iterative-development,40,optional,esco
ICT project manager,process-based-management,38,optional,esco
ICT project manager,document-management,36,optional,esco
ICT project manager,use-ict-ticketing-system,35,optional,esco
ICT project manager,provide-technical-documentation,34,optional,esco
ICT project manager,devops,32,optional,esco
ICT project manager,develop-information-standards,30,optional,esco
ICT project manager,outsourcing-strategy,30,optional,esco
ICT project manager,software-design-methodologies,30,optional,esco
ICT project manager,outsourcing-model,28,optional,esco
ICT project manager,rapid-application-development,28,optional,esco
ICT project manager,execute-ict-audits,27,optional,esco
ICT project manager,hybrid-model,26,optional,esco
ICT project manager,prototyping-development,26,optional,esco
ICT project manager,software-architecture-models,26,optional,esco
ICT project manager,use-e-procurement,25,optional,esco
ICT project manager,open-source-model,24,optional,esco
ICT project manager,spiral-development,24,optional,esco
ICT project manager,crowdsourcing-strategy,22,optional,esco
ICT project manager,insourcing-strategy,22,optional,esco
ICT project manager,service-oriented-modelling,22,optional,esco
ICT project manager,object-oriented-modelling,20,optional,esco
ICT project manager,saas-service-oriented-modelling,20,optional,esco
ICT project manager,manage-localisation,18,optional,esco
ICT quality assurance manager,quality-assurance-methodologies,92,essential,esco
ICT quality assurance manager,ict-quality-policy,90,essential,esco
ICT quality assurance manager,quality-standards,88,essential,esco
ICT quality assurance manager,set-quality-assurance-objectives,86,essential,esco
ICT quality assurance manager,oversee-quality-control,85,essential,esco
ICT quality assurance manager,attend-to-ict-systems-quality,84,essential,esco
ICT quality assurance manager,perform-quality-audits,82,essential,esco
ICT quality assurance manager,ict-process-quality-models,80,essential,esco
ICT quality assurance manager,ensure-continuous-preparedness-for-audits,72,essential,esco
ICT quality assurance manager,internal-risk-management-policy,70,essential,esco
ICT quality assurance manager,comply-with-legal-regulations,68,essential,esco
ICT quality assurance manager,levels-of-software-testing,66,essential,esco
ICT quality assurance manager,implement-strategic-planning,65,essential,esco
ICT quality assurance manager,provide-software-testing-documentation,62,essential,esco
ICT quality assurance manager,software-anomalies,60,essential,esco
ICT quality assurance manager,execute-software-tests,55,essential,esco
ICT quality assurance manager,track-key-performance-indicators,50,optional,esco
ICT quality assurance manager,process-based-management,46,optional,esco
ICT quality assurance manager,identify-customer-requirements,45,optional,esco
ICT quality assurance manager,coordinate-technological-activities,44,optional,esco
ICT quality assurance manager,ict-project-management-methodologies,44,optional,esco
ICT quality assurance manager,agile-project-management,42,optional,esco
ICT quality assurance manager,develop-technological-improvement-strategies,42,optional,esco
ICT quality assurance manager,use-different-communication-channels,42,optional,esco
ICT quality assurance manager,lean-project-management,40,optional,esco
ICT quality assurance manager,systems-development-life-cycle,40,optional,esco
ICT quality assurance manager,data-quality-assessment,38,optional,esco
ICT quality assurance manager,develop-information-standards,38,optional,esco
ICT quality assurance manager,define-data-quality-criteria,36,optional,esco
ICT quality assurance manager,implement-ict-safety-policies,35,optional,esco
ICT quality assurance manager,ict-security-legislation,34,optional,esco
ICT quality assurance manager,apply-information-security-policies,33,optional,esco
ICT quality assurance manager,database-quality-standards,32,optional,esco
ICT quality assurance manager,identify-ict-system-weaknesses,32,optional,esco
ICT quality assurance manager,develop-automated-software-tests,30,optional,esco
ICT quality assurance manager,provide-technical-training,30,optional,esco
ICT quality assurance manager,application-usability,28,optional,esco
ICT quality assurance manager,manage-data,28,optional,esco
ICT quality assurance manager,usability-engineering,26,optional,esco
ICT research consultant,execute-ict-user-research-activities,90,essential,esco
ICT research consultant,conduct-quantitative-research,88,essential,esco
ICT research consultant,conduct-qualitative-research,85,essential,esco
ICT research consultant,draft-scientific-or-academic-papers-and-technical-documentation,84,essential,esco
ICT research consultant,manage-research-data,82,essential,esco
ICT research consultant,synthesise-information,78,essential,esco
ICT research consultant,apply-statistical-analysis-techniques,76,essential,esco
ICT research consultant,conduct-research-interview,74,essential,esco
ICT research consultant,provide-technical-documentation,72,essential,esco
ICT research consultant,interact-with-users-to-gather-requirements,70,essential,esco
ICT research consultant,communicate-with-a-non-scientific-audience,68,essential,esco
ICT research consultant,consult-with-business-clients,66,essential,esco
ICT research consultant,report-analysis-results,62,optional,esco
ICT research consultant,think-abstractly,62,essential,esco
ICT research consultant,interact-professionally-in-research-and-professional-environments,60,essential,esco
ICT research consultant,perform-project-management,60,essential,esco
ICT research consultant,execute-analytical-mathematical-calculations,58,essential,esco
ICT research consultant,monitor-ict-research,58,optional,esco
ICT research consultant,use-methodologies-for-user-centered-design,58,essential,esco
ICT research consultant,create-prototype-of-user-experience-solutions,56,essential,esco
ICT research consultant,innovation-processes,55,essential,esco
ICT research consultant,innovate-in-ict,54,essential,esco
ICT research consultant,manage-findable-accessible-interoperable-and-reusable-data,52,essential,esco
ICT research consultant,create-solutions-to-problems,50,optional,esco
ICT research consultant,provide-user-documentation,50,essential,esco
ICT research consultant,develop-software-prototype,48,essential,esco
ICT research consultant,provide-written-content,48,optional,esco
ICT research consultant,perform-data-mining,46,optional,esco
ICT research consultant,manage-personal-professional-development,45,essential,esco
ICT research consultant,manage-open-publications,44,essential,esco
ICT research consultant,manage-intellectual-property-rights,42,essential,esco
ICT research consultant,operate-open-source-software,40,essential,esco
ICT research consultant,mentor-individuals,38,essential,esco
ICT research consultant,web-analytics,38,optional,esco
ICT research consultant,optimise-choice-of-ict-solution,36,optional,esco
ICT research consultant,information-extraction,34,optional,esco
ICT research consultant,provide-multimedia-content,34,optional,esco
ICT research consultant,apply-reverse-engineering,32,essential,esco
ICT research consultant,ict-system-user-requirements,32,optional,esco
ICT research consultant,information-categorisation,30,optional,esco
ICT research consultant,query-languages,30,optional,esco
ICT research consultant,speak-different-languages,30,essential,esco
ICT research consultant,emergent-technologies,26,optional,esco
ICT research consultant,ict-market,24,optional,esco
ICT research consultant,resource-description-framework-query-language,22,optional,esco
ICT research consultant,sparql,22,optional,esco
ICT research consultant,xquery,16,optional,esco
ICT research consultant,ldap,14,optional,esco
ICT research consultant,linq,12,optional,esco
ICT research consultant,mdx,12,optional,esco
ICT research consultant,n1ql,10,optional,esco
ICT research manager,monitor-technology-trends,92,essential,esco
ICT research manager,monitor-ict-research,90,essential,esco
ICT research manager,innovate-in-ict,88,essential,esco
ICT research manager,manage-ict-project,85,essential,esco
ICT research manager,innovation-processes,82,essential,esco
ICT research manager,conduct-quantitative-research,80,essential,esco
ICT research manager,ict-project-management,78,essential,esco
ICT research manager,ict-market,76,essential,esco
ICT research manager,conduct-qualitative-research,74,essential,esco
ICT research manager,manage-staff,72,essential,esco
ICT research manager,apply-statistical-analysis-techniques,68,essential,esco
ICT research manager,identify-technological-needs,64,optional,esco
ICT research manager,organisational-policies,62,essential,esco
ICT research manager,report-analysis-results,62,optional,esco
ICT research manager,apply-system-organisational-policies,60,essential,esco
ICT research manager,coordinate-technological-activities,58,optional,esco
ICT research manager,emergent-technologies,58,optional,esco
ICT research manager,create-solutions-to-problems,56,optional,esco
ICT research manager,conduct-research-interview,55,optional,esco
ICT research manager,execute-ict-user-research-activities,52,optional,esco
ICT research manager,ict-project-management-methodologies,48,optional,esco
ICT research manager,apply-systemic-design-thinking,46,optional,esco
ICT research manager,build-business-relationships,45,optional,esco
ICT research manager,agile-project-management,44,optional,esco
ICT research manager,execute-analytical-mathematical-calculations,42,optional,esco
ICT research manager,perform-data-mining,40,optional,esco
ICT research manager,information-extraction,38,optional,esco
ICT research manager,process-data,36,optional,esco
ICT research manager,lean-project-management,30,optional,esco
ICT research manager,process-based-management,30,optional,esco
ICT research manager,provide-user-documentation,28,optional,esco
ICT research manager,crowdsourcing-strategy,26,optional,esco
ICT research manager,outsourcing-strategy,26,optional,esco
ICT research manager,insourcing-strategy,24,optional,esco
ICT research manager,query-languages,22,optional,esco
ICT research manager,apply-reverse-engineering,20,optional,esco
ICT research manager,ict-power-consumption,18,optional,esco
ICT research manager,sparql,14,optional,esco
ICT research manager,mdx,12,optional,esco
ICT research manager,resource-description-framework-query-language,12,optional,esco
ICT research manager,xquery,12,optional,esco
ICT research manager,ldap,10,optional,esco
ICT research manager,linq,10,optional,esco
ICT research manager,n1ql,8,optional,esco
ICT resilience manager,manage-disaster-recovery-plans,95,essential,esco
ICT resilience manager,organisational-resilience,92,essential,esco
ICT resilience manager,ict-recovery-techniques,90,essential,esco
ICT resilience manager,cyber-security,88,essential,esco
ICT resilience manager,implement-ict-recovery-system,86,essential,esco
ICT resilience manager,system-backup-best-practice,85,essential,esco
ICT resilience manager,implement-ict-risk-management,84,essential,esco
ICT resilience manager,lead-disaster-recovery-exercises,82,essential,esco
ICT resilience manager,develop-information-security-strategy,80,essential,esco
ICT resilience manager,internal-risk-management-policy,78,essential,esco
ICT resilience manager,manage-system-security,76,essential,esco
ICT resilience manager,manage-it-security-compliances,74,essential,esco
ICT resilience manager,identify-ict-security-risks,72,essential,esco
ICT resilience manager,analyse-business-processes,66,essential,esco
ICT resilience manager,execute-ict-audits,64,essential,esco
ICT resilience manager,comply-with-legal-regulations,62,essential,esco
ICT resilience manager,analyse-the-context-of-an-organisation,60,essential,esco
ICT resilience manager,define-security-policies,60,optional,esco
ICT resilience manager,perform-ict-security-testing,58,essential,esco
ICT resilience manager,advise-on-strengthening-security,56,optional,esco
ICT resilience manager,cloud-security-and-compliance,55,optional,esco
ICT resilience manager,ict-network-security-risks,52,optional,esco
ICT resilience manager,respond-to-incidents-in-cloud,50,optional,esco
ICT resilience manager,perform-project-management,48,optional,esco
ICT resilience manager,analyse-business-requirements,46,optional,esco
ICT resilience manager,business-process-modelling,44,optional,esco
ICT resilience manager,coordinate-technological-activities,42,optional,esco
ICT resilience manager,ict-process-quality-models,40,optional,esco
ICT resilience manager,manage-budgets,38,optional,esco
ICT resilience manager,train-employees,36,optional,esco
ICT resilience manager,ict-system-user-requirements,34,optional,esco
ICT resilience manager,manage-keys-for-data-protection,32,optional,esco
ICT resilience manager,provide-cost-benefit-analysis-reports,30,optional,esco
ICT resilience manager,build-business-relationships,26,optional,esco
ICT resilience manager,human-computer-interaction,15,optional,esco
ICT security administrator,ict-network-security-risks,90,essential,esco
ICT security administrator,cyber-attack-counter-measures,88,essential,esco
ICT security administrator,identify-ict-system-weaknesses,86,essential,esco
ICT security administrator,maintain-database-security,84,essential,esco
ICT security administrator,maintain-ict-identity-management,82,essential,esco
ICT security administrator,system-backup-best-practice,80,essential,esco
ICT security administrator,operating-systems,78,essential,esco
ICT security administrator,manage-it-security-compliances,76,essential,esco
ICT security administrator,solve-ict-system-problems,74,essential,esco
ICT security administrator,perform-ict-troubleshooting,72,essential,esco
ICT security administrator,cyber-security,70,optional,esco
ICT security administrator,implement-a-firewall,69,optional,esco
ICT security administrator,implement-ict-safety-policies,68,optional,esco
ICT security administrator,ict-security-standards,66,optional,esco
ICT security administrator,perform-backups,65,optional,esco
ICT security administrator,information-security-strategy,64,optional,esco
ICT security administrator,ict-infrastructure,62,optional,esco
ICT security administrator,mobile-device-management,62,essential,esco
ICT security administrator,ict-encryption,60,optional,esco
ICT security administrator,manage-ict-data-architecture,60,essential,esco
ICT security administrator,information-confidentiality,58,optional,esco
ICT security administrator,organisational-resilience,58,essential,esco
ICT security administrator,implement-a-virtual-private-network,57,optional,esco
ICT security administrator,attend-to-ict-systems-quality,56,essential,esco
ICT security administrator,implement-cloud-security-and-compliance,55,optional,esco
ICT security administrator,apply-company-policies,54,essential,esco
ICT security administrator,implement-anti-virus-software,53,optional,esco
ICT security administrator,web-application-security-threats,52,optional,esco
ICT security administrator,remove-computer-virus-or-malware-from-a-computer,51,optional,esco
ICT security administrator,cloud-security-and-compliance,50,optional,esco
ICT security administrator,interpret-technical-texts,48,essential,esco
ICT security administrator,manage-keys-for-data-protection,48,optional,esco
ICT security administrator,manage-database,47,optional,esco
ICT security administrator,ict-security-legislation,46,optional,esco
ICT security administrator,ensure-proper-document-management,45,essential,esco
ICT security administrator,lead-disaster-recovery-exercises,45,optional,esco
ICT security administrator,cloud-monitoring-and-reporting,44,optional,esco
ICT security administrator,quality-assurance-methodologies,44,essential,esco
ICT security administrator,respond-to-incidents-in-cloud,43,optional,esco
ICT security administrator,database-development-tools,42,essential,esco
ICT security administrator,execute-ict-audits,42,optional,esco
ICT security administrator,use-scripting-programming,41,optional,esco
ICT security administrator,internet-governance,40,essential,esco
ICT security administrator,manage-cloud-data-and-storage,40,optional,esco
ICT security administrator,manage-ict-virtualisation-environments,39,optional,esco
ICT security administrator,store-digital-data-and-systems,38,optional,esco
ICT security administrator,internet-of-things,36,essential,esco
ICT security administrator,safeguard-online-privacy-and-identity,35,optional,esco
ICT security administrator,address-problems-critically,34,optional,esco
ICT security administrator,computer-forensics,32,optional,esco
ICT security administrator,assess-ict-knowledge,30,optional,esco
ICT security administrator,train-employees,28,optional,esco
ICT security administrator,execute-software-tests,24,optional,esco
ICT security administrator,build-business-relationships,18,optional,esco
ICT security engineer,cyber-security,95,essential,esco
ICT security engineer,ensure-information-security,92,essential,esco
ICT security engineer,cyber-attack-counter-measures,90,essential,esco
ICT security engineer,information-security-strategy,88,essential,esco
ICT security engineer,identify-ict-security-risks,87,essential,esco
ICT security engineer,attack-vectors,86,essential,esco
ICT security engineer,identify-ict-system-weaknesses,85,essential,esco
ICT security engineer,ict-security-standards,84,essential,esco
ICT security engineer,develop-information-security-strategy,82,essential,esco
ICT security engineer,perform-risk-analysis,80,essential,esco
ICT security engineer,implement-ict-risk-management,79,essential,esco
ICT security engineer,risk-management,78,essential,esco
ICT security engineer,define-security-policies,76,essential,esco
ICT security engineer,manage-it-security-compliances,74,essential,esco
ICT security engineer,operating-systems,72,essential,esco
ICT security engineer,analyse-ict-system,70,essential,esco
ICT security engineer,troubleshoot,68,essential,esco
ICT security engineer,monitor-system-performance,66,essential,esco
ICT security engineer,web-application-security-threats,65,optional,esco
ICT security engineer,manage-disaster-recovery-plans,64,essential,esco
ICT security engineer,ict-encryption,63,optional,esco
ICT security engineer,ict-security-legislation,62,essential,esco
ICT security engineer,implement-ict-safety-policies,61,optional,esco
ICT security engineer,organisational-resilience,60,essential,esco
ICT security engineer,cloud-security-and-compliance,58,optional,esco
ICT security engineer,keep-up-with-the-latest-information-systems-solutions,58,essential,esco
ICT security engineer,execute-ict-audits,56,essential,esco
ICT security engineer,implement-a-firewall,55,optional,esco
ICT security engineer,information-architecture,55,essential,esco
ICT security engineer,define-technical-requirements,54,essential,esco
ICT security engineer,implement-a-virtual-private-network,52,optional,esco
ICT security engineer,provide-ict-consulting-advice,52,essential,esco
ICT security engineer,cloud-technologies,50,optional,esco
ICT security engineer,emergent-technologies,50,essential,esco
ICT security engineer,manage-keys-for-data-protection,49,optional,esco
ICT security engineer,lead-disaster-recovery-exercises,48,optional,esco
ICT security engineer,report-test-findings,48,essential,esco
ICT security engineer,manage-digital-identity,47,optional,esco
ICT security engineer,business-analysis,46,essential,esco
ICT security engineer,manage-changes-in-ict-system,46,optional,esco
ICT security engineer,educate-on-data-confidentiality,45,essential,esco
ICT security engineer,cloud-monitoring-and-reporting,44,optional,esco
ICT security engineer,perform-data-analysis,44,essential,esco
ICT security engineer,python-computer-programming,43,optional,esco
ICT security engineer,execute-software-tests,42,essential,esco
ICT security engineer,optimise-choice-of-ict-solution,41,optional,esco
ICT security engineer,manage-ict-change-request-process,40,optional,esco
ICT security engineer,verify-formal-ict-specifications,40,essential,esco
ICT security engineer,implement-anti-virus-software,39,optional,esco
ICT security engineer,project-management,38,optional,esco
ICT security engineer,safeguard-online-privacy-and-identity,36,optional,esco
ICT security engineer,remove-computer-virus-or-malware-from-a-computer,35,optional,esco
ICT security engineer,perform-project-management,34,optional,esco
ICT security engineer,unstructured-data,34,essential,esco
ICT security engineer,consult-with-business-clients,33,optional,esco
ICT security engineer,define-data-quality-criteria,32,essential,esco
ICT security engineer,internet-of-things,32,optional,esco
ICT security engineer,ict-project-management-methodologies,30,optional,esco
ICT security engineer,keep-task-records,30,essential,esco
ICT security engineer,provide-user-documentation,29,optional,esco
ICT security engineer,internet-governance,28,optional,esco
ICT security engineer,ict-process-quality-models,27,optional,esco
ICT security engineer,embedded-systems,26,optional,esco
ICT security engineer,create-project-specifications,25,optional,esco
ICT security engineer,leadership-principles,24,optional,esco
ICT security engineer,ensure-proper-document-management,23,optional,esco
ICT security engineer,business-intelligence,22,optional,esco
ICT security engineer,track-key-performance-indicators,21,optional,esco
ICT security engineer,c,20,optional,esco
ICT security engineer,implement-spam-protection,19,optional,esco
ICT security engineer,process-based-management,18,optional,esco
ICT security engineer,give-live-presentation,17,optional,esco
ICT security engineer,lean-project-management,16,optional,esco
ICT security engineer,manage-a-team,15,optional,esco
ICT security engineer,copyright-legislation,12,optional,esco
ICT security manager,establish-an-ict-security-prevention-plan,92,essential,esco
ICT security manager,information-security-strategy,90,essential,esco
ICT security manager,manage-it-security-compliances,88,essential,esco
ICT security manager,develop-information-security-strategy,87,essential,esco
ICT security manager,ict-security-standards,85,essential,esco
ICT security manager,define-security-policies,84,essential,esco
ICT security manager,implement-ict-risk-management,82,essential,esco
ICT security manager,internal-risk-management-policy,80,essential,esco
ICT security manager,manage-disaster-recovery-plans,78,essential,esco
ICT security manager,cyber-security,76,optional,esco
ICT security manager,attack-vectors,74,essential,esco
ICT security manager,identify-ict-security-risks,73,optional,esco
ICT security manager,cyber-attack-counter-measures,72,optional,esco
ICT security manager,lead-disaster-recovery-exercises,70,essential,esco
ICT security manager,ict-network-security-risks,68,optional,esco
ICT security manager,maintain-ict-identity-management,66,essential,esco
ICT security manager,implement-ict-safety-policies,65,optional,esco
ICT security manager,ict-security-legislation,64,optional,esco
ICT security manager,ict-project-management,62,essential,esco
ICT security manager,information-confidentiality,61,optional,esco
ICT security manager,solve-ict-system-problems,60,essential,esco
ICT security manager,ict-problem-management-techniques,58,essential,esco
ICT security manager,ict-recovery-techniques,57,optional,esco
ICT security manager,ict-quality-policy,56,essential,esco
ICT security manager,organisational-resilience,55,optional,esco
ICT security manager,web-application-security-threats,54,optional,esco
ICT security manager,ict-encryption,53,optional,esco
ICT security manager,implement-cloud-security-and-compliance,52,optional,esco
ICT security manager,execute-ict-audits,51,optional,esco
ICT security manager,cloud-security-and-compliance,50,optional,esco
ICT security manager,computer-forensics,50,essential,esco
ICT security manager,legal-requirements-of-ict-products,48,essential,esco
ICT security manager,define-technology-strategy,47,optional,esco
ICT security manager,audit-techniques,46,optional,esco
ICT security manager,implement-a-firewall,45,optional,esco
ICT security manager,mobile-device-management,44,optional,esco
ICT security manager,provide-technical-documentation,43,optional,esco
ICT security manager,ict-system-user-requirements,42,essential,esco
ICT security manager,implement-a-virtual-private-network,41,optional,esco
ICT security manager,cloud-monitoring-and-reporting,40,optional,esco
ICT security manager,manage-keys-for-data-protection,39,optional,esco
ICT security manager,internet-governance,38,essential,esco
ICT security manager,implement-anti-virus-software,37,optional,esco
ICT security manager,use-back-up-and-recovery-tools,36,optional,esco
ICT security manager,internet-of-things,34,essential,esco
ICT security manager,remove-computer-virus-or-malware-from-a-computer,33,optional,esco
ICT security manager,ict-process-quality-models,32,optional,esco
ICT security manager,systems-development-life-cycle,30,optional,esco
ICT security manager,design-for-organisational-complexity,28,optional,esco
ICT security manager,use-ict-ticketing-system,26,optional,esco
ICT security manager,implement-spam-protection,25,optional,esco
ICT security manager,tools-for-ict-test-automation,24,optional,esco
ICT security manager,develop-with-cloud-services,23,optional,esco
ICT security manager,decision-support-systems,22,optional,esco
ICT security manager,use-an-application-specific-interface,21,optional,esco
ICT security manager,levels-of-software-testing,20,optional,esco
ICT security manager,outsourcing-model,18,optional,esco
ICT security manager,saas-service-oriented-modelling,17,optional,esco
ICT security manager,hybrid-model,16,optional,esco
ICT security manager,investment-analysis,15,optional,esco
ICT security manager,service-oriented-modelling,14,optional,esco
ICT security manager,open-source-model,12,optional,esco
ICT security technician,cyber-attack-counter-measures,92,essential,esco
ICT security technician,attack-vectors,90,essential,esco
ICT security technician,identify-ict-system-weaknesses,88,essential,esco
ICT security technician,cyber-security,86,optional,esco
ICT security technician,web-application-security-threats,84,essential,esco
ICT security technician,ict-network-security-risks,82,optional,esco
ICT security technician,operating-systems,80,essential,esco
ICT security technician,use-access-control-software,78,essential,esco
ICT security technician,solve-ict-system-problems,76,essential,esco
ICT security technician,analyse-ict-system,74,essential,esco
ICT security technician,implement-a-firewall,74,optional,esco
ICT security technician,ict-networking-hardware,72,essential,esco
ICT security technician,remove-computer-virus-or-malware-from-a-computer,72,optional,esco
ICT security technician,address-problems-critically,70,essential,esco
ICT security technician,ict-encryption,70,optional,esco
ICT security technician,implement-anti-virus-software,68,optional,esco
ICT security technician,manage-it-security-compliances,68,optional,esco
ICT security technician,implement-a-virtual-private-network,66,optional,esco
ICT security technician,implement-ict-safety-policies,66,optional,esco
ICT security technician,ict-security-legislation,64,optional,esco
ICT security technician,cloud-security-and-compliance,62,optional,esco
ICT security technician,execute-software-tests,60,essential,esco
ICT security technician,implement-cloud-security-and-compliance,60,optional,esco
ICT security technician,manage-keys-for-data-protection,58,optional,esco
ICT security technician,provide-technical-documentation,58,essential,esco
ICT security technician,integrate-system-components,56,essential,esco
ICT security technician,use-back-up-and-recovery-tools,54,optional,esco
ICT security technician,execute-ict-audits,52,optional,esco
ICT security technician,procurement-of-ict-network-equipment,50,essential,esco
ICT security technician,cisco,48,optional,esco
ICT security technician,ensure-proper-document-management,48,essential,esco
ICT security technician,organisational-resilience,46,optional,esco
ICT security technician,cloud-monitoring-and-reporting,44,optional,esco
ICT security technician,manage-cloud-data-and-storage,44,optional,esco
ICT security technician,comply-with-legal-regulations,42,optional,esco
ICT security technician,computer-programming,40,optional,esco
ICT security technician,estimate-duration-of-work,40,essential,esco
ICT security technician,python-computer-programming,34,optional,esco
ICT security technician,internet-of-things,30,optional,esco
ICT security technician,assembly-computer-programming,22,optional,esco
ICT security technician,javascript,22,optional,esco
ICT security technician,c,20,optional,esco
ICT security technician,java-computer-programming,20,optional,esco
ICT security technician,c-2,18,optional,esco
ICT security technician,perl,18,optional,esco
ICT security technician,php,18,optional,esco
ICT security technician,visual-studio-net,16,optional,esco
ICT security technician,microsoft-visual-c,14,optional,esco
ICT security technician,ruby-computer-programming,14,optional,esco
ICT security technician,asp-net,12,optional,esco
ICT security technician,typescript,12,optional,esco
ICT security technician,vbscript,12,optional,esco
ICT security technician,ajax,10,optional,esco
ICT security technician,r,10,optional,esco
ICT security technician,sap-r3,10,optional,esco
ICT security technician,groovy,8,optional,esco
ICT security technician,matlab,8,optional,esco
ICT security technician,objective-c,8,optional,esco
ICT security technician,sas-language,8,optional,esco
ICT security technician,scala,8,optional,esco
ICT security technician,swift-computer-programming,8,optional,esco
ICT security technician,abap,6,optional,esco
ICT security technician,cobol,6,optional,esco
ICT security technician,coffeescript,6,optional,esco
ICT security technician,erlang,6,optional,esco
ICT security technician,haskell,6,optional,esco
ICT security technician,apl,5,optional,esco
ICT security technician,common-lisp,5,optional,esco
ICT security technician,lisp,5,optional,esco
ICT security technician,ml-computer-programming,5,optional,esco
ICT security technician,openedge-advanced-business-language,5,optional,esco
ICT security technician,pascal-computer-programming,5,optional,esco
ICT security technician,prolog-computer-programming,5,optional,esco
ICT security technician,smalltalk-computer-programming,5,optional,esco
ICT security technician,scratch-computer-programming,4,optional,esco
ICT system administrator,administer-ict-system,95,essential,esco
ICT system administrator,maintain-ict-system,92,essential,esco
ICT system administrator,operating-systems,90,essential,esco
ICT system administrator,manage-system-security,88,essential,esco
ICT system administrator,solve-ict-system-problems,86,essential,esco
ICT system administrator,perform-backups,84,essential,esco
ICT system administrator,monitor-system-performance,82,essential,esco
ICT system administrator,ict-infrastructure,80,essential,esco
ICT system administrator,implement-ict-recovery-system,78,essential,esco
ICT system administrator,use-back-up-and-recovery-tools,76,essential,esco
ICT system administrator,manage-changes-in-ict-system,74,essential,esco
ICT system administrator,support-ict-system-users,72,essential,esco
ICT system administrator,implement-a-firewall,70,essential,esco
ICT system administrator,implement-ict-safety-policies,68,essential,esco
ICT system administrator,implement-anti-virus-software,66,essential,esco
ICT system administrator,implement-a-virtual-private-network,64,essential,esco
ICT system administrator,hardware-components,62,essential,esco
ICT system administrator,integrate-system-components,62,essential,esco
ICT system administrator,apply-system-organisational-policies,60,essential,esco
ICT system administrator,apply-ict-system-usage-policies,58,essential,esco
ICT system administrator,ict-system-user-requirements,58,essential,esco
ICT system administrator,provide-technical-documentation,56,essential,esco
ICT system administrator,organisational-policies,55,essential,esco
ICT system administrator,ict-recovery-techniques,54,optional,esco
ICT system administrator,migrate-existing-data,52,essential,esco
ICT system administrator,ict-system-programming,50,essential,esco
ICT system administrator,adjust-ict-system-capacity,48,optional,esco
ICT system administrator,interpret-technical-texts,48,essential,esco
ICT system administrator,remove-computer-virus-or-malware-from-a-computer,46,optional,esco
ICT system administrator,manage-system-testing,45,essential,esco
ICT system administrator,ict-system-integration,44,optional,esco
ICT system administrator,automate-cloud-tasks,42,optional,esco
ICT system administrator,information-security-strategy,42,optional,esco
ICT system administrator,implement-ict-risk-management,40,optional,esco
ICT system administrator,manage-cloud-data-and-storage,40,optional,esco
ICT system administrator,software-components-libraries,40,essential,esco
ICT system administrator,store-digital-data-and-systems,38,optional,esco
ICT system administrator,apache-tomcat,36,optional,esco
ICT system administrator,interact-with-users-to-gather-requirements,36,optional,esco
ICT system administrator,acquire-system-component,34,optional,esco
ICT system administrator,quality-assurance-methodologies,34,essential,esco
ICT system administrator,provide-ict-system-training,32,optional,esco
ICT system administrator,implement-spam-protection,30,optional,esco
ICT system administrator,systems-development-life-cycle,30,optional,esco
ICT system administrator,use-different-communication-channels,28,optional,esco
ICT system administrator,execute-integration-testing,26,optional,esco
ICT system administrator,ibm-websphere,26,optional,esco
ICT system administrator,interfacing-techniques,24,optional,esco
ICT system administrator,internet-governance,22,optional,esco
ICT system administrator,engineering-processes,20,optional,esco
ICT system administrator,ict-accessibility-standards,18,optional,esco
ICT system analyst,analyse-ict-system,95,essential,esco
ICT system analyst,design-information-system,92,essential,esco
ICT system analyst,define-technical-requirements,88,essential,esco
ICT system analyst,identify-customer-requirements,85,essential,esco
ICT system analyst,interact-with-users-to-gather-requirements,84,essential,esco
ICT system analyst,analyse-business-processes,80,essential,esco
ICT system analyst,analyse-software-specifications,78,essential,esco
ICT system analyst,solve-ict-system-problems,76,essential,esco
ICT system analyst,systems-development-life-cycle,74,essential,esco
ICT system analyst,monitor-system-performance,70,essential,esco
ICT system analyst,manage-system-testing,68,essential,esco
ICT system analyst,execute-feasibility-study,66,essential,esco
ICT system analyst,create-data-models,65,essential,esco
ICT system analyst,identify-ict-system-weaknesses,64,essential,esco
ICT system analyst,software-architecture-models,62,essential,esco
ICT system analyst,ict-infrastructure,60,essential,esco
ICT system analyst,analyse-the-context-of-an-organisation,58,essential,esco
ICT system analyst,unified-modelling-language,58,optional,esco
ICT system analyst,ict-performance-analysis-methods,56,essential,esco
ICT system analyst,levels-of-software-testing,55,essential,esco
ICT system analyst,object-oriented-modelling,55,optional,esco
ICT system analyst,manage-ict-legacy-implication,52,essential,esco
ICT system analyst,computer-programming,50,optional,esco
ICT system analyst,use-an-application-specific-interface,50,essential,esco
ICT system analyst,decision-support-systems,48,essential,esco
ICT system analyst,provide-ict-consulting-advice,46,optional,esco
ICT system analyst,software-metrics,46,essential,esco
ICT system analyst,data-mining,44,optional,esco
ICT system analyst,perform-ict-security-testing,44,essential,esco
ICT system analyst,online-analytical-processing,42,essential,esco
ICT system analyst,use-query-languages,42,optional,esco
ICT system analyst,apply-statistical-analysis-techniques,40,essential,esco
ICT system analyst,query-languages,40,optional,esco
ICT system analyst,service-oriented-modelling,40,optional,esco
ICT system analyst,audit-techniques,36,optional,esco
ICT system analyst,distributed-computing,36,optional,esco
ICT system analyst,attack-vectors,34,essential,esco
ICT system analyst,nosql,34,optional,esco
ICT system analyst,hardware-platforms,32,optional,esco
ICT system analyst,python-computer-programming,32,optional,esco
ICT system analyst,execute-analytical-mathematical-calculations,30,optional,esco
ICT system analyst,ict-process-quality-models,30,optional,esco
ICT system analyst,java-computer-programming,30,optional,esco
ICT system analyst,conduct-quantitative-research,28,optional,esco
ICT system analyst,hardware-architectures,28,optional,esco
ICT system analyst,saas-service-oriented-modelling,26,optional,esco
ICT system analyst,automate-cloud-tasks,24,optional,esco
ICT system analyst,javascript,24,optional,esco
ICT system analyst,r,24,optional,esco
ICT system analyst,c-2,22,optional,esco
ICT system analyst,implement-a-firewall,22,optional,esco
ICT system analyst,c,20,optional,esco
ICT system analyst,implement-a-virtual-private-network,20,optional,esco
ICT system analyst,matlab,20,optional,esco
ICT system analyst,outsourcing-model,20,optional,esco
ICT system analyst,sparql,20,optional,esco
ICT system analyst,hybrid-model,18,optional,esco
ICT system analyst,open-source-model,18,optional,esco
ICT system analyst,resource-description-framework-query-language,18,optional,esco
ICT system analyst,sas-language,18,optional,esco
ICT system analyst,asp-net,16,optional,esco
ICT system analyst,ldap,16,optional,esco
ICT system analyst,php,16,optional,esco
ICT system analyst,typescript,16,optional,esco
ICT system analyst,ajax,14,optional,esco
ICT system analyst,apache-tomcat,14,optional,esco
ICT system analyst,linq,14,optional,esco
ICT system analyst,ruby-computer-programming,14,optional,esco
ICT system analyst,scala,14,optional,esco
ICT system analyst,xquery,14,optional,esco
ICT system analyst,abap,12,optional,esco
ICT system analyst,mdx,12,optional,esco
ICT system analyst,microsoft-visual-c,12,optional,esco
ICT system analyst,perl,12,optional,esco
ICT system analyst,sap-r3,12,optional,esco
ICT system analyst,swift-computer-programming,12,optional,esco
ICT system analyst,visual-studio-net,12,optional,esco
ICT system analyst,assembly-computer-programming,10,optional,esco
ICT system analyst,erlang,10,optional,esco
ICT system analyst,groovy,10,optional,esco
ICT system analyst,haskell,10,optional,esco
ICT system analyst,objective-c,10,optional,esco
ICT system analyst,cobol,8,optional,esco
ICT system analyst,coffeescript,8,optional,esco
ICT system analyst,common-lisp,8,optional,esco
ICT system analyst,lisp,8,optional,esco
ICT system analyst,ml-computer-programming,8,optional,esco
ICT system analyst,n1ql,8,optional,esco
ICT system analyst,prolog-computer-programming,8,optional,esco
ICT system analyst,smalltalk-computer-programming,8,optional,esco
ICT system analyst,vbscript,8,optional,esco
ICT system analyst,openedge-advanced-business-language,6,optional,esco
ICT system analyst,pascal-computer-programming,6,optional,esco
ICT system analyst,apl,4,optional,esco
ICT system analyst,scratch-computer-programming,4,optional,esco
ICT system architect,design-information-system,95,essential,esco
ICT system architect,design-enterprise-architecture,92,essential,esco
ICT system architect,align-software-with-system-architectures,88,essential,esco
ICT system architect,integrate-system-components,85,essential,esco
ICT system architect,define-technical-requirements,82,essential,esco
ICT system architect,systems-development-life-cycle,78,essential,esco
ICT system architect,apply-ict-systems-theory,74,essential,esco
ICT system architect,create-data-models,72,essential,esco
ICT system architect,analyse-business-requirements,70,essential,esco
ICT system architect,systems-theory,66,essential,esco
ICT system architect,manage-database,64,essential,esco
ICT system architect,ict-system-integration,62,optional,esco
ICT system architect,hardware-platforms,60,essential,esco
ICT system architect,database-development-tools,58,essential,esco
ICT system architect,design-cloud-architecture,58,optional,esco
ICT system architect,manage-system-testing,56,essential,esco
ICT system architect,design-database-scheme,55,optional,esco
ICT system architect,acquire-system-component,54,essential,esco
ICT system architect,computer-programming,52,optional,esco
ICT system architect,business-process-modelling,50,essential,esco
ICT system architect,design-process,50,optional,esco
ICT system architect,model-based-system-engineering,50,optional,esco
ICT system architect,design-for-organisational-complexity,48,optional,esco
ICT system architect,web-programming,48,essential,esco
ICT system architect,implement-ict-safety-policies,46,essential,esco
ICT system architect,use-object-oriented-programming,46,optional,esco
ICT system architect,solve-ict-system-problems,45,optional,esco
ICT system architect,develop-with-cloud-services,44,optional,esco
ICT system architect,plan-migration-to-cloud,44,optional,esco
ICT system architect,use-an-application-specific-interface,44,essential,esco
ICT system architect,manage-cloud-data-and-storage,42,optional,esco
ICT system architect,assess-ict-knowledge,40,essential,esco
ICT system architect,design-database-in-the-cloud,40,optional,esco
ICT system architect,provide-technical-documentation,40,optional,esco
ICT system architect,manage-standards-for-data-exchange,38,optional,esco
ICT system architect,use-markup-languages,38,essential,esco
ICT system architect,ict-security-legislation,36,optional,esco
ICT system architect,ict-system-programming,36,optional,esco
ICT system architect,apply-technical-communication-skills,34,optional,esco
ICT system architect,information-structure,32,optional,esco
ICT system architect,perform-resource-planning,32,optional,esco
ICT system architect,agile-project-management,30,optional,esco
ICT system architect,ict-project-management-methodologies,30,optional,esco
ICT system architect,java-computer-programming,30,optional,esco
ICT system architect,provide-cost-benefit-analysis-reports,30,optional,esco
ICT system architect,python-computer-programming,30,optional,esco
ICT system architect,task-algorithmisation,28,optional,esco
ICT system architect,ict-process-quality-models,26,optional,esco
ICT system architect,javascript,24,optional,esco
ICT system architect,c,22,optional,esco
ICT system architect,c-2,22,optional,esco
ICT system architect,lean-project-management,22,optional,esco
ICT system architect,process-based-management,22,optional,esco
ICT system architect,oracle-weblogic,20,optional,esco
ICT system architect,manage-staff,18,optional,esco
ICT system architect,typescript,18,optional,esco
ICT system architect,asp-net,16,optional,esco
ICT system architect,matlab,16,optional,esco
ICT system architect,r,16,optional,esco
ICT system architect,ajax,14,optional,esco
ICT system architect,build-business-relationships,14,optional,esco
ICT system architect,php,14,optional,esco
ICT system architect,scala,14,optional,esco
ICT system architect,abap,12,optional,esco
ICT system architect,microsoft-visual-c,12,optional,esco
ICT system architect,ruby-computer-programming,12,optional,esco
ICT system architect,sap-r3,12,optional,esco
ICT system architect,sas-language,12,optional,esco
ICT system architect,swift-computer-programming,12,optional,esco
ICT system architect,assembly-computer-programming,10,optional,esco
ICT system architect,erlang,10,optional,esco
ICT system architect,groovy,10,optional,esco
ICT system architect,objective-c,10,optional,esco
ICT system architect,perl,10,optional,esco
ICT system architect,visual-studio-net,10,optional,esco
ICT system architect,cobol,8,optional,esco
ICT system architect,haskell,8,optional,esco
ICT system architect,coffeescript,6,optional,esco
ICT system architect,common-lisp,6,optional,esco
ICT system architect,lisp,6,optional,esco
ICT system architect,ml-computer-programming,6,optional,esco
ICT system architect,openedge-advanced-business-language,6,optional,esco
ICT system architect,pascal-computer-programming,6,optional,esco
ICT system architect,prolog-computer-programming,6,optional,esco
ICT system architect,smalltalk-computer-programming,6,optional,esco
ICT system architect,vbscript,6,optional,esco
ICT system architect,apl,4,optional,esco
ICT system architect,scratch-computer-programming,4,optional,esco
ICT system developer,computer-programming,95,essential,esco
ICT system developer,debug-software,90,essential,esco
ICT system developer,solve-ict-system-problems,86,essential,esco
ICT system developer,ict-system-programming,84,essential,esco
ICT system developer,ict-debugging-tools,82,essential,esco
ICT system developer,ict-system-integration,80,essential,esco
ICT system developer,use-software-design-patterns,79,essential,esco
ICT system developer,integrated-development-environment-software,78,essential,esco
ICT system developer,analyse-software-specifications,77,essential,esco
ICT system developer,tools-for-software-configuration-management,76,essential,esco
ICT system developer,use-software-libraries,74,essential,esco
ICT system developer,develop-software-prototype,68,essential,esco
ICT system developer,use-an-application-specific-interface,66,essential,esco
ICT system developer,use-object-oriented-programming,66,optional,esco
ICT system developer,interpret-technical-texts,63,essential,esco
ICT system developer,migrate-existing-data,62,essential,esco
ICT system developer,provide-technical-documentation,60,essential,esco
ICT system developer,python-computer-programming,60,optional,esco
ICT system developer,develop-automated-migration-methods,58,essential,esco
ICT system developer,java-computer-programming,58,optional,esco
ICT system developer,integrate-system-components,56,optional,esco
ICT system developer,javascript,55,optional,esco
ICT system developer,keep-up-with-the-latest-information-systems-solutions,55,essential,esco
ICT system developer,use-query-languages,52,optional,esco
ICT system developer,monitor-system-performance,50,optional,esco
ICT system developer,object-oriented-modelling,50,optional,esco
ICT system developer,typescript,50,optional,esco
ICT system developer,c,48,optional,esco
ICT system developer,create-flowchart-diagram,48,essential,esco
ICT system developer,design-database-scheme,48,optional,esco
ICT system developer,c-2,46,optional,esco
ICT system developer,use-concurrent-programming,46,optional,esco
ICT system developer,collect-customer-feedback-on-applications,45,essential,esco
ICT system developer,develop-with-cloud-services,44,optional,esco
ICT system developer,software-anomalies,44,optional,esco
ICT system developer,identify-ict-system-weaknesses,42,optional,esco
ICT system developer,adapt-to-changes-in-technological-development-plans,40,optional,esco
ICT system developer,plan-migration-to-cloud,40,optional,esco
ICT system developer,utilise-computer-aided-software-engineering-tools,40,optional,esco
ICT system developer,design-cloud-architecture,38,optional,esco
ICT system developer,php,38,optional,esco
ICT system developer,automate-cloud-tasks,36,optional,esco
ICT system developer,develop-creative-ideas,36,optional,esco
ICT system developer,apply-ict-systems-theory,34,optional,esco
ICT system developer,jenkins-tools-for-software-configuration-management,34,optional,esco
ICT system developer,ruby-computer-programming,32,optional,esco
ICT system developer,ansible,30,optional,esco
ICT system developer,asp-net,30,optional,esco
ICT system developer,design-for-organisational-complexity,30,optional,esco
ICT system developer,design-user-interface,30,optional,esco
ICT system developer,r,30,optional,esco
ICT system developer,scala,30,optional,esco
ICT system developer,swift-computer-programming,30,optional,esco
ICT system developer,systems-theory,30,optional,esco
ICT system developer,use-functional-programming,28,optional,esco
ICT system developer,apache-maven,26,optional,esco
ICT system developer,matlab,26,optional,esco
ICT system developer,visual-studio-net,26,optional,esco
ICT system developer,ajax,24,optional,esco
ICT system developer,puppet-tools-for-software-configuration-management,24,optional,esco
ICT system developer,use-automatic-programming,24,optional,esco
ICT system developer,internet-of-things,22,optional,esco
ICT system developer,microsoft-visual-c,22,optional,esco
ICT system developer,objective-c,22,optional,esco
ICT system developer,perl,22,optional,esco
ICT system developer,world-wide-web-consortium-standards,22,optional,esco
ICT system developer,attack-vectors,20,optional,esco
ICT system developer,eclipse-integrated-development-environment-software,20,optional,esco
ICT system developer,groovy,20,optional,esco
ICT system developer,salt-tools-for-software-configuration-management,20,optional,esco
ICT system developer,use-logic-programming,20,optional,esco
ICT system developer,assembly-computer-programming,18,optional,esco
ICT system developer,ict-security-legislation,18,optional,esco
ICT system developer,implement-anti-virus-software,18,optional,esco
ICT system developer,sap-r3,16,optional,esco
ICT system developer,blockchain-platforms,14,optional,esco
ICT system developer,haskell,14,optional,esco
ICT system developer,sas-language,14,optional,esco
ICT system developer,smart-contract,14,optional,esco
ICT system developer,xcode,14,optional,esco
ICT system developer,blockchain-openness,12,optional,esco
ICT system developer,vbscript,12,optional,esco
ICT system developer,cobol,10,optional,esco
ICT system developer,common-lisp,10,optional,esco
ICT system developer,kdevelop,10,optional,esco
ICT system developer,lisp,10,optional,esco
ICT system developer,pascal-computer-programming,10,optional,esco
ICT system developer,prolog-computer-programming,9,optional,esco
ICT system developer,ml-computer-programming,8,optional,esco
ICT system developer,staf,8,optional,esco
ICT system developer,apl,6,optional,esco
ICT system developer,openedge-advanced-business-language,6,optional,esco
ICT system developer,scratch-computer-programming,6,optional,esco
ICT system integration consultant,define-integration-strategy,92,essential,esco
ICT system integration consultant,integrate-system-components,88,essential,esco
ICT system integration consultant,provide-ict-consulting-advice,82,essential,esco
ICT system integration consultant,integrate-ict-data,80,essential,esco
ICT system integration consultant,optimise-choice-of-ict-solution,78,essential,esco
ICT system integration consultant,consult-with-business-clients,76,essential,esco
ICT system integration consultant,define-technical-requirements,75,essential,esco
ICT system integration consultant,manage-changes-in-ict-system,74,essential,esco
ICT system integration consultant,systems-development-life-cycle,72,essential,esco
ICT system integration consultant,attend-to-ict-systems-quality,70,essential,esco
ICT system integration consultant,ict-system-integration,68,optional,esco
ICT system integration consultant,keep-up-with-the-latest-information-systems-solutions,62,essential,esco
ICT system integration consultant,monitor-technology-trends,60,essential,esco
ICT system integration consultant,apply-information-security-policies,58,essential,esco
ICT system integration consultant,monitor-system-performance,56,essential,esco
ICT system integration consultant,use-scripting-programming,55,essential,esco
ICT system integration consultant,verify-formal-ict-specifications,52,essential,esco
ICT system integration consultant,manage-ict-change-request-process,50,optional,esco
ICT system integration consultant,provide-technical-documentation,48,optional,esco
ICT system integration consultant,ict-project-management-methodologies,46,optional,esco
ICT system integration consultant,create-project-specifications,45,optional,esco
ICT system integration consultant,ensure-proper-document-management,44,essential,esco
ICT system integration consultant,information-architecture,44,optional,esco
ICT system integration consultant,perform-project-management,44,optional,esco
ICT system integration consultant,plan-migration-to-cloud,42,optional,esco
ICT system integration consultant,use-an-application-specific-interface,42,optional,esco
ICT system integration consultant,agile-project-management,40,optional,esco
ICT system integration consultant,build-business-relationships,38,optional,esco
ICT system integration consultant,ict-performance-analysis-methods,38,optional,esco
ICT system integration consultant,use-different-communication-channels,36,optional,esco
ICT system integration consultant,model-based-system-engineering,34,optional,esco
ICT system integration consultant,write-work-related-reports,34,optional,esco
ICT system integration consultant,engineering-processes,32,optional,esco
ICT system integration consultant,manage-cloud-data-and-storage,32,optional,esco
ICT system integration consultant,implement-ict-safety-policies,30,optional,esco
ICT system integration consultant,software-components-libraries,30,optional,esco
ICT system integration consultant,software-components-suppliers,30,optional,esco
ICT system integration consultant,track-key-performance-indicators,30,optional,esco
ICT system integration consultant,hardware-components,28,optional,esco
ICT system integration consultant,process-based-management,26,optional,esco
ICT system integration consultant,lean-project-management,24,optional,esco
ICT system integration consultant,use-back-up-and-recovery-tools,24,optional,esco
ICT system integration consultant,educate-on-data-confidentiality,22,optional,esco
ICT system integration consultant,implement-a-virtual-private-network,20,optional,esco
ICT system integration consultant,implement-a-firewall,18,optional,esco
ICT system tester,execute-software-tests,92,essential,esco
ICT system tester,levels-of-software-testing,88,essential,esco
ICT system tester,manage-system-testing,84,essential,esco
ICT system tester,report-test-findings,82,essential,esco
ICT system tester,software-anomalies,80,essential,esco
ICT system tester,address-problems-critically,75,essential,esco
ICT system tester,replicate-customer-software-issues,74,essential,esco
ICT system tester,provide-software-testing-documentation,72,essential,esco
ICT system tester,identify-ict-system-weaknesses,70,essential,esco
ICT system tester,perform-ict-security-testing,66,essential,esco
ICT system tester,apply-ict-systems-theory,65,essential,esco
ICT system tester,systems-theory,60,essential,esco
ICT system tester,tools-for-ict-test-automation,60,optional,esco
ICT system tester,execute-integration-testing,58,optional,esco
ICT system tester,ict-debugging-tools,58,optional,esco
ICT system tester,develop-automated-software-tests,56,optional,esco
ICT system tester,debug-software,55,optional,esco
ICT system tester,develop-ict-test-suite,54,optional,esco
ICT system tester,solve-ict-system-problems,52,optional,esco
ICT system tester,use-scripting-programming,50,optional,esco
ICT system tester,ict-system-integration,48,optional,esco
ICT system tester,monitor-system-performance,46,optional,esco
ICT system tester,perform-software-recovery-testing,44,optional,esco
ICT system tester,agile-project-management,42,optional,esco
ICT system tester,ict-system-programming,35,optional,esco
ICT system tester,query-languages,35,optional,esco
ICT system tester,conduct-ict-code-review,34,optional,esco
ICT system tester,ict-project-management-methodologies,34,optional,esco
ICT system tester,measure-software-usability,32,optional,esco
ICT system tester,attack-vectors,28,optional,esco
ICT system tester,manage-schedule-of-tasks,28,optional,esco
ICT system tester,process-based-management,24,optional,esco
ICT system tester,lean-project-management,22,optional,esco
ICT system tester,ict-network-simulation,20,optional,esco
ICT system tester,give-live-presentation,18,optional,esco
ICT system tester,ldap,16,optional,esco
ICT system tester,linq,14,optional,esco
ICT system tester,resource-description-framework-query-language,14,optional,esco
ICT system tester,sparql,14,optional,esco
ICT system tester,xquery,14,optional,esco
ICT system tester,mdx,12,optional,esco
ICT system tester,n1ql,8,optional,esco
ICT teacher secondary school,teach-computer-science,95,essential,esco
ICT teacher secondary school,computer-science,90,essential,esco
ICT teacher secondary school,demonstrate-when-teaching,84,essential,esco
ICT teacher secondary school,teach-digital-literacy,80,essential,esco
ICT teacher secondary school,develop-digital-educational-materials,78,essential,esco
ICT teacher secondary school,give-constructive-feedback,75,essential,esco
ICT teacher secondary school,use-it-tools,72,essential,esco
ICT teacher secondary school,computer-technology,68,essential,esco
ICT teacher secondary school,e-learning,65,essential,esco
ICT teacher secondary school,office-software,62,essential,esco
ICT teacher secondary school,work-with-virtual-learning-environments,60,essential,esco
ICT teacher secondary school,ict-software-specifications,55,essential,esco
ICT teacher secondary school,monitor-developments-in-field-of-expertise,52,essential,esco
ICT teacher secondary school,ict-hardware-specifications,50,essential,esco
ICT teacher secondary school,maintain-computer-hardware,42,essential,esco
ICT teacher secondary school,perform-ict-troubleshooting,38,optional,esco
ICT teacher secondary school,human-computer-interaction,30,optional,esco
ICT teacher secondary school,ict-communications-protocols,26,optional,esco
ICT teacher secondary school,disability-types,24,optional,esco
ICT teacher secondary school,computer-history,18,optional,esco
ICT technician,perform-ict-troubleshooting,94,essential,esco
ICT technician,maintain-ict-system,92,essential,esco
ICT technician,repair-ict-devices,90,essential,esco
ICT technician,maintain-ict-server,88,essential,esco
ICT technician,administer-ict-system,86,essential,esco
ICT technician,ict-networking-hardware,84,essential,esco
ICT technician,perform-backups,76,essential,esco
ICT technician,ict-network-routing,74,essential,esco
ICT technician,implement-ict-recovery-system,72,essential,esco
ICT technician,implement-anti-virus-software,70,essential,esco
ICT technician,configure-ict-system,68,optional,esco
ICT technician,define-firewall-rules,68,essential,esco
ICT technician,create-solutions-to-problems,66,optional,esco
ICT technician,implement-a-virtual-private-network,66,essential,esco
ICT technician,keep-up-to-date-on-product-knowledge,64,essential,esco
ICT technician,remove-computer-virus-or-malware-from-a-computer,64,optional,esco
ICT technician,ict-communications-protocols,62,optional,esco
ICT technician,ict-network-cable-limitations,62,essential,esco
ICT technician,distributed-directory-information-services,60,essential,esco
ICT technician,attack-vectors,58,essential,esco
ICT technician,cisco,56,optional,esco
ICT technician,manage-email-hosting-service,56,essential,esco
ICT technician,procurement-of-ict-network-equipment,52,essential,esco
ICT technician,provide-technical-documentation,52,optional,esco
ICT technician,ict-system-user-requirements,50,optional,esco
ICT technician,use-access-control-software,48,optional,esco
ICT technician,manage-schedule-of-tasks,46,optional,esco
ICT technician,ict-debugging-tools,44,optional,esco
ICT technician,ict-encryption,42,optional,esco
ICT technician,operate-private-branch-exchange,40,essential,esco
ICT technician,systems-thinking,40,optional,esco
ICT technician,use-different-communication-channels,38,optional,esco
ICT technician,computer-programming,34,optional,esco
ICT technician,manage-ict-legacy-implication,32,optional,esco
ICT technician,ict-system-programming,30,optional,esco
ICT technician,python-computer-programming,28,optional,esco
ICT technician,ict-market,20,optional,esco
ICT technician,perl,20,optional,esco
ICT technician,javascript,18,optional,esco
ICT technician,open-source-model,18,optional,esco
ICT technician,saas-service-oriented-modelling,18,optional,esco
ICT technician,c-2,16,optional,esco
ICT technician,java-computer-programming,16,optional,esco
ICT technician,service-oriented-modelling,16,optional,esco
ICT technician,visual-studio-net,16,optional,esco
ICT technician,c,14,optional,esco
ICT technician,hybrid-model,14,optional,esco
ICT technician,outsourcing-model,14,optional,esco
ICT technician,php,14,optional,esco
ICT technician,vbscript,14,optional,esco
ICT technician,asp-net,12,optional,esco
ICT technician,assembly-computer-programming,12,optional,esco
ICT technician,microsoft-visual-c,12,optional,esco
ICT technician,ruby-computer-programming,12,optional,esco
ICT technician,ajax,10,optional,esco
ICT technician,sap-r3,10,optional,esco
ICT technician,typescript,10,optional,esco
ICT technician,r,8,optional,esco
ICT technician,groovy,6,optional,esco
ICT technician,matlab,6,optional,esco
ICT technician,objective-c,6,optional,esco
ICT technician,sas-language,6,optional,esco
ICT technician,scala,6,optional,esco
ICT technician,swift-computer-programming,6,optional,esco
ICT technician,abap,5,optional,esco
ICT technician,cobol,5,optional,esco
ICT technician,coffeescript,5,optional,esco
ICT technician,erlang,5,optional,esco
ICT technician,apl,4,optional,esco
ICT technician,common-lisp,4,optional,esco
ICT technician,haskell,4,optional,esco
ICT technician,lisp,4,optional,esco
ICT technician,ml-computer-programming,4,optional,esco
ICT technician,openedge-advanced-business-language,4,optional,esco
ICT technician,pascal-computer-programming,4,optional,esco
ICT technician,prolog-computer-programming,4,optional,esco
ICT technician,scratch-computer-programming,4,optional,esco
ICT technician,smalltalk-computer-programming,4,optional,esco
ICT test analyst,plan-software-testing,92,essential,esco
ICT test analyst,levels-of-software-testing,90,essential,esco
ICT test analyst,develop-ict-test-suite,88,essential,esco
ICT test analyst,report-test-findings,85,essential,esco
ICT test analyst,execute-software-tests,80,essential,esco
ICT test analyst,provide-software-testing-documentation,78,essential,esco
ICT test analyst,set-quality-assurance-objectives,76,essential,esco
ICT test analyst,address-problems-critically,74,essential,esco
ICT test analyst,replicate-customer-software-issues,68,essential,esco
ICT test analyst,tools-for-ict-test-automation,62,optional,esco
ICT test analyst,develop-automated-software-tests,58,optional,esco
ICT test analyst,ict-debugging-tools,50,optional,esco
ICT test analyst,use-scripting-programming,48,optional,esco
ICT test analyst,agile-project-management,46,optional,esco
ICT test analyst,debug-software,45,optional,esco
ICT test analyst,perform-software-recovery-testing,42,optional,esco
ICT test analyst,ict-project-management-methodologies,40,optional,esco
ICT test analyst,perform-quality-audits,38,optional,esco
ICT test analyst,manage-schedule-of-tasks,36,optional,esco
ICT test analyst,query-languages,35,optional,esco
ICT test analyst,ict-performance-analysis-methods,34,optional,esco
ICT test analyst,measure-software-usability,34,optional,esco
ICT test analyst,conduct-ict-code-review,32,optional,esco
ICT test analyst,apply-statistical-analysis-techniques,30,optional,esco
ICT test analyst,process-based-management,24,optional,esco
ICT test analyst,visual-presentation-techniques,24,optional,esco
ICT test analyst,decision-support-systems,22,optional,esco
ICT test analyst,give-live-presentation,22,optional,esco
ICT test analyst,lean-project-management,22,optional,esco
ICT test analyst,ldap,16,optional,esco
ICT test analyst,linq,14,optional,esco
ICT test analyst,resource-description-framework-query-language,14,optional,esco
ICT test analyst,sparql,14,optional,esco
ICT test analyst,xquery,14,optional,esco
ICT test analyst,mdx,12,optional,esco
ICT test analyst,n1ql,8,optional,esco
ICT trainer,create-training-materials,92,essential,esco
ICT trainer,training-subject-expertise,90,essential,esco
ICT trainer,organise-training,85,essential,esco
ICT trainer,develop-digital-educational-materials,80,essential,esco
ICT trainer,evaluate-training,78,essential,esco
ICT trainer,give-live-presentation,76,essential,esco
ICT trainer,keep-up-to-date-with-training-subjects,74,essential,esco
ICT trainer,design-web-based-courses,70,essential,esco
ICT trainer,create-scorm-packages,62,essential,esco
ICT trainer,deliver-online-training,58,optional,esco
ICT trainer,learning-management-systems,55,optional,esco
ICT trainer,identify-training-needs,54,optional,esco
ICT trainer,e-learning,52,optional,esco
ICT trainer,instructional-design-models,50,optional,esco
ICT trainer,learning-technologies,46,optional,esco
ICT trainer,e-learning-software-infrastructure,44,optional,esco
ICT trainer,use-presentation-software,42,optional,esco
ICT trainer,moodle,40,optional,esco
ICT trainer,canvas-learning-management-systems,38,optional,esco
ICT trainer,develop-a-coaching-style,36,optional,esco
ICT trainer,use-different-communication-channels,35,optional,esco
ICT trainer,assess-employees-capability-levels,34,optional,esco
ICT trainer,online-moderation-techniques,30,optional,esco
ICT trainer,identify-ict-user-needs,28,optional,esco
ICT trainer,cognitive-psychology,26,optional,esco
ICT trainer,emergent-technologies,24,optional,esco
ICT trainer,perform-ict-troubleshooting,22,optional,esco
ICT trainer,brightspace-learning-management-systems,18,optional,esco
ICT trainer,absorb-learning-management-systems,16,optional,esco
ICT trainer,sakai,15,optional,esco
ICT trainer,edmodo,14,optional,esco
ICT trainer,schoology,14,optional,esco
ICT trainer,litmos,12,optional,esco
ICT trainer,engrade,10,optional,esco
ICT trainer,grovo,10,optional,esco
ICT trainer,lams,10,optional,esco
ICT trainer,wiziq,10,optional,esco
ICT trainer,taleo,8,optional,esco
ICT usability tester,measure-software-usability,95,essential,esco
ICT usability tester,application-usability,92,essential,esco
ICT usability tester,human-computer-interaction,90,essential,esco
ICT usability tester,assess-users-interaction-with-ict-applications,88,essential,esco
ICT usability tester,execute-ict-user-research-activities,85,essential,esco
ICT usability tester,report-test-findings,80,essential,esco
ICT usability tester,use-experience-map,74,essential,esco
ICT usability tester,conduct-research-interview,72,essential,esco
ICT usability tester,address-problems-critically,70,essential,esco
ICT usability tester,create-website-wireframe,68,essential,esco
ICT usability tester,levels-of-software-testing,66,essential,esco
ICT usability tester,provide-software-testing-documentation,64,essential,esco
ICT usability tester,behavioural-science,62,essential,esco
ICT usability tester,execute-software-tests,60,essential,esco
ICT usability tester,replicate-customer-software-issues,58,essential,esco
ICT usability tester,design-user-interface,56,optional,esco
ICT usability tester,cognitive-psychology,46,optional,esco
ICT usability tester,visual-presentation-techniques,42,optional,esco
ICT usability tester,agile-project-management,40,optional,esco
ICT usability tester,develop-ict-test-suite,38,optional,esco
ICT usability tester,use-markup-languages,36,optional,esco
ICT usability tester,query-languages,35,optional,esco
ICT usability tester,tools-for-ict-test-automation,34,optional,esco
ICT usability tester,web-programming,32,optional,esco
ICT usability tester,ict-project-management-methodologies,30,optional,esco
ICT usability tester,javascript,30,optional,esco
ICT usability tester,manage-schedule-of-tasks,28,optional,esco
ICT usability tester,use-scripting-programming,26,optional,esco
ICT usability tester,develop-automated-software-tests,24,optional,esco
ICT usability tester,ict-debugging-tools,24,optional,esco
ICT usability tester,process-based-management,24,optional,esco
ICT usability tester,debug-software,22,optional,esco
ICT usability tester,lean-project-management,22,optional,esco
ICT usability tester,unstructured-data,18,optional,esco
ICT usability tester,conduct-ict-code-review,16,optional,esco
ICT usability tester,ldap,16,optional,esco
ICT usability tester,ajax,14,optional,esco
ICT usability tester,linq,14,optional,esco
ICT usability tester,php,14,optional,esco
ICT usability tester,resource-description-framework-query-language,14,optional,esco
ICT usability tester,sparql,14,optional,esco
ICT usability tester,xquery,14,optional,esco
ICT usability tester,mdx,12,optional,esco
ICT usability tester,n1ql,8,optional,esco
ICT vendor relationship manager,maintain-relationship-with-suppliers,92,essential,esco
ICT vendor relationship manager,manage-contracts,88,essential,esco
ICT vendor relationship manager,outsourcing-strategy,85,essential,esco
ICT vendor relationship manager,contract-law,82,essential,esco
ICT vendor relationship manager,build-business-relationships,78,optional,esco
ICT vendor relationship manager,maintain-relationship-with-customers,76,essential,esco
ICT vendor relationship manager,negotiate-buying-conditions,75,optional,esco
ICT vendor relationship manager,ict-market,74,essential,esco
ICT vendor relationship manager,supply-chain-management,72,essential,esco
ICT vendor relationship manager,coordinate-purchasing-activities,70,essential,esco
ICT vendor relationship manager,analyse-supply-chain-strategies,68,essential,esco
ICT vendor relationship manager,ict-sales-methodologies,66,essential,esco
ICT vendor relationship manager,assess-supplier-risks,65,optional,esco
ICT vendor relationship manager,manage-budgets,64,essential,esco
ICT vendor relationship manager,analyse-supply-chain-trends,62,essential,esco
ICT vendor relationship manager,insourcing-strategy,60,essential,esco
ICT vendor relationship manager,carry-out-tendering,58,optional,esco
ICT vendor relationship manager,compare-contractors-bids,57,optional,esco
ICT vendor relationship manager,electronic-communication,55,essential,esco
ICT vendor relationship manager,software-components-suppliers,50,optional,esco
ICT vendor relationship manager,crowdsourcing-strategy,48,essential,esco
ICT vendor relationship manager,business-processes,45,optional,esco
ICT vendor relationship manager,adhere-to-organisational-guidelines,44,optional,esco
ICT vendor relationship manager,perform-project-management,42,optional,esco
ICT vendor relationship manager,manage-staff,40,optional,esco
ICT vendor relationship manager,forecast-workload,36,optional,esco
ICT vendor relationship manager,design-process,22,optional,esco
illustrator,interpret-illustration-needs,90,essential,esco
illustrator,select-illustration-styles,85,essential,esco
illustrator,analyse-texts-to-be-illustrated,82,essential,esco
illustrator,follow-a-brief,78,essential,esco
illustrator,graphic-design,72,essential,esco
illustrator,create-original-drawings,70,optional,esco
illustrator,create-sketches,68,optional,esco
illustrator,use-digital-illustration-techniques,66,optional,esco
illustrator,use-traditional-illustration-techniques,65,optional,esco
illustrator,consult-with-business-clients,60,essential,esco
illustrator,copyright-legislation,55,essential,esco
illustrator,create-2d-painting,52,optional,esco
illustrator,follow-work-schedule,50,essential,esco
illustrator,finish-project-within-budget,48,essential,esco
illustrator,design-graphics,46,optional,esco
illustrator,art-history,45,essential,esco
illustrator,perform-image-editing,44,optional,esco
illustrator,intellectual-property-law,42,essential,esco
illustrator,desktop-publishing,34,optional,esco
illustrator,apply-desktop-publishing-techniques,30,optional,esco
illustrator,create-animated-narratives,26,optional,esco
illustrator,labour-legislation,25,essential,esco
illustrator,edit-photographs,24,optional,esco
illustrator,multimedia-systems,20,optional,esco
illustrator,ict-software-specifications,18,optional,esco
illustrator,edit-negatives,14,optional,esco
Incident Response Analyst,cyber-security,90,essential,market
Incident Response Analyst,attack-vectors,85,essential,market
Incident Response Analyst,computer-forensics,82,essential,market
Incident Response Analyst,perform-forensic-preservations-of-digital-devices,78,essential,market
Incident Response Analyst,collect-cyber-defence-data,75,essential,market
Incident Response Analyst,perform-escalation-procedure,72,essential,market
Incident Response Analyst,wireshark,68,optional,market
Incident Response Analyst,web-application-security-threats,65,optional,market
Incident Response Analyst,respond-to-incidents-in-cloud,64,optional,market
Incident Response Analyst,write-technical-reports,62,optional,market
Incident Response Analyst,use-ict-ticketing-system,55,optional,market
Incident Response Analyst,remove-computer-virus-or-malware-from-a-computer,50,optional,market
industrial mobile devices software developer,computer-programming,88,essential,esco
industrial mobile devices software developer,mobile-device-software-frameworks,82,optional,esco
industrial mobile devices software developer,mobile-operating-systems,80,essential,esco
industrial mobile devices software developer,debug-software,75,essential,esco
industrial mobile devices software developer,android-mobile-operating-systems,72,optional,esco
industrial mobile devices software developer,use-software-libraries,69,essential,esco
industrial mobile devices software developer,analyse-software-specifications,68,essential,esco
industrial mobile devices software developer,ict-debugging-tools,68,essential,esco
industrial mobile devices software developer,ios,68,optional,esco
industrial mobile devices software developer,integrated-development-environment-software,65,essential,esco
industrial mobile devices software developer,embedded-systems,64,essential,esco
industrial mobile devices software developer,use-software-design-patterns,62,essential,esco
industrial mobile devices software developer,industrial-software,60,essential,esco
industrial mobile devices software developer,java-computer-programming,60,optional,esco
industrial mobile devices software developer,use-object-oriented-programming,57,optional,esco
industrial mobile devices software developer,c,55,optional,esco
industrial mobile devices software developer,tools-for-software-configuration-management,55,essential,esco
industrial mobile devices software developer,provide-technical-documentation,52,essential,esco
industrial mobile devices software developer,c-2,50,optional,esco
industrial mobile devices software developer,javascript,50,optional,esco
industrial mobile devices software developer,python-computer-programming,50,optional,esco
industrial mobile devices software developer,swift-computer-programming,45,optional,esco
industrial mobile devices software developer,use-an-application-specific-interface,45,essential,esco
industrial mobile devices software developer,design-application-interfaces,41,essential,esco
industrial mobile devices software developer,objective-c,38,optional,esco
industrial mobile devices software developer,develop-software-prototype,37,essential,esco
industrial mobile devices software developer,object-oriented-modelling,37,optional,esco
industrial mobile devices software developer,create-flowchart-diagram,35,essential,esco
industrial mobile devices software developer,design-user-interface,35,optional,esco
industrial mobile devices software developer,typescript,35,optional,esco
industrial mobile devices software developer,software-anomalies,33,optional,esco
industrial mobile devices software developer,interpret-technical-texts,31,essential,esco
industrial mobile devices software developer,identify-customer-requirements,29,optional,esco
industrial mobile devices software developer,integrate-system-components,25,optional,esco
industrial mobile devices software developer,php,25,optional,esco
industrial mobile devices software developer,use-concurrent-programming,25,optional,esco
industrial mobile devices software developer,utilise-computer-aided-software-engineering-tools,22,essential,esco
industrial mobile devices software developer,use-different-communication-channels,21,essential,esco
industrial mobile devices software developer,use-functional-programming,21,optional,esco
industrial mobile devices software developer,ruby-computer-programming,20,optional,esco
industrial mobile devices software developer,adapt-to-changes-in-technological-development-plans,19,optional,esco
industrial mobile devices software developer,ajax,19,optional,esco
industrial mobile devices software developer,develop-creative-ideas,19,optional,esco
industrial mobile devices software developer,internet-of-things,19,essential,esco
industrial mobile devices software developer,jenkins-tools-for-software-configuration-management,19,optional,esco
industrial mobile devices software developer,asp-net,17,optional,esco
industrial mobile devices software developer,apache-maven,15,optional,esco
industrial mobile devices software developer,collect-customer-feedback-on-applications,15,optional,esco
industrial mobile devices software developer,eclipse-integrated-development-environment-software,15,optional,esco
industrial mobile devices software developer,visual-studio-net,15,optional,esco
industrial mobile devices software developer,world-wide-web-consortium-standards,15,optional,esco
industrial mobile devices software developer,ansible,13,optional,esco
industrial mobile devices software developer,scala,13,optional,esco
industrial mobile devices software developer,use-automatic-programming,13,optional,esco
industrial mobile devices software developer,use-logic-programming,13,optional,esco
industrial mobile devices software developer,assembly-computer-programming,10,optional,esco
industrial mobile devices software developer,blackberry,10,optional,esco
industrial mobile devices software developer,groovy,10,optional,esco
industrial mobile devices software developer,matlab,10,optional,esco
industrial mobile devices software developer,microsoft-visual-c,10,optional,esco
industrial mobile devices software developer,perl,10,optional,esco
industrial mobile devices software developer,r,10,optional,esco
industrial mobile devices software developer,windows-phone,10,optional,esco
industrial mobile devices software developer,xcode,10,optional,esco
industrial mobile devices software developer,ict-security-legislation,9,optional,esco
industrial mobile devices software developer,migrate-existing-data,9,optional,esco
industrial mobile devices software developer,puppet-tools-for-software-configuration-management,7,optional,esco
industrial mobile devices software developer,abap,5,optional,esco
industrial mobile devices software developer,coffeescript,5,optional,esco
industrial mobile devices software developer,salt-tools-for-software-configuration-management,5,optional,esco
industrial mobile devices software developer,sas-language,5,optional,esco
industrial mobile devices software developer,use-word-processing-software,5,optional,esco
industrial mobile devices software developer,vbscript,5,optional,esco
industrial mobile devices software developer,cobol,3,optional,esco
industrial mobile devices software developer,erlang,3,optional,esco
industrial mobile devices software developer,haskell,3,optional,esco
industrial mobile devices software developer,kdevelop,3,optional,esco
industrial mobile devices software developer,pascal-computer-programming,3,optional,esco
industrial mobile devices software developer,sap-r3,3,optional,esco
industrial mobile devices software developer,scratch-computer-programming,3,optional,esco
industrial mobile devices software developer,staf,3,optional,esco
industrial mobile devices software developer,apl,1,optional,esco
industrial mobile devices software developer,common-lisp,1,optional,esco
industrial mobile devices software developer,lisp,1,optional,esco
industrial mobile devices software developer,ml-computer-programming,1,optional,esco
industrial mobile devices software developer,openedge-advanced-business-language,1,optional,esco
industrial mobile devices software developer,prolog-computer-programming,1,optional,esco
industrial mobile devices software developer,smalltalk-computer-programming,1,optional,esco
industrial robot controller,maintain-robotic-equipment,92,essential,esco
industrial robot controller,maintain-control-systems-for-automated-equipment,90,essential,esco
industrial robot controller,robotic-components,88,essential,esco
industrial robot controller,automation-technology,85,essential,esco
industrial robot controller,robotics,70,optional,esco
industrial robot controller,solve-technical-problems,66,optional,esco
industrial robot controller,perform-risk-analysis,60,essential,esco
industrial robot controller,assemble-robots,58,optional,esco
industrial robot controller,sensors,55,optional,esco
industrial robot controller,record-test-data,48,optional,esco
industrial robot controller,cam-software,40,optional,esco
industrial robot controller,keep-records-of-work-progress,38,optional,esco
industrial robot controller,install-software,35,optional,esco
industrial robot controller,cad-software,32,optional,esco
industrial robot controller,cadd-software,30,optional,esco
industrial robot controller,cae-software,26,optional,esco
industrial robot controller,use-different-communication-channels,22,optional,esco
industrial robot controller,cost-management,18,optional,esco
industrial robot controller,optimise-financial-performance,14,optional,esco
information manager,manage-data,90,essential,esco
information manager,assess-informational-needs,86,essential,esco
information manager,develop-organisational-information-goals,84,essential,esco
information manager,develop-information-standards,82,essential,esco
information manager,develop-solutions-to-information-issues,80,essential,esco
information manager,design-information-system,78,essential,esco
information manager,data-quality-assessment,76,essential,esco
information manager,analyse-information-systems,74,essential,esco
information manager,manage-digital-libraries,72,essential,esco
information manager,cooperate-to-resolve-information-issues,66,essential,esco
information manager,use-databases,64,optional,esco
information manager,perform-data-mining,62,essential,esco
information manager,supervise-daily-information-operations,60,optional,esco
information manager,manage-digital-documents,58,optional,esco
information manager,analyse-big-data,56,optional,esco
information manager,evaluate-project-plans,54,essential,esco
information manager,copyright-legislation,50,essential,esco
information manager,use-software-for-data-preservation,48,optional,esco
information manager,perform-customer-management,46,essential,esco
information manager,create-semantic-trees,44,optional,esco
information manager,digitise-documents,40,optional,esco
information manager,manage-operational-budgets,38,optional,esco
information manager,manage-schedule-of-tasks,34,optional,esco
information manager,manage-digital-identity,30,optional,esco
information manager,hire-new-personnel,26,optional,esco
information manager,maintain-information-network-hardware,24,optional,esco
integration engineer,integrate-system-components,95,essential,esco
integration engineer,define-integration-strategy,92,essential,esco
integration engineer,design-component-interfaces,86,essential,esco
integration engineer,deploy-ict-systems,80,essential,esco
integration engineer,ict-communications-protocols,76,essential,esco
integration engineer,ict-system-integration,72,optional,esco
integration engineer,use-scripting-programming,70,essential,esco
integration engineer,interfacing-techniques,68,optional,esco
integration engineer,ict-system-user-requirements,66,essential,esco
integration engineer,solution-deployment,62,optional,esco
integration engineer,systems-development-life-cycle,60,optional,esco
integration engineer,ict-infrastructure,58,optional,esco
integration engineer,provide-technical-documentation,58,essential,esco
integration engineer,computer-programming,56,optional,esco
integration engineer,analyse-network-bandwidth-requirements,55,essential,esco
integration engineer,ict-system-programming,54,optional,esco
integration engineer,ict-debugging-tools,52,optional,esco
integration engineer,ict-project-management-methodologies,52,essential,esco
integration engineer,tools-for-software-configuration-management,50,optional,esco
integration engineer,ansible,48,optional,esco
integration engineer,software-components-libraries,46,optional,esco
integration engineer,use-an-application-specific-interface,45,optional,esco
integration engineer,ict-network-routing,44,optional,esco
integration engineer,procurement-of-ict-network-equipment,44,essential,esco
integration engineer,tools-for-ict-test-automation,44,optional,esco
integration engineer,design-computer-network,43,optional,esco
integration engineer,apply-ict-system-usage-policies,42,essential,esco
integration engineer,information-architecture,42,optional,esco
integration engineer,perform-project-management,41,optional,esco
integration engineer,agile-project-management,40,optional,esco
integration engineer,communicate-with-customers,40,optional,esco
integration engineer,hardware-components,40,optional,esco
integration engineer,jenkins-tools-for-software-configuration-management,40,optional,esco
integration engineer,software-components-suppliers,40,essential,esco
integration engineer,engineering-processes,38,optional,esco
integration engineer,vagrant,38,optional,esco
integration engineer,apply-company-policies,36,essential,esco
integration engineer,model-based-system-engineering,36,optional,esco
integration engineer,adapt-to-changing-situations,35,optional,esco
integration engineer,cisco,34,optional,esco
integration engineer,information-security-strategy,34,optional,esco
integration engineer,utilise-computer-aided-software-engineering-tools,32,optional,esco
integration engineer,ict-recovery-techniques,30,optional,esco
integration engineer,puppet-tools-for-software-configuration-management,30,optional,esco
integration engineer,use-back-up-and-recovery-tools,28,optional,esco
integration engineer,python-computer-programming,27,optional,esco
integration engineer,embedded-systems,26,optional,esco
integration engineer,java-computer-programming,26,optional,esco
integration engineer,salt-tools-for-software-configuration-management,26,optional,esco
integration engineer,javascript,25,optional,esco
integration engineer,apache-maven,24,optional,esco
integration engineer,process-based-management,24,optional,esco
integration engineer,c,22,optional,esco
integration engineer,lean-project-management,22,optional,esco
integration engineer,c-2,21,optional,esco
integration engineer,implement-a-firewall,20,optional,esco
integration engineer,php,17,optional,esco
integration engineer,asp-net,14,optional,esco
integration engineer,implement-anti-virus-software,14,optional,esco
integration engineer,r,14,optional,esco
integration engineer,ruby-computer-programming,14,optional,esco
integration engineer,scala,14,optional,esco
integration engineer,swift-computer-programming,14,optional,esco
integration engineer,matlab,12,optional,esco
integration engineer,visual-studio-net,12,optional,esco
integration engineer,ajax,11,optional,esco
integration engineer,microsoft-visual-c,10,optional,esco
integration engineer,objective-c,10,optional,esco
integration engineer,perl,10,optional,esco
integration engineer,staf,10,optional,esco
integration engineer,groovy,9,optional,esco
integration engineer,assembly-computer-programming,8,optional,esco
integration engineer,sap-r3,7,optional,esco
integration engineer,abap,6,optional,esco
integration engineer,haskell,6,optional,esco
integration engineer,sas-language,6,optional,esco
integration engineer,cobol,4,optional,esco
integration engineer,common-lisp,4,optional,esco
integration engineer,lisp,4,optional,esco
integration engineer,ml-computer-programming,4,optional,esco
integration engineer,pascal-computer-programming,4,optional,esco
integration engineer,prolog-computer-programming,4,optional,esco
integration engineer,apl,3,optional,esco
integration engineer,openedge-advanced-business-language,3,optional,esco
integration engineer,scratch-computer-programming,3,optional,esco
Interaction Designer,software-interaction-design,92,essential,market
Interaction Designer,design-interaction-model,90,essential,market
Interaction Designer,use-methodologies-for-user-centered-design,88,essential,market
Interaction Designer,design-user-interface,85,essential,market
Interaction Designer,create-prototype-of-user-experience-solutions,80,essential,market
Interaction Designer,information-architecture,76,optional,market
Interaction Designer,usability-engineering,74,optional,market
Interaction Designer,assess-users-interaction-with-ict-applications,72,optional,market
Interaction Designer,create-website-wireframe,68,optional,market
Interaction Designer,use-experience-map,62,optional,market
iOS Developer,swift-computer-programming,92,essential,market
iOS Developer,ios,88,essential,market
iOS Developer,xcode,85,essential,market
iOS Developer,debug-software,78,essential,market
iOS Developer,mobile-device-software-frameworks,76,essential,market
iOS Developer,use-object-oriented-programming,72,essential,market
iOS Developer,algorithms,64,optional,market
iOS Developer,design-user-interface,58,optional,market
iOS Developer,agile-development,55,optional,market
iOS Developer,application-usability,52,optional,market
iOS Developer,levels-of-software-testing,50,optional,market
iOS Developer,manage-software-releases,46,optional,market
IoT Engineer,internet-of-things,92,essential,market
IoT Engineer,embedded-systems,88,essential,market
IoT Engineer,program-firmware,84,essential,market
IoT Engineer,ict-communications-protocols,80,essential,market
IoT Engineer,sensors,77,essential,market
IoT Engineer,integrate-system-components,75,essential,market
IoT Engineer,real-time-computing,68,optional,market
IoT Engineer,c,67,optional,market
IoT Engineer,cloud-technologies,65,optional,market
IoT Engineer,cyber-security,62,optional,market
IoT Engineer,python-computer-programming,60,optional,market
IoT Engineer,test-wireless-devices,58,optional,market
IT auditor,execute-ict-audits,95,essential,esco
IT auditor,audit-techniques,92,essential,esco
IT auditor,develop-audit-plan,88,essential,esco
IT auditor,perform-quality-audits,84,essential,esco
IT auditor,ict-security-standards,82,essential,esco
IT auditor,ensure-adherence-to-organisational-ict-standards,80,essential,esco
IT auditor,analyse-ict-system,76,essential,esco
IT auditor,ict-quality-policy,72,essential,esco
IT auditor,ict-security-legislation,70,essential,esco
IT auditor,ict-process-quality-models,68,essential,esco
IT auditor,quality-standards,66,essential,esco
IT auditor,perform-ict-security-testing,64,essential,esco
IT auditor,legal-requirements-of-ict-products,62,essential,esco
IT auditor,manage-it-security-compliances,60,optional,esco
IT auditor,cyber-security,58,optional,esco
IT auditor,identify-ict-security-risks,58,optional,esco
IT auditor,apply-information-security-policies,56,optional,esco
IT auditor,improve-business-processes,56,essential,esco
IT auditor,systems-development-life-cycle,55,essential,esco
IT auditor,ict-network-security-risks,54,optional,esco
IT auditor,information-security-strategy,52,optional,esco
IT auditor,organisational-resilience,50,essential,esco
IT auditor,develop-documentation-in-accordance-with-legal-requirements,48,optional,esco
IT auditor,define-organisational-standards,46,optional,esco
IT auditor,identify-legal-requirements,44,optional,esco
IT auditor,communicate-analytical-insights,42,optional,esco
IT auditor,product-life-cycle,40,essential,esco
IT auditor,engineering-processes,38,essential,esco
IT auditor,cloud-technologies,36,optional,esco
IT auditor,ict-project-management,34,optional,esco
IT auditor,develop-ict-workflow,30,optional,esco
IT auditor,monitor-technology-trends,28,optional,esco
IT auditor,ict-accessibility-standards,26,optional,esco
IT auditor,safeguard-online-privacy-and-identity,24,optional,esco
IT auditor,world-wide-web-consortium-standards,18,optional,esco
Java Developer,java-computer-programming,92,essential,market
Java Developer,use-object-oriented-programming,85,essential,market
Java Developer,debug-software,78,essential,market
Java Developer,software-design-methodologies,74,essential,market
Java Developer,algorithms,70,optional,market
Java Developer,perform-software-unit-testing,69,optional,market
Java Developer,apache-maven,65,optional,market
Java Developer,tools-for-software-configuration-management,62,optional,market
Java Developer,sql,60,optional,market
Java Developer,eclipse-integrated-development-environment-software,55,optional,market
knowledge engineer,manage-ict-semantic-integration,92,essential,esco
knowledge engineer,create-semantic-trees,90,essential,esco
knowledge engineer,principles-of-artificial-intelligence,88,essential,esco
knowledge engineer,information-extraction,85,essential,esco
knowledge engineer,information-structure,82,essential,esco
knowledge engineer,natural-language-processing,80,essential,esco
knowledge engineer,resource-description-framework-query-language,78,essential,esco
knowledge engineer,manage-business-knowledge,76,essential,esco
knowledge engineer,use-databases,72,essential,esco
knowledge engineer,systems-theory,70,essential,esco
knowledge engineer,apply-ict-systems-theory,68,essential,esco
knowledge engineer,task-algorithmisation,66,essential,esco
knowledge engineer,manage-database,64,essential,esco
knowledge engineer,database-development-tools,62,essential,esco
knowledge engineer,business-process-modelling,60,essential,esco
knowledge engineer,information-categorisation,60,optional,esco
knowledge engineer,assess-ict-knowledge,58,essential,esco
knowledge engineer,data-mining,58,optional,esco
knowledge engineer,business-intelligence,56,essential,esco
knowledge engineer,information-architecture,55,optional,esco
knowledge engineer,analyse-business-requirements,54,essential,esco
knowledge engineer,sparql,52,optional,esco
knowledge engineer,systems-development-life-cycle,52,essential,esco
knowledge engineer,computer-programming,50,optional,esco
knowledge engineer,use-markup-languages,50,essential,esco
knowledge engineer,use-query-languages,49,optional,esco
knowledge engineer,define-technical-requirements,48,essential,esco
knowledge engineer,unstructured-data,47,optional,esco
knowledge engineer,python-computer-programming,46,optional,esco
knowledge engineer,prolog-computer-programming,45,optional,esco
knowledge engineer,decision-support-systems,44,optional,esco
knowledge engineer,web-programming,44,essential,esco
knowledge engineer,design-database-scheme,42,optional,esco
knowledge engineer,use-an-application-specific-interface,42,essential,esco
knowledge engineer,cognitive-psychology,40,optional,esco
knowledge engineer,define-database-physical-structure,38,optional,esco
knowledge engineer,utilise-decision-support-system,36,optional,esco
knowledge engineer,create-database-diagrams,34,optional,esco
knowledge engineer,store-digital-data-and-systems,33,optional,esco
knowledge engineer,design-application-interfaces,31,optional,esco
knowledge engineer,ict-project-management,30,optional,esco
knowledge engineer,manage-digital-documents,29,optional,esco
knowledge engineer,r,28,optional,esco
knowledge engineer,visual-presentation-techniques,26,optional,esco
knowledge engineer,cloud-technologies,25,optional,esco
knowledge engineer,java-computer-programming,24,optional,esco
knowledge engineer,manage-cloud-data-and-storage,23,optional,esco
knowledge engineer,lisp,22,optional,esco
knowledge engineer,use-spreadsheets-software,21,optional,esco
knowledge engineer,common-lisp,20,optional,esco
knowledge engineer,ict-security-legislation,20,optional,esco
knowledge engineer,use-back-up-and-recovery-tools,19,optional,esco
knowledge engineer,build-business-relationships,18,optional,esco
knowledge engineer,javascript,18,optional,esco
knowledge engineer,linq,17,optional,esco
knowledge engineer,c,16,optional,esco
knowledge engineer,perl,16,optional,esco
knowledge engineer,ml-computer-programming,15,optional,esco
knowledge engineer,c-2,14,optional,esco
knowledge engineer,haskell,14,optional,esco
knowledge engineer,typescript,13,optional,esco
knowledge engineer,matlab,12,optional,esco
knowledge engineer,ruby-computer-programming,12,optional,esco
knowledge engineer,sas-language,12,optional,esco
knowledge engineer,sap-r3,11,optional,esco
knowledge engineer,php,10,optional,esco
knowledge engineer,scala,10,optional,esco
knowledge engineer,visual-studio-net,10,optional,esco
knowledge engineer,microsoft-visual-c,9,optional,esco
knowledge engineer,n1ql,9,optional,esco
knowledge engineer,abap,8,optional,esco
knowledge engineer,asp-net,8,optional,esco
knowledge engineer,erlang,8,optional,esco
knowledge engineer,ajax,7,optional,esco
knowledge engineer,swift-computer-programming,7,optional,esco
knowledge engineer,groovy,6,optional,esco
knowledge engineer,smalltalk-computer-programming,6,optional,esco
knowledge engineer,vbscript,6,optional,esco
knowledge engineer,assembly-computer-programming,5,optional,esco
knowledge engineer,implement-a-virtual-private-network,5,optional,esco
knowledge engineer,objective-c,5,optional,esco
knowledge engineer,apl,4,optional,esco
knowledge engineer,cobol,4,optional,esco
knowledge engineer,coffeescript,4,optional,esco
knowledge engineer,openedge-advanced-business-language,4,optional,esco
knowledge engineer,pascal-computer-programming,4,optional,esco
knowledge engineer,scratch-computer-programming,3,optional,esco
Kubernetes Engineer,devops,90,essential,market
Kubernetes Engineer,cloud-technologies,88,essential,market
Kubernetes Engineer,automate-cloud-tasks,84,essential,market
Kubernetes Engineer,configure-ict-system,82,essential,market
Kubernetes Engineer,operating-systems,79,essential,market
Kubernetes Engineer,monitor-system-performance,76,essential,market
Kubernetes Engineer,manage-ict-virtualisation-environments,74,optional,market
Kubernetes Engineer,design-cloud-architecture,72,optional,market
Kubernetes Engineer,implement-cloud-security-and-compliance,71,optional,market
Kubernetes Engineer,respond-to-incidents-in-cloud,70,optional,market
Kubernetes Engineer,ict-network-routing,67,optional,market
Kubernetes Engineer,jenkins-tools-for-software-configuration-management,63,optional,market
LLM Engineer,natural-language-processing,90,essential,market
LLM Engineer,deep-learning,88,essential,market
LLM Engineer,python-computer-programming,85,essential,market
LLM Engineer,machine-learning,82,essential,market
LLM Engineer,algorithms,76,optional,market
LLM Engineer,distributed-computing,74,optional,market
LLM Engineer,statistics,72,optional,market
LLM Engineer,cloud-technologies,70,optional,market
LLM Engineer,perform-data-cleansing,66,optional,market
LLM Engineer,sql,62,optional,market
LLM Engineer,nosql,58,optional,market
LLM Engineer,devops,55,optional,market
Machine Learning Engineer,machine-learning,92,essential,market
Machine Learning Engineer,build-predictive-models,88,essential,market
Machine Learning Engineer,python-computer-programming,86,essential,market
Machine Learning Engineer,statistics,83,essential,market
Machine Learning Engineer,algorithms,78,essential,market
Machine Learning Engineer,deep-learning,76,optional,market
Machine Learning Engineer,data-analytics,70,optional,market
Machine Learning Engineer,data-mining,68,optional,market
Machine Learning Engineer,sql,66,optional,market
Machine Learning Engineer,distributed-computing,64,optional,market
Machine Learning Engineer,create-data-models,62,optional,market
Machine Learning Engineer,perform-data-cleansing,60,optional,market
Manual Test Engineer,execute-software-tests,90,essential,market
Manual Test Engineer,plan-software-testing,86,essential,market
Manual Test Engineer,quality-assurance-methodologies,84,essential,market
Manual Test Engineer,report-test-findings,78,essential,market
Manual Test Engineer,use-ict-ticketing-system,72,optional,market
Manual Test Engineer,provide-software-testing-documentation,68,optional,market
Manual Test Engineer,levels-of-software-testing,66,optional,market
Manual Test Engineer,analyse-software-specifications,64,optional,market
Manual Test Engineer,record-test-data,62,optional,market
Manual Test Engineer,replicate-customer-software-issues,60,optional,market
MERN Stack Developer,javascript,92,essential,market
MERN Stack Developer,javascript-framework,86,essential,market
MERN Stack Developer,web-programming,80,essential,market
MERN Stack Developer,nosql,78,essential,market
MERN Stack Developer,use-markup-languages,74,essential,market
MERN Stack Developer,css,72,essential,market
MERN Stack Developer,implement-front-end-website-design,64,optional,market
MERN Stack Developer,debug-software,62,optional,market
MERN Stack Developer,database-management-systems,60,optional,market
MERN Stack Developer,web-application-security-threats,58,optional,market
Microservices Architect,define-software-architecture,92,essential,market
Microservices Architect,distributed-computing,86,essential,market
Microservices Architect,design-cloud-architecture,82,essential,market
Microservices Architect,service-oriented-modelling,78,essential,market
Microservices Architect,define-integration-strategy,74,essential,market
Microservices Architect,ict-system-integration,73,essential,market
Microservices Architect,design-application-interfaces,71,essential,market
Microservices Architect,cloud-security-and-compliance,66,optional,market
Microservices Architect,align-software-with-system-architectures,65,optional,market
Microservices Architect,devops,64,optional,market
Microservices Architect,monitor-system-performance,63,optional,market
Microservices Architect,use-interface-description-language,58,optional,market
MLOps Engineer,devops,90,essential,market
MLOps Engineer,cloud-technologies,88,essential,market
MLOps Engineer,deploy-cloud-resource,82,essential,market
MLOps Engineer,python-computer-programming,80,essential,market
MLOps Engineer,machine-learning,76,essential,market
MLOps Engineer,automate-cloud-tasks,74,optional,market
MLOps Engineer,data-extraction-transformation-and-loading-tools,73,optional,market
MLOps Engineer,jenkins-tools-for-software-configuration-management,72,optional,market
MLOps Engineer,manage-ict-virtualisation-environments,71,optional,market
MLOps Engineer,cloud-monitoring-and-reporting,70,optional,market
MLOps Engineer,distributed-computing,69,optional,market
MLOps Engineer,sql,68,optional,market
mobile application developer,mobile-device-software-frameworks,90,optional,esco
mobile application developer,computer-programming,88,essential,esco
mobile application developer,mobile-operating-systems,85,essential,esco
mobile application developer,android-mobile-operating-systems,78,optional,esco
mobile application developer,ios,78,optional,esco
mobile application developer,debug-software,75,essential,esco
mobile application developer,integrated-development-environment-software,70,essential,esco
mobile application developer,java-computer-programming,66,optional,esco
mobile application developer,swift-computer-programming,66,optional,esco
mobile application developer,analyse-software-specifications,65,essential,esco
mobile application developer,use-software-design-patterns,65,essential,esco
mobile application developer,ict-debugging-tools,62,essential,esco
mobile application developer,use-software-libraries,62,essential,esco
mobile application developer,tools-for-software-configuration-management,58,essential,esco
mobile application developer,use-object-oriented-programming,57,optional,esco
mobile application developer,design-user-interface,55,optional,esco
mobile application developer,objective-c,55,optional,esco
mobile application developer,xcode,52,optional,esco
mobile application developer,python-computer-programming,50,optional,esco
mobile application developer,javascript,45,optional,esco
mobile application developer,c-2,42,optional,esco
mobile application developer,c,40,optional,esco
mobile application developer,develop-software-prototype,37,essential,esco
mobile application developer,object-oriented-modelling,37,optional,esco
mobile application developer,create-flowchart-diagram,35,essential,esco
mobile application developer,typescript,35,optional,esco
mobile application developer,software-anomalies,33,optional,esco
mobile application developer,use-query-languages,33,optional,esco
mobile application developer,interpret-technical-texts,31,essential,esco
mobile application developer,use-an-application-specific-interface,31,essential,esco
mobile application developer,identify-customer-requirements,29,optional,esco
mobile application developer,collect-customer-feedback-on-applications,27,essential,esco
mobile application developer,integrate-system-components,25,optional,esco
mobile application developer,php,25,optional,esco
mobile application developer,use-concurrent-programming,25,optional,esco
mobile application developer,utilise-computer-aided-software-engineering-tools,22,essential,esco
mobile application developer,migrate-existing-data,21,essential,esco
mobile application developer,use-functional-programming,21,optional,esco
mobile application developer,ruby-computer-programming,20,optional,esco
mobile application developer,adapt-to-changes-in-technological-development-plans,19,optional,esco
mobile application developer,ajax,19,optional,esco
mobile application developer,develop-automated-migration-methods,19,essential,esco
mobile application developer,develop-creative-ideas,19,optional,esco
mobile application developer,internet-of-things,19,essential,esco
mobile application developer,jenkins-tools-for-software-configuration-management,19,optional,esco
mobile application developer,asp-net,17,optional,esco
mobile application developer,apache-maven,15,optional,esco
mobile application developer,eclipse-integrated-development-environment-software,15,optional,esco
mobile application developer,visual-studio-net,15,optional,esco
mobile application developer,world-wide-web-consortium-standards,15,optional,esco
mobile application developer,ansible,13,optional,esco
mobile application developer,scala,13,optional,esco
mobile application developer,use-automatic-programming,13,optional,esco
mobile application developer,use-logic-programming,13,optional,esco
mobile application developer,assembly-computer-programming,10,optional,esco
mobile application developer,blackberry,10,optional,esco
mobile application developer,groovy,10,optional,esco
mobile application developer,matlab,10,optional,esco
mobile application developer,microsoft-visual-c,10,optional,esco
mobile application developer,perl,10,optional,esco
mobile application developer,r,10,optional,esco
mobile application developer,windows-phone,10,optional,esco
mobile application developer,ict-security-legislation,9,optional,esco
mobile application developer,puppet-tools-for-software-configuration-management,7,optional,esco
mobile application developer,abap,5,optional,esco
mobile application developer,augmented-reality,5,optional,esco
mobile application developer,coffeescript,5,optional,esco
mobile application developer,salt-tools-for-software-configuration-management,5,optional,esco
mobile application developer,sas-language,5,optional,esco
mobile application developer,vbscript,5,optional,esco
mobile application developer,cobol,3,optional,esco
mobile application developer,erlang,3,optional,esco
mobile application developer,haskell,3,optional,esco
mobile application developer,kdevelop,3,optional,esco
mobile application developer,pascal-computer-programming,3,optional,esco
mobile application developer,sap-r3,3,optional,esco
mobile application developer,scratch-computer-programming,3,optional,esco
mobile application developer,staf,3,optional,esco
mobile application developer,apl,1,optional,esco
mobile application developer,common-lisp,1,optional,esco
mobile application developer,lisp,1,optional,esco
mobile application developer,ml-computer-programming,1,optional,esco
mobile application developer,openedge-advanced-business-language,1,optional,esco
mobile application developer,prolog-computer-programming,1,optional,esco
mobile application developer,smalltalk-computer-programming,1,optional,esco
Mulesoft Developer,ict-system-integration,85,essential,market
Mulesoft Developer,develop-with-cloud-services,78,essential,market
Mulesoft Developer,java-computer-programming,74,essential,market
Mulesoft Developer,debug-software,73,essential,market
Mulesoft Developer,execute-integration-testing,71,essential,market
Mulesoft Developer,define-integration-strategy,66,optional,market
Mulesoft Developer,solution-deployment,64,optional,market
Mulesoft Developer,apache-maven,60,optional,market
Mulesoft Developer,jenkins-tools-for-software-configuration-management,59,optional,market
Mulesoft Developer,sql,56,optional,market
Mulesoft Developer,agile-development,52,optional,market
NLP Engineer,natural-language-processing,95,essential,market
NLP Engineer,python-computer-programming,88,essential,market
NLP Engineer,machine-learning,85,essential,market
NLP Engineer,statistics,78,essential,market
NLP Engineer,information-extraction,72,essential,market
NLP Engineer,deep-learning,68,optional,market
NLP Engineer,algorithms,66,optional,market
NLP Engineer,build-predictive-models,65,optional,market
NLP Engineer,data-mining,62,optional,market
NLP Engineer,utilise-regular-expressions,60,optional,market
NLP Engineer,unstructured-data,58,optional,market
NLP Engineer,sql,55,optional,market
Node.js Developer,javascript,90,essential,market
Node.js Developer,web-programming,85,essential,market
Node.js Developer,use-scripting-programming,80,essential,market
Node.js Developer,debug-software,75,essential,market
Node.js Developer,use-software-libraries,70,essential,market
Node.js Developer,typescript,65,optional,market
Node.js Developer,use-databases,64,optional,market
Node.js Developer,web-application-security-threats,63,optional,market
Node.js Developer,javascript-framework,62,optional,market
Node.js Developer,nosql,60,optional,market
Node.js Developer,sql,55,optional,market
numerical tool and process control programmer,use-cad-software,85,essential,esco
numerical tool and process control programmer,computer-programming,82,essential,esco
numerical tool and process control programmer,cad-software,78,essential,esco
numerical tool and process control programmer,javascript,62,essential,esco
numerical tool and process control programmer,python-computer-programming,62,essential,esco
numerical tool and process control programmer,use-computer-aided-engineering-systems,58,optional,esco
numerical tool and process control programmer,use-technical-documentation,58,optional,esco
numerical tool and process control programmer,java-computer-programming,57,essential,esco
numerical tool and process control programmer,mathematics,57,optional,esco
numerical tool and process control programmer,use-cam-software,57,optional,esco
numerical tool and process control programmer,engineering-principles,56,optional,esco
numerical tool and process control programmer,engineering-processes,56,optional,esco
numerical tool and process control programmer,ict-system-programming,56,essential,esco
numerical tool and process control programmer,statistical-process-control,55,essential,esco
numerical tool and process control programmer,c,52,essential,esco
numerical tool and process control programmer,troubleshoot,51,essential,esco
numerical tool and process control programmer,c-2,49,essential,esco
numerical tool and process control programmer,common-lisp,49,essential,esco
numerical tool and process control programmer,lisp,49,essential,esco
numerical tool and process control programmer,prolog-computer-programming,49,essential,esco
numerical tool and process control programmer,apl,48,essential,esco
numerical tool and process control programmer,cobol,48,essential,esco
numerical tool and process control programmer,erlang,48,essential,esco
numerical tool and process control programmer,haskell,48,essential,esco
numerical tool and process control programmer,objective-c,48,essential,esco
numerical tool and process control programmer,pascal-computer-programming,48,essential,esco
numerical tool and process control programmer,sap-r3,48,essential,esco
numerical tool and process control programmer,scratch-computer-programming,48,essential,esco
numerical tool and process control programmer,visual-studio-net,48,essential,esco
numerical tool and process control programmer,abap,47,essential,esco
numerical tool and process control programmer,asp-net,47,essential,esco
numerical tool and process control programmer,coffeescript,47,essential,esco
numerical tool and process control programmer,ruby-computer-programming,47,essential,esco
numerical tool and process control programmer,sas-language,47,essential,esco
numerical tool and process control programmer,swift-computer-programming,47,essential,esco
numerical tool and process control programmer,typescript,47,essential,esco
numerical tool and process control programmer,vbscript,47,essential,esco
numerical tool and process control programmer,ajax,46,essential,esco
numerical tool and process control programmer,assembly-computer-programming,46,essential,esco
numerical tool and process control programmer,groovy,46,essential,esco
numerical tool and process control programmer,matlab,46,essential,esco
numerical tool and process control programmer,microsoft-visual-c,46,essential,esco
numerical tool and process control programmer,ml-computer-programming,46,essential,esco
numerical tool and process control programmer,openedge-advanced-business-language,46,essential,esco
numerical tool and process control programmer,perl,46,essential,esco
numerical tool and process control programmer,php,46,essential,esco
numerical tool and process control programmer,r,46,essential,esco
numerical tool and process control programmer,scala,46,essential,esco
numerical tool and process control programmer,smalltalk-computer-programming,46,essential,esco
numerical tool and process control programmer,provide-technical-documentation,40,optional,esco
numerical tool and process control programmer,advise-client-on-technical-possibilities,19,optional,esco
numerical tool and process control programmer,perform-data-analysis,19,optional,esco
numerical tool and process control programmer,3d-modelling,5,optional,esco
online community manager,develop-online-community-plan,95,essential,esco
online community manager,carry-out-forum-moderation,92,essential,esco
online community manager,online-moderation-techniques,90,essential,esco
online community manager,apply-social-media-marketing,86,essential,esco
online community manager,content-marketing-strategy,84,essential,esco
online community manager,follow-up-online-user-requests,82,essential,esco
online community manager,manage-feedback,78,essential,esco
online community manager,use-content-management-system-software,76,essential,esco
online community manager,provide-written-content,74,essential,esco
online community manager,web-analytics,72,essential,esco
online community manager,keywords-in-digital-content,70,essential,esco
online community manager,use-different-communication-channels,70,essential,esco
online community manager,perform-online-data-analysis,68,essential,esco
online community manager,plan-marketing-strategy,66,essential,esco
online community manager,evaluate-marketing-content,65,essential,esco
online community manager,research-website-users,64,essential,esco
online community manager,translate-requirement-concepts-into-content,62,essential,esco
online community manager,brand-marketing-techniques,60,essential,esco
online community manager,create-content-title,60,essential,esco
online community manager,plan-marketing-campaigns,60,essential,esco
online community manager,marketing-principles,58,essential,esco
online community manager,track-key-performance-indicators,58,essential,esco
online community manager,define-measurable-marketing-objectives,56,essential,esco
online community manager,coordinate-marketing-plan-actions,55,essential,esco
online community manager,market-research,55,essential,esco
online community manager,manage-content-development-projects,54,essential,esco
online community manager,perform-market-research,54,essential,esco
online community manager,analyse-customer-service-surveys,52,essential,esco
online community manager,analyse-consumer-buying-trends,50,essential,esco
online community manager,collaborate-in-the-development-of-marketing-strategies,50,essential,esco
online community manager,conduct-search-engine-optimisation,48,optional,esco
online community manager,develop-professional-network,48,essential,esco
online community manager,marketing-mix,46,essential,esco
online community manager,integrate-marketing-strategies-with-the-global-strategy,45,essential,esco
online community manager,content-development-processes,44,optional,esco
online community manager,integrate-strategic-foundation-in-daily-performance,44,essential,esco
online community manager,analyse-external-factors-of-companies,42,essential,esco
online community manager,analyse-internal-factors-of-companies,42,essential,esco
online community manager,align-efforts-towards-business-development,40,essential,esco
online community manager,identify-potential-markets-for-companies,40,essential,esco
online community manager,manage-content-metadata,40,optional,esco
online community manager,analyse-work-related-written-reports,38,essential,esco
online community manager,authoring-software,38,essential,esco
online community manager,impart-business-plans-to-collaborators,36,essential,esco
online community manager,create-annual-marketing-budget,34,essential,esco
online community manager,corporate-social-responsibility,32,essential,esco
online community manager,develop-inclusive-communication-material,32,optional,esco
online community manager,manage-profitability,30,essential,esco
online community manager,manage-schedule-of-tasks,30,optional,esco
online community manager,identify-ict-user-needs,28,optional,esco
online community manager,pricing-strategies,28,essential,esco
online community manager,market-pricing,26,essential,esco
online community manager,behavioural-science,24,optional,esco
online community manager,business-intelligence,22,optional,esco
online community manager,information-confidentiality,20,optional,esco
online community manager,identify-technological-needs,18,optional,esco
online community manager,use-personal-organization-software,16,optional,esco
online marketer,plan-digital-marketing,92,essential,esco
online marketer,apply-social-media-marketing,88,essential,esco
online marketer,online-ads-campaign-techniques,85,essential,esco
online marketer,content-marketing-strategy,84,essential,esco
online marketer,implement-marketing-strategies,82,essential,esco
online marketer,perform-online-data-analysis,78,essential,esco
online marketer,execute-email-marketing,74,essential,esco
online marketer,web-strategy-assessment,70,essential,esco
online marketer,perform-copywriting,68,essential,esco
online marketer,execute-conversion-testing,66,essential,esco
online marketer,creatively-use-digital-technologies,64,essential,esco
online marketer,apply-strategic-thinking,62,essential,esco
online marketer,use-content-management-system-software,62,essential,esco
online marketer,perform-market-research,60,essential,esco
online marketer,apply-customer-engagement-strategy,58,essential,esco
online marketer,inspect-data,56,essential,esco
online marketer,conduct-search-engine-optimisation,55,optional,esco
online marketer,conduct-mobile-marketing,54,essential,esco
online marketer,create-new-concepts,52,essential,esco
online marketer,plan-social-media-marketing-campaigns,52,optional,esco
online marketer,e-commerce-systems,50,essential,esco
online marketer,use-different-communication-channels,50,essential,esco
online marketer,implement-sales-strategies,48,essential,esco
online marketer,conduct-online-competitive-analysis,46,optional,esco
online marketer,perform-project-management,44,essential,esco
online marketer,perform-image-editing,42,essential,esco
online marketer,adapt-to-change-in-marketing,40,optional,esco
online marketer,perform-video-editing,40,essential,esco
online marketer,manage-budgets,38,essential,esco
online marketer,deal-with-pressure-from-unexpected-circumstances,34,optional,esco
online marketer,company-policies,30,essential,esco
online marketer,develop-inclusive-communication-material,28,optional,esco
online marketer,intellectual-property-law,24,optional,esco
online marketer,information-confidentiality,22,optional,esco
online marketer,safeguard-online-privacy-and-identity,20,optional,esco
online marketer,apply-information-security-policies,18,optional,esco
online marketer,use-personal-organization-software,16,optional,esco
online marketer,competition-law,14,optional,esco
online marketer,ict-communications-protocols,12,optional,esco
performance lighting designer,develop-design-ideas-cooperatively,90,essential,esco
performance lighting designer,understand-artistic-concepts,85,essential,esco
performance lighting designer,present-artistic-design-proposals,80,essential,esco
performance lighting designer,use-specialised-design-software,78,essential,esco
performance lighting designer,adapt-existing-designs-to-changed-circumstances,70,essential,esco
performance lighting designer,translate-artistic-concepts-to-technical-designs,68,optional,esco
performance lighting designer,meet-deadlines,66,essential,esco
performance lighting designer,research-new-ideas,62,essential,esco
performance lighting designer,use-technical-documentation,58,essential,esco
performance lighting designer,analyse-the-need-for-technical-resources,55,optional,esco
performance lighting designer,keep-up-with-trends,52,essential,esco
performance lighting designer,calculate-design-costs,48,optional,esco
performance lighting designer,lead-a-team,45,optional,esco
performance lighting designer,provide-documentation,38,optional,esco
performance lighting designer,develop-professional-network,34,optional,esco
performance lighting designer,update-budget,32,optional,esco
performance lighting designer,manage-personal-professional-development,26,optional,esco
performance lighting designer,copyright-legislation,22,optional,esco
performance lighting designer,labour-legislation,20,optional,esco
performance rental technician,multimedia-systems,88,essential,esco
performance rental technician,repair-equipment-on-site,86,essential,esco
performance rental technician,use-technical-documentation,84,essential,esco
performance rental technician,deal-with-pressure-from-unexpected-circumstances,82,essential,esco
performance rental technician,teamwork-principles,78,essential,esco
performance rental technician,guarantee-customer-satisfaction,74,essential,esco
performance rental technician,ensure-client-orientation,72,essential,esco
performance rental technician,ict-software-specifications,65,essential,esco
performance rental technician,manage-personal-professional-development,60,essential,esco
performance rental technician,advise-client-on-technical-possibilities,58,optional,esco
performance rental technician,manage-signoff-of-an-installed-system,55,optional,esco
performance rental technician,develop-professional-network,45,optional,esco
performance rental technician,edit-digital-moving-images,35,optional,esco
performance rental technician,edit-recorded-sound,33,optional,esco
Performance Test Engineer,conduct-performance-tests,90,essential,market
Performance Test Engineer,monitor-system-performance,85,essential,market
Performance Test Engineer,ict-performance-analysis-methods,78,essential,market
Performance Test Engineer,analyse-test-data,74,essential,market
Performance Test Engineer,plan-software-testing,72,essential,market
Performance Test Engineer,tools-for-ict-test-automation,66,optional,market
Performance Test Engineer,execute-software-tests,64,optional,market
Performance Test Engineer,report-test-findings,62,optional,market
Performance Test Engineer,use-scripting-programming,59,optional,market
Performance Test Engineer,analyse-network-configuration-and-performance,57,optional,market
performance video designer,edit-digital-moving-images,88,essential,esco
performance video designer,run-a-media-server,82,essential,esco
performance video designer,develop-design-ideas-cooperatively,78,essential,esco
performance video designer,present-artistic-design-proposals,75,essential,esco
performance video designer,adapt-existing-designs-to-changed-circumstances,68,essential,esco
performance video designer,translate-artistic-concepts-to-technical-designs,62,optional,esco
performance video designer,research-new-ideas,60,essential,esco
performance video designer,meet-deadlines,58,optional,esco
performance video designer,use-technical-documentation,55,essential,esco
performance video designer,analyse-the-need-for-technical-resources,50,optional,esco
performance video designer,lead-a-team,40,optional,esco
performance video designer,provide-documentation,36,optional,esco
performance video designer,use-presentation-software,30,optional,esco
performance video designer,update-budget,28,optional,esco
performance video designer,copyright-legislation,24,optional,esco
performance video designer,labour-legislation,18,optional,esco
performance video operator,run-a-media-server,90,essential,esco
performance video operator,understand-artistic-concepts,86,essential,esco
performance video operator,translate-artistic-concepts-to-technical-designs,84,essential,esco
performance video operator,interpret-artistic-intentions,82,essential,esco
performance video operator,edit-digital-moving-images,74,essential,esco
performance video operator,support-a-designer-in-the-developing-process,71,essential,esco
performance video operator,use-technical-documentation,70,essential,esco
performance video operator,mix-live-images,68,optional,esco
performance video operator,keep-up-with-trends,62,essential,esco
performance video operator,adapt-existing-designs-to-changed-circumstances,60,optional,esco
performance video operator,advise-client-on-technical-possibilities,58,optional,esco
performance video operator,manage-personal-professional-development,52,optional,esco
performance video operator,plan-teamwork,50,optional,esco
performance video operator,lead-a-team,48,optional,esco
performance video operator,provide-documentation,46,optional,esco
performance video operator,develop-professional-network,44,optional,esco
performance video operator,update-budget,40,optional,esco
PHP Developer,php,92,essential,market
PHP Developer,web-programming,85,essential,market
PHP Developer,sql,80,essential,market
PHP Developer,use-object-oriented-programming,76,essential,market
PHP Developer,debug-software,72,essential,market
PHP Developer,mysql,68,optional,market
PHP Developer,web-application-security-threats,66,optional,market
PHP Developer,wordpress,64,optional,market
PHP Developer,javascript,60,optional,market
PHP Developer,analyse-software-specifications,58,optional,market
PHP Developer,use-markup-languages,55,optional,market
PHP Developer,css,52,optional,market
Platform Engineer,cloud-technologies,90,essential,market
Platform Engineer,design-cloud-architecture,86,essential,market
Platform Engineer,devops,84,essential,market
Platform Engineer,automate-cloud-tasks,79,essential,market
Platform Engineer,deploy-cloud-resource,78,essential,market
Platform Engineer,implement-cloud-security-and-compliance,75,essential,market
Platform Engineer,manage-ict-virtualisation-environments,73,optional,market
Platform Engineer,monitor-system-performance,71,optional,market
Platform Engineer,jenkins-tools-for-software-configuration-management,67,optional,market
Platform Engineer,ansible,65,optional,market
Platform Engineer,plan-ict-capacity,64,optional,market
Platform Engineer,python-computer-programming,62,optional,market
Power BI Developer,business-intelligence,88,essential,market
Power BI Developer,sql,84,essential,market
Power BI Developer,create-data-models,82,essential,market
Power BI Developer,perform-data-analysis,80,essential,market
Power BI Developer,data-extraction-transformation-and-loading-tools,78,essential,market
Power BI Developer,deliver-visual-presentation-of-data,75,essential,market
Power BI Developer,sql-server,68,optional,market
Power BI Developer,data-warehouse,65,optional,market
Power BI Developer,data-quality-assessment,62,optional,market
Power BI Developer,normalise-data,60,optional,market
Power BI Developer,communicate-analytical-insights,58,optional,market
Power BI Developer,use-spreadsheets-software,55,optional,market
power electronics engineer,test-power-electronics,95,essential,esco
power electronics engineer,electronics,92,essential,esco
power electronics engineer,circuit-diagrams,90,essential,esco
power electronics engineer,engineering-principles,88,essential,esco
power electronics engineer,integrated-circuits,87,essential,esco
power electronics engineer,design-prototypes,76,essential,esco
power electronics engineer,test-microelectronics,75,essential,esco
power electronics engineer,analyse-test-data,74,essential,esco
power electronics engineer,adjust-engineering-designs,72,essential,esco
power electronics engineer,draft-design-specifications,68,essential,esco
power electronics engineer,perform-data-analysis,66,essential,esco
power electronics engineer,define-technical-requirements,65,essential,esco
power electronics engineer,use-technical-drawing-software,64,essential,esco
power electronics engineer,record-test-data,62,essential,esco
power electronics engineer,conduct-quality-control-analysis,60,essential,esco
power electronics engineer,prepare-production-prototypes,58,essential,esco
power electronics engineer,design-integrated-circuits,56,optional,esco
power electronics engineer,report-analysis-results,55,essential,esco
power electronics engineer,approve-engineering-design,52,essential,esco
power electronics engineer,use-cad-software,46,optional,esco
power electronics engineer,cad-software,45,optional,esco
power electronics engineer,develop-product-design,44,optional,esco
power electronics engineer,provide-technical-documentation,42,optional,esco
power electronics engineer,cae-software,40,optional,esco
power electronics engineer,create-technical-plans,40,optional,esco
power electronics engineer,apply-technical-communication-skills,38,optional,esco
power electronics engineer,design-firmware,38,optional,esco
power electronics engineer,program-firmware,36,optional,esco
power electronics engineer,assemble-hardware-components,35,optional,esco
power electronics engineer,coordinate-engineering-teams,33,optional,esco
power electronics engineer,perform-project-management,30,optional,esco
power electronics engineer,use-cam-software,26,optional,esco
power electronics engineer,robotics,24,optional,esco
power electronics engineer,risk-management,22,optional,esco
power electronics engineer,perform-resource-planning,20,optional,esco
power electronics engineer,robotic-components,20,optional,esco
power electronics engineer,install-software,18,optional,esco
power electronics engineer,train-employees,15,optional,esco
Power Platform Developer,analyse-business-processes,85,essential,market
Power Platform Developer,design-user-interface,80,essential,market
Power Platform Developer,develop-with-cloud-services,76,essential,market
Power Platform Developer,create-data-models,74,essential,market
Power Platform Developer,solution-deployment,72,essential,market
Power Platform Developer,interact-with-users-to-gather-requirements,68,optional,market
Power Platform Developer,application-usability,66,optional,market
Power Platform Developer,integrate-system-components,62,optional,market
Power Platform Developer,javascript,60,optional,market
Power Platform Developer,sql,58,optional,market
Product Designer,design-user-interface,88,essential,market
Product Designer,design-thinking,85,essential,market
Product Designer,translate-requirements-into-visual-design,83,essential,market
Product Designer,use-methodologies-for-user-centered-design,82,essential,market
Product Designer,create-prototype-of-user-experience-solutions,80,essential,market
Product Designer,graphic-design,74,optional,market
Product Designer,create-website-wireframe,72,optional,market
Product Designer,application-usability,70,optional,market
Product Designer,design-interaction-model,69,optional,market
Product Designer,human-computer-interaction,68,optional,market
Product Designer,information-architecture,65,optional,market
Product Designer,research-website-users,60,optional,market
Product Manager,product-life-cycle,88,essential,market
Product Manager,identify-customer-requirements,85,essential,market
Product Manager,perform-product-planning,82,essential,market
Product Manager,analyse-business-requirements,74,essential,market
Product Manager,track-key-performance-indicators,72,essential,market
Product Manager,market-analysis,68,optional,market
Product Manager,agile-project-management,66,optional,market
Product Manager,web-analytics,62,optional,market
Product Manager,project-management,60,optional,market
Product Manager,usability-engineering,58,optional,market
Prompt Engineer,natural-language-processing,88,essential,market
Prompt Engineer,machine-learning,82,essential,market
Prompt Engineer,perform-data-analysis,76,essential,market
Prompt Engineer,apply-statistical-analysis-techniques,72,essential,market
Prompt Engineer,python-computer-programming,68,optional,market
Prompt Engineer,apply-technical-communication-skills,66,optional,market
Prompt Engineer,human-computer-interaction,64,optional,market
Prompt Engineer,usability-engineering,62,optional,market
Prompt Engineer,conduct-qualitative-research,60,optional,market
Prompt Engineer,create-data-sets,58,optional,market
Python Developer,python-computer-programming,92,essential,market
Python Developer,algorithms,81,essential,market
Python Developer,debug-software,76,essential,market
Python Developer,use-scripting-programming,72,essential,market
Python Developer,sql,66,optional,market
Python Developer,use-software-libraries,64,optional,market
Python Developer,perform-software-unit-testing,63,optional,market
Python Developer,web-programming,60,optional,market
Python Developer,database,58,optional,market
Python Developer,agile-development,55,optional,market
React Developer,javascript,92,essential,market
React Developer,javascript-framework,88,essential,market
React Developer,css,78,essential,market
React Developer,use-markup-languages,74,essential,market
React Developer,debug-software,72,essential,market
React Developer,typescript,68,optional,market
React Developer,design-user-interface,65,optional,market
React Developer,application-usability,60,optional,market
React Developer,web-application-security-threats,55,optional,market
React Developer,ajax,50,optional,market
React Native Developer,javascript,90,essential,market
React Native Developer,mobile-device-software-frameworks,85,essential,market
React Native Developer,javascript-framework,82,essential,market
React Native Developer,debug-software,76,essential,market
React Native Developer,android-mobile-operating-systems,70,essential,market
React Native Developer,ios,70,essential,market
React Native Developer,design-user-interface,68,optional,market
React Native Developer,typescript,65,optional,market
React Native Developer,use-software-libraries,62,optional,market
React Native Developer,application-usability,60,optional,market
React Native Developer,execute-software-tests,58,optional,market
React Native Developer,xcode,55,optional,market
recording studio technician,edit-recorded-sound,90,essential,esco
recording studio technician,audio-editing-software,88,essential,esco
recording studio technician,audio-post-production,85,essential,esco
recording studio technician,audio-technology,82,essential,esco
recording studio technician,use-audio-reproduction-software,76,essential,esco
recording studio technician,use-technical-documentation,68,essential,esco
recording studio technician,audio-mastering,66,optional,esco
recording studio technician,keep-up-with-trends,64,essential,esco
recording studio technician,file-based-workflow,58,optional,esco
recording studio technician,convert-different-audiovisual-formats,56,optional,esco
recording studio technician,manage-digital-documents,52,optional,esco
robotics engineer,robotics,95,essential,esco
robotics engineer,robotic-components,90,essential,esco
robotics engineer,engineering-principles,88,essential,esco
robotics engineer,human-robot-collaboration,78,essential,esco
robotics engineer,engineering-processes,76,essential,esco
robotics engineer,technical-drawings,74,essential,esco
robotics engineer,adjust-engineering-designs,72,essential,esco
robotics engineer,mechatronics,70,optional,esco
robotics engineer,use-technical-drawing-software,68,essential,esco
robotics engineer,design-prototypes,67,optional,esco
robotics engineer,electronics,66,optional,esco
robotics engineer,assemble-robots,65,optional,esco
robotics engineer,maintain-robotic-equipment,64,optional,esco
robotics engineer,use-cad-software,63,optional,esco
robotics engineer,computer-engineering,62,optional,esco
robotics engineer,simulate-mechatronic-design-concepts,61,optional,esco
robotics engineer,approve-engineering-design,60,essential,esco
robotics engineer,test-mechatronic-units,59,optional,esco
robotics engineer,design-principles,58,optional,esco
robotics engineer,create-technical-plans,57,optional,esco
robotics engineer,safety-engineering,56,optional,esco
robotics engineer,conduct-performance-tests,55,optional,esco
robotics engineer,execute-feasibility-study,55,essential,esco
robotics engineer,debug-software,54,optional,esco
robotics engineer,analyse-test-data,53,optional,esco
robotics engineer,microprocessors,52,optional,esco
robotics engineer,create-software-design,51,optional,esco
robotics engineer,model-based-system-engineering,50,optional,esco
robotics engineer,record-test-data,48,optional,esco
robotics engineer,draft-design-specifications,46,optional,esco
robotics engineer,assess-financial-viability,45,essential,esco
robotics engineer,prepare-production-prototypes,44,optional,esco
robotics engineer,use-cam-software,38,optional,esco
robotics engineer,keep-up-with-digital-transformation-of-industrial-processes,34,optional,esco
robotics engineer,product-data-management,30,optional,esco
robotics engineering technician,robotics,95,essential,esco
robotics engineering technician,robotic-components,92,essential,esco
robotics engineering technician,assemble-robots,88,essential,esco
robotics engineering technician,electronics,84,essential,esco
robotics engineering technician,mechatronics,82,essential,esco
robotics engineering technician,automation-technology,80,essential,esco
robotics engineering technician,control-engineering,78,essential,esco
robotics engineering technician,test-mechatronic-units,76,essential,esco
robotics engineering technician,read-engineering-drawings,74,essential,esco
robotics engineering technician,record-test-data,70,essential,esco
robotics engineering technician,liaise-with-engineers,68,essential,esco
robotics engineering technician,adjust-engineering-designs,66,essential,esco
robotics engineering technician,maintain-robotic-equipment,64,optional,esco
robotics engineering technician,mathematics,62,essential,esco
robotics engineering technician,prepare-production-prototypes,60,essential,esco
robotics engineering technician,programmable-logic-controller,58,optional,esco
robotics engineering technician,sensors,55,optional,esco
robotics engineering technician,assemble-hardware-components,52,optional,esco
robotics engineering technician,program-firmware,50,optional,esco
robotics engineering technician,customise-software-for-drive-system,46,optional,esco
robotics engineering technician,simulate-mechatronic-design-concepts,45,optional,esco
robotics engineering technician,cad-software,44,optional,esco
robotics engineering technician,use-cad-software,43,optional,esco
robotics engineering technician,safety-engineering,42,optional,esco
robotics engineering technician,computer-engineering,40,optional,esco
robotics engineering technician,examine-engineering-principles,38,optional,esco
robotics engineering technician,use-cam-software,35,optional,esco
robotics engineering technician,write-technical-reports,33,optional,esco
robotics engineering technician,computer-science,32,optional,esco
robotics engineering technician,transmission-technology,30,optional,esco
robotics engineering technician,apply-technical-communication-skills,28,optional,esco
robotics engineering technician,keep-records-of-work-progress,27,optional,esco
robotics engineering technician,keep-up-with-digital-transformation-of-industrial-processes,26,optional,esco
robotics engineering technician,install-software,24,optional,esco
robotics engineering technician,communicate-with-customers,20,optional,esco
robotics engineering technician,perform-project-management,18,optional,esco
Robotics Software Engineer,robotics,90,essential,market
Robotics Software Engineer,c,85,essential,market
Robotics Software Engineer,embedded-systems,82,essential,market
Robotics Software Engineer,real-time-computing,78,essential,market
Robotics Software Engineer,algorithms,76,essential,market
Robotics Software Engineer,computer-vision,70,optional,market
Robotics Software Engineer,control-engineering,68,optional,market
Robotics Software Engineer,python-computer-programming,66,optional,market
Robotics Software Engineer,sensors,65,optional,market
Robotics Software Engineer,use-object-oriented-programming,64,optional,market
Robotics Software Engineer,use-concurrent-programming,62,optional,market
Robotics Software Engineer,debug-software,60,optional,market
RPA Developer,analyse-business-processes,90,essential,market
RPA Developer,use-scripting-programming,86,essential,market
RPA Developer,develop-ict-workflow,84,essential,market
RPA Developer,debug-software,80,essential,market
RPA Developer,automation-technology,78,essential,market
RPA Developer,business-process-modelling,74,optional,market
RPA Developer,sql,68,optional,market
RPA Developer,identify-ict-user-needs,65,optional,market
RPA Developer,agile-development,60,optional,market
RPA Developer,utilise-regular-expressions,58,optional,market
Ruby on Rails Developer,ruby-computer-programming,90,essential,market
Ruby on Rails Developer,web-programming,82,essential,market
Ruby on Rails Developer,sql,76,essential,market
Ruby on Rails Developer,use-object-oriented-programming,74,essential,market
Ruby on Rails Developer,debug-software,72,essential,market
Ruby on Rails Developer,javascript,65,optional,market
Ruby on Rails Developer,postgresql,61,optional,market
Ruby on Rails Developer,software-frameworks,60,optional,market
Ruby on Rails Developer,use-markup-languages,59,optional,market
Ruby on Rails Developer,css,58,optional,market
Ruby on Rails Developer,develop-automated-software-tests,57,optional,market
Rust Developer,computer-programming,88,essential,market
Rust Developer,use-concurrent-programming,85,essential,market
Rust Developer,algorithms,80,essential,market
Rust Developer,debug-software,78,essential,market
Rust Developer,define-software-architecture,72,optional,market
Rust Developer,software-design-methodologies,68,optional,market
Rust Developer,ict-system-programming,66,optional,market
Rust Developer,use-functional-programming,65,optional,market
Rust Developer,develop-automated-software-tests,62,optional,market
Rust Developer,embedded-systems,60,optional,market
Rust Developer,systems-development-life-cycle,58,optional,market
Salesforce Developer,use-customer-relationship-management-software,88,essential,market
Salesforce Developer,use-object-oriented-programming,85,essential,market
Salesforce Developer,create-data-models,82,essential,market
Salesforce Developer,web-programming,80,essential,market
Salesforce Developer,javascript,72,optional,market
Salesforce Developer,develop-with-cloud-services,70,optional,market
Salesforce Developer,use-query-languages,68,optional,market
Salesforce Developer,define-integration-strategy,67,optional,market
Salesforce Developer,design-user-interface,66,optional,market
Salesforce Developer,agile-development,64,optional,market
Salesforce Developer,manage-software-releases,58,optional,market
SAP Consultant,sap-r3,90,essential,market
SAP Consultant,analyse-business-processes,85,essential,market
SAP Consultant,analyse-business-requirements,82,essential,market
SAP Consultant,manage-standard-enterprise-resource-planning-system,78,essential,market
SAP Consultant,define-integration-strategy,67,optional,market
SAP Consultant,abap,65,optional,market
SAP Consultant,interact-with-users-to-gather-requirements,64,optional,market
SAP Consultant,improve-business-processes,63,optional,market
SAP Consultant,provide-ict-consulting-advice,62,optional,market
SAP Consultant,business-process-modelling,60,optional,market
SAP Consultant,migrate-existing-data,58,optional,market
SAP Consultant,sql,55,optional,market
Scrum Master,agile-project-management,88,essential,market
Scrum Master,agile-development,82,essential,market
Scrum Master,organise-project-meetings,80,essential,market
Scrum Master,coach-employees,76,essential,market
Scrum Master,apply-conflict-management,70,optional,market
Scrum Master,iterative-development,68,optional,market
Scrum Master,incremental-development,64,optional,market
Scrum Master,manage-project-metrics,62,optional,market
Scrum Master,document-project-progress,60,optional,market
Scrum Master,perform-escalation-procedure,58,optional,market
SDET,develop-automated-software-tests,90,essential,market
SDET,computer-programming,85,essential,market
SDET,tools-for-ict-test-automation,82,essential,market
SDET,debug-software,78,essential,market
SDET,levels-of-software-testing,75,essential,market
SDET,plan-software-testing,68,optional,market
SDET,execute-software-tests,66,optional,market
SDET,quality-assurance-methodologies,64,optional,market
SDET,provide-software-testing-documentation,62,optional,market
SDET,analyse-test-data,60,optional,market
SDET,report-test-findings,58,optional,market
SDET,jenkins-tools-for-software-configuration-management,55,optional,market
search engine optimisation expert,conduct-search-engine-optimisation,95,essential,esco
search engine optimisation expert,keywords-in-digital-content,88,essential,esco
search engine optimisation expert,enhance-website-visibility,86,essential,esco
search engine optimisation expert,web-analytics,80,essential,esco
search engine optimisation expert,perform-online-data-analysis,76,essential,esco
search engine optimisation expert,study-website-behaviour-patterns,74,optional,esco
search engine optimisation expert,content-marketing-strategy,68,essential,esco
search engine optimisation expert,digital-marketing-techniques,66,optional,esco
search engine optimisation expert,plan-digital-marketing,58,optional,esco
search engine optimisation expert,perform-market-research,54,optional,esco
search engine optimisation expert,apply-social-media-marketing,44,essential,esco
search engine optimisation expert,social-media-marketing-techniques,44,essential,esco
search engine optimisation expert,use-content-management-system-software,40,optional,esco
search engine optimisation expert,create-content-title,34,optional,esco
search engine optimisation expert,provide-written-content,32,essential,esco
search engine optimisation expert,execute-email-marketing,28,optional,esco
search engine optimisation expert,mobile-marketing,28,optional,esco
search engine optimisation expert,identify-ict-user-needs,19,optional,esco
search engine optimisation expert,translate-requirements-into-visual-design,19,optional,esco
search engine optimisation expert,integrate-content-into-output-media,17,essential,esco
search engine optimisation expert,manage-content-development-projects,17,essential,esco
search engine optimisation expert,use-customer-relationship-management-software,17,essential,esco
search engine optimisation expert,provide-cost-benefit-analysis-reports,9,optional,esco
search engine optimisation expert,use-different-communication-channels,9,optional,esco
search engine optimisation expert,behavioural-science,5,optional,esco
Security Operations Analyst,cyber-security,90,essential,market
Security Operations Analyst,ensure-information-security,85,essential,market
Security Operations Analyst,identify-ict-security-risks,82,essential,market
Security Operations Analyst,collect-cyber-defence-data,78,essential,market
Security Operations Analyst,wireshark,74,optional,market
Security Operations Analyst,respond-to-incidents-in-cloud,73,optional,market
Security Operations Analyst,implement-a-firewall,71,optional,market
Security Operations Analyst,web-application-security-threats,69,optional,market
Security Operations Analyst,perform-ict-security-testing,67,optional,market
Security Operations Analyst,nessus,66,optional,market
SEO Specialist,conduct-search-engine-optimisation,90,essential,market
SEO Specialist,enhance-website-visibility,85,essential,market
SEO Specialist,keywords-in-digital-content,78,essential,market
SEO Specialist,web-analytics,74,essential,market
SEO Specialist,use-markup-languages,70,optional,market
SEO Specialist,compose-description-for-web-elements,64,optional,market
SEO Specialist,conduct-online-competitive-analysis,60,optional,market
SEO Specialist,use-content-management-system-software,58,optional,market
SEO Specialist,wordpress,52,optional,market
SEO Specialist,use-spreadsheets-software,45,optional,market
ServiceNow Developer,javascript,88,essential,market
ServiceNow Developer,debug-software,82,essential,market
ServiceNow Developer,web-programming,78,essential,market
ServiceNow Developer,create-software-design,76,essential,market
ServiceNow Developer,ict-system-integration,72,essential,market
ServiceNow Developer,web-application-security-threats,68,optional,market
ServiceNow Developer,use-software-design-patterns,64,optional,market
ServiceNow Developer,manage-software-releases,62,optional,market
ServiceNow Developer,agile-development,60,optional,market
ServiceNow Developer,apply-operations-for-an-itil-based-environment,55,optional,market
ServiceNow Developer,sql,54,optional,market
Site Reliability Engineer,devops,88,essential,market
Site Reliability Engineer,cloud-technologies,85,essential,market
Site Reliability Engineer,perform-ict-troubleshooting,80,essential,market
Site Reliability Engineer,monitor-system-performance,78,essential,market
Site Reliability Engineer,respond-to-incidents-in-cloud,77,essential,market
Site Reliability Engineer,implement-ict-recovery-system,74,essential,market
Site Reliability Engineer,manage-ict-virtualisation-environments,68,optional,market
Site Reliability Engineer,ansible,60,optional,market
Site Reliability Engineer,jenkins-tools-for-software-configuration-management,57,optional,market
Site Reliability Engineer,sql,50,optional,market
Smart Contract Engineer,smart-contract,92,essential,market
Smart Contract Engineer,solidity,90,essential,market
Smart Contract Engineer,blockchain-platforms,85,essential,market
Smart Contract Engineer,blockchain-consensus-mechanisms,78,essential,market
Smart Contract Engineer,cyber-security,76,essential,market
Smart Contract Engineer,decentralized-application-frameworks,68,optional,market
Smart Contract Engineer,ict-encryption,62,optional,market
Smart Contract Engineer,debug-software,61,optional,market
Smart Contract Engineer,algorithms,58,optional,market
Smart Contract Engineer,levels-of-software-testing,57,optional,market
Smart Contract Engineer,javascript,54,optional,market
Smart Contract Engineer,agile-development,50,optional,market
Smart Contract Engineer,vyper,46,optional,market
software analyst,interact-with-users-to-gather-requirements,92,essential,esco
software analyst,business-requirements-techniques,90,essential,esco
software analyst,ict-system-user-requirements,88,essential,esco
software analyst,identify-ict-user-needs,86,essential,esco
software analyst,analyse-business-processes,84,essential,esco
software analyst,define-technical-requirements,82,essential,esco
software analyst,create-software-design,74,essential,esco
software analyst,design-information-system,72,essential,esco
software analyst,translate-requirements-into-visual-design,70,essential,esco
software analyst,software-design-methodologies,68,essential,esco
software analyst,software-architecture-models,66,essential,esco
software analyst,execute-feasibility-study,64,essential,esco
software analyst,define-software-architecture,62,essential,esco
software analyst,develop-software-prototype,60,essential,esco
software analyst,unified-modelling-language,60,optional,esco
software analyst,create-project-specifications,58,optional,esco
software analyst,data-models,58,essential,esco
software analyst,analyse-ict-system,56,optional,esco
software analyst,create-data-models,56,essential,esco
software analyst,create-prototype-of-user-experience-solutions,54,optional,esco
software analyst,levels-of-software-testing,52,optional,esco
software analyst,agile-project-management,50,optional,esco
software analyst,manage-system-testing,50,optional,esco
software analyst,object-oriented-modelling,48,optional,esco
software analyst,provide-ict-consulting-advice,48,optional,esco
software analyst,ict-project-management,46,optional,esco
software analyst,legal-requirements-of-ict-products,46,essential,esco
software analyst,manage-ict-project,45,optional,esco
software analyst,develop-documentation-in-accordance-with-legal-requirements,44,essential,esco
software analyst,ict-project-management-methodologies,44,optional,esco
software analyst,solve-ict-system-problems,44,optional,esco
software analyst,agile-development,42,optional,esco
software analyst,ensure-compliance-with-legal-requirements,42,optional,esco
software analyst,computer-programming,40,optional,esco
software analyst,manage-ict-legacy-implication,40,essential,esco
software analyst,use-an-application-specific-interface,40,optional,esco
software analyst,ict-problem-management-techniques,38,optional,esco
software analyst,identify-ict-system-weaknesses,38,optional,esco
software analyst,ensure-compliance-with-company-regulations,36,optional,esco
software analyst,prototyping-development,36,optional,esco
software analyst,monitor-system-performance,34,optional,esco
software analyst,service-oriented-modelling,34,optional,esco
software analyst,process-based-management,32,optional,esco
software analyst,incremental-development,30,optional,esco
software analyst,iterative-development,30,optional,esco
software analyst,lean-project-management,30,optional,esco
software analyst,devops,28,optional,esco
software analyst,waterfall-development,28,optional,esco
software analyst,query-languages,26,optional,esco
software analyst,rapid-application-development,26,optional,esco
software analyst,saas-service-oriented-modelling,26,optional,esco
software analyst,open-source-model,22,optional,esco
software analyst,spiral-development,22,optional,esco
software analyst,python-computer-programming,21,optional,esco
software analyst,hybrid-model,20,optional,esco
software analyst,java-computer-programming,20,optional,esco
software analyst,outsourcing-model,20,optional,esco
software analyst,javascript,19,optional,esco
software analyst,typescript,18,optional,esco
software analyst,c,17,optional,esco
software analyst,c-2,16,optional,esco
software analyst,php,13,optional,esco
software analyst,ruby-computer-programming,11,optional,esco
software analyst,asp-net,10,optional,esco
software analyst,r,10,optional,esco
software analyst,scala,10,optional,esco
software analyst,swift-computer-programming,10,optional,esco
software analyst,matlab,9,optional,esco
software analyst,visual-studio-net,9,optional,esco
software analyst,ajax,8,optional,esco
software analyst,objective-c,8,optional,esco
software analyst,perl,8,optional,esco
software analyst,resource-description-framework-query-language,8,optional,esco
software analyst,sparql,8,optional,esco
software analyst,xquery,8,optional,esco
software analyst,groovy,7,optional,esco
software analyst,linq,7,optional,esco
software analyst,assembly-computer-programming,6,optional,esco
software analyst,erlang,6,optional,esco
software analyst,mdx,6,optional,esco
software analyst,sap-r3,6,optional,esco
software analyst,abap,5,optional,esco
software analyst,haskell,5,optional,esco
software analyst,ldap,5,optional,esco
software analyst,n1ql,5,optional,esco
software analyst,sas-language,5,optional,esco
software analyst,cobol,4,optional,esco
software analyst,coffeescript,4,optional,esco
software analyst,common-lisp,4,optional,esco
software analyst,lisp,4,optional,esco
software analyst,pascal-computer-programming,4,optional,esco
software analyst,vbscript,4,optional,esco
software analyst,ml-computer-programming,3,optional,esco
software analyst,prolog-computer-programming,3,optional,esco
software analyst,smalltalk-computer-programming,3,optional,esco
software analyst,apl,2,optional,esco
software analyst,openedge-advanced-business-language,2,optional,esco
software analyst,scratch-computer-programming,2,optional,esco
software architect,define-software-architecture,95,essential,esco
software architect,create-software-design,90,essential,esco
software architect,align-software-with-system-architectures,88,essential,esco
software architect,oversee-development-of-software,84,essential,esco
software architect,analyse-software-specifications,82,essential,esco
software architect,define-technical-requirements,80,essential,esco
software architect,systems-development-life-cycle,78,essential,esco
software architect,analyse-business-requirements,76,essential,esco
software architect,object-oriented-modelling,74,essential,esco
software architect,unified-modelling-language,70,essential,esco
software architect,design-process,66,essential,esco
software architect,computer-programming,62,optional,esco
software architect,business-process-modelling,60,essential,esco
software architect,develop-software-prototype,60,optional,esco
software architect,design-cloud-architecture,58,optional,esco
software architect,tools-for-software-configuration-management,58,essential,esco
software architect,provide-technical-documentation,56,essential,esco
software architect,design-database-scheme,55,optional,esco
software architect,ict-project-management-methodologies,54,optional,esco
software architect,provide-ict-consulting-advice,52,optional,esco
software architect,task-algorithmisation,52,optional,esco
software architect,agile-project-management,50,optional,esco
software architect,create-flowchart-diagram,48,essential,esco
software architect,perform-risk-analysis,48,optional,esco
software architect,apply-ict-systems-theory,46,optional,esco
software architect,provide-cost-benefit-analysis-reports,46,essential,esco
software architect,perform-resource-planning,44,optional,esco
software architect,systems-theory,44,optional,esco
software architect,use-an-application-specific-interface,44,essential,esco
software architect,collect-customer-feedback-on-applications,42,essential,esco
software architect,use-query-languages,42,optional,esco
software architect,build-business-relationships,40,essential,esco
software architect,utilise-computer-aided-software-engineering-tools,40,optional,esco
software architect,do-cloud-refactoring,38,optional,esco
software architect,design-database-in-the-cloud,36,optional,esco
software architect,manage-staff,36,optional,esco
software architect,perform-ict-troubleshooting,34,optional,esco
software architect,process-based-management,34,optional,esco
software architect,lean-project-management,32,optional,esco
software architect,implement-data-warehousing-techniques,30,optional,esco
software architect,python-computer-programming,30,optional,esco
software architect,web-programming,30,optional,esco
software architect,java-computer-programming,29,optional,esco
software architect,javascript,28,optional,esco
software architect,typescript,25,optional,esco
software architect,c,24,optional,esco
software architect,ict-security-legislation,24,optional,esco
software architect,c-2,23,optional,esco
software architect,use-markup-languages,22,optional,esco
software architect,jboss,20,optional,esco
software architect,php,19,optional,esco
software architect,jenkins-tools-for-software-configuration-management,17,optional,esco
software architect,ruby-computer-programming,16,optional,esco
software architect,ansible,15,optional,esco
software architect,asp-net,15,optional,esco
software architect,r,15,optional,esco
software architect,scala,15,optional,esco
software architect,swift-computer-programming,15,optional,esco
software architect,apache-maven,13,optional,esco
software architect,matlab,13,optional,esco
software architect,visual-studio-net,13,optional,esco
software architect,ajax,12,optional,esco
software architect,puppet-tools-for-software-configuration-management,12,optional,esco
software architect,microsoft-visual-c,11,optional,esco
software architect,objective-c,11,optional,esco
software architect,perl,11,optional,esco
software architect,groovy,10,optional,esco
software architect,salt-tools-for-software-configuration-management,10,optional,esco
software architect,assembly-computer-programming,9,optional,esco
software architect,erlang,8,optional,esco
software architect,sap-r3,8,optional,esco
software architect,abap,7,optional,esco
software architect,haskell,7,optional,esco
software architect,sas-language,7,optional,esco
software architect,vbscript,6,optional,esco
software architect,cobol,5,optional,esco
software architect,coffeescript,5,optional,esco
software architect,common-lisp,5,optional,esco
software architect,lisp,5,optional,esco
software architect,pascal-computer-programming,5,optional,esco
software architect,ml-computer-programming,4,optional,esco
software architect,prolog-computer-programming,4,optional,esco
software architect,smalltalk-computer-programming,4,optional,esco
software architect,staf,4,optional,esco
software architect,apl,3,optional,esco
software architect,openedge-advanced-business-language,3,optional,esco
software architect,scratch-computer-programming,3,optional,esco
software developer,computer-programming,95,essential,esco
software developer,debug-software,88,essential,esco
software developer,use-software-design-patterns,85,essential,esco
software developer,analyse-software-specifications,84,essential,esco
software developer,integrated-development-environment-software,80,essential,esco
software developer,ict-debugging-tools,78,essential,esco
software developer,tools-for-software-configuration-management,78,essential,esco
software developer,use-software-libraries,76,essential,esco
software developer,python-computer-programming,72,optional,esco
software developer,use-object-oriented-programming,72,optional,esco
software developer,java-computer-programming,70,optional,esco
software developer,software-frameworks,70,optional,esco
software developer,javascript,66,optional,esco
software developer,c,64,optional,esco
software developer,c-2,62,optional,esco
software developer,interpret-technical-requirements,59,essential,esco
software developer,sql,56,optional,esco
software developer,provide-technical-documentation,52,essential,esco
software developer,object-oriented-modelling,48,optional,esco
software developer,identify-customer-requirements,41,essential,esco
software developer,define-technical-requirements,37,essential,esco
software developer,develop-software-prototype,37,essential,esco
software developer,create-flowchart-diagram,35,essential,esco
software developer,design-user-interface,35,optional,esco
software developer,typescript,35,optional,esco
software developer,software-anomalies,33,optional,esco
software developer,use-query-languages,33,optional,esco
software developer,engineering-principles,32,essential,esco
software developer,use-an-application-specific-interface,31,essential,esco
software developer,engineering-processes,30,essential,esco
software developer,project-management,30,essential,esco
software developer,javascript-framework,29,optional,esco
software developer,integrate-system-components,25,optional,esco
software developer,php,25,optional,esco
software developer,use-concurrent-programming,25,optional,esco
software developer,utilise-computer-aided-software-engineering-tools,22,essential,esco
software developer,nosql,21,optional,esco
software developer,use-functional-programming,21,optional,esco
software developer,ruby-computer-programming,20,optional,esco
software developer,swift-computer-programming,20,optional,esco
software developer,adapt-to-changes-in-technological-development-plans,19,optional,esco
software developer,ajax,19,optional,esco
software developer,develop-automated-migration-methods,19,essential,esco
software developer,develop-creative-ideas,19,optional,esco
software developer,jenkins-tools-for-software-configuration-management,19,optional,esco
software developer,manage-engineering-project,19,essential,esco
software developer,asp-net,17,optional,esco
software developer,use-technical-drawing-software,17,essential,esco
software developer,technical-drawings,16,essential,esco
software developer,apache-maven,15,optional,esco
software developer,collect-customer-feedback-on-applications,15,optional,esco
software developer,eclipse-integrated-development-environment-software,15,optional,esco
software developer,objective-c,15,optional,esco
software developer,visual-studio-net,15,optional,esco
software developer,world-wide-web-consortium-standards,15,optional,esco
software developer,ansible,13,optional,esco
software developer,apache-tomcat,13,optional,esco
software developer,cyber-attack-counter-measures,13,optional,esco
software developer,scala,13,optional,esco
software developer,use-automatic-programming,13,optional,esco
software developer,use-logic-programming,13,optional,esco
software developer,ajax-framework,10,optional,esco
software developer,assembly-computer-programming,10,optional,esco
software developer,drupal,10,optional,esco
software developer,groovy,10,optional,esco
software developer,matlab,10,optional,esco
software developer,microsoft-visual-c,10,optional,esco
software developer,perl,10,optional,esco
software developer,r,10,optional,esco
software developer,wordpress,10,optional,esco
software developer,xcode,10,optional,esco
software developer,do-cloud-refactoring,9,optional,esco
software developer,ict-security-legislation,9,optional,esco
software developer,migrate-existing-data,9,optional,esco
software developer,ibm-websphere,7,optional,esco
software developer,internet-of-things,7,optional,esco
software developer,puppet-tools-for-software-configuration-management,7,optional,esco
software developer,abap,5,optional,esco
software developer,coffeescript,5,optional,esco
software developer,oracle-application-development-framework,5,optional,esco
software developer,salt-tools-for-software-configuration-management,5,optional,esco
software developer,sas-language,5,optional,esco
software developer,utilise-machine-learning,5,optional,esco
software developer,vbscript,5,optional,esco
software developer,cobol,3,optional,esco
software developer,erlang,3,optional,esco
software developer,haskell,3,optional,esco
software developer,kdevelop,3,optional,esco
software developer,pascal-computer-programming,3,optional,esco
software developer,sap-r3,3,optional,esco
software developer,scratch-computer-programming,3,optional,esco
software developer,staf,3,optional,esco
software developer,apl,1,optional,esco
software developer,blockchain-openness,1,optional,esco
software developer,blockchain-platforms,1,optional,esco
software developer,common-lisp,1,optional,esco
software developer,lisp,1,optional,esco
software developer,ml-computer-programming,1,optional,esco
software developer,openedge-advanced-business-language,1,optional,esco
software developer,prolog-computer-programming,1,optional,esco
software developer,smalltalk-computer-programming,1,optional,esco
software developer,smart-contract,1,optional,esco
software manager,manage-ict-project,88,essential,esco
software manager,analyse-software-specifications,85,essential,esco
software manager,systems-development-life-cycle,82,essential,esco
software manager,ict-project-management,80,essential,esco
software manager,create-software-design,78,essential,esco
software manager,ict-project-management-methodologies,76,essential,esco
software manager,quality-assurance-methodologies,74,essential,esco
software manager,ensure-adherence-to-organisational-ict-standards,72,essential,esco
software manager,software-metrics,70,essential,esco
software manager,ict-system-user-requirements,68,optional,esco
software manager,evaluate-cost-of-software-products,66,essential,esco
software manager,manage-staff,65,optional,esco
software manager,agile-project-management,64,optional,esco
software manager,monitor-technology-trends,62,essential,esco
software manager,manage-schedule-of-tasks,60,optional,esco
software manager,unified-modelling-language,60,essential,esco
software manager,interact-with-users-to-gather-requirements,58,optional,esco
software manager,organisational-policies,58,essential,esco
software manager,apply-system-organisational-policies,56,essential,esco
software manager,identify-ict-user-needs,55,optional,esco
software manager,manage-business-knowledge,55,essential,esco
software manager,apply-ict-system-usage-policies,54,essential,esco
software manager,data-storage,52,essential,esco
software manager,analyse-ict-technical-proposals,51,optional,esco
software manager,use-ict-ticketing-system,50,essential,esco
software manager,use-an-application-specific-interface,48,essential,esco
software manager,use-different-communication-channels,47,optional,esco
software manager,manage-data,46,essential,esco
software manager,coach-employees,45,optional,esco
software manager,execute-analytical-mathematical-calculations,44,essential,esco
software manager,train-employees,43,optional,esco
software manager,apply-conflict-management,42,optional,esco
software manager,use-methodologies-for-user-centered-design,40,optional,esco
software manager,monitor-ict-research,38,optional,esco
software manager,lean-project-management,36,optional,esco
software manager,process-based-management,34,optional,esco
software manager,provide-user-documentation,32,optional,esco
software manager,give-live-presentation,30,optional,esco
software manager,manage-tender-processes,28,optional,esco
software manager,manage-software-localisation,26,optional,esco
software manager,negotiate-buying-conditions,25,optional,esco
software manager,mobile-operating-systems,24,optional,esco
software manager,android-mobile-operating-systems,22,optional,esco
software manager,ios,20,optional,esco
software manager,windows-phone,6,optional,esco
software manager,blackberry,5,optional,esco
software tester,execute-software-tests,95,essential,esco
software tester,levels-of-software-testing,90,essential,esco
software tester,perform-software-unit-testing,88,essential,esco
software tester,report-test-findings,85,essential,esco
software tester,software-anomalies,84,essential,esco
software tester,replicate-customer-software-issues,78,essential,esco
software tester,provide-software-testing-documentation,74,essential,esco
software tester,address-problems-critically,72,essential,esco
software tester,plan-software-testing,72,optional,esco
software tester,develop-automated-software-tests,70,optional,esco
software tester,software-metrics,70,essential,esco
software tester,debug-software,68,optional,esco
software tester,develop-ict-test-suite,66,optional,esco
software tester,tools-for-ict-test-automation,65,optional,esco
software tester,software-architecture-models,62,essential,esco
software tester,execute-integration-testing,60,optional,esco
software tester,use-scripting-programming,58,optional,esco
software tester,ict-debugging-tools,55,optional,esco
software tester,perform-software-recovery-testing,48,optional,esco
software tester,agile-project-management,45,optional,esco
software tester,conduct-ict-code-review,42,optional,esco
software tester,computer-programming,38,optional,esco
software tester,query-languages,35,optional,esco
software tester,software-components-libraries,35,optional,esco
software tester,application-usability,34,optional,esco
software tester,ict-project-management-methodologies,32,optional,esco
software tester,ict-performance-analysis-methods,30,optional,esco
software tester,measure-software-usability,30,optional,esco
software tester,manage-schedule-of-tasks,28,optional,esco
software tester,python-computer-programming,28,optional,esco
software tester,java-computer-programming,26,optional,esco
software tester,javascript,24,optional,esco
software tester,process-based-management,24,optional,esco
software tester,audit-techniques,22,optional,esco
software tester,lean-project-management,22,optional,esco
software tester,c-2,20,optional,esco
software tester,typescript,20,optional,esco
software tester,hardware-components,18,optional,esco
software tester,php,18,optional,esco
software tester,ruby-computer-programming,18,optional,esco
software tester,visual-studio-net,18,optional,esco
software tester,c,16,optional,esco
software tester,ldap,16,optional,esco
software tester,perl,16,optional,esco
software tester,r,16,optional,esco
software tester,scala,16,optional,esco
software tester,unstructured-data,16,optional,esco
software tester,sap-r3,15,optional,esco
software tester,asp-net,14,optional,esco
software tester,linq,14,optional,esco
software tester,resource-description-framework-query-language,14,optional,esco
software tester,sas-language,14,optional,esco
software tester,sparql,14,optional,esco
software tester,vbscript,14,optional,esco
software tester,xquery,14,optional,esco
software tester,matlab,13,optional,esco
software tester,abap,12,optional,esco
software tester,ajax,12,optional,esco
software tester,groovy,12,optional,esco
software tester,mdx,12,optional,esco
software tester,microsoft-visual-c,12,optional,esco
software tester,swift-computer-programming,12,optional,esco
software tester,cobol,10,optional,esco
software tester,objective-c,10,optional,esco
software tester,assembly-computer-programming,9,optional,esco
software tester,erlang,9,optional,esco
software tester,coffeescript,8,optional,esco
software tester,haskell,8,optional,esco
software tester,n1ql,8,optional,esco
software tester,openedge-advanced-business-language,8,optional,esco
software tester,pascal-computer-programming,8,optional,esco
software tester,common-lisp,7,optional,esco
software tester,lisp,7,optional,esco
software tester,ml-computer-programming,7,optional,esco
software tester,prolog-computer-programming,6,optional,esco
software tester,smalltalk-computer-programming,6,optional,esco
software tester,apl,5,optional,esco
software tester,scratch-computer-programming,5,optional,esco
Solidity Developer,solidity,90,essential,market
Solidity Developer,smart-contract,88,essential,market
Solidity Developer,principles-of-distributed-ledger-technology,80,essential,market
Solidity Developer,blockchain-platforms,76,essential,market
Solidity Developer,debug-software,72,essential,market
Solidity Developer,decentralized-application-frameworks,66,optional,market
Solidity Developer,web-application-security-threats,64,optional,market
Solidity Developer,use-object-oriented-programming,62,optional,market
Solidity Developer,javascript,60,optional,market
Solidity Developer,blockchain-consensus-mechanisms,59,optional,market
Solidity Developer,apply-information-security-policies,58,optional,market
Solidity Developer,web-programming,55,optional,market
sound designer,understand-artistic-concepts,92,essential,esco
sound designer,use-audio-reproduction-software,90,essential,esco
sound designer,use-specialised-design-software,88,essential,esco
sound designer,develop-design-ideas-cooperatively,82,essential,esco
sound designer,present-artistic-design-proposals,78,essential,esco
sound designer,research-new-ideas,75,essential,esco
sound designer,adapt-existing-designs-to-changed-circumstances,74,essential,esco
sound designer,translate-artistic-concepts-to-technical-designs,72,optional,esco
sound designer,meet-deadlines,70,essential,esco
sound designer,use-technical-documentation,67,essential,esco
sound designer,keep-up-with-trends,66,essential,esco
sound designer,analyse-the-need-for-technical-resources,60,optional,esco
sound designer,copyright-legislation,56,optional,esco
sound designer,lead-a-team,54,optional,esco
sound designer,develop-professional-network,53,optional,esco
sound designer,provide-documentation,51,optional,esco
sound designer,manage-personal-professional-development,49,optional,esco
sound designer,calculate-design-costs,47,optional,esco
sound designer,update-budget,44,optional,esco
sound designer,labour-legislation,38,optional,esco
sound editor,edit-recorded-sound,92,essential,esco
sound editor,synchronise-sound-with-images,88,essential,esco
sound editor,audio-editing-software,86,essential,esco
sound editor,finish-project-within-budget,64,essential,esco
sound editor,follow-work-schedule,62,essential,esco
sound editor,search-databases,59,essential,esco
sound editor,copyright-legislation,57,essential,esco
sound editor,file-based-workflow,54,optional,esco
sound editor,archive-documentation-related-to-work,44,optional,esco
sound mastering engineer,audio-mastering,92,essential,esco
sound mastering engineer,audio-editing-software,85,essential,esco
sound mastering engineer,convert-different-audiovisual-formats,78,essential,esco
sound mastering engineer,edit-recorded-sound,72,essential,esco
sound mastering engineer,types-of-audiovisual-formats,70,essential,esco
sound mastering engineer,audio-technology,65,essential,esco
sound mastering engineer,audio-post-production,50,optional,esco
sound operator,use-audio-reproduction-software,90,essential,esco
sound operator,interpret-artistic-intentions,85,essential,esco
sound operator,translate-artistic-concepts-to-technical-designs,85,essential,esco
sound operator,understand-artistic-concepts,80,essential,esco
sound operator,edit-recorded-sound,75,essential,esco
sound operator,support-a-designer-in-the-developing-process,70,essential,esco
sound operator,use-technical-documentation,70,essential,esco
sound operator,adapt-existing-designs-to-changed-circumstances,65,optional,esco
sound operator,keep-up-with-trends,60,essential,esco
sound operator,advise-client-on-technical-possibilities,55,optional,esco
sound operator,plan-teamwork,55,optional,esco
sound operator,lead-a-team,50,optional,esco
sound operator,provide-documentation,50,optional,esco
sound operator,develop-professional-network,45,optional,esco
sound operator,manage-personal-professional-development,45,optional,esco
sound operator,update-budget,40,optional,esco
special effects artist,digital-compositing,90,essential,esco
special effects artist,create-moving-images,85,essential,esco
special effects artist,develop-animations,82,essential,esco
special effects artist,motion-graphics,78,essential,esco
special effects artist,operate-3d-computer-graphics-software,68,optional,esco
special effects artist,graphic-design,65,essential,esco
special effects artist,follow-a-brief,62,essential,esco
special effects artist,design-graphics,60,essential,esco
special effects artist,provide-multimedia-content,58,essential,esco
special effects artist,render-3d-images,56,optional,esco
special effects artist,multimedia-systems,55,essential,esco
special effects artist,convert-into-animated-object,52,optional,esco
special effects artist,ict-software-specifications,50,essential,esco
special effects artist,follow-work-schedule,48,essential,esco
special effects artist,adobe-photoshop,46,optional,esco
special effects artist,computer-equipment,45,essential,esco
special effects artist,finish-project-within-budget,44,essential,esco
special effects artist,graphics-editor-software,44,optional,esco
special effects artist,motion-capture,42,optional,esco
special effects artist,3d-lighting,40,optional,esco
special effects artist,adobe-illustrator,38,optional,esco
special effects artist,manage-feedback,30,optional,esco
special effects artist,copyright-legislation,24,optional,esco
special effects artist,manage-portfolio,22,optional,esco
special effects artist,synfig,20,optional,esco
special effects artist,gimp-graphics-editor-software,18,optional,esco
special effects artist,sketchbook-pro,16,optional,esco
special effects artist,microsoft-visio,8,optional,esco
stop-motion animator,develop-animations,95,essential,esco
stop-motion animator,set-up-animation-elements,90,essential,esco
stop-motion animator,follow-a-brief,72,essential,esco
stop-motion animator,follow-work-schedule,58,essential,esco
stop-motion animator,finish-project-within-budget,45,essential,esco
stop-motion animator,manage-portfolio,32,optional,esco
stop-motion animator,motion-capture,24,optional,esco
stop-motion animator,copyright-legislation,15,optional,esco
system configurator,configure-ict-system,95,essential,esco
system configurator,integrate-system-components,88,essential,esco
system configurator,ict-system-user-requirements,85,essential,esco
system configurator,analyse-software-specifications,80,essential,esco
system configurator,ict-infrastructure,78,essential,esco
system configurator,migrate-existing-data,70,essential,esco
system configurator,replicate-customer-software-issues,68,essential,esco
system configurator,service-oriented-modelling,66,essential,esco
system configurator,develop-automated-migration-methods,64,essential,esco
system configurator,ict-performance-analysis-methods,62,essential,esco
system configurator,solution-deployment,60,optional,esco
system configurator,collect-customer-feedback-on-applications,58,essential,esco
system configurator,ict-system-integration,56,optional,esco
system configurator,interpret-technical-texts,55,essential,esco
system configurator,create-solutions-to-problems,54,optional,esco
system configurator,create-flowchart-diagram,52,essential,esco
system configurator,define-technical-requirements,50,optional,esco
system configurator,computer-programming,48,optional,esco
system configurator,cloud-technologies,46,optional,esco
system configurator,cognitive-psychology,45,essential,esco
system configurator,ict-debugging-tools,44,optional,esco
system configurator,interfacing-techniques,42,optional,esco
system configurator,software-architecture-models,40,optional,esco
system configurator,use-ict-ticketing-system,40,optional,esco
system configurator,software-components-libraries,38,optional,esco
system configurator,hardware-components,36,optional,esco
system configurator,oracle-relational-database,36,optional,esco
system configurator,sql-server,36,optional,esco
system configurator,information-architecture,34,optional,esco
system configurator,mysql,34,optional,esco
system configurator,postgresql,34,optional,esco
system configurator,saas-service-oriented-modelling,32,optional,esco
system configurator,database-management-systems,30,optional,esco
system configurator,ict-architectural-frameworks,30,optional,esco
system configurator,data-storage,28,optional,esco
system configurator,manage-cloud-data-and-storage,28,optional,esco
system configurator,python-computer-programming,28,optional,esco
system configurator,db2,26,optional,esco
system configurator,hardware-architectures,26,optional,esco
system configurator,implement-a-virtual-private-network,26,optional,esco
system configurator,java-computer-programming,26,optional,esco
system configurator,do-cloud-refactoring,24,optional,esco
system configurator,javascript,24,optional,esco
system configurator,embedded-systems,22,optional,esco
system configurator,teradata-database,22,optional,esco
system configurator,c-2,20,optional,esco
system configurator,ict-accessibility-standards,20,optional,esco
system configurator,microsoft-access,20,optional,esco
system configurator,mobile-device-software-frameworks,20,optional,esco
system configurator,typescript,20,optional,esco
system configurator,open-source-model,18,optional,esco
system configurator,php,18,optional,esco
system configurator,ruby-computer-programming,18,optional,esco
system configurator,visual-studio-net,18,optional,esco
system configurator,c,16,optional,esco
system configurator,hybrid-model,16,optional,esco
system configurator,ibm-informix,16,optional,esco
system configurator,openedge-database,16,optional,esco
system configurator,outsourcing-model,16,optional,esco
system configurator,perl,16,optional,esco
system configurator,r,16,optional,esco
system configurator,scala,16,optional,esco
system configurator,sap-r3,15,optional,esco
system configurator,asp-net,14,optional,esco
system configurator,sas-language,14,optional,esco
system configurator,use-logic-programming,14,optional,esco
system configurator,vbscript,14,optional,esco
system configurator,matlab,13,optional,esco
system configurator,abap,12,optional,esco
system configurator,ajax,12,optional,esco
system configurator,ca-datacom-db,12,optional,esco
system configurator,filemaker-database-management-systems,12,optional,esco
system configurator,groovy,12,optional,esco
system configurator,microsoft-visual-c,12,optional,esco
system configurator,objectstore,12,optional,esco
system configurator,swift-computer-programming,12,optional,esco
system configurator,cobol,10,optional,esco
system configurator,ict-power-consumption,10,optional,esco
system configurator,objective-c,10,optional,esco
system configurator,assembly-computer-programming,9,optional,esco
system configurator,erlang,9,optional,esco
system configurator,coffeescript,8,optional,esco
system configurator,haskell,8,optional,esco
system configurator,openedge-advanced-business-language,8,optional,esco
system configurator,pascal-computer-programming,8,optional,esco
system configurator,common-lisp,7,optional,esco
system configurator,lisp,7,optional,esco
system configurator,ml-computer-programming,7,optional,esco
system configurator,prolog-computer-programming,6,optional,esco
system configurator,smalltalk-computer-programming,6,optional,esco
system configurator,apl,5,optional,esco
system configurator,scratch-computer-programming,5,optional,esco
Systems Programmer,operating-systems,90,essential,market
Systems Programmer,c,88,essential,market
Systems Programmer,ict-system-programming,85,essential,market
Systems Programmer,algorithms,80,essential,market
Systems Programmer,assembly-computer-programming,78,essential,market
Systems Programmer,use-concurrent-programming,76,essential,market
Systems Programmer,debug-software,74,essential,market
Systems Programmer,develop-ict-device-driver,69,optional,market
Systems Programmer,hardware-architectures,66,optional,market
Systems Programmer,monitor-system-performance,63,optional,market
Tableau Developer,deliver-visual-presentation-of-data,90,essential,market
Tableau Developer,business-intelligence,85,essential,market
Tableau Developer,data-analytics,82,essential,market
Tableau Developer,sql,80,essential,market
Tableau Developer,create-data-models,72,optional,market
Tableau Developer,data-warehouse,68,optional,market
Tableau Developer,data-extraction-transformation-and-loading-tools,66,optional,market
Tableau Developer,statistics,64,optional,market
Tableau Developer,analyse-business-requirements,58,optional,market
Tableau Developer,interact-with-users-to-gather-requirements,56,optional,market
Technical Lead,define-software-architecture,90,essential,market
Technical Lead,lead-a-team,88,essential,market
Technical Lead,oversee-development-of-software,85,essential,market
Technical Lead,agile-project-management,78,essential,market
Technical Lead,coordinate-engineering-teams,75,essential,market
Technical Lead,devops,68,optional,market
Technical Lead,conduct-ict-code-review,66,optional,market
Technical Lead,manage-software-releases,63,optional,market
Technical Lead,implement-ict-coding-conventions,60,optional,market
Technical Lead,interact-with-users-to-gather-requirements,58,optional,market
Technical Program Manager,ict-project-management,88,essential,market
Technical Program Manager,agile-project-management,82,essential,market
Technical Program Manager,apply-risk-management-processes,78,essential,market
Technical Program Manager,define-technical-requirements,76,essential,market
Technical Program Manager,coordinate-engineering-teams,74,essential,market
Technical Program Manager,systems-development-life-cycle,70,optional,market
Technical Program Manager,identify-ict-user-needs,68,optional,market
Technical Program Manager,manage-system-testing,66,optional,market
Technical Program Manager,manage-software-releases,64,optional,market
Technical Program Manager,evaluate-project-plans,62,optional,market
Technical Program Manager,track-key-performance-indicators,60,optional,market
Technical Program Manager,organise-project-meetings,58,optional,market
technical sales representative in electronic and telecommunications equipment,implement-sales-strategies,92,essential,esco
technical sales representative in electronic and telecommunications equipment,maintain-relationship-with-customers,90,essential,esco
technical sales representative in electronic and telecommunications equipment,communicate-with-customers,85,essential,esco
technical sales representative in electronic and telecommunications equipment,guarantee-customer-satisfaction,82,essential,esco
technical sales representative in electronic and telecommunications equipment,characteristics-of-products,80,essential,esco
technical sales representative in electronic and telecommunications equipment,apply-technical-communication-skills,75,essential,esco
technical sales representative in electronic and telecommunications equipment,ensure-client-orientation,72,essential,esco
technical sales representative in electronic and telecommunications equipment,characteristics-of-services,70,essential,esco
technical sales representative in electronic and telecommunications equipment,implement-customer-follow-up,68,essential,esco
technical sales representative in electronic and telecommunications equipment,use-customer-relationship-management-software,60,essential,esco
technical sales representative in electronic and telecommunications equipment,keep-records-of-customer-interaction,55,essential,esco
technical sales representative in electronic and telecommunications equipment,implement-marketing-strategies,50,essential,esco
technical sales representative in electronic and telecommunications equipment,have-computer-literacy,45,essential,esco
technical sales representative in electronic and telecommunications equipment,manage-schedule-of-tasks,40,essential,esco
technical sales representative in electronic and telecommunications equipment,ensure-compliance-with-legal-requirements,35,essential,esco
Technical Writer,provide-technical-documentation,90,essential,market
Technical Writer,provide-user-documentation,85,essential,market
Technical Writer,apply-technical-communication-skills,82,essential,market
Technical Writer,structure-information,76,essential,market
Technical Writer,proofread-text,74,essential,market
Technical Writer,translate-requirement-concepts-into-content,68,optional,market
Technical Writer,documentation-types,65,optional,market
Technical Writer,information-architecture,63,optional,market
Technical Writer,compile-content,61,optional,market
Technical Writer,conduct-content-quality-assurance,58,optional,market
telecommunications analyst,ict-communications-protocols,90,essential,esco
telecommunications analyst,analyse-business-processes,85,essential,esco
telecommunications analyst,provide-ict-system-training,80,essential,esco
telecommunications analyst,communicate-with-customers,78,essential,esco
telecommunications analyst,define-technical-requirements,74,essential,esco
telecommunications analyst,telecommunication-trunking,72,essential,esco
telecommunications analyst,procurement-of-ict-network-equipment,68,essential,esco
telecommunications analyst,operate-private-branch-exchange,66,essential,esco
telecommunications analyst,provide-cost-benefit-analysis-reports,62,essential,esco
telecommunications analyst,design-process,60,essential,esco
telecommunications analyst,provide-user-documentation,58,essential,esco
telecommunications analyst,use-session-border-controller,56,essential,esco
telecommunications analyst,direct-inward-dialing,55,essential,esco
telecommunications analyst,use-different-communication-channels,52,essential,esco
telecommunications analyst,analog-electronics-theory,50,essential,esco
telecommunications analyst,execute-analytical-mathematical-calculations,48,essential,esco
telecommunications analyst,analyse-business-requirements,47,optional,esco
telecommunications analyst,propose-ict-solutions-to-business-problems,46,optional,esco
telecommunications analyst,upgrade-firmware,45,essential,esco
telecommunications analyst,cisco,44,optional,esco
telecommunications analyst,business-process-modelling,42,optional,esco
telecommunications analyst,provide-ict-consulting-advice,40,optional,esco
telecommunications analyst,coordinate-technological-activities,34,optional,esco
telecommunications analyst,ict-security-legislation,30,optional,esco
telecommunications analyst,make-strategic-business-decisions,28,optional,esco
telecommunications analyst,solder-electronics,14,optional,esco
telecommunications engineer,ict-communications-protocols,92,essential,esco
telecommunications engineer,design-computer-network,90,essential,esco
telecommunications engineer,ict-network-routing,88,essential,esco
telecommunications engineer,signal-processing,86,essential,esco
telecommunications engineer,telecommunication-industry,84,essential,esco
telecommunications engineer,ict-network-security-risks,80,essential,esco
telecommunications engineer,analyse-network-bandwidth-requirements,78,essential,esco
telecommunications engineer,define-technical-requirements,72,essential,esco
telecommunications engineer,implement-a-virtual-private-network,70,essential,esco
telecommunications engineer,adjust-ict-system-capacity,68,essential,esco
telecommunications engineer,design-process,66,essential,esco
telecommunications engineer,telecommunication-trunking,65,optional,esco
telecommunications engineer,ict-system-user-requirements,64,essential,esco
telecommunications engineer,interact-with-users-to-gather-requirements,63,essential,esco
telecommunications engineer,systems-development-life-cycle,62,essential,esco
telecommunications engineer,procurement-of-ict-network-equipment,60,essential,esco
telecommunications engineer,quality-assurance-methodologies,58,essential,esco
telecommunications engineer,use-session-border-controller,57,essential,esco
telecommunications engineer,support-ict-system-users,55,essential,esco
telecommunications engineer,ict-networking-hardware,54,optional,esco
telecommunications engineer,provide-ict-system-training,52,essential,esco
telecommunications engineer,cisco,50,optional,esco
telecommunications engineer,implement-ict-network-diagnostic-tools,50,optional,esco
telecommunications engineer,perform-ict-troubleshooting,48,optional,esco
telecommunications engineer,forecast-future-ict-network-needs,46,optional,esco
telecommunications engineer,implement-a-firewall,45,optional,esco
telecommunications engineer,integrate-system-components,44,optional,esco
telecommunications engineer,provide-technical-documentation,44,optional,esco
telecommunications engineer,apply-technical-communication-skills,42,optional,esco
telecommunications engineer,operate-private-branch-exchange,42,optional,esco
telecommunications engineer,analyse-business-requirements,40,optional,esco
telecommunications engineer,provide-user-documentation,40,optional,esco
telecommunications engineer,implement-ict-safety-policies,38,optional,esco
telecommunications engineer,use-different-communication-channels,36,optional,esco
telecommunications engineer,computer-programming,35,optional,esco
telecommunications engineer,ict-project-management-methodologies,32,optional,esco
telecommunications engineer,agile-project-management,30,optional,esco
telecommunications engineer,assess-ict-knowledge,28,optional,esco
telecommunications engineer,perform-resource-planning,28,optional,esco
telecommunications engineer,create-software-design,26,optional,esco
telecommunications engineer,give-live-presentation,26,optional,esco
telecommunications engineer,python-computer-programming,25,optional,esco
telecommunications engineer,build-business-relationships,24,optional,esco
telecommunications engineer,c,22,optional,esco
telecommunications engineer,lean-project-management,20,optional,esco
telecommunications engineer,process-based-management,20,optional,esco
telecommunications engineer,solve-location-and-navigation-problems-by-using-gps-tools,20,optional,esco
telecommunications engineer,matlab,18,optional,esco
telecommunications engineer,assembly-computer-programming,16,optional,esco
telecommunications engineer,java-computer-programming,16,optional,esco
telecommunications engineer,javascript,14,optional,esco
telecommunications engineer,microsoft-visual-c,14,optional,esco
telecommunications engineer,c-2,12,optional,esco
telecommunications engineer,erlang,12,optional,esco
telecommunications engineer,perl,12,optional,esco
telecommunications engineer,visual-studio-net,12,optional,esco
telecommunications engineer,php,10,optional,esco
telecommunications engineer,typescript,10,optional,esco
telecommunications engineer,ajax,8,optional,esco
telecommunications engineer,asp-net,8,optional,esco
telecommunications engineer,r,8,optional,esco
telecommunications engineer,ruby-computer-programming,8,optional,esco
telecommunications engineer,swift-computer-programming,8,optional,esco
telecommunications engineer,objective-c,7,optional,esco
telecommunications engineer,vbscript,7,optional,esco
telecommunications engineer,groovy,6,optional,esco
telecommunications engineer,sap-r3,6,optional,esco
telecommunications engineer,sas-language,6,optional,esco
telecommunications engineer,scala,6,optional,esco
telecommunications engineer,abap,5,optional,esco
telecommunications engineer,cobol,5,optional,esco
telecommunications engineer,coffeescript,5,optional,esco
telecommunications engineer,common-lisp,5,optional,esco
telecommunications engineer,haskell,5,optional,esco
telecommunications engineer,lisp,5,optional,esco
telecommunications engineer,pascal-computer-programming,5,optional,esco
telecommunications engineer,apl,4,optional,esco
telecommunications engineer,ml-computer-programming,4,optional,esco
telecommunications engineer,openedge-advanced-business-language,4,optional,esco
telecommunications engineer,prolog-computer-programming,4,optional,esco
telecommunications engineer,scratch-computer-programming,4,optional,esco
telecommunications engineer,smalltalk-computer-programming,4,optional,esco
telecommunications engineering technician,ict-communications-protocols,88,essential,esco
telecommunications engineering technician,use-session-border-controller,84,essential,esco
telecommunications engineering technician,integrate-system-components,80,essential,esco
telecommunications engineering technician,support-ict-system-users,78,essential,esco
telecommunications engineering technician,manage-system-testing,76,essential,esco
telecommunications engineering technician,direct-inward-dialing,74,essential,esco
telecommunications engineering technician,analog-electronics-theory,72,essential,esco
telecommunications engineering technician,maintain-telephony-system,72,optional,esco
telecommunications engineering technician,upgrade-firmware,70,essential,esco
telecommunications engineering technician,manage-changes-in-ict-system,68,essential,esco
telecommunications engineering technician,manage-system-security,66,essential,esco
telecommunications engineering technician,telecommunication-trunking,66,optional,esco
telecommunications engineering technician,interpret-technical-texts,64,essential,esco
telecommunications engineering technician,ict-system-user-requirements,62,essential,esco
telecommunications engineering technician,operate-private-branch-exchange,62,optional,esco
telecommunications engineering technician,solve-ict-system-problems,58,optional,esco
telecommunications engineering technician,quality-assurance-methodologies,56,essential,esco
telecommunications engineering technician,apply-ict-system-usage-policies,54,essential,esco
telecommunications engineering technician,apply-system-organisational-policies,52,essential,esco
telecommunications engineering technician,cisco,52,optional,esco
telecommunications engineering technician,organisational-policies,50,essential,esco
telecommunications engineering technician,provide-technical-documentation,50,optional,esco
telecommunications engineering technician,use-scripting-programming,48,essential,esco
telecommunications engineering technician,procurement-of-ict-network-equipment,46,optional,esco
telecommunications engineering technician,solder-electronics,44,optional,esco
telecommunications engineering technician,meet-deadlines,40,optional,esco
telecommunications engineering technician,implement-a-virtual-private-network,36,optional,esco
telecommunications engineering technician,computer-programming,34,optional,esco
telecommunications engineering technician,execute-ict-audits,32,optional,esco
telecommunications engineering technician,ict-system-programming,30,optional,esco
telecommunications engineering technician,provide-cost-benefit-analysis-reports,28,optional,esco
telecommunications engineering technician,python-computer-programming,26,optional,esco
telecommunications engineering technician,perl,24,optional,esco
telecommunications engineering technician,assembly-computer-programming,20,optional,esco
telecommunications engineering technician,c,18,optional,esco
telecommunications engineering technician,java-computer-programming,16,optional,esco
telecommunications engineering technician,javascript,14,optional,esco
telecommunications engineering technician,matlab,14,optional,esco
telecommunications engineering technician,c-2,12,optional,esco
telecommunications engineering technician,erlang,12,optional,esco
telecommunications engineering technician,microsoft-visual-c,12,optional,esco
telecommunications engineering technician,vbscript,12,optional,esco
telecommunications engineering technician,php,10,optional,esco
telecommunications engineering technician,ruby-computer-programming,10,optional,esco
telecommunications engineering technician,visual-studio-net,10,optional,esco
telecommunications engineering technician,ajax,8,optional,esco
telecommunications engineering technician,asp-net,8,optional,esco
telecommunications engineering technician,typescript,8,optional,esco
telecommunications engineering technician,groovy,6,optional,esco
telecommunications engineering technician,objective-c,6,optional,esco
telecommunications engineering technician,r,6,optional,esco
telecommunications engineering technician,sap-r3,6,optional,esco
telecommunications engineering technician,scala,6,optional,esco
telecommunications engineering technician,swift-computer-programming,6,optional,esco
telecommunications engineering technician,abap,5,optional,esco
telecommunications engineering technician,cobol,5,optional,esco
telecommunications engineering technician,coffeescript,5,optional,esco
telecommunications engineering technician,sas-language,5,optional,esco
telecommunications engineering technician,apl,4,optional,esco
telecommunications engineering technician,common-lisp,4,optional,esco
telecommunications engineering technician,haskell,4,optional,esco
telecommunications engineering technician,lisp,4,optional,esco
telecommunications engineering technician,ml-computer-programming,4,optional,esco
telecommunications engineering technician,openedge-advanced-business-language,4,optional,esco
telecommunications engineering technician,pascal-computer-programming,4,optional,esco
telecommunications engineering technician,prolog-computer-programming,4,optional,esco
telecommunications engineering technician,scratch-computer-programming,4,optional,esco
telecommunications engineering technician,smalltalk-computer-programming,4,optional,esco
telecommunications manager,ict-communications-protocols,92,essential,esco
telecommunications manager,manage-staff,85,essential,esco
telecommunications manager,coordinate-technological-activities,78,essential,esco
telecommunications manager,telecommunication-trunking,72,optional,esco
telecommunications manager,manage-budgets,70,essential,esco
telecommunications manager,comply-with-legal-regulations,66,essential,esco
telecommunications manager,implement-ict-risk-management,64,essential,esco
telecommunications manager,use-ict-ticketing-system,62,essential,esco
telecommunications manager,operate-private-branch-exchange,60,optional,esco
telecommunications manager,execute-ict-audits,58,essential,esco
telecommunications manager,recruit-employees,55,essential,esco
telecommunications manager,train-employees,52,optional,esco
telecommunications manager,direct-inward-dialing,50,optional,esco
telecommunications manager,implement-a-virtual-private-network,48,optional,esco
telecommunications manager,service-oriented-modelling,45,essential,esco
telecommunications manager,provide-cost-benefit-analysis-reports,44,optional,esco
telecommunications manager,upgrade-firmware,42,optional,esco
telecommunications manager,internet-governance,40,optional,esco
telecommunications manager,implement-corporate-governance,34,optional,esco
telecommunications manager,investment-analysis,30,optional,esco
telecommunications manager,saas-service-oriented-modelling,28,optional,esco
telecommunications manager,outsourcing-model,26,optional,esco
telecommunications manager,hybrid-model,24,optional,esco
telecommunications manager,open-source-model,22,optional,esco
UI Designer,design-user-interface,90,essential,market
UI Designer,information-architecture,80,essential,market
UI Designer,use-methodologies-for-user-centered-design,75,essential,market
UI Designer,typography,72,essential,market
UI Designer,translate-requirements-into-visual-design,69,optional,market
UI Designer,create-website-wireframe,68,optional,market
UI Designer,application-usability,67,optional,market
UI Designer,human-computer-interaction,65,optional,market
UI Designer,maintain-responsive-design,64,optional,market
UI Designer,create-prototype-of-user-experience-solutions,63,optional,market
UI Designer,software-ui-design-patterns,61,optional,market
UI Designer,adobe-illustrator,50,optional,market
UI Developer,javascript,92,essential,market
UI Developer,css,88,essential,market
UI Developer,implement-front-end-website-design,86,essential,market
UI Developer,use-markup-languages,84,essential,market
UI Developer,design-user-interface,78,essential,market
UI Developer,maintain-responsive-design,75,optional,market
UI Developer,javascript-framework,72,optional,market
UI Developer,world-wide-web-consortium-standards,68,optional,market
UI Developer,typescript,65,optional,market
UI Developer,usability-engineering,60,optional,market
Unity Developer,unity-digital-game-creation-systems,92,essential,market
Unity Developer,c-2,90,essential,market
Unity Developer,use-object-oriented-programming,78,essential,market
Unity Developer,software-design-methodologies,68,optional,market
Unity Developer,debug-software,66,optional,market
Unity Developer,real-time-computing,64,optional,market
Unity Developer,algorithms,62,optional,market
Unity Developer,design-user-interface,60,optional,market
Unity Developer,mathematics,58,optional,market
Unity Developer,augmented-reality,55,optional,market
Unity Developer,visual-studio-net,52,optional,market
Unity Developer,android-mobile-operating-systems,48,optional,market
Unreal Engine Developer,unreal-engine,92,essential,market
Unreal Engine Developer,c,88,essential,market
Unreal Engine Developer,real-time-computing,82,essential,market
Unreal Engine Developer,use-object-oriented-programming,78,essential,market
Unreal Engine Developer,algorithms,76,essential,market
Unreal Engine Developer,debug-software,74,essential,market
Unreal Engine Developer,conduct-performance-tests,60,optional,market
Unreal Engine Developer,agile-development,56,optional,market
Unreal Engine Developer,microsoft-visual-c,50,optional,market
Unreal Engine Developer,design-user-interface,48,optional,market
user experience analyst,assess-users-interaction-with-ict-applications,92,essential,esco
user experience analyst,human-computer-interaction,90,essential,esco
user experience analyst,application-usability,88,essential,esco
user experience analyst,execute-ict-user-research-activities,84,essential,esco
user experience analyst,measure-software-usability,82,essential,esco
user experience analyst,software-interaction-design,80,essential,esco
user experience analyst,conduct-qualitative-research,79,essential,esco
user experience analyst,create-prototype-of-user-experience-solutions,78,essential,esco
user experience analyst,conduct-research-interview,76,essential,esco
user experience analyst,use-experience-map,74,essential,esco
user experience analyst,cognitive-psychology,72,essential,esco
user experience analyst,measure-customer-feedback,70,essential,esco
user experience analyst,conduct-quantitative-research,68,essential,esco
user experience analyst,behavioural-science,66,essential,esco
user experience analyst,identify-ict-user-needs,64,optional,esco
user experience analyst,ict-system-user-requirements,62,optional,esco
user experience analyst,report-analysis-results,60,essential,esco
user experience analyst,analyse-business-requirements,58,essential,esco
user experience analyst,create-website-wireframe,58,optional,esco
user experience analyst,web-analytics,56,optional,esco
user experience analyst,apply-systemic-design-thinking,54,optional,esco
user experience analyst,visual-presentation-techniques,52,optional,esco
user experience analyst,test-system-accessibility-for-users-with-special-needs,50,optional,esco
user experience analyst,define-technical-requirements,46,optional,esco
user experience analyst,perform-market-research,44,optional,esco
user experience analyst,provide-technical-documentation,44,essential,esco
user experience analyst,identify-technological-needs,42,optional,esco
user experience analyst,software-metrics,40,optional,esco
user experience analyst,agile-project-management,34,optional,esco
user experience analyst,online-moderation-techniques,32,optional,esco
user experience analyst,world-wide-web-consortium-standards,30,optional,esco
user experience analyst,ict-project-management-methodologies,28,optional,esco
user experience analyst,manage-localisation,26,optional,esco
user experience analyst,lean-project-management,24,optional,esco
user experience analyst,process-based-management,22,optional,esco
user experience analyst,query-languages,20,optional,esco
user experience analyst,forecast-future-ict-network-needs,12,optional,esco
user experience analyst,use-access-control-software,10,optional,esco
user experience analyst,resource-description-framework-query-language,8,optional,esco
user experience analyst,sparql,8,optional,esco
user experience analyst,linq,6,optional,esco
user experience analyst,mdx,6,optional,esco
user experience analyst,xquery,6,optional,esco
user experience analyst,ldap,5,optional,esco
user experience analyst,n1ql,5,optional,esco
user interface designer,design-user-interface,95,essential,esco
user interface designer,software-ui-design-patterns,86,essential,esco
user interface designer,application-usability,82,essential,esco
user interface designer,translate-requirements-into-visual-design,82,essential,esco
user interface designer,software-interaction-design,80,essential,esco
user interface designer,human-computer-interaction,78,essential,esco
user interface designer,use-methodologies-for-user-centered-design,75,essential,esco
user interface designer,create-website-wireframe,70,essential,esco
user interface designer,assess-users-interaction-with-ict-applications,62,essential,esco
user interface designer,create-software-design,55,optional,esco
user interface designer,design-graphics,55,essential,esco
user interface designer,draw-design-sketches,50,essential,esco
user interface designer,python-computer-programming,50,optional,esco
user interface designer,task-algorithmisation,49,essential,esco
user interface designer,adobe-photoshop,46,optional,esco
user interface designer,design-process,46,essential,esco
user interface designer,graphics-editor-software,45,essential,esco
user interface designer,java-computer-programming,45,optional,esco
user interface designer,ict-accessibility-standards,44,essential,esco
user interface designer,adobe-illustrator,42,optional,esco
user interface designer,web-programming,42,essential,esco
user interface designer,interact-with-users-to-gather-requirements,41,essential,esco
user interface designer,software-design-methodologies,41,optional,esco
user interface designer,c,40,optional,esco
user interface designer,cognitive-psychology,40,optional,esco
user interface designer,agile-development,39,optional,esco
user interface designer,c-2,37,optional,esco
user interface designer,define-technical-requirements,37,essential,esco
user interface designer,typescript,35,optional,esco
user interface designer,agile-project-management,33,optional,esco
user interface designer,use-query-languages,33,optional,esco
user interface designer,develop-creative-ideas,31,essential,esco
user interface designer,use-an-application-specific-interface,31,essential,esco
user interface designer,use-markup-languages,30,essential,esco
user interface designer,analyse-business-requirements,29,optional,esco
user interface designer,ict-project-management-methodologies,29,optional,esco
user interface designer,computer-programming,28,optional,esco
user interface designer,gimp-graphics-editor-software,28,optional,esco
user interface designer,world-wide-web-consortium-standards,27,essential,esco
user interface designer,javascript,26,optional,esco
user interface designer,devops,25,optional,esco
user interface designer,php,25,optional,esco
user interface designer,prototyping-development,25,optional,esco
user interface designer,iterative-development,22,optional,esco
user interface designer,sketchbook-pro,22,optional,esco
user interface designer,test-system-accessibility-for-users-with-special-needs,22,essential,esco
user interface designer,ict-security-legislation,21,essential,esco
user interface designer,incremental-development,20,optional,esco
user interface designer,ruby-computer-programming,20,optional,esco
user interface designer,swift-computer-programming,20,optional,esco
user interface designer,ajax,19,optional,esco
user interface designer,build-business-relationships,19,essential,esco
user interface designer,business-process-modelling,19,optional,esco
user interface designer,manage-online-content,19,essential,esco
user interface designer,quality-standards,19,optional,esco
user interface designer,rapid-application-development,19,optional,esco
user interface designer,asp-net,17,optional,esco
user interface designer,waterfall-development,17,optional,esco
user interface designer,synfig,16,optional,esco
user interface designer,lean-project-management,15,optional,esco
user interface designer,objective-c,15,optional,esco
user interface designer,process-based-management,15,optional,esco
user interface designer,visual-studio-net,15,optional,esco
user interface designer,scala,13,optional,esco
user interface designer,assembly-computer-programming,10,optional,esco
user interface designer,groovy,10,optional,esco
user interface designer,matlab,10,optional,esco
user interface designer,microsoft-visio,10,optional,esco
user interface designer,perl,10,optional,esco
user interface designer,r,10,optional,esco
user interface designer,spiral-development,10,optional,esco
user interface designer,abap,5,optional,esco
user interface designer,augmented-reality,5,optional,esco
user interface designer,coffeescript,5,optional,esco
user interface designer,perform-online-data-analysis,5,optional,esco
user interface designer,sas-language,5,optional,esco
user interface designer,vbscript,5,optional,esco
user interface designer,cobol,3,optional,esco
user interface designer,erlang,3,optional,esco
user interface designer,haskell,3,optional,esco
user interface designer,manage-localisation,3,optional,esco
user interface designer,natural-language-processing,3,optional,esco
user interface designer,pascal-computer-programming,3,optional,esco
user interface designer,sap-r3,3,optional,esco
user interface designer,scratch-computer-programming,3,optional,esco
user interface designer,apl,1,optional,esco
user interface designer,common-lisp,1,optional,esco
user interface designer,lisp,1,optional,esco
user interface designer,ml-computer-programming,1,optional,esco
user interface designer,openedge-advanced-business-language,1,optional,esco
user interface designer,prolog-computer-programming,1,optional,esco
user interface designer,smalltalk-computer-programming,1,optional,esco
user interface developer,design-user-interface,86,essential,esco
user interface developer,javascript,85,optional,esco
user interface developer,css,82,optional,esco
user interface developer,software-ui-design-patterns,80,essential,esco
user interface developer,use-markup-languages,80,optional,esco
user interface developer,web-programming,76,essential,esco
user interface developer,use-software-design-patterns,75,essential,esco
user interface developer,computer-programming,72,essential,esco
user interface developer,javascript-framework,70,optional,esco
user interface developer,style-sheet-languages,70,essential,esco
user interface developer,analyse-software-specifications,67,essential,esco
user interface developer,human-computer-interaction,64,optional,esco
user interface developer,software-interaction-design,62,optional,esco
user interface developer,debug-software,60,optional,esco
user interface developer,integrated-development-environment-software,58,essential,esco
user interface developer,typescript,58,optional,esco
user interface developer,use-software-libraries,58,essential,esco
user interface developer,use-object-oriented-programming,57,optional,esco
user interface developer,world-wide-web-consortium-standards,54,essential,esco
user interface developer,ict-debugging-tools,53,optional,esco
user interface developer,tools-for-software-configuration-management,52,optional,esco
user interface developer,python-computer-programming,50,optional,esco
user interface developer,java-computer-programming,45,optional,esco
user interface developer,sass,44,optional,esco
user interface developer,ajax,40,optional,esco
user interface developer,c,40,optional,esco
user interface developer,less,40,optional,esco
user interface developer,provide-technical-documentation,40,optional,esco
user interface developer,c-2,37,optional,esco
user interface developer,develop-software-prototype,37,essential,esco
user interface developer,use-scripting-programming,37,optional,esco
user interface developer,graphics-editor-software,36,essential,esco
user interface developer,adobe-photoshop,34,optional,esco
user interface developer,use-query-languages,33,optional,esco
user interface developer,ajax-framework,32,optional,esco
user interface developer,design-graphics,31,essential,esco
user interface developer,interpret-technical-texts,31,essential,esco
user interface developer,use-an-application-specific-interface,31,essential,esco
user interface developer,use-methodologies-for-user-centered-design,31,essential,esco
user interface developer,ict-project-management,29,optional,esco
user interface developer,php,25,optional,esco
user interface developer,use-concurrent-programming,25,optional,esco
user interface developer,create-flowchart-diagram,23,optional,esco
user interface developer,draw-design-sketches,22,essential,esco
user interface developer,nosql,21,optional,esco
user interface developer,use-functional-programming,21,optional,esco
user interface developer,ruby-computer-programming,20,optional,esco
user interface developer,swift-computer-programming,20,optional,esco
user interface developer,design-interaction-model,19,optional,esco
user interface developer,jenkins-tools-for-software-configuration-management,19,optional,esco
user interface developer,asp-net,17,optional,esco
user interface developer,apache-maven,15,optional,esco
user interface developer,eclipse-integrated-development-environment-software,15,optional,esco
user interface developer,objective-c,15,optional,esco
user interface developer,visual-studio-net,15,optional,esco
user interface developer,adobe-illustrator,13,optional,esco
user interface developer,ansible,13,optional,esco
user interface developer,scala,13,optional,esco
user interface developer,use-automatic-programming,13,optional,esco
user interface developer,use-logic-programming,13,optional,esco
user interface developer,assembly-computer-programming,10,optional,esco
user interface developer,drupal,10,optional,esco
user interface developer,groovy,10,optional,esco
user interface developer,matlab,10,optional,esco
user interface developer,microsoft-visio,10,optional,esco
user interface developer,microsoft-visual-c,10,optional,esco
user interface developer,perl,10,optional,esco
user interface developer,r,10,optional,esco
user interface developer,utilise-computer-aided-software-engineering-tools,10,optional,esco
user interface developer,wordpress,10,optional,esco
user interface developer,xcode,10,optional,esco
user interface developer,gimp-graphics-editor-software,7,optional,esco
user interface developer,puppet-tools-for-software-configuration-management,7,optional,esco
user interface developer,vagrant,7,optional,esco
user interface developer,abap,5,optional,esco
user interface developer,augmented-reality,5,optional,esco
user interface developer,coffeescript,5,optional,esco
user interface developer,jsss,5,optional,esco
user interface developer,salt-tools-for-software-configuration-management,5,optional,esco
user interface developer,sas-language,5,optional,esco
user interface developer,vbscript,5,optional,esco
user interface developer,cobol,3,optional,esco
user interface developer,erlang,3,optional,esco
user interface developer,haskell,3,optional,esco
user interface developer,kdevelop,3,optional,esco
user interface developer,pascal-computer-programming,3,optional,esco
user interface developer,sap-r3,3,optional,esco
user interface developer,scratch-computer-programming,3,optional,esco
user interface developer,sketchbook-pro,3,optional,esco
user interface developer,staf,3,optional,esco
user interface developer,apl,1,optional,esco
user interface developer,common-lisp,1,optional,esco
user interface developer,lisp,1,optional,esco
user interface developer,ml-computer-programming,1,optional,esco
user interface developer,openedge-advanced-business-language,1,optional,esco
user interface developer,prolog-computer-programming,1,optional,esco
user interface developer,smalltalk-computer-programming,1,optional,esco
user interface developer,synfig,1,optional,esco
UX Designer,use-methodologies-for-user-centered-design,92,essential,market
UX Designer,design-user-interface,90,essential,market
UX Designer,human-computer-interaction,88,essential,market
UX Designer,usability-engineering,82,essential,market
UX Designer,design-interaction-model,79,essential,market
UX Designer,create-prototype-of-user-experience-solutions,78,essential,market
UX Designer,information-architecture,76,essential,market
UX Designer,create-website-wireframe,67,optional,market
UX Designer,assess-users-interaction-with-ict-applications,65,optional,market
UX Designer,test-system-accessibility-for-users-with-special-needs,63,optional,market
UX Designer,typography,61,optional,market
video technician,understand-artistic-concepts,85,essential,esco
video technician,use-technical-documentation,78,essential,esco
video technician,keep-up-with-trends,70,essential,esco
video technician,translate-artistic-concepts-to-technical-designs,64,optional,esco
video technician,advise-client-on-technical-possibilities,56,optional,esco
video technician,develop-professional-network,48,optional,esco
video technician,manage-personal-professional-development,45,optional,esco
video technician,use-presentation-software,40,optional,esco
video technician,manage-signoff-of-an-installed-system,34,optional,esco
Vue.js Developer,javascript,90,essential,market
Vue.js Developer,javascript-framework,85,essential,market
Vue.js Developer,web-programming,80,essential,market
Vue.js Developer,css,78,essential,market
Vue.js Developer,use-markup-languages,72,essential,market
Vue.js Developer,debug-software,68,optional,market
Vue.js Developer,typescript,65,optional,market
Vue.js Developer,world-wide-web-consortium-standards,64,optional,market
Vue.js Developer,troubleshoot-website,62,optional,market
Vue.js Developer,usability-engineering,60,optional,market
Web Analytics Developer,web-analytics,90,essential,market
Web Analytics Developer,data-analytics,82,essential,market
Web Analytics Developer,javascript,80,essential,market
Web Analytics Developer,web-programming,75,essential,market
Web Analytics Developer,data-quality-assessment,72,essential,market
Web Analytics Developer,troubleshoot-website,70,essential,market
Web Analytics Developer,sql,68,optional,market
Web Analytics Developer,execute-conversion-testing,63,optional,market
Web Analytics Developer,deliver-visual-presentation-of-data,60,optional,market
Web Analytics Developer,ensure-information-privacy,58,optional,market
Web Analytics Developer,study-website-behaviour-patterns,57,optional,market
Web Analytics Developer,use-markup-languages,52,optional,market
web content manager,manage-online-content,95,essential,esco
web content manager,use-content-management-system-software,85,essential,esco
web content manager,conduct-content-quality-assurance,80,essential,esco
web content manager,content-development-processes,76,essential,esco
web content manager,manage-content-metadata,72,essential,esco
web content manager,compile-content,70,essential,esco
web content manager,provide-guidelines-for-content-development,70,optional,esco
web content manager,utilise-content-types,66,essential,esco
web content manager,provide-written-content,65,essential,esco
web content manager,integrate-content-into-output-media,62,essential,esco
web content manager,publishing-strategy,62,essential,esco
web content manager,create-content-title,60,essential,esco
web content manager,information-structure,60,essential,esco
web content manager,proofread-text,58,optional,esco
web content manager,manage-content-development-projects,56,optional,esco
web content manager,apply-tools-for-content-development,55,essential,esco
web content manager,perform-copywriting,55,optional,esco
web content manager,conduct-search-engine-optimisation,54,essential,esco
web content manager,keywords-in-digital-content,50,essential,esco
web content manager,translate-requirement-concepts-into-content,50,essential,esco
web content manager,provide-multimedia-content,45,essential,esco
web content manager,web-programming,42,essential,esco
web content manager,identify-customer-requirements,41,essential,esco
web content manager,use-markup-languages,38,essential,esco
web content manager,style-sheet-languages,37,essential,esco
web content manager,authoring-software,32,essential,esco
web content manager,interpret-technical-texts,31,essential,esco
web content manager,translate-requirements-into-visual-design,31,essential,esco
web content manager,world-wide-web-consortium-standards,30,optional,esco
web content manager,php,25,optional,esco
web content manager,css,24,optional,esco
web content manager,comply-with-legal-regulations,22,essential,esco
web content manager,ensure-compliance-with-company-regulations,22,essential,esco
web content manager,ensure-compliance-with-legal-requirements,22,essential,esco
web content manager,legal-requirements-of-ict-products,21,essential,esco
web content manager,ajax,19,optional,esco
web content manager,identify-legal-requirements,19,essential,esco
web content manager,javascript,18,optional,esco
web content manager,sass,13,optional,esco
web content manager,less,10,optional,esco
web content manager,use-spreadsheets-software,9,optional,esco
web content manager,cognitive-psychology,7,optional,esco
web content manager,ensure-proper-document-management,7,optional,esco
web content manager,augmented-reality,5,optional,esco
web content manager,jsss,5,optional,esco
web content manager,perform-online-data-analysis,5,optional,esco
web content manager,use-presentation-software,5,optional,esco
web content manager,use-word-processing-software,5,optional,esco
web content manager,content-marketing-strategy,1,optional,esco
web content manager,design-digital-call-to-action,1,optional,esco
web developer,web-programming,92,essential,esco
web developer,javascript,85,optional,esco
web developer,computer-programming,84,essential,esco
web developer,css,80,optional,esco
web developer,use-markup-languages,80,essential,esco
web developer,implement-front-end-website-design,78,essential,esco
web developer,use-software-design-patterns,75,essential,esco
web developer,debug-software,72,essential,esco
web developer,javascript-framework,66,optional,esco
web developer,analyse-software-specifications,65,essential,esco
web developer,use-software-libraries,65,essential,esco
web developer,integrated-development-environment-software,60,essential,esco
web developer,php,60,optional,esco
web developer,use-object-oriented-programming,60,optional,esco
web developer,web-application-security-threats,60,optional,esco
web developer,ict-debugging-tools,58,essential,esco
web developer,tools-for-software-configuration-management,58,essential,esco
web developer,typescript,55,optional,esco
web developer,provide-technical-documentation,52,essential,esco
web developer,python-computer-programming,50,optional,esco
web developer,style-sheet-languages,50,essential,esco
web developer,world-wide-web-consortium-standards,50,essential,esco
web developer,design-user-interface,46,optional,esco
web developer,ajax,45,optional,esco
web developer,java-computer-programming,45,optional,esco
web developer,c,40,optional,esco
web developer,c-2,37,optional,esco
web developer,develop-software-prototype,37,essential,esco
web developer,object-oriented-modelling,37,optional,esco
web developer,create-flowchart-diagram,35,essential,esco
web developer,software-anomalies,33,optional,esco
web developer,use-query-languages,33,optional,esco
web developer,interpret-technical-texts,31,essential,esco
web developer,translate-requirements-into-visual-design,31,essential,esco
web developer,use-an-application-specific-interface,31,essential,esco
web developer,collect-customer-feedback-on-applications,27,essential,esco
web developer,use-concurrent-programming,25,optional,esco
web developer,use-functional-programming,21,optional,esco
web developer,ruby-computer-programming,20,optional,esco
web developer,swift-computer-programming,20,optional,esco
web developer,adapt-to-changes-in-technological-development-plans,19,optional,esco
web developer,content-development-processes,19,essential,esco
web developer,develop-creative-ideas,19,optional,esco
web developer,jenkins-tools-for-software-configuration-management,19,optional,esco
web developer,asp-net,17,optional,esco
web developer,apache-maven,15,optional,esco
web developer,eclipse-integrated-development-environment-software,15,optional,esco
web developer,objective-c,15,optional,esco
web developer,visual-studio-net,15,optional,esco
web developer,ansible,13,optional,esco
web developer,sass,13,optional,esco
web developer,scala,13,optional,esco
web developer,use-automatic-programming,13,optional,esco
web developer,use-logic-programming,13,optional,esco
web developer,assembly-computer-programming,10,optional,esco
web developer,groovy,10,optional,esco
web developer,less,10,optional,esco
web developer,matlab,10,optional,esco
web developer,microsoft-visual-c,10,optional,esco
web developer,perl,10,optional,esco
web developer,r,10,optional,esco
web developer,utilise-computer-aided-software-engineering-tools,10,optional,esco
web developer,webcms,10,optional,esco
web developer,wordpress,10,optional,esco
web developer,xcode,10,optional,esco
web developer,ict-security-legislation,9,optional,esco
web developer,migrate-existing-data,9,optional,esco
web developer,compose-description-for-web-elements,7,optional,esco
web developer,ibm-websphere,7,optional,esco
web developer,jboss,7,optional,esco
web developer,puppet-tools-for-software-configuration-management,7,optional,esco
web developer,abap,5,optional,esco
web developer,augmented-reality,5,optional,esco
web developer,coffeescript,5,optional,esco
web developer,conduct-content-quality-assurance,5,optional,esco
web developer,implement-anti-virus-software,5,optional,esco
web developer,jsss,5,optional,esco
web developer,salt-tools-for-software-configuration-management,5,optional,esco
web developer,sas-language,5,optional,esco
web developer,use-presentation-software,5,optional,esco
web developer,use-word-processing-software,5,optional,esco
web developer,vbscript,5,optional,esco
web developer,cobol,3,optional,esco
web developer,erlang,3,optional,esco
web developer,haskell,3,optional,esco
web developer,kdevelop,3,optional,esco
web developer,pascal-computer-programming,3,optional,esco
web developer,sap-r3,3,optional,esco
web developer,scratch-computer-programming,3,optional,esco
web developer,staf,3,optional,esco
web developer,apl,1,optional,esco
web developer,common-lisp,1,optional,esco
web developer,lisp,1,optional,esco
web developer,ml-computer-programming,1,optional,esco
web developer,openedge-advanced-business-language,1,optional,esco
web developer,prolog-computer-programming,1,optional,esco
web developer,smalltalk-computer-programming,1,optional,esco
webmaster,web-programming,92,essential,esco
webmaster,troubleshoot-website,90,essential,esco
webmaster,use-markup-languages,88,essential,esco
webmaster,implement-front-end-website-design,86,essential,esco
webmaster,css,85,optional,esco
webmaster,style-sheet-languages,84,essential,esco
webmaster,javascript,82,optional,esco
webmaster,use-scripting-programming,80,essential,esco
webmaster,maintain-responsive-design,78,essential,esco
webmaster,maintain-ict-server,76,essential,esco
webmaster,manage-online-content,68,optional,esco
webmaster,php,66,optional,esco
webmaster,use-software-libraries,66,essential,esco
webmaster,apply-tools-for-content-development,64,essential,esco
webmaster,conduct-search-engine-optimisation,64,optional,esco
webmaster,proxy-servers,62,essential,esco
webmaster,web-analytics,62,optional,esco
webmaster,enhance-website-visibility,60,optional,esco
webmaster,study-website-behaviour-patterns,60,essential,esco
webmaster,graphics-editor-software,58,essential,esco
webmaster,sass,58,optional,esco
webmaster,world-wide-web-consortium-standards,56,optional,esco
webmaster,less,54,optional,esco
webmaster,quality-assurance-methodologies,54,essential,esco
webmaster,adobe-photoshop,52,optional,esco
webmaster,authoring-software,50,essential,esco
webmaster,apply-ict-system-usage-policies,48,essential,esco
webmaster,system-backup-best-practice,48,optional,esco
webmaster,cyber-security,46,optional,esco
webmaster,manage-changes-in-ict-system,46,optional,esco
webmaster,adobe-illustrator,44,optional,esco
webmaster,ajax,44,optional,esco
webmaster,use-ict-ticketing-system,44,essential,esco
webmaster,ict-debugging-tools,42,optional,esco
webmaster,use-databases,42,optional,esco
webmaster,computer-programming,40,optional,esco
webmaster,ict-performance-analysis-methods,40,optional,esco
webmaster,typescript,38,optional,esco
webmaster,ict-recovery-techniques,36,optional,esco
webmaster,information-security-strategy,34,optional,esco
webmaster,implement-ict-safety-policies,32,optional,esco
webmaster,gimp-graphics-editor-software,30,optional,esco
webmaster,use-an-application-specific-interface,30,optional,esco
webmaster,jboss,26,optional,esco
webmaster,python-computer-programming,26,optional,esco
webmaster,implement-a-virtual-private-network,24,optional,esco
webmaster,ruby-computer-programming,24,optional,esco
webmaster,asp-net,22,optional,esco
webmaster,data-models,22,optional,esco
webmaster,java-computer-programming,20,optional,esco
webmaster,jsss,20,optional,esco
webmaster,microsoft-visio,18,optional,esco
webmaster,use-spreadsheets-software,18,optional,esco
webmaster,c-2,16,optional,esco
webmaster,perl,16,optional,esco
webmaster,sketchbook-pro,14,optional,esco
webmaster,vbscript,14,optional,esco
webmaster,visual-studio-net,14,optional,esco
webmaster,coffeescript,12,optional,esco
webmaster,online-analytical-processing,12,optional,esco
webmaster,augmented-reality,10,optional,esco
webmaster,groovy,10,optional,esco
webmaster,c,8,optional,esco
webmaster,microsoft-visual-c,8,optional,esco
webmaster,r,8,optional,esco
webmaster,swift-computer-programming,8,optional,esco
webmaster,synfig,8,optional,esco
webmaster,assembly-computer-programming,6,optional,esco
webmaster,erlang,6,optional,esco
webmaster,objective-c,6,optional,esco
webmaster,sap-r3,6,optional,esco
webmaster,scala,6,optional,esco
webmaster,abap,5,optional,esco
webmaster,matlab,5,optional,esco
webmaster,sas-language,5,optional,esco
webmaster,apl,4,optional,esco
webmaster,cobol,4,optional,esco
webmaster,common-lisp,4,optional,esco
webmaster,haskell,4,optional,esco
webmaster,lisp,4,optional,esco
webmaster,ml-computer-programming,4,optional,esco
webmaster,openedge-advanced-business-language,4,optional,esco
webmaster,pascal-computer-programming,4,optional,esco
webmaster,prolog-computer-programming,4,optional,esco
webmaster,scratch-computer-programming,4,optional,esco
webmaster,smalltalk-computer-programming,4,optional,esco
WordPress Developer,wordpress,92,essential,market
WordPress Developer,php,85,essential,market
WordPress Developer,javascript,78,essential,market
WordPress Developer,css,76,essential,market
WordPress Developer,use-markup-languages,70,optional,market
WordPress Developer,mysql,65,optional,market
WordPress Developer,implement-front-end-website-design,64,optional,market
WordPress Developer,maintain-responsive-design,62,optional,market
WordPress Developer,troubleshoot-website,60,optional,market
WordPress Developer,enhance-website-visibility,48,optional,market
