skill_id,skill_name,skill_category,skill_type,reuse_level,esco_skill_id,source,description
3d-body-scanning-technologies,3D body scanning technologies,technical,knowledge,sector-specific,key_9806,esco,The principles and usage of technologies for 3D body scanning used to capture the size and shape of the human body.
3d-lighting,3D lighting,technical,knowledge,sector-specific,key_7331,esco,The arrangement or digital effect which simulates lighting in a 3D environment.
3d-modelling,3D modelling,technical,knowledge,cross-sector,key_9575,esco,The process of developing a mathematical representation of any three-dimensional surface of an object via specialised software. The product is called a 3D model. It can be displayed as a two-dimensional image through a process called 3D rendering or used in a computer simulation of physical phenomena. The model can also be physically created using 3D printing devices.
3d-printing-process,3D printing process,technical,knowledge,sector-specific,key_3627,esco,The process of reproducing 3D objects by using 3D printing technologies.
3d-texturing,3D texturing,technical,knowledge,sector-specific,key_4687,esco,The process of applying a type of surface to a 3D image.
abap,ABAP,technical,knowledge,sector-specific,key_13967,esco,"The techniques and principles of software development, such as analysis, algorithms, coding, testing and compiling of programming paradigms in ABAP."
abbyy-finereader,ABBYY FineReader,technical,knowledge,sector-specific,key_9714,esco,"The computer program ABBYY FineReader is software that electronically converts printed and typed images into machine-encoded text so that documents can be electronically stored, edited and digitally displayed."
absorb-learning-management-systems,Absorb (learning management systems),technical,knowledge,sector-specific,key_1333,esco,"The learning system Absorb is an e-learning platform for creating, administrating and delivering e-learning education courses or training programs for secondary school students."
accounting-techniques,accounting techniques,domain,knowledge,cross-sector,key_8720,esco,"The techniques of recording and summarising business and financial transactions and analysing, verifying, and reporting the results."
acquire-system-component,acquire system component,technical,skill/competence,sector-specific,key_9194,esco,"Obtain hardware, software or network components which match other system components in order to expand it and perform necessary tasks."
adapt-developed-game-to-the-market,adapt developed game to the market,domain,skill/competence,sector-specific,key_13933,esco,Follow gaming trends in order to adjust the development of new games to the current needs of the market.
adapt-existing-designs-to-changed-circumstances,adapt existing designs to changed circumstances,technical,skill/competence,sector-specific,key_11674,esco,Adapt an existing design to changed circumstances and ensure that the artistic quality of the original design is reflected in the final result.
adapt-to-change-in-marketing,adapt to change in marketing,domain,skill/competence,occupation-specific,key_3786,esco,"Stay informed and adapt to developments, innovations and trends concerning marketing such as marketing tools and marketing technologies."
adapt-to-changes-in-technological-development-plans,adapt to changes in technological development plans,technical,skill/competence,sector-specific,key_14549,esco,Modify the current design and development activities of technological projects to meet changes in requests or strategies. Ensure that the organisation's or client's needs are met and that any sudden requests which were not previously planned are implemented.
adapt-to-changing-situations,adapt to changing situations,soft,skill/competence,cross-sector,key_5960,esco,"Change approach to situations based on unexpected and sudden changes in people's needs and mood or in trends; shift strategies, improvise and naturally adapt to those circumstances."
address-identified-risks,address identified risks,domain,skill/competence,sector-specific,key_8657,esco,"Implement a risk treatment plan to address the risks identified during the assessment phase, avoid their occurrence and/or minimise their impact. Evaluate the different options available to reduce the exposure to the identified risks, based on the risk appetite of an organisation, the accepted level of tolerance and the cost of treatment."
address-problems-critically,address problems critically,soft,skill/competence,cross-sector,key_11340,esco,"Identify the strengths and weaknesses of various abstract, rational concepts, such as issues, opinions, and approaches related to a specific problematic situation in order to formulate solutions and alternative methods of tackling the situation."
adhere-to-organisational-guidelines,adhere to organisational guidelines,soft,skill/competence,cross-sector,key_10534,esco,Adhere to organisational or department specific standards and guidelines. Understand the motives of the organisation and the common agreements and act accordingly.
adjust-engineering-designs,adjust engineering designs,technical,skill/competence,cross-sector,key_4896,esco,Adjust designs of products or parts of products so that they meet requirements.
adjust-ict-system-capacity,adjust ICT system capacity,technical,skill/competence,sector-specific,key_10909,esco,"Change the scope of an ICT system by adding or reallocating additional ICT system components, such as network components, servers or storage to meet capacity or volume demands."
administer-ict-system,administer ICT system,technical,skill/competence,sector-specific,key_1681,esco,"Handle components of ICT system by maintaining configuration, managing users, monitoring resource use, performing backups and installing hardware or software to comply with the set requirements."
adobe-illustrator,Adobe Illustrator,technical,knowledge,sector-specific,key_3426,esco,The computer program Adobe Illustrator CC is a graphical ICT tool which enables digital editing and composition of graphics to generate both 2D raster or 2D vector graphics. It is developed by the software company Adobe.
adobe-photoshop,Adobe Photoshop,technical,knowledge,sector-specific,key_2371,esco,The computer program Adobe Photoshop is a graphical ICT tool which enables digital editing and composition of graphics to generate both 2D raster or 2D vector graphics. It is developed by the software company Adobe.
adobe-photoshop-lightroom,Adobe Photoshop Lightroom,technical,knowledge,sector-specific,key_12787,esco,The computer program Adobe Photoshop Lightroom is a graphical ICT tool which enables digital editing and composition of graphics to generate both 2D raster or 2D vector graphics. It is developed by the software company Adobe.
advertising-techniques,advertising techniques,domain,knowledge,cross-sector,key_10621,esco,"The communication strategies intended to persuade or encourage an audience, and the different media which are used to achieve this goal."
advise-client-on-technical-possibilities,advise client on technical possibilities,soft,skill/competence,cross-sector,key_8022,esco,"Recommend technical solutions, including systems, to the client within the framework of a project."
advise-on-government-policy-compliance,advise on government policy compliance,domain,skill/competence,cross-sector,key_11854,esco,"Advise organisations on how they may improve their compliance to the applicable government policies they are required to adhere to, and the necessary steps which need to be taken in order to ensure complete compliance."
advise-on-strengthening-security,advise on strengthening security,technical,skill/competence,sector-specific,key_4292,esco,Provide information and guidance to clients on how to prevent security threats and incidents.
aesthetics,aesthetics,domain,knowledge,cross-sector,key_7302,esco,Set of principles based on which something is appealing and beautiful.
agile-development,Agile development,technical,knowledge,sector-specific,key_13167,esco,The agile development model is a methodology to design software systems and applications.
agile-project-management,Agile project management,technical,knowledge,sector-specific,key_1811,esco,"The agile project management approach is a methodology for planning, managing and overseeing of ICT resources in order to meet specific goals and using project management ICT tools."
aircrack-penetration-testing-tool,Aircrack (penetration testing tool),technical,knowledge,sector-specific,key_5954,esco,"The computer program Aircrack is a cracking program which recovers 802.11 WEP and WPA-PSK keys by making several network attacks such as FMS, KoreK and PTW attacks."
ajax,AJAX,technical,knowledge,sector-specific,key_11098,esco,"The techniques and principles of software development, such as analysis, algorithms, coding, testing and compiling of programming paradigms in AJAX."
ajax-framework,Ajax Framework,technical,knowledge,sector-specific,key_8974,esco,The Ajax software development environments which provide specific features and components that support and guide web applications development.
algorithms,algorithms,technical,knowledge,cross-sector,key_5898,esco,"The self-contained step-by-step sets of operations that carry out calculations, data processing and automated reasoning, usually to solve problems."
align-content-with-form,align content with form,technical,skill/competence,cross-sector,key_5183,esco,Align form and content to make sure they fit together.
align-efforts-towards-business-development,align efforts towards business development,domain,skill/competence,cross-sector,key_14161,esco,"Synchronise the efforts, plans, strategies, and actions carried out in departments of companies towards the growth of business and its turnover. Keep business development as the ultimate outcome of any effort of the company."
align-software-with-system-architectures,align software with system architectures,technical,skill/competence,sector-specific,key_3468,esco,Put system design and technical specifications in line with software architecture in order to ensure the integration and interoperability between components of the system.
analog-electronics-theory,analog electronics theory,technical,knowledge,sector-specific,key_14134,esco,The theory based on analogue circuits in which volumes (voltage or current) continuously vary over time.
analyse-big-data,analyse big data,technical,skill/competence,cross-sector,key_5160,esco,"Collect and evaluate numerical data in large quantities, especially for the purpose of identifying patterns between the data."
analyse-business-processes,analyse business processes,domain,skill/competence,cross-sector,key_5982,esco,Study the contribution of the work processes to the business goals and monitor their efficiency and productivity.
analyse-business-requirements,analyse business requirements,domain,skill/competence,cross-sector,key_10859,esco,Study clients' needs and expectations for a product or service in order to identify and resolve inconsistencies and possible disagreements of involved stakeholders.
analyse-consumer-buying-trends,analyse consumer buying trends,domain,skill/competence,cross-sector,key_7692,esco,Analyse buying habits or currently prevalent customer behaviour.
analyse-customer-service-surveys,analyse customer service surveys,domain,skill/competence,cross-sector,key_11997,esco,Analyse results from surveys completed by passengers/customer. Analyse results to identify trends and draw conclusions.
analyse-external-factors-of-companies,analyse external factors of companies,domain,skill/competence,cross-sector,key_12456,esco,"Perform research and analysis of the external factor pertaining to companies such as consumers, position in the market, competitors, and political situation."
analyse-ict-system,analyse ICT system,technical,skill/competence,sector-specific,key_7996,esco,"Analyse the functioning and performance of information systems in order to define their goals, architecture and services and set procedures and operations to meet end users requirements."
analyse-ict-technical-proposals,analyse ICT technical proposals,technical,skill/competence,occupation-specific,key_11760,esco,"Compare and assess technical requirements of an ICT product, service or solution in terms of quality, costs and compliance to specifications"
analyse-information-systems,analyse information systems,technical,skill/competence,occupation-specific,key_14096,esco,"Conduct analyses of information systems such as archives, libraries and documentation centers to verify their effectiveness. Develop specific problem solving techniques in order to improve the performance of the systems."
analyse-internal-factors-of-companies,analyse internal factors of companies,domain,skill/competence,cross-sector,key_9247,esco,"Research and understand various internal factors that influence the operation of companies such as its culture, strategic foundation, products, prices, and available resources."
analyse-network-bandwidth-requirements,analyse network bandwidth requirements,technical,skill/competence,sector-specific,key_13078,esco,Study the requirements on the transmission capacity of an ICT network or other telecommunication system.
analyse-network-configuration-and-performance,analyse network configuration and performance,technical,skill/competence,sector-specific,key_5885,esco,"Analyse essential network data (e.g., router configuration files, routing protocols), network traffic capacity and performance characteristics of ICT networks, such as wide area network and local area network, that connect computers using cable or wireless connections and allow them to exchange data."
analyse-software-specifications,analyse software specifications,technical,skill/competence,sector-specific,key_14399,esco,"Assess the specifications of a software product or system to be developed by identifying functional and non-functional requirements, constraints and possible sets of use cases which illustrate interactions between the software and its users."
analyse-staff-capacity,analyse staff capacity,domain,skill/competence,cross-sector,key_12834,esco,"Evaluate and identify staffing gaps in quantity, skills, performance revenue and surpluses."
analyse-supply-chain-strategies,analyse supply chain strategies,domain,skill/competence,cross-sector,key_9533,esco,"Examine an organisation's planning details of production, their expected output units, quality, quantity, cost, time available and labour requirements. Provide suggestions in order to improve products, service quality and reduce costs."
analyse-supply-chain-trends,analyse supply chain trends,domain,skill/competence,sector-specific,key_11243,esco,"Analyse and make predictions about trends and evolutions in supply chain operations in relation to technology, efficiency systems, types of products shipped, and logistical requirements for shipments, in order to remain at the forefront of supply chain methodologies."
analyse-test-data,analyse test data,technical,skill/competence,cross-sector,key_8371,esco,"Interpret and analyse data collected during testing in order to formulate conclusions, new insights or solutions."
analyse-texts-to-be-illustrated,analyse texts to be illustrated,technical,skill/competence,sector-specific,key_11616,esco,Analyse texts to be illustrated by researching and checking sources.
analyse-the-context-of-an-organisation,analyse the context of an organisation,domain,skill/competence,cross-sector,key_9548,esco,Study the external and internal environment of an organisation by identifying its strengths and weaknesses in order to provide a base for company strategies and further planning.
analyse-the-need-for-technical-resources,analyse the need for technical resources,technical,skill/competence,sector-specific,key_8975,esco,Define and make a list of the required resources and equipment based on the technical needs of the production.
analyse-work-related-written-reports,analyse work-related written reports,soft,skill/competence,cross-sector,key_15125,esco,"Read and comprehend job-related reports, analyse the content of reports and apply findings to daily work operations."
android-mobile-operating-systems,Android (mobile operating systems),technical,knowledge,sector-specific,key_13001,esco,"The system software Android consists of features, restrictions, architectures and other characteristics of operating systems designed to run on mobile devices."
angular,Angular,technical,knowledge,sector-specific,key_2981,esco,"The techniques and principles of software development, such as analysis, algorithms, coding, testing and compiling of programming paradigms in Angular."
animate-3d-organic-forms,animate 3D organic forms,technical,skill/competence,sector-specific,key_8221,esco,"Vitalise digital 3D models of organic items, such as emotions or face movements of characters and place them in a digital 3D environment."
ansible,Ansible,technical,knowledge,sector-specific,key_7392,esco,"The tool Ansible is a software program to perform configuration identification, control, status accounting and audit."
apache-maven,Apache Maven,technical,knowledge,sector-specific,key_1959,esco,"The tool Apache Maven is a software program to perform configuration identification, control, status accounting and audit of software during its development and maintenance."
apache-tomcat,Apache Tomcat,technical,knowledge,sector-specific,key_2106,esco,"The open-source web server Apache Tomcat provides a Java web server environment which uses a built in container where HTTP requests are loaded, allowing the Java web applications to run on local and server based systems."
apl,APL,technical,knowledge,sector-specific,key_6127,esco,"The techniques and principles of software development, such as analysis, algorithms, coding, testing and compiling of programming paradigms in APL."
application-usability,application usability,technical,knowledge,sector-specific,key_11934,esco,"The process through which the learnability, efficiency, usefulness and ease of use of a software application can be defined and measured."
apply-3d-imaging-techniques,apply 3D imaging techniques,technical,skill/competence,sector-specific,key_2561,esco,"Implement a variety of techniques such as digital sculpting, curve modelling and 3D scanning to create, edit, preserve and use 3D images, such as point clouds, 3D vector graphic and 3D surface shapes."
apply-business-acumen,apply business acumen,soft,skill/competence,cross-sector,key_5506,esco,Take appropriate actions in a business environment in order to maximise possible outcome from each situation.
apply-change-management,apply change management,domain,skill/competence,cross-sector,key_4535,esco,Manage development within an organisation by anticipating changes and making managerial decisions to ensure that the members involved are as less disturbed as possible.
apply-company-policies,apply company policies,soft,skill/competence,cross-sector,key_1797,esco,Apply the principles and rules that govern the activities and processes of an organisation.
apply-conflict-management,apply conflict management,soft,skill/competence,cross-sector,key_2055,esco,"Take ownership of the handling of all complaints and disputes showing empathy and understanding to achieve resolution. Be fully aware of all Social Responsibility protocols and procedures, and be able to deal with a problematic gambling situation in a professional manner with maturity and empathy."
apply-customer-engagement-strategy,apply customer engagement strategy,domain,skill/competence,cross-sector,key_14459,esco,Engage customers with a company or a brand by employing several methods such as humanisation of the brand and social media usage. The initiative for engagement can come either from the consumer or the company and the medium of engagement can be online as well as offline.
apply-desktop-publishing-techniques,apply desktop publishing techniques,technical,skill/competence,cross-sector,key_5336,esco,Apply desktop publishing techniques to create page layouts and typographic quality text.
apply-gaming-psychology,apply gaming psychology,domain,skill/competence,sector-specific,key_7369,esco,Employ human psychology principles for gaming development strategies in order to create appealing games.
apply-grammar-and-spelling-rules,apply grammar and spelling rules,soft,skill/competence,cross-sector,key_9527,esco,Apply the rules of spelling and grammar and ensure consistency throughout texts.
apply-ict-system-usage-policies,apply ICT system usage policies,domain,skill/competence,sector-specific,key_9543,esco,Follow written and ethical laws and policies regarding proper ICT system usage and administration.
apply-ict-systems-theory,apply ICT systems theory,technical,skill/competence,sector-specific,key_12328,esco,Implement principles of ICT systems theory in order to explain and document system characteristics that can be applied universally to other systems
apply-information-security-policies,apply information security policies,technical,skill/competence,sector-specific,key_8635,esco,"Implement policies, methods and regulations for data and information security in order to respect confidentiality, integrity and availability principles."
apply-operations-for-an-itil-based-environment,apply operations for an ITIL-based environment,technical,skill/competence,occupation-specific,key_12591,esco,Properly operate ITIL (Information Technology Infrastructure Library) based service desk procedures.
apply-organisational-techniques,apply organisational techniques,soft,skill/competence,cross-sector,key_12750,esco,"Employ a set of organisational techniques and procedures which facilitate the achievement of the set goals set such as detailed planning of personnel's schedules. Use these resources efficiently and sustainably, and show flexibility when required."
apply-publicity-code,apply publicity code,domain,skill/competence,occupation-specific,key_7734,esco,"Apply legislation and rules to present products to a public in texts, pictures and other symbols."
apply-reverse-engineering,apply reverse engineering,technical,skill/competence,sector-specific,key_10408,esco,"Use techniques to extract information or disassemble an ICT component, software or system in order to analyse, correct and reassemble or reproduce it."
apply-risk-management-processes,apply risk management processes,domain,skill/competence,cross-sector,key_9502,esco,"Identify risks and apply a risk management process, e.g. hazard analysis and critical control points (HACCP)."
apply-social-media-marketing,apply social media marketing,domain,skill/competence,cross-sector,key_6805,esco,"Employ website traffic of social media such as Facebook and Twitter to generate attention and participation of existing and potential customers through discussion forums, web logs, microblogging and social communities for gaining a quick overview or insight into topics and opinions in the social web and handle inbound leads or inquiries."
apply-statistical-analysis-techniques,apply statistical analysis techniques,technical,skill/competence,cross-sector,key_4348,esco,"Use models (descriptive or inferential statistics) and techniques (data mining or machine learning) for statistical analysis and ICT tools to analyse data, uncover correlations and forecast trends."
apply-strategic-thinking,apply strategic thinking,soft,skill/competence,cross-sector,key_7226,esco,"Apply generation and effective application of business insights and possible opportunities, in order to achieve competitive business advantage on a long-term basis."
apply-system-organisational-policies,apply system organisational policies,domain,skill/competence,cross-sector,key_1647,esco,"Implement internal policies related to the development, internal and external usage of technological systems, such as software systems, network systems and telecommunications systems, in order to achieve a set of goals and targets regarding the efficient operations and growth of an organisation."
apply-systemic-design-thinking,apply systemic design thinking,technical,skill/competence,cross-sector,key_5462,esco,"Apply the process of combining systems thinking methodologies with human-centred design in order to solve complex societal challenges in an innovative and sustainable way. This is most often applied in social innovation practices that focus less on designing stand-alone products and services to designing complex service systems, organizations or policies that bring value to the society as a whole."
apply-technical-communication-skills,apply technical communication skills,soft,skill/competence,cross-sector,key_11832,esco,"Explain technical details to non-technical customers, stakeholders, or any other interested parties in a clear and concise manner."
apply-tools-for-content-development,apply tools for content development,technical,skill/competence,cross-sector,key_4325,esco,"Use specialised content development tools such as content and terminology management systems, translation memory systems, language checker and editors to generate, compile and transform content according to specified standards."
approve-engineering-design,approve engineering design,technical,skill/competence,cross-sector,key_14554,esco,Give consent to the finished engineering design to go over to the actual manufacturing and assembly of the product.
archive-documentation-related-to-work,archive documentation related to work,domain,skill/competence,sector-specific,key_6772,esco,Select relevant documentation related to the ongoing or complete work and take steps to archive it in a way that ensures its future accessibility.
art-history,art history,domain,knowledge,sector-specific,key_7219,esco,"The history of art and artists, the artistic trends throughout centuries and their contemporary evolutions."
artificial-neural-networks,artificial neural networks,technical,knowledge,cross-sector,key_5984,esco,A network of artificial neurons composed for solving artificial intelligence problems. These computing systems are inspired by the biological neural networks that constitute brains. Understanding of its general model and its elements. Knowledge of its use possibilities for automation.
asp-net,ASP.NET,technical,knowledge,sector-specific,key_6012,esco,"The techniques and principles of software development, such as analysis, algorithms, coding, testing and compiling of programming paradigms in ASP.NET."
assemble-hardware-components,assemble hardware components,technical,skill/competence,cross-sector,key_4645,esco,"Assemble the necessary hardware components, such as the motherboard, Central Processing Unit (CPU), hard drive, disk drive, power supply unit, RAM, PCI card, mouse, keyboard, cameras and other necessary components to build the computer device. Attach the components manually using screwdrivers or use assembly machines and install the wiring."
assemble-robots,assemble robots,technical,skill/competence,sector-specific,key_8280,esco,"Assemble robotic machines, devices, and components according to engineering drawings. Program and install the necessary components of robotic systems, such as robot controllers, conveyors, and end-of-arm tools."
assembly-computer-programming,Assembly (computer programming),technical,knowledge,sector-specific,key_5164,esco,"The techniques and principles of software development, such as analysis, algorithms, coding, testing and compiling of programming paradigms in Assembly."
assess-employees-capability-levels,assess employees' capability levels,domain,skill/competence,cross-sector,key_4883,esco,Evaluate the capabilities of employees by creating criteria and systematic testing methods for measuring expertise of individuals within an organisation.
assess-financial-viability,assess financial viability,domain,skill/competence,cross-sector,key_13871,esco,"Revise and analyse financial information and requirements of projects such as their budget appraisal, expected turnover, and risk assessment for determining the benefits and costs of the project. Assess if the agreement or project will redeem its investment, and whether the potential profit is worth the financial risk."
assess-ict-knowledge,assess ICT knowledge,technical,skill/competence,sector-specific,key_1997,esco,Evaluate the implicit mastery of skilled experts in an ICT system to make it explicit for further analysis and usage.
assess-informational-needs,assess informational needs,technical,skill/competence,sector-specific,key_5381,esco,Communicate with clients or users in order to identify which information they require and the methods with which they can access it.
assess-supplier-risks,assess supplier risks,domain,skill/competence,sector-specific,key_9541,esco,"Evaluate supplier performance in order to assess if suppliers follow the agreed contracts, meet the standard requirements and provide the desired quality."
assess-users-interaction-with-ict-applications,assess users' interaction with ICT applications,technical,skill/competence,sector-specific,key_5089,esco,"Evaluate how users interact with ICT applications in order to analyse their behaviour, draw conclusions (for instance about their motives, expectations and goals) and improve applications' functionalities."
assistive-technology-in-education,assistive technology in education,technical,knowledge,occupation-specific,key_2030,esco,"Digital devices and equipment that support learners with learning, communication or mobility challenges to access educational resources and achieve their full potential. It includes software such as text to speech and optical character recognition."
attack-vectors,attack vectors,technical,knowledge,sector-specific,key_5635,esco,"Method or pathway deployed by hackers to penetrate or target systems with the end to extract information, data, or money from private or public entities."
attend-to-ict-systems-quality,attend to ICT systems quality,technical,skill/competence,sector-specific,key_8232,esco,"Ensure correct operations which comply fully with specific needs and outcomes in terms of the development, integration, security and overall management of ICT systems."
audio-editing-software,audio editing software,technical,knowledge,cross-sector,key_12271,esco,"The various software for editing and generating audio, such as Adobe Audition, Soundforge, and Power Sound Editor."
audio-mastering,audio mastering,technical,knowledge,sector-specific,key_13802,esco,The post-production process where the finished recorded audio is transferred to a data storage device from which it will be copied.
audio-post-production,audio post-production,technical,knowledge,sector-specific,key_3282,esco,The mixing process after the music recording phase where each song is edited individually into a finished product.
audio-technology,audio technology,technical,knowledge,cross-sector,key_10275,esco,"The various technologies for producing, recording, and reproducing sound."
audit-techniques,audit techniques,domain,knowledge,cross-sector,key_7094,esco,"The techniques and methods that support a systematic and independent examination of data, policies, operations and performances using computer-assisted audit tools and techniques (CAATs) such as spreadsheets, databases, statistical analysis and business intelligence software."
augmented-reality,augmented reality,technical,knowledge,cross-sector,key_10637,esco,"The process of adding diverse digital content (such as images, 3D objects, etc) on surfaces that exist in the real world. The user can interact in real-time with the technology by using devices such as mobile phones."
authoring-software,authoring software,technical,knowledge,cross-sector,key_12771,esco,"The software that provides pre-programmed elements which allow the development of interactive multimedia applications in order to edit, structure and lay out content intended for publication."
automate-cloud-tasks,automate cloud tasks,technical,skill/competence,sector-specific,key_12465,esco,Automate manual or repeatable processes to minimize management overhead. Evaluate cloud automation alternatives for network deployments and tool-based alternatives for network operations and management.
automation-technology,automation technology,technical,knowledge,cross-sector,key_14525,esco,"Set of technologies that make a process, system, or apparatus operate automatically through the use of control systems."
backbox-penetration-testing-tool,Backbox (penetration testing tool),technical,knowledge,sector-specific,key_6102,esco,"The software BackBox is a Linux distribution which tests security weaknesses of the system for potentially unauthorised access to system information by information gathering, forensic, wireless and VoIP analysis, exploitation and reverse engineering."
balance-database-resources,balance database resources,technical,skill/competence,sector-specific,key_9795,esco,"Stabilise the workload and resources of a database, by controlling the demand of transactions, allocating disk spaces and ensuring reliability of the servers in order to optimise cost and risk ratio."
behavioural-science,behavioural science,domain,knowledge,cross-sector,key_3361,esco,The investigation and analysis of subject behaviour through regulated and lifelike observations and disciplined scientific experiments.
blackarch,BlackArch,technical,knowledge,sector-specific,key_8844,esco,The BlackArch Linux distribution is a penetration testing tool which tests security weaknesses of the system for potentially unauthorised access to system information.
blackberry,BlackBerry,technical,knowledge,sector-specific,key_11346,esco,"The system software BlackBerry consists of features, restrictions, architectures and other characteristics of operating systems designed to run on mobile devices."
blockchain-consensus-mechanisms,blockchain consensus mechanisms,technical,knowledge,sector-specific,key_14695,esco,The different mechanisms and their characteristics that ensure a transaction is propagated correctly in the distributed ledger.
blockchain-openness,blockchain openness,technical,knowledge,sector-specific,key_4547,esco,"The different levels of openness of a blockchain, their differences, and their advantages and disadvantages. Examples are permissionless, permissioned, and hybrid blockchains"
blockchain-platforms,blockchain platforms,technical,knowledge,sector-specific,key_9161,esco,"The different integrated infrastructures, each with their own characteristics, that allow the development of blockchain applications. Examples are multichain, ehtereum, hyperledger, corda, ripple, openchain, etc."
brainstorm-ideas,brainstorm ideas,soft,skill/competence,cross-sector,key_6611,esco,"Pitch your ideas and concepts to fellow members of the creative team in order to come up with alternatives, solutions and better versions."
brand-marketing-techniques,brand marketing techniques,domain,knowledge,cross-sector,key_9283,esco,The methods and systems used in researching and establishing a brand identity for marketing purposes.
brightspace-learning-management-systems,Brightspace (learning management systems),technical,knowledge,sector-specific,key_6545,esco,"The computer program Brightspace is a e-learning platform for creating, administrating, arranging, reporting and delivering e-learning education courses or training programs. It is developed by the software company D2L Corporation."
broadcast-using-internet-protocol,broadcast using Internet Protocol,technical,skill/competence,occupation-specific,key_7449,esco,Manage broadcasting over the internet by properly using the Internet Protocol in order to ensure the broadcast is accessible to users.
build-business-relationships,build business relationships,soft,skill/competence,cross-sector,key_13210,esco,"Establish a positive, long-term relationship between organisations and interested third parties such as suppliers, distributors, shareholders and other stakeholders in order to inform them of the organisation and its objectives."
build-predictive-models,build predictive models,technical,skill/competence,sector-specific,key_4381,esco,Create models to predict the probability of an outcome.
build-recommender-systems,build recommender systems,technical,skill/competence,occupation-specific,key_5652,esco,Construct recommendation systems based on large data sets using programming languages or computer tools to create a subclass of information filtering system that seeks to predict the rating or preference a user gives to an item.
business-analysis,business analysis,domain,knowledge,cross-sector,key_6716,esco,"The research field which addresses the identification of business needs and problems and the determination of the solutions that would mitigate or prevent the smooth functioning of a business. Business analysis comprises IT solutions, market challenges, policy development and strategic matters."
business-ict-systems,business ICT systems,technical,knowledge,sector-specific,key_12389,esco,"The software packages, hardware devices and new technologies used in supporting business processes such as enterprise resource planning (ERP), customer relationship management (CRM), mobile devices and network solutions."
business-intelligence,business intelligence,technical,knowledge,cross-sector,key_2335,esco,The tools used to transform large amounts of raw data into relevant and helpful business information.
business-process-modelling,business process modelling,technical,knowledge,sector-specific,key_9611,esco,"The tools, methods and notations such as Business Process Model and Notation (BPMN) and Business Process Execution Language (BPEL), used to describe and analyse the characteristics of a business process and model its further development."
business-processes,business processes,domain,knowledge,cross-sector,key_9930,esco,"Processes which an organisation applies to improve efficiency, set new objectives and reach goals in a profitable and timely manner."
business-requirements-techniques,business requirements techniques,domain,knowledge,sector-specific,key_2056,esco,The procedures required to identify and analyse business and organisational needs.
business-strategy-concepts,business strategy concepts,domain,knowledge,cross-sector,key_11512,esco,"The terminology related to the design and implementation of major trends and aims which are taken by an organisation's executives, while keeping in mind its resources, competition and environments."
c-2,C#,technical,knowledge,sector-specific,key_5384,esco,"The techniques and principles of software development, such as analysis, algorithms, coding, testing and compiling of programming paradigms in C#."
c,C++,technical,knowledge,sector-specific,key_11154,esco,"The techniques and principles of software development, such as analysis, algorithms, coding, testing and compiling of programming paradigms in C++."
ca-datacom-db,CA Datacom/DB,technical,knowledge,sector-specific,key_12000,esco,"The computer program CA Datacom/DB is a tool for creating, updating and managing databases, currently developed by the software company CA Technologies."
cad-software,CAD software,technical,knowledge,cross-sector,key_10153,esco,"The computer-aided design (CAD) software for creating, modifying, analysing or optimising a design."
cadd-software,CADD software,technical,knowledge,cross-sector,key_4446,esco,The computer-aided design and drafting (CADD) is the use of computer technology for design and design documentation. CAD software replaces manual drafting with an automated process.
cae-software,CAE software,technical,knowledge,cross-sector,key_8405,esco,The software to perform computer-aided engineering (CAE) analysis tasks such as Finite Element Analysis and Computional Fluid Dynamics.
cain-and-abel-penetration-testing-tool,Cain and Abel (penetration testing tool),technical,knowledge,sector-specific,key_1769,esco,"The software tool Cain and Abel is a password recovery tool which tests the Microsoft Operating System for security weaknesses and potentially unauthorised access to system information. The tool decodes, decrypts and uncovers passwords by means such as brute-force and cryptanalysis attacks, network sniffing and protocols analysis."
calculate-design-costs,calculate design costs,domain,skill/competence,sector-specific,key_7581,esco,Calculate design costs to make sure the project is financially viable.
cam-software,CAM software,technical,knowledge,sector-specific,key_3382,esco,"Different tools for computer-aided manufacturing (CAM) to control machinery and machine tools in the creation, modification, analysis, or optimisation as part of the manufacturing processes of workpieces."
canvas-learning-management-systems,Canvas (learning management systems),technical,knowledge,sector-specific,key_12523,esco,"The Canvas network is an e-learning platform for creating, administrating, arranging, reporting and delivering e-learning education courses or training programs."
capture-one,Capture One,technical,knowledge,sector-specific,key_15139,esco,The computer program Capture One is a graphical ICT tool which enables digital editing and composition of graphics to generate both 2D raster or 2D vector graphics.
carry-out-forum-moderation,carry out forum moderation,domain,skill/competence,cross-sector,key_14635,esco,"Supervise communication activity on a web forum and other discussion platforms by assessing if the content adheres to forum regulations, enforcing rules of conduct, and ensuring the forum remains free of illegal material and conflict."
carry-out-project-activities,carry out project activities,domain,skill/competence,cross-sector,key_2965,esco,Carry out project activities based on the project work plan and schedule. Assist in the development and execution of project plans.
carry-out-statistical-forecasts,carry out statistical forecasts,technical,skill/competence,cross-sector,key_11567,esco,"Undertake a systematic statistical examination of data representing past observed behaviour of the system to be forecast, including observations of useful predictors outside the system."
carry-out-strategic-research,carry out strategic research,domain,skill/competence,cross-sector,key_1812,esco,Research long term possibilities for improvements and plan steps to achieve them.
carry-out-tendering,carry out tendering,domain,skill/competence,cross-sector,key_3712,esco,"Place the request for a quotation to the organisation requesting a tender, then perform the work or supply the goods agreed with them during the tendering process."
channel-marketing,channel marketing,domain,knowledge,cross-sector,key_9750,esco,"The strategies and practices, including channel sales, that involve distributing products directly and indirectly through partners in order to bring the products to the end consumer."
characteristics-of-products,characteristics of products,domain,knowledge,sector-specific,key_2413,esco,"The tangible characteristics of a product such as its materials, properties and functions, as well as its different applications, features, use and support requirements."
characteristics-of-services,characteristics of services,domain,knowledge,sector-specific,key_14877,esco,"The characteristics of a service that might include having acquired information about its application, function, features, use and support requirements."
check-system-parameters-against-reference-values,check system parameters against reference values,technical,skill/competence,cross-sector,key_11051,esco,Make sure that the measurable factors which define the operation of a system correspond to the predetermined norms.
chef-tools-for-software-configuration-management,Chef (tools for software configuration management),technical,knowledge,sector-specific,key_5283,esco,"The tool Chef is a software program which performs infrastructure configuration identification, control and automation aiming to ease the applications deployment."
circuit-diagrams,circuit diagrams,technical,knowledge,sector-specific,key_1383,esco,"Read and comprehend circuit diagrams showing the connections between the devices, such as power and signal connections."
cisco,Cisco,technical,knowledge,sector-specific,key_7452,esco,The products available from the network equipment provider Cisco and methods for selecting and procuring the equipment.
cloud-monitoring-and-reporting,cloud monitoring and reporting,technical,knowledge,sector-specific,key_9097,esco,"The metrics and alarms utilizing cloud monitoring services, in particular performance and availability metrics."
cloud-security-and-compliance,cloud security and compliance,technical,knowledge,sector-specific,key_2773,esco,"Cloud security and compliance concepts, including shared responsibility model, cloud access management capabilities, and resources for security support."
cloud-technologies,cloud technologies,technical,knowledge,sector-specific,key_11497,esco,"The technologies which enable access to hardware, software, data and services through remote servers and software networks irrespective of their location and architecture."
coach-employees,coach employees,soft,skill/competence,cross-sector,key_1939,esco,"Maintain and improve employees' performance by coaching individuals or groups how to optimise specific methods, skills or abilities, using adapted coaching styles and methods. Tutor newly recruited employees and assist them in the learning of new business systems."
cobol,COBOL,technical,knowledge,sector-specific,key_13334,esco,"The techniques and principles of software development, such as analysis, algorithms, coding, testing and compiling of programming paradigms in COBOL."
codenvy,Codenvy,technical,knowledge,sector-specific,key_5970,esco,The tool Codenvy is a platform used to create on-demand workspaces in the cloud where developers can collaborate on coding projects and work together before they merge their work to the main repository.
coffeescript,CoffeeScript,technical,knowledge,sector-specific,key_9663,esco,"The techniques and principles of software development, such as analysis, algorithms, coding, testing and compiling of programming paradigms in CoffeeScript."
cognitive-psychology,cognitive psychology,domain,knowledge,cross-sector,key_3327,esco,"The human mental processes such as attention, memory, language use, perception, problem solving, creativity and thinking."
collaborate-in-the-development-of-marketing-strategies,collaborate in the development of marketing strategies,domain,skill/competence,cross-sector,key_11175,esco,Work together with a group of professionals to develop marketing strategies performing market analysis and financial viability while staying aligned with the company's goals.
collect-customer-feedback-on-applications,collect customer feedback on applications,technical,skill/competence,cross-sector,key_7501,esco,Gather a response and analyse data from customers to identify requests or problems in order to improve applications and overall customer satisfaction.
collect-cyber-defence-data,collect cyber defence data,technical,skill/competence,sector-specific,key_14953,esco,"Collect data for cyber defence using various data collection tools. Data may be gathered from a number of internal or external sources such as online trade records, DNS request logs, email servers' logs, digital communications packet capturing, deep web resources, etc."
collect-ict-data,collect ICT data,technical,skill/competence,cross-sector,key_7952,esco,Gather data by designing and applying search and sampling methods.
common-lisp,Common Lisp,technical,knowledge,sector-specific,key_1944,esco,"The techniques and principles of software development, such as analysis, algorithms, coding, testing and compiling of programming paradigms in Common Lisp."
communicate-analytical-insights,communicate analytical insights,soft,skill/competence,sector-specific,key_14386,esco,"Obtain analytical insights and share them with relevant teams, in order to enable them to optimise supply chain (SC) operations and planning."
communicate-test-results-to-other-departments,communicate test results to other departments,soft,skill/competence,cross-sector,key_8589,esco,"Communicate testing information such as testing schedules, samples testing statistics and test results, to the relevant departments."
communicate-with-a-non-scientific-audience,communicate with a non-scientific audience ,soft,skill/competence,cross-sector,key_15116,esco,"Communicate about scientific findings to a non-scientific audience, including the general public. Tailor the communication of scientific concepts, debates, findings to the audience, using a variety of methods for different target groups, including visual presentations."
communicate-with-customers,communicate with customers,soft,skill/competence,cross-sector,key_1992,esco,"Respond to and communicate with customers in the most efficient and appropriate manner to enable them to access the desired products or services, or any other help they may require."
company-policies,company policies,domain,knowledge,sector-specific,key_14663,esco,The set of rules that govern the activity of a company.
compare-contractors-bids,compare contractors' bids,domain,skill/competence,cross-sector,key_10746,esco,Compare proposals to award a contract in order to execute specified jobs within a prescribed frame of time.
competition-law,competition law,domain,knowledge,cross-sector,key_12454,esco,The legal regulations that maintain market competition by regulating anti-competitive behaviour of companies and organisations.
compile-content,compile content,technical,skill/competence,cross-sector,key_9521,esco,"Retrieve, select and organise content from specific sources, according to the requirements of the output media such as printed materials, online applications, platforms, websites and video."
comply-with-legal-regulations,comply with legal regulations,domain,skill/competence,cross-sector,key_4622,esco,"Ensure you are properly informed of the legal regulations that govern a specific activity and adhere to its rules, policies and laws."
compose-description-for-web-elements,compose description for web elements,technical,skill/competence,occupation-specific,key_13842,esco,"Create texts to convey the message of a web element, such as images or frames, even in cases when it cannot be displayed to the user."
compose-digital-game-story,compose digital game story,technical,skill/competence,occupation-specific,key_3008,esco,Create a digital game story by writing out a detailed plot and storyboard with descriptions and gameplay objectives.
computer-engineering,computer engineering,technical,knowledge,cross-sector,key_8825,esco,"Engineering discipline that combines computer science with electrical engineering to develop computer hardware and software. Computer engineering occupies itself with electronics, software design, and the integration of hardware and software."
computer-equipment,computer equipment,technical,knowledge,sector-specific,key_9678,esco,"The offered computers, computer peripheral equipment and software products, their functionalities, properties and legal and regulatory requirements."
computer-forensics,computer forensics,technical,knowledge,sector-specific,key_2202,esco,The process of examining and recovering digital data from sources for legal evidence and crime investigation.
computer-history,computer history,domain,knowledge,sector-specific,key_3857,esco,The history of computer development framed in a digitising society.
computer-programming,computer programming,technical,knowledge,cross-sector,key_3083,esco,"The techniques and principles of software development, such as analysis, algorithms, coding, testing and compiling of programming paradigms (e.g. object oriented programming, functional programming) and of programming languages."
computer-science,computer science,technical,knowledge,cross-sector,key_8028,esco,"The scientific and practical study that deals with the foundations of information and computation, namely algorithms, data structures, programming, and data architecture. It deals with the practicability, structure and mechanisation of the methodical procedures that manage the acquisition, processing, and access to information."
computer-technology,computer technology,technical,knowledge,cross-sector,key_13274,esco,"Computers, computer networks and other information technologies and equipment that can store, retrieve, transmit and manipulate data."
computer-vision,computer vision,technical,knowledge,cross-sector,key_8012,esco,"The definition and functioning of computer vision. Computer vision tools to allow computers to extract information from digital images such as photographs or video. Areas of application to solve real-world problems like security, autonomous driving, robotic manufacturing and inspection, digital image classification, medical image processing and diagnosis, and others."
concepts-of-telecommunications,concepts of telecommunications,technical,knowledge,sector-specific,key_14345,esco,"The telecommunication principles, theories, models, equipment and processes such as transfer rate, bandwidth, signal-to-noise ratio, bit error ratio and C/N ratio, as well as the effect of the qualities of the transmission path on the operation and quality of telecommunications."
conduct-clinical-software-research,conduct clinical software research,technical,skill/competence,occupation-specific,key_5952,esco,"Oversee and undertake the necessary research to succesfully purchase, design, develop, test, train and implement software regarding clinical care and according to health plans guidelines."
conduct-content-quality-assurance,conduct content quality assurance,technical,skill/competence,cross-sector,key_3513,esco,"Carry out validation of content by reviewing it according to formal and functional quality, usability and applicable standards."
conduct-ict-code-review,conduct ICT code review,technical,skill/competence,sector-specific,key_9877,esco,Examine and review systematically computer source code to identify errors in any stage of development and to improve the overall software quality.
conduct-impact-evaluation-of-ict-processes-on-business,conduct impact evaluation of ICT processes on business,domain,skill/competence,cross-sector,key_2534,esco,Evaluate the tangible consequences of the implementation of new ICT systems and functions on the current business structure and organisational procedures.
conduct-mobile-marketing,conduct mobile marketing,domain,skill/competence,cross-sector,key_14087,esco,Conduct mobile marketing using a mobile device e.g. tablet or smartphone. Gather personalised information and transfer it to customers in order to promote services or goods.
conduct-online-competitive-analysis,conduct online competitive analysis,domain,skill/competence,sector-specific,key_7432,esco,Assess strengths and weaknesses of current and potential competitors. Analyse competitors' web strategies.
conduct-performance-tests,conduct performance tests,technical,skill/competence,cross-sector,key_11424,esco,"Conduct experimental, environmental and operational tests on models, prototypes or on the systems and equipment itself in order to test their strength and capabilities under normal and extreme conditions."
conduct-qualitative-research,conduct qualitative research,technical,skill/competence,cross-sector,key_14829,esco,"Gather relevant information by applying systematic methods, such as interviews, focus groups, text analysis, observations and case studies."
conduct-quality-control-analysis,conduct quality control analysis,technical,skill/competence,cross-sector,key_4848,esco,"Conduct inspections and tests of services, processes, or products to evaluate quality."
conduct-quantitative-research,conduct quantitative research,technical,skill/competence,cross-sector,key_8456,esco,"Execute a systematic empirical investigation of observable phenomena via statistical, mathematical or computational techniques."
conduct-research-interview,conduct research interview,soft,skill/competence,cross-sector,key_8792,esco,"Use professional researching and interviewing methods and techniques to gather relevant data, facts or information, to gain new insights and to fully comprehend the message of the interviewee."
conduct-search-engine-optimisation,conduct search engine optimisation,technical,skill/competence,cross-sector,key_10045,esco,"Execute optimal marketing research and strategies on search engine processes, also known as search engine marketing (SEM), in order to increase online traffic and website exposure."
configure-ict-system,configure ICT system,technical,skill/competence,sector-specific,key_11029,esco,Set up and customise an ICT system to meet requirements during initial implementation as well as when new business needs arise.
consult-with-business-clients,consult with business clients,soft,skill/competence,sector-specific,key_9446,esco,"Communicate with clients of a business or business project in order to introduce new ideas, obtain feedback, and find solutions to problems."
consultation-methods,consultation methods,soft,knowledge,sector-specific,key_4365,esco,"Techniques used to facilitate clear and open communication and the provision of advice between individuals, communities or the government, such as discussion groups or one-on-one interviews."
content-development-processes,content development processes,technical,knowledge,cross-sector,key_13762,esco,"The specialised techniques used to design, write, compile, edit and organise digital content, such as text, graphics and videos for publishing purposes."
content-marketing-strategy,content marketing strategy,domain,knowledge,cross-sector,key_10862,esco,The process of creation and share of media and publishing content in order to acquire customers.
contract-law,contract law,domain,knowledge,cross-sector,key_6324,esco,"The field of legal principles that govern written agreements between parties concerning the exchange of goods or services, including contractual obligations and termination."
control-engineering,control engineering,technical,knowledge,cross-sector,key_11604,esco,Subdiscipline of engineering that focuses on controlling the behaviour of systems through the use of sensors and actuators.
control-objectives-for-information-and-related-technology,control objectives for information and related technology,domain,knowledge,occupation-specific,key_9801,esco,"The risk and controls framework such as Control Objectives for Information and Related Technology (COBIT), which supports decision makers to resolve the gap between business risks, requirements and technical issues."
control-of-expenses,control of expenses,domain,skill/competence,cross-sector,key_13482,esco,"Monitor and maintain effective cost controls, in regards to efficiencies, waste, overtime and staffing. Assessing excesses and strives for efficiency and productivity."
convert-different-audiovisual-formats,convert different audiovisual formats,technical,skill/competence,cross-sector,key_14495,esco,Use specialised software to convert data from one audio and/or video format to another.
convert-into-animated-object,convert into animated object,technical,skill/competence,sector-specific,key_10986,esco,"Convert real objects into visual animation elements, using animation techniques such as optical scanning."
convert-scribbles-into-virtual-sketches,convert scribbles into virtual sketches,technical,skill/competence,occupation-specific,key_7992,esco,Use software to convert the roughly drawn representation of a design into a two-dimensional geometrical sketch that they can further develop to obtain the final concept.
cooperate-to-resolve-information-issues,cooperate to resolve information issues,soft,skill/competence,occupation-specific,key_9595,esco,"Meet up and communicate with managers, salesmen, and others to facilitate cooperation and resolve problems."
coordinate-engineering-teams,coordinate engineering teams,soft,skill/competence,cross-sector,key_8002,esco,"Plan, coordinate and supervise engineering activities together with engineers and engineering technicians. Ensure clear and effective channels of communication across all departments. Make sure the team is aware of the standards and objectives of the research and development."
coordinate-marketing-plan-actions,coordinate marketing plan actions,domain,skill/competence,cross-sector,key_9162,esco,"Manage the overview of the marketing actions such as the marketing planning, internal financial resource granting, advertising materials, implementation, control, and communication efforts."
coordinate-purchasing-activities,coordinate purchasing activities,domain,skill/competence,sector-specific,key_6814,esco,"Coordinate and manage procurement and renting processes including purchasing, renting, planning, tracking and reporting in a cost efficient way on an organisational level."
coordinate-technological-activities,coordinate technological activities,soft,skill/competence,sector-specific,key_10810,esco,Give instructions to colleagues and other cooperating parties in order to reach the desired outcome of a technological project or achieve set goals within an organisation dealing with technology.
copyright-legislation,copyright legislation,domain,knowledge,cross-sector,key_13487,esco,"Legislation describing the protection of the rights of original authors over their work, and how others can use it."
corporate-social-responsibility,corporate social responsibility,domain,knowledge,sector-specific,key_6906,esco,The handling or managing of business processes in a responsible and ethical manner considering the economic responsibility towards shareholders as equally important as the responsibility towards environmental and social stakeholders.
cost-management,cost management,domain,knowledge,sector-specific,key_8129,esco,"The process of planning, monitoring and adjusting the expenses and revenues of a business in order to achieve cost efficiency and capability."
create-2d-painting,create 2D painting,technical,skill/competence,cross-sector,key_13702,esco,Produce a drawing by using a range of digital tools.
create-3d-characters,create 3D characters,technical,skill/competence,sector-specific,key_7133,esco,Develop 3D models by transforming and digitising previously designed characters using specialised 3D tools
create-3d-environments,create 3D environments,technical,skill/competence,sector-specific,key_1549,esco,"Develop a computer-generated 3D representation of a setting such as simulated environment, where the users interact."
create-3d-texture-map,create 3D texture map,technical,skill/competence,occupation-specific,key_11559,esco,"Add detail, colour or surface texture to a computer-based 3D-model or graphic."
create-advertisements,create advertisements,domain,skill/competence,sector-specific,key_10547,esco,"Use your creativity to draft advertiments. Keep in mind the costumer's requirements, target audience, media and marketing objectives."
create-animated-narratives,create animated narratives,technical,skill/competence,sector-specific,key_2716,esco,"Develop animated narrative sequences and story lines, using computer software and hand drawing techniques."
create-annual-marketing-budget,create annual marketing budget,domain,skill/competence,cross-sector,key_6873,esco,"Make the calculation of both the income and expenditures that are expected to be paid over the coming year concerning the marketing related activities such as advertising, selling and delivering products to people."
create-business-process-models,create business process models,technical,skill/competence,cross-sector,key_7104,esco,"Develop formal and informal descriptions of the business processes and the organisational structure by using business process models, notations and tools."
create-concept-of-digital-game,create concept of digital game,technical,skill/competence,occupation-specific,key_3984,esco,"Develop and communicate every aspect of overall game vision. Communicate and collaborate with technical crew, artistic and design teams to implement the game vision."
create-content-title,create content title,technical,skill/competence,cross-sector,key_13358,esco,"Come up with an appealing title that draws people's attention to the content of your article, story or publication."
create-data-models,create data models,technical,skill/competence,sector-specific,key_14894,esco,"Use specific techniques and methodologies to analyse the data requirements of an organisation's business processes in order to create models for these data, such as conceptual, logical and physical models. These models have a specific structure and format."
create-data-sets,create data sets,technical,skill/competence,cross-sector,key_9170,esco,Generate a collection of new or existing related data sets that are made up out of separate elements but can be manipulated as one unit.
create-database-diagrams,create database diagrams,technical,skill/competence,sector-specific,key_8547,esco,Develop the database design models and diagrams which establish the structure of a database by using modelling software tools to be implemented in further processes.
create-digital-game-characters,create digital game characters,technical,skill/competence,occupation-specific,key_5890,esco,Develop a typology of characters for digital games and identify their exact role in the gameplay and the narrative.
create-digital-images,create digital images,technical,skill/competence,cross-sector,key_6494,esco,"Create and process two-dimensional and three-dimensional digital images depicting animated objects or illustrating a process, using computer animation or modelling programs."
create-flowchart-diagram,create flowchart diagram,technical,skill/competence,cross-sector,key_9152,esco,Compose a diagram that illustrates systematic progress through a procedure or system using connecting lines and a set of symbols.
create-gambling-games-concepts,create gambling games concepts,domain,skill/competence,sector-specific,key_2383,esco,"Imagine the concepts to be used in creating a gambling, betting and lottery game."
create-moving-images,create moving images,technical,skill/competence,sector-specific,key_13846,esco,Create and develop two-dimensional and three-dimensional images in motion and animations.
create-new-concepts,create new concepts,soft,skill/competence,cross-sector,key_14277,esco,Come up with new concepts.
create-original-drawings,create original drawings,technical,skill/competence,sector-specific,key_2958,esco,"Create original drawings, based on texts, thorough research and discussion with authors, journalists and specialists."
create-pen-and-paper-images,create pen-and-paper images,technical,skill/competence,sector-specific,key_9207,esco,"Draw pen-and-paper images and prepare them to be edited, scanned, coloured, textured and digitally animated."
create-project-specifications,create project specifications,domain,skill/competence,cross-sector,key_3095,esco,"Define the workplan, duration, deliverables, resources and procedures a project has to follow to achieve its goals. Describe project goals, outcomes, results and implementation scenarios."
create-prototype-of-user-experience-solutions,create prototype of user experience solutions,technical,skill/competence,sector-specific,key_1644,esco,"Design and prepare mock-ups, prototypes and flows in order to test User Experience (UX) solutions or to collect feedback from users, customers, partners or stakeholders."
create-scorm-packages,create SCORM packages,technical,skill/competence,sector-specific,key_4539,esco,Develop educational packages for e-learning platforms using the Sharable Content Object Reference Model (SCORM) standard.
create-semantic-trees,create semantic trees,technical,skill/competence,sector-specific,key_12306,esco,Create coherent lists and hierarchies of concepts and terms to ensure consistent indexing in knowledge organisation systems.
create-sketches,create sketches,technical,skill/competence,sector-specific,key_5645,esco,Draw sketches to prepare for a drawing or as a standalone artistic technique.
create-software-design,create software design,technical,skill/competence,sector-specific,key_4526,esco,Transpose a series of requirements into a clear and organised software design.
create-solutions-to-problems,create solutions to problems,soft,skill/competence,cross-sector,key_1428,esco,"Solve problems which arise in planning, prioritising, organising, directing/facilitating action and evaluating performance. Use systematic processes of collecting, analysing, and synthesising information to evaluate current practice and generate new understandings about practice."
create-storyboards,create storyboards,technical,skill/competence,sector-specific,key_3161,esco,Apply story development and plot lines and edit animations to create storyboards that render the flow of the animation. Map out key scenes and develop characters.
create-technical-plans,create technical plans,technical,skill/competence,cross-sector,key_6336,esco,"Create detailed technical plans of machinery, equipment, tools and other products."
create-training-materials,create training materials,domain,skill/competence,cross-sector,key_5409,esco,Develop and compile training items and resources according to didactical methods and training needs and using specific types of media.
create-website-wireframe,create website wireframe,technical,skill/competence,sector-specific,key_14297,esco,"Develop an image or set of images that display the functional elements of a website or page, typically used for planning a website's functionality and structure."
creatively-use-digital-technologies,creatively use digital technologies,soft,skill/competence,cross-sector,key_2671,esco,Use digital tools and technologies to create knowledge and to innovate processes and products. Engage individually and collectively in cognitive processing to understand and resolve conceptual problems and problem situations in digital environments.
crowdsourcing-strategy,crowdsourcing strategy,domain,knowledge,sector-specific,key_7035,esco,"The high level planning for managing and optimising business processes, ideas or content by gathering contributions from a big community of people, including on-line groups."
cryengine,CryEngine,technical,knowledge,sector-specific,key_1524,esco,"The game engine CryEngine which is a software framework that consists of integrated development environments and specialised design tools, designed for the rapid iteration of user-derived computer games."
css,CSS,technical,knowledge,sector-specific,key_13684,esco,"The computer language CSS is a style sheet language that conveys the presentation of structured documents. These documents have to adhere to style sheets, a set of stylistic rules such as font, color and layout."
customer-segmentation,customer segmentation,domain,knowledge,cross-sector,key_2287,esco,The process whereby a target market is divided into specific sets of consumers for further market analysis.
customise-software-for-drive-system,customise software for drive system,technical,skill/competence,cross-sector,key_5292,esco,Adapt and customise software to the specific machine or application.
cyber-attack-counter-measures,cyber attack counter-measures,technical,knowledge,sector-specific,key_6110,esco,"The strategies, techniques and tools that can be used to detect and avert malicious attacks against organisations' information systems, infrastructures or networks. Examples are secure hash algorithm (SHA) and message digest algorithm (MD5) for securing network communications, intrusion prevention systems (IPS), public-key infrastructure (PKI) for encryption and digital signatures in applications."
cyber-security,cyber security,technical,knowledge,sector-specific,key_8309,esco,"The methods that protect ICT systems, networks, computers, devices, services, digital information and people against illegal or unauthorised use."
data-analytics,data analytics,technical,knowledge,cross-sector,key_9586,esco,The science of analysing and making decisions based on raw data collected from various sources. Includes knowledge of techniques using algorithms that derive insights or trends from that data to support decision-making processes.
data-extraction-transformation-and-loading-tools,"data extraction, transformation and loading tools",technical,knowledge,cross-sector,key_9876,esco,"The tools for integration of information from multiple applications, created and maintained by organisations, into one consistent and transparent data structure."
data-mining,data mining,technical,knowledge,sector-specific,key_3315,esco,"The methods of artificial intelligence, machine learning, statistics and databases used to extract content from a dataset."
data-models,data models,technical,knowledge,sector-specific,key_15084,esco,"The techniques and existing systems used for structuring data elements and showing relationships between them, as well as methods for interpreting the data structures and relationships."
data-protection,data protection,domain,knowledge,sector-specific,key_10223,esco,"The principles, ethical issues, regulations and protocols of data protection."
data-quality-assessment,data quality assessment,technical,knowledge,sector-specific,key_12362,esco,"The process of revealing data issues using ​quality indicators, measures and metrics in order to plan data cleansing and data enrichment strategies according to data quality criteria."
data-storage,data storage,technical,knowledge,sector-specific,key_10420,esco,"The physical and technical concepts of how digital data storage is organised in specific schemes both locally, such as hard-drives and random-access memories (RAM) and remotely, via network, internet or cloud."
data-warehouse,data warehouse,technical,knowledge,occupation-specific,key_4698,esco,The data storage system that analyses and reports on data such as a data mart.
database,database,technical,knowledge,cross-sector,key_4957,esco,"The classification of databases, that includes their purpose, characteristics, terminology, models and use such as XML databases, document-oriented databases and full text databases."
database-development-tools,database development tools,technical,knowledge,sector-specific,key_9950,esco,"The methodologies and tools used for creating logical and physical structure of databases, such as logical data structures, diagrams, modelling methodologies and entity-relationships."
database-management-systems,database management systems,technical,knowledge,sector-specific,key_10587,esco,"The tools for creating, updating and managing databases, such as Oracle, MySQL and Microsoft SQL Server."
database-quality-standards,database quality standards,technical,knowledge,sector-specific,key_11133,esco,"Techniques and methods of estimation and evaluation of system quality and overall database quality, as well as the set quality standards and regulations."
db2,DB2,technical,knowledge,sector-specific,key_4602,esco,"The computer program IBM DB2 is a tool for creating, updating and managing databases, developed by the software company IBM."
deal-with-pressure-from-unexpected-circumstances,deal with pressure from unexpected circumstances,soft,skill/competence,sector-specific,key_7972,esco,Strive to achieve objectives despite the pressures arising from unexpected factors outside of your control.
debug-software,debug software,technical,skill/competence,sector-specific,key_3264,esco,"Repair computer code by analysing testing results, locating the defects causing the software to output an incorrect or unexpected result and remove these faults."
decentralized-application-frameworks,decentralized application frameworks,technical,knowledge,sector-specific,key_3262,esco,"The different software frameworks, and their characteristics, advantages and disadvantages, that allow the development of decentralized applications on blockchain infrastructure. Examples are truffle, embark, epirus, openzeppelin, etc."
decision-support-systems,decision support systems,technical,knowledge,sector-specific,key_4601,esco,The ICT systems that can be used to support business or organisational decision making.
deep-learning,deep learning,technical,knowledge,cross-sector,key_14055,esco,"The principles, methods and algorithms of deep learning, a subfield of artificial intelligence and machine learning. Common neural networks like perceptrons, feed-forward, backpropagation, and convolutional and recurrent neural networks."
define-data-quality-criteria,define data quality criteria,technical,skill/competence,sector-specific,key_5913,esco,"Specify the criteria by which data quality is measured for business purposes, such as inconsistencies, incompleteness, usability for purpose and accuracy."
define-database-physical-structure,define database physical structure,technical,skill/competence,sector-specific,key_1358,esco,"Specify the physical configuration of database files on a given media. This consists of in-detail specifications of indexing options, data types and data elements placed in the data dictionary."
define-firewall-rules,define firewall rules,technical,skill/competence,sector-specific,key_1504,esco,Specify rules to govern a set of components aiming to limit access between groups of networks or a particular network and the internet.
define-ict-network-design-policies,define ICT network design policies,technical,skill/competence,occupation-specific,key_11402,esco,"Specify policies, principles, rules, processes and criteria for the design, planning and realisation of ICT networks."
define-integration-strategy,define integration strategy,technical,skill/competence,sector-specific,key_10244,esco,"Specify strategies for system integration, incorporating the time schedule, the processes required to combine components into subsystems and systems, the means on how components will interface as well as the risks associated with the integration."
define-measurable-marketing-objectives,define measurable marketing objectives,domain,skill/competence,cross-sector,key_7984,esco,"Outline the measurable performance indicators of the marketing plan such as market share, customer value, brand awareness, and sales revenues. Follow up on the progress of these indicators during the development of the marketing plan."
define-organisational-standards,define organisational standards,domain,skill/competence,cross-sector,key_12816,esco,"Write, implement and foster the internal standards of the company as part of the business plans for the operations and levels of performance that the company intends to achieve."
define-security-policies,define security policies,technical,skill/competence,sector-specific,key_4330,esco,"Design and execute a written set of rules and policies that have the aim of securing an organisation concerning constraints on behaviour between stakeholders, protective mechanical constraints and data-access constraints."
define-software-architecture,define software architecture,technical,skill/competence,sector-specific,key_14696,esco,"Create and document the structure of software products including components, coupling and interfaces. Ensure feasibility, functionality and compatibility with existing platforms."
define-technical-requirements,define technical requirements,technical,skill/competence,cross-sector,key_13073,esco,"Specify technical properties of goods, materials, methods, processes, services, systems, software and functionalities by identifying and responding to the particular needs that are to be satisfied according to customer requirements."
define-technology-strategy,define technology strategy,technical,skill/competence,sector-specific,key_3236,esco,"Create an overall plan of objectives, practices, principles and tactics related to the use of technologies within an organisation and describe the means to reach the objectives."
deliver-a-sales-pitch,deliver a sales pitch,soft,skill/competence,sector-specific,key_3881,esco,"Prepare and deliver an understandably constructed sales talk for a product or a service, identifying and using persuasive argumentation."
deliver-online-training,deliver online training,soft,skill/competence,cross-sector,key_1984,esco,"Provide training by using online technologies, adapting the learning materials, using e-learning methods, supporting the trainees and communicating online. Instruct virtual classrooms."
deliver-visual-presentation-of-data,deliver visual presentation of data,technical,skill/competence,cross-sector,key_11882,esco,Create visual representations of data such as charts or diagrams for easier understanding.
demonstrate-when-teaching,demonstrate when teaching,soft,skill/competence,cross-sector,key_10996,esco,"Present to others examples of your experience, skills, and competences that are appropriate to specific learning content to help students in their learning."
deploy-cloud-resource,deploy cloud resource,technical,skill/competence,sector-specific,key_6626,esco,"Identify and execute steps required to provision cloud resources, such as networks, servers, storage, applications, GPUs, and services. Define the cloud global infrastructure and remediate deployment issues."
deploy-ict-systems,deploy ICT systems,technical,skill/competence,sector-specific,key_7515,esco,"Deliver and instalI computers or ICT systems, ensuring testing and preparation for use."
design-application-interfaces,design application interfaces,technical,skill/competence,sector-specific,key_10837,esco,"Create and program application interfaces, their operations, inputs and outputs and underlying types."
design-circuit-boards,design circuit boards,technical,skill/competence,cross-sector,key_7839,esco,"Draught circuit boards used in electronic product such as cell phones and computers, make sure to include integrated circuits and microchips in the design."
design-cloud-architecture,design cloud architecture,technical,skill/competence,sector-specific,key_2182,esco,"Design a multi-tier cloud architecture solution, which tolerates faults and is fit for the workload and other business needs. Identify elastic and scalable computing solutions, select high-performing and scalable storage solutions, and choose high-performing database solutions. Identify cost-effective storage, computing, and database services in the cloud."
design-cloud-networks,design cloud networks,technical,skill/competence,sector-specific,key_5494,esco,"Apply cloud networking concepts and implement connectivity services of cloud. Given customer requirements, define network architectures on cloud, propose optimized designs based on the evaluation of an existing implementation. Evaluate and optimize cost allocations given a network design, its cloud resources, and application data flow."
design-component-interfaces,design component interfaces,technical,skill/competence,occupation-specific,key_14622,esco,Use methods and tools to design and program interfaces of software and system components.
design-computer-network,design computer network,technical,skill/competence,sector-specific,key_3058,esco,"Develop and plan ICT networks, such as wide area network and local area network, that connect computers using cable or wireless connections and allow them to exchange data and assess their capacity requirements."
design-database-backup-specifications,design database backup specifications,technical,skill/competence,sector-specific,key_10605,esco,Specify procedures to be performed on databases which ensure the copying and archiving of data for possible restoration in case of a data loss event.
design-database-in-the-cloud,design database in the cloud,technical,skill/competence,sector-specific,key_8203,esco,"Apply design principles for an adaptive, elastic, automated, loosely coupled databases making use of cloud infrastructure. Aim to remove any single point of failure through distributed database design."
design-database-scheme,design database scheme,technical,skill/competence,sector-specific,key_7191,esco,"Draft a database scheme by following the Relational Database Management System (RDBMS) rules in order to create a logically arranged group of objects such as tables, columns and processes."
design-digital-call-to-action,design digital call to action,domain,skill/competence,occupation-specific,key_5769,esco,"Appeal the audience in order to provoke their instant response. Use imperative verb forms in the message such as ""Visit us now!""."
design-electronic-systems,design electronic systems,technical,skill/competence,cross-sector,key_15077,esco,"Draft sketches and design electronic systems, products, and components using Computer Aided Design (CAD) software and equipment. Make a simulation so that an assessment can be made of the viability of the product and so the physical parameters can be examined before the actual building of the product."
design-enterprise-architecture,design enterprise architecture,technical,skill/competence,sector-specific,key_14143,esco,"Analyse the business structure and provide a logical organisation of business processes and information infrastructure. Apply principles and practices which help organisations to realise their strategies, respond to disruptions and achieve their goals."
design-firmware,design firmware,technical,skill/competence,cross-sector,key_2453,esco,Design the appropriate firmware to a specific electronic system.
design-for-organisational-complexity,design for organisational complexity,technical,skill/competence,sector-specific,key_13384,esco,"Determine cross-account authentication and access strategy for complex organizations (for example, an organization with varying compliance requirements, multiple business units, and varying scalability requirements). Design networks and multi-account cloud environments for complex organizations."
design-graphics,design graphics,technical,skill/competence,cross-sector,key_14268,esco,Apply a variety of visual techniques in order to design graphic material. Combine graphical elements to communicate concepts and ideas.
design-hardware,design hardware,technical,skill/competence,sector-specific,key_11588,esco,Design and develop new computer hardware systems and components. Draft blueprints and assembly drawings specifying how the computer equipment should be build.
design-ict-hardware-placement,design ICT hardware placement,technical,skill/competence,occupation-specific,key_4750,esco,Describe and plan how cables and related hardware items will be placed throughout the building.
design-information-system,design information system,technical,skill/competence,sector-specific,key_10237,esco,"Define the architecture, composition, components, modules, interfaces and data for integrated information systems (hardware, software and network), based on system requirements and specifications."
design-integrated-circuits,design integrated circuits,technical,skill/competence,cross-sector,key_7258,esco,"Design and draft integrated circuits (IC) or semiconductors, such as microchips, used in electronic products. Integrate all necessary components, such as diodes, transistors, and resistors. Pay attention to the design of input signals, output signals, and power availability."
design-interaction-model,design interaction model,technical,skill/competence,sector-specific,key_2231,esco,"Design and develop an interaction model. Design a multi-turn conversation, use built-in intents and slots, handle unexpected conversational requests or responses, design multi-modal skills using one or more service interfaces (for example, audio, video, and gadgets)."
design-materials-for-multimedia-campaigns,design materials for multimedia campaigns,technical,skill/competence,cross-sector,key_10921,esco,"Draft and develop materials to be produced for a multimedia campaign, keeping in mind budgeting, scheduling and production."
design-microelectromechanical-systems,design microelectromechanical systems,technical,skill/competence,cross-sector,key_11663,esco,"Design and develop microelectromechanical systems (MEMS), such as microsensing devices. Make a model and a simulation using technical design software to assess the viability of the product and examine the physical parameters to ensure a successful production process."
design-microelectronics,design microelectronics,technical,skill/competence,cross-sector,key_8648,esco,"Design and develop microelectronic systems, products, and components according to specifications, such as microchips."
design-principles,design principles,technical,knowledge,cross-sector,key_5404,esco,"The elements used in design such as unity, scale, proportion, balance, symmetry, space, form, texture, colour, light, shade and congruence and their application into practice."
design-process,design process,technical,skill/competence,cross-sector,key_3704,esco,"Identify the workflow and resource requirements for a particular process, using a variety of tools such as process simulation software, flowcharting and scale models."
design-prototypes,design prototypes,technical,skill/competence,cross-sector,key_11375,esco,Design prototypes of products or components of products by applying design and engineering principles.
design-the-digital-interface-of-gambling-betting-and-lottery-games,"design the digital interface of gambling, betting and lottery games",technical,skill/competence,occupation-specific,key_8168,esco,"Create the digital outlook of gambling, betting and lottery games to make them appealing to the audience."
design-thinking,design thinking,technical,knowledge,cross-sector,key_13354,esco,"The process used to identify creative solutions to problem solving, by putting the user at its core. The five stages approach-empathise, define, ideate, prototype and test-are meant to challenge assumptions and iterate solutions that are better suited to the needs of the user."
design-user-interface,design user interface,technical,skill/competence,sector-specific,key_14988,esco,"Create software or device components which enable interaction between humans and systems or machines, using appropriate techniques, languages and tools so as to streamline interaction while using the system or machine."
design-web-based-courses,design web-based courses,technical,skill/competence,cross-sector,key_4634,esco,"Create web-based training and instruction courses using dynamic and static online tools to deliver learning outcomes to the audience of the course. Web tools used here can include streaming video and audio, live internet broadcasts, information portals, chatrooms and bulletin boards."
desktop-publishing,desktop publishing,technical,knowledge,cross-sector,key_11918,esco,The creation of documents using page layout skills on a computer. Desktop publishing software can generate layouts and produce typographic quality text and images.
determine-visual-concepts,determine visual concepts,technical,skill/competence,sector-specific,key_8838,esco,Determine how best to represent a concept visually.
develop-a-coaching-style,develop a coaching style,soft,skill/competence,cross-sector,key_2832,esco,"Develop a style for coaching individuals or groups that ensures all participants are at ease, and are able to acquire the necessary skills and competences provided in the coaching in a positive and productive manner."
develop-account-strategy,develop account strategy,domain,skill/competence,cross-sector,key_10881,esco,Create the strategic goals and actions for future interaction with an account for the organisation.
develop-animations,develop animations,technical,skill/competence,sector-specific,key_14177,esco,"Design and develop visual animations using creativity and computer skills. Make objects or characters appear lifelike by manipulating light, colour, texture, shadow, and transparency, or manipulating static images to give the illusion of motion."
develop-audit-plan,develop audit plan,domain,skill/competence,cross-sector,key_14073,esco,"Define all organisational tasks (time, place and order) and develop a checklist concerning the topics to be audited."
develop-automated-migration-methods,develop automated migration methods,technical,skill/competence,sector-specific,key_1834,esco,"Create automated transfer of ICT information between storage types, formats and systems to save human resources from performing the task manually."
develop-automated-software-tests,develop automated software tests,technical,skill/competence,sector-specific,key_7089,esco,"Create software test sets in an automated manner, ​using specialised languages or tools, that can be performed by testing tools in order to save resources, gain efficiency and effectiveness in test execution."
develop-code-exploits,develop code exploits,technical,skill/competence,sector-specific,key_10803,esco,Create and test software exploits in a controlled environment to uncover and check system bugs or vulnerabilities.
develop-creative-ideas,develop creative ideas,soft,skill/competence,cross-sector,key_8963,esco,Developing new artistic concepts and creative ideas.
develop-data-processing-applications,develop data processing applications,technical,skill/competence,occupation-specific,key_14777,esco,Create a customised software for processing data by selecting and using the appropriate computer programming language in order for an ICT system to produce demanded output based on expected input.
develop-design-ideas-cooperatively,develop design ideas cooperatively,soft,skill/competence,sector-specific,key_14956,esco,"Share and develop design ideas with the artistic team. Conceptualise new ideas independently and with others. Present your idea, gain feedback and take it into account. Make sure the design fits with the work of other designers."
develop-digital-educational-materials,develop digital educational materials,technical,skill/competence,cross-sector,key_11192,esco,"Create resources and instructional materials (e-learning, educational video and audio material, educational prezi) using digital technologies to transfer insight and awareness in order to improve learners’ expertise."
develop-documentation-in-accordance-with-legal-requirements,develop documentation in accordance with legal requirements,technical,skill/competence,cross-sector,key_7041,esco,"Create professionally written content describing products, applications, components, functions or services in compliance with legal requirements and internal or external standards."
develop-financial-statistics-reports,develop financial statistics reports,domain,skill/competence,cross-sector,key_5566,esco,Create financial and statistical reports based on collected data which are to be presented to managing bodies of an organisation.
develop-ict-device-driver,develop ICT device driver,technical,skill/competence,occupation-specific,key_8569,esco,Create a software program that controls the working of an ICT device and its interaction with other applications.
develop-ict-test-suite,develop ICT test suite,technical,skill/competence,sector-specific,key_7540,esco,Create a series of test cases to check software behaviour versus specifications. These test cases are then to be used during subsequent testing.
develop-ict-workflow,develop ICT workflow,technical,skill/competence,sector-specific,key_7697,esco,"Create repeatable patterns of ICT activity within an organisation which enhances the systematic transformations of products, informational processes and services through their production."
develop-inclusive-communication-material,develop inclusive communication material,technical,skill/competence,cross-sector,key_6282,esco,"Develop inclusive communication resources. Provide appropriate accessible digital, print and signage information and apply the appropriate language to support the representation and inclusion of people with disabilities. Make websites and online facilities accessible, e.g., ensuring compatibility with screen readers."
develop-information-security-strategy,develop information security strategy,technical,skill/competence,sector-specific,key_4226,esco,"Create company strategy related to the safety and security of information in order to maximise information integrity, availability and data privacy."
develop-information-standards,develop information standards,technical,skill/competence,cross-sector,key_2721,esco,"Develop norms or requirements that establish uniform technical criteria, methods, processes and practices in the information management based on professional experience."
develop-media-strategy,develop media strategy,domain,skill/competence,cross-sector,key_11816,esco,"Create the strategy on the type of content to be delivered to the target groups and which media to be used, taking into account the characteristics of the target audience and the media that will be used for content delivery."
develop-online-community-plan,develop online community plan,domain,skill/competence,sector-specific,key_10422,esco,"Create the community's plan to grow the online community, build usage, retain recent users and increase the user's participation."
develop-organisational-information-goals,develop organisational information goals,domain,skill/competence,occupation-specific,key_7634,esco,"Develop and interpret organisational information goals, creating specific policies and procedures."
develop-organisational-policies,develop organisational policies,domain,skill/competence,cross-sector,key_4041,esco,Develop and supervise the implementation of policies aimed at documenting and detailing the procedures for the operations of the organisation in the lights of its strategic planning.
develop-product-design,develop product design,domain,skill/competence,sector-specific,key_14993,esco,Convert market requirements into product design and development.
develop-professional-network,develop professional network,soft,skill/competence,cross-sector,key_11626,esco,Reach out to and meet up with people in a professional context. Find common ground and use your contacts for mutual benefit. Keep track of the people in your personal professional network and stay up to date on their activities.
develop-reporting-software,develop reporting software,technical,skill/competence,occupation-specific,key_9879,esco,Create reporting software and applications used for creating reports on data.
develop-revenue-generation-strategies,develop revenue generation strategies,domain,skill/competence,sector-specific,key_10698,esco,Elaborate methodologies through which a company markets and sells a product or service to generate income.
develop-software-prototype,develop software prototype,technical,skill/competence,sector-specific,key_7930,esco,Create a first incomplete or preliminary version of a piece of software application to simulate some specific aspects of the final product.
develop-solutions-to-information-issues,develop solutions to information issues,technical,skill/competence,cross-sector,key_5034,esco,Analyse information needs and challenges to develop effective technological solutions.
develop-statistical-software,develop statistical software,technical,skill/competence,cross-sector,key_11393,esco,"Participate in the various development stages of computer programs for econometric and statistical analysis, such as research, new product development, prototyping, and maintenance."
develop-strategy-to-solve-problems,develop strategy to solve problems,soft,skill/competence,cross-sector,key_7979,esco,"Develop specific goals and plans to prioritise, organise, and accomplish work."
develop-technological-improvement-strategies,develop technological improvement strategies,technical,skill/competence,sector-specific,key_11550,esco,"Create plans for the development and implementation of strategies which facilitate improvements in technological projects and in the efficiency of the project's procedures, taking into account analyses and relevant regulations."
develop-training-programmes,develop training programmes,domain,skill/competence,sector-specific,key_5728,esco,Design programmes where employees or future employees are taught the necessary skills for the job or to improve and expand skills for new activities or tasks. Select or design activities aimed at introducing the work and systems or improving the performance of individuals and groups in organisational settings.
develop-virtual-game-engine,develop virtual game engine,technical,skill/competence,sector-specific,key_8135,esco,Create a virtual software framework that abstracts the details of doing common game-related tasks.
develop-with-cloud-services,develop with cloud services,technical,skill/competence,sector-specific,key_7154,esco,"Write code that interacts with cloud services by using APIs, SDKs, and cloud CLI. Write code for serverless applications, translate functional requirements into application design, implement application design into application code."
develop-working-procedures,develop working procedures,domain,skill/competence,cross-sector,key_12020,esco,Create standardised series of actions of a certain order to support the organisation.
devops,DevOps,technical,knowledge,sector-specific,key_14292,esco,The DevOps development approach is a methodology to design software systems and applications focused on the collaboration and between software programmers and other ICT professionals and automation.
digital-compositing,digital compositing,technical,knowledge,cross-sector,key_4590,esco,"The process and software for digitally assembling multiple images to make one, final image."
digital-game-creation-systems,digital game creation systems,technical,knowledge,sector-specific,key_9508,esco,"The integrated development environments and specialised design tools, designed for the rapid iteration of user-derived computer games."
digital-game-genres,digital game genres,domain,knowledge,sector-specific,key_2024,esco,"The classification of video games based on their interaction with the game media, such as simulation games, strategy games, adventure games and arcade games."
digital-image-processing,digital image processing,technical,knowledge,cross-sector,key_9392,esco,"The different aspects and practices of image processing and manipulation like image interpolation, aliasing, image enhancement, contrast stretching, histogram processing and equalization, singular value decomposition, singular value equalization, wavelets filtering and many others."
digital-marketing-techniques,digital marketing techniques,domain,knowledge,sector-specific,key_4962,esco,"The marketing techniques used on the web to reach and engage with stakeholders, customers and clients."
digitise-documents,digitise documents,technical,skill/competence,cross-sector,key_4269,esco,"Load analog documents by converting them into a digital format, using specialised hardware and software."
direct-inward-dialing,direct inward dialing,domain,knowledge,sector-specific,key_8582,esco,"The telecommunication service that provides a company with a series of telephone numbers for internal use, such as individual telephone numbers for each employee or every workstation. Using Direct Inward Dialing (DID), a company does not need another line for every connection."
disability-types,disability types,domain,knowledge,cross-sector,key_7135,esco,"The nature and types of disabilities affecting the human beings such as physical, cognitive, mental, sensory, emotional or developmental and the specific needs and access requirements of disabled people."
disseminate-internal-communications,disseminate internal communications,soft,skill/competence,cross-sector,key_2949,esco,Disseminate internal communications using the different communication channels that a company has at its disposal.
distributed-computing,distributed computing,technical,knowledge,sector-specific,key_8797,esco,The software process in which computer components interact over a network and send messages to communicate on their actions.
distributed-directory-information-services,distributed directory information services,technical,knowledge,sector-specific,key_12637,esco,"The directory services that automate the network management of security, user data and distributed resources and enable access to information in a computer system's directory."
do-cloud-refactoring,do cloud refactoring,technical,skill/competence,sector-specific,key_4364,esco,"Optimize application to best use cloud services and features, migrate existing application code to run on cloud infrastructure."
document-management,document management,technical,knowledge,sector-specific,key_13914,esco,"The methodology of tracking, managing and storing documents in a systematic and organised manner as well as keeping a record of the versions created and modified by specific users (history tracking)."
document-project-progress,document project progress,technical,skill/competence,cross-sector,key_5465,esco,"Record the project planning and development, the work steps, the required resources and the final results in order to present and keep track of the realised and ongoing projects."
documentation-types,documentation types,technical,knowledge,sector-specific,key_4050,esco,The characteristics of internal and external documentation types aligned with the product life cycle and their specific content types.
domotic-systems,domotic systems,technical,knowledge,sector-specific,key_12975,esco,"Residential intelligent building installations for lighting, heating, security, etc that can be controlled remotely. Domotic systems aim at improving the quality of life inside houses and buildings, including enhancing the independence of people with disabilities and contributing to energy saving."
draft-design-specifications,draft design specifications,technical,skill/competence,cross-sector,key_10462,esco,List the design specifications such as materials and parts to be used and a cost estimate.
draft-project-documentation,draft project documentation,technical,skill/competence,cross-sector,key_14333,esco,"Prepare project documentation such as project charters, work plans, project handbooks, progress reports, deliverables and stakeholder matrices."
draft-scientific-or-academic-papers-and-technical-documentation,draft scientific or academic papers and technical documentation,technical,skill/competence,cross-sector,key_1289,esco,"Draft and edit scientific, academic or technical texts on different subjects."
draw-design-sketches,draw design sketches,technical,skill/competence,cross-sector,key_14929,esco,Create rough pictures to assist in creating and communicating design concepts.
drupal,Drupal,technical,knowledge,sector-specific,key_2868,esco,"The open-source web-based software system written in PHP, used for creating, editing, publishing and archiving blogs, articles, web pages or press releases, which requires a higher level of technical understanding of HTML, CSS and PHP."
e-commerce-systems,e-commerce systems,technical,knowledge,sector-specific,key_10899,esco,"Basic digital architecture and commercial transactions for trading products or services conducted via Internet, e-mail, mobile devices, social media, etc."
e-learning,e-learning,domain,knowledge,sector-specific,key_6486,esco,The strategies and didactical methods of learning in which the main elements include the use of ICT technologies.
e-learning-software-infrastructure,e-learning software infrastructure,technical,knowledge,sector-specific,key_8937,esco,The infrastructure properties and specifications required to set up the e-learning environment which provides learning experiences to the audience.
eclipse-integrated-development-environment-software,Eclipse (integrated development environment software),technical,knowledge,sector-specific,key_7157,esco,"The computer program Eclipse is a suite of software development tools for writing programs, such as compiler, debugger, code editor, code highlights, packaged in a unified user interface. It is developed by the Eclipse Foundation."
edit-digital-moving-images,edit digital moving images,technical,skill/competence,sector-specific,key_9862,esco,Use specialised software to edit video images for use in an artistic production.
edit-negatives,edit negatives,technical,skill/competence,sector-specific,key_2107,esco,Use different software products and techniques to process photographic negatives and adapt the images to the desired specifications.
edit-photographs,edit photographs,technical,skill/competence,sector-specific,key_13338,esco,"Resize, enhance and retouche photographs, using airbrushing, editing software and other techniques."
edit-recorded-sound,edit recorded sound,technical,skill/competence,sector-specific,key_11775,esco,"Edit audio footage using a variety of sofware, tools, and techniques such as crossfading, speed effects, and removing unwanted noises."
edmodo,Edmodo,technical,knowledge,sector-specific,key_2516,esco,"The education network Edmodo is an e-learning platform for creating, administrating, arranging, reporting and delivering e-learning training and connecting teachers, students and parents."
educate-on-data-confidentiality,educate on data confidentiality,technical,skill/competence,cross-sector,key_7128,esco,"Share information with and instruct users in the risks involved with data, especially risks to the confidentiality, integrity, or availability of data. Educate them on how to ensure data protection."
electronic-communication,electronic communication,technical,knowledge,cross-sector,key_13327,esco,"Data communication performed through digital means such as computers, telephone or e-mail."
electronics,electronics,technical,knowledge,cross-sector,key_9479,esco,"The functioning of electronic circuit boards, processors, chips, and computer hardware and software, including programming and applications. Apply this knowledge to ensure electronic equipment runs smoothly."
embedded-systems,embedded systems,technical,knowledge,sector-specific,key_3066,esco,"The computer systems and components with a specialised and autonomous function within a larger system or machine such as embedded systems software architectures, embedded peripherals, design principles and development tools."
emergent-technologies,emergent technologies,technical,knowledge,cross-sector,key_4904,esco,"The recent trends, developments and innovations in modern technologies such as biotechnology, artificial intelligence and robotics."
engineering-principles,engineering principles,technical,knowledge,cross-sector,key_3009,esco,"The engineering elements like functionality, replicability, and costs in relation to the design and how they are applied in the completion of engineering projects."
engineering-processes,engineering processes,technical,knowledge,sector-specific,key_7565,esco,The systematic approach to the development and maintenance of engineering systems.
engrade,Engrade,technical,knowledge,sector-specific,key_3071,esco,"The computer program Engrade is a e-learning platform for creating, administrating, arranging, reporting and delivering e-learning education courses or training programs."
enhance-website-visibility,enhance website visibility,technical,skill/competence,cross-sector,key_14207,esco,"Promote the website to users, business partners and search engines. Optimise the website exposure to search engines, send out emails, determine pricing and policies and conduct marketing actions."
ensure-adherence-to-organisational-ict-standards,ensure adherence to organisational ICT standards,technical,skill/competence,sector-specific,key_11256,esco,"Guarantee that the state of events is in accordance with the ICT rules and procedures described by an organisation for their products, services and solutions."
ensure-client-orientation,ensure client orientation,soft,skill/competence,cross-sector,key_11236,esco,Take actions which support business activities by considering client needs and satisfaction. This can be translated into developing a quality product appreciated by customers or dealing with community issues.
ensure-compliance-with-company-regulations,ensure compliance with company regulations,domain,skill/competence,cross-sector,key_5431,esco,"Guarantee that employees' activities follow company regulations, as implemented through client and corporate guidelines, directives, policies and programmes."
ensure-compliance-with-legal-requirements,ensure compliance with legal requirements,domain,skill/competence,cross-sector,key_2860,esco,"Guarantee compliance with established and applicable standards and legal requirements such as specifications, policies, standards or law for the goal that organisations aspire to achieve in their efforts."
ensure-continuous-preparedness-for-audits,ensure continuous preparedness for audits,domain,skill/competence,cross-sector,key_3368,esco,"Ensure constant compliance with standards and requirements, such as keeping certifications up to date and monitoring activities to ensure correct procedures are followed, so that audits can occur smoothly and no negative aspects can be identified."
ensure-cross-department-cooperation,ensure cross-department cooperation,soft,skill/competence,cross-sector,key_10949,esco,"Guarantee communication and cooperation with all the entities and teams in a given organisation, according to the company strategy."
ensure-information-privacy,ensure information privacy,technical,skill/competence,sector-specific,key_7500,esco,"Design and implement business processes and technical solutions to guarantee data and information confidentiality in compliance with legal requirements, also considering public expectations and political issues of privacy."
ensure-information-security,ensure information security,technical,skill/competence,cross-sector,key_6982,esco,"Ensure that the information gathered during surveillance or investigations remains in the hands of those authorised to receive and use it, and does not fall into enemy or otherwise non-authorised individuals' hands."
ensure-proper-document-management,ensure proper document management,domain,skill/competence,cross-sector,key_11781,esco,"Guarantee that the tracking and recording standards and rules for document management are followed, such as ensuring that changes are identified, that documents remain readable and that obsoleted documents are not used."
erlang,Erlang,technical,knowledge,sector-specific,key_1409,esco,"The techniques and principles of software development, such as analysis, algorithms, coding, testing and compiling of programming paradigms in Erlang."
establish-an-ict-customer-support-process,establish an ICT customer support process,technical,skill/competence,sector-specific,key_13476,esco,"Create a series of customer ICT service activities before, during and after a request. Ensure an adequate response or action, enhance the level of customer satisfaction and accumulate ICT product or service feedback."
establish-an-ict-security-prevention-plan,establish an ICT security prevention plan,technical,skill/competence,occupation-specific,key_2186,esco,"Define a set of measures and responsibilities to ensure the confidentiality, integrity and availability of information. Implement policies to prevent data breaches, detect and respond to unathorised access to systems and resources, including up-to-date security applications and employee education."
establish-data-processes,establish data processes,technical,skill/competence,sector-specific,key_3787,esco,"Use ICT tools to apply mathematical, algorithmic or other data manipulation processes in order to create information."
estimate-duration-of-work,estimate duration of work,soft,skill/competence,cross-sector,key_13484,esco,Produce accurate calculations on time necessary to fulfil future technical tasks based on past and present information and observations or plan the estimated duration of individual tasks in a given project.
estimate-impact-of-risks,estimate impact of risks,domain,skill/competence,sector-specific,key_6794,esco,"Estimate the potential losses associated with an identified risk by applying standard risk analysis practices to develop an estimate of probability and impact on the company. Take both financial and non-financial impacts into account. Use qualitative and quantitative risk analysis techniques to identify, rate and prioritise risks."
ethics,ethics,domain,knowledge,cross-sector,key_12485,esco,"The philosophical study that deals with solving questions of human morality; it defines and systemises concepts such as right, wrong, and crime."
evaluate-cost-of-software-products,evaluate cost of software products,technical,skill/competence,occupation-specific,key_10589,esco,"Apply methods and techniques to estimate and evaluate the cost of software products during their life-cycle phases, including development and acquisition costs, cost of maintenance, incorporated cost of quality-compliance and non-compliance associated costs."
evaluate-employees,evaluate employees,soft,skill/competence,cross-sector,key_8915,esco,Analyse employees' individual performances over a certain time span and communicate your conclusions to the employee in question or higher management.
evaluate-marketing-content,evaluate marketing content,domain,skill/competence,cross-sector,key_4636,esco,"Revise, assess, align, and approves marketing material and content defined in the marketing plan. Evaluate written word, images, print or video advertisements, public speeches, and statements in accordance with the marketing objectives."
evaluate-project-plans,evaluate project plans,technical,skill/competence,sector-specific,key_3791,esco,Evaluate proposals and project plans and assess feasibility issues.
evaluate-training,evaluate training,domain,skill/competence,cross-sector,key_7557,esco,"Assess the realisation of the training's learning outcomes and goals, the quality of teaching, and give transparent feedback to the trainers and trainees."
examine-engineering-principles,examine engineering principles,technical,skill/competence,cross-sector,key_8936,esco,"Analyse the principles that need to be considered for engineering designs and projects such as functionality, replicability, costs and other principles."
execute-analytical-mathematical-calculations,execute analytical mathematical calculations,technical,skill/competence,cross-sector,key_4011,esco,Apply mathematical methods and make use of calculation technologies in order to perform analyses and devise solutions to specific problems.
execute-conversion-testing,execute conversion testing,technical,skill/competence,occupation-specific,key_10521,esco,"Plan, execute and measure conversion tests and experiments to test the possibility to convert one data format into another."
execute-email-marketing,execute email marketing,domain,skill/competence,cross-sector,key_4271,esco,"Conceptualise and write targeted customer emails, manage customer emails for the brand email marketing programmes in order to ensure enhanced profit and improved customer communication and prospection."
execute-feasibility-study,execute feasibility study,domain,skill/competence,cross-sector,key_12936,esco,"Perform the evaluation and assessment of the potential of a project, plan, proposition or new idea. Realise a standardised study which is based on extensive investigation and research to support the process of decision making."
execute-ict-audits,execute ICT audits,technical,skill/competence,sector-specific,key_8180,esco,"Organise and execute audits in order to evaluate ICT systems, compliance of components of systems, information processing systems and information security. Identify and collect potential critical issues and recommend solutions based on required standards and solutions."
execute-ict-user-research-activities,execute ICT user research activities,technical,skill/competence,sector-specific,key_10249,esco,"Perform research tasks such as recruitment of participants, scheduling of tasks, collecting of empirical data, data analysis and production of materials in order to assess the interaction of users with an ICT system, program or application."
execute-integration-testing,execute integration testing,technical,skill/competence,sector-specific,key_13920,esco,"Perform testing of system or software components grouped in multiple ways to evaluate their ability to interconnect, their interface and their ability to provide global functionality."
execute-software-tests,execute software tests,technical,skill/competence,sector-specific,key_9228,esco,"Perform tests to ensure that a software product will perform flawlessly under the specified customer requirements and identify software defects (bugs) and malfunctions, using specialised software tools and testing techniques."
field-programmable-gate-arrays,field-programmable gate arrays,technical,knowledge,occupation-specific,key_14881,esco,"The integrated circuits that can be repurposed to desired application or functionality requirements after their manufacturing, which allow users to tailor microcontrollers to meet their own individual needs."
file-based-workflow,file-based workflow,technical,knowledge,sector-specific,key_10180,esco,"The recording of moving images without using tape, but by storing these digital videos on optical disks, hard drives, and other digital storage devices."
filemaker-database-management-systems,Filemaker (database management systems),technical,knowledge,sector-specific,key_11298,esco,"The computer program FileMaker is a tool for creating, updating and managing databases, developed by the software company FileMaker Inc."
finish-project-within-budget,finish project within budget,domain,skill/competence,cross-sector,key_8116,esco,Make sure to stay within budget. Adapt work and materials to budget.
firmware,firmware,technical,knowledge,cross-sector,key_5600,esco,"Firmware is a software program with a read-only memory (ROM) and a set of instructions that is permanently inscribed on a hardware device. Firmware is commonly used in electronic systems such as computers, mobile phones, and digital cameras."
follow-a-brief,follow a brief,soft,skill/competence,cross-sector,key_3318,esco,"Interpret and meet requirements and expectations, as discussed and agreed upon with the customers."
follow-up-online-user-requests,follow up online user requests,soft,skill/competence,cross-sector,key_14755,esco,Take feedback from online visitors and take actions that address their requests according to their specific needs.
follow-work-schedule,follow work schedule,soft,skill/competence,cross-sector,key_2609,esco,Manage the sequence of activities in order to deliver completed work on agreed deadlines by following a work schedule.
forecast-account-metrics,forecast account metrics,domain,skill/competence,cross-sector,key_6186,esco,Make predictions on the movement of account measurements and data which give insight into an organisation's financial state in order to aid analyses and evaluate potential risks.
forecast-future-ict-network-needs,forecast future ICT network needs,technical,skill/competence,sector-specific,key_9133,esco,Identify current data traffic and estimate how growth will affect the ICT network.
forecast-workload,forecast workload,soft,skill/competence,cross-sector,key_8670,esco,"Predict and define workload needed to be done in a certain amount of time, and the time it would take to perform these tasks."
formulate-game-rules,formulate game rules,technical,skill/competence,sector-specific,key_9542,esco,Compose a series of rules as to how to play a game.
frostbite-digital-game-creation-systems,Frostbite (digital game creation systems),technical,knowledge,sector-specific,key_11546,esco,"The game engine Frostbite which is a software framework that consists of integrated development environments and specialised design tools, designed for the rapid iteration of user-derived computer games."
funding-methods,funding methods,domain,knowledge,cross-sector,key_4219,esco,"The financial possibilities for funding projects such as the traditional ones, namely loans, venture capital, public or private grants up to alternative methods such as crowdfunding."
gamemaker-studio,Gamemaker Studio,technical,knowledge,sector-specific,key_12407,esco,"The cross-platform game engine which is written in Delphi programming language and consists of integrated development environments and specialised design tools, designed for the rapid iteration of user-derived computer games."
games-rules,games rules,domain,knowledge,sector-specific,key_8894,esco,Set of principles and rules that govern a game
gamesalad,GameSalad,technical,knowledge,sector-specific,key_8027,esco,The drag-and-drop software interface that consists of specialised design tools used for the rapid iteration of user-derived computer games by users with limited programming knowledge.
gather-data-for-forensic-purposes,gather data for forensic purposes,technical,skill/competence,sector-specific,key_1919,esco,"Collect protected, fragmented or corrupted data and other online communication. Document and present findings from this process."
gather-feedback-from-employees,gather feedback from employees,soft,skill/competence,cross-sector,key_6550,esco,"Communicate in an open and positive manner in order to assess levels of satisfaction with employees, their outlook on the work environment, and in order to identify problems and devise solutions."
gdpr,GDPR,domain,knowledge,sector-specific,key_12749,esco,The General Data Protection Regulation is the EU regulation on the protection of natural persons with regard to the processing of personal data and on the free movement of such data.
geographic-information-systems,geographic information systems,technical,knowledge,sector-specific,key_4313,esco,"The tools involved in geographical mapping and positioning, such as GPS (global positioning systems), GIS (geographical information systems), and RS (remote sensing)."
gimp-graphics-editor-software,GIMP (graphics editor software),technical,knowledge,sector-specific,key_5298,esco,The computer program GIMP is a graphical ICT tool which enables digital editing and composition of graphics to generate both 2D raster or 2D vector graphics. It is developed by The GIMP Development Team.
give-constructive-feedback,give constructive feedback,soft,skill/competence,cross-sector,key_11334,esco,"Provide founded feedback through both criticism and praise in a respectful, clear, and consistent manner. Highlight achievements as well as mistakes and set up methods of formative assessment to evaluate work."
give-live-presentation,give live presentation,soft,skill/competence,cross-sector,key_11971,esco,"Deliver a speech or talk in which a new product, service, idea, or piece of work is demonstrated and explained to an audience."
grammar,grammar,soft,knowledge,cross-sector,key_12788,esco,"The set of structural rules governing the composition of clauses, phrases, and words in any given natural language."
graphic-design,graphic design,technical,knowledge,cross-sector,key_8266,esco,The techniques to create a visual representation of ideas and messages.
graphics-editor-software,graphics editor software,technical,knowledge,sector-specific,key_10379,esco,"The field of graphical ICT tools which enable digital editing and composition of graphics, such as GIMP, Adobe Photoshop and Adobe Illustrator, to develop both 2D raster or 2D vector graphics."
green-computing,green computing,technical,knowledge,occupation-specific,key_2034,esco,"The use of ICT systems in an environmentally responsible and sustainable manner, such as the implementation of energy-efficient servers and central processing units (CPUs), reduction of resources and correct disposal of e-waste."
groovy,Groovy,technical,knowledge,sector-specific,key_5804,esco,"The techniques and principles of software development, such as analysis, algorithms, coding, testing and compiling of programming paradigms in Groovy."
grovo,Grovo,technical,knowledge,sector-specific,key_9336,esco,"The learning management system Grovo is an e-learning platform for creating, administrating, arranging, reporting and delivering e-learning education courses or training programs."
guarantee-customer-satisfaction,guarantee customer satisfaction,soft,skill/competence,sector-specific,key_1296,esco,"Handle customer expectations in a professional manner, anticipating and addressing their needs and desires. Provide flexible customer service to ensure customer satisfaction and loyalty."
guide-learners-in-using-assistive-technologies,guide learners in using assistive technologies,technical,skill/competence,sector-specific,key_11667,esco,"Instruct and guide learners on how to use assistive technologies appropriate to their specific learning challenge: such as word prediction, text-to-speech or speech recognition. Explain the features of the technology and its benefits for the learner."
hadoop,Hadoop,technical,knowledge,sector-specific,key_13603,esco,"The open-source data storing, analysis and processing framework which consists mainly in the MapReduce and Hadoop distributed file system (HDFS) components and it is used to provide support for managing and analysing large datasets."
handle-data-samples,handle data samples,technical,skill/competence,cross-sector,key_5289,esco,Collect and select a set of data from a population by a statistical or other defined procedure.
handle-helpdesk-problems,handle helpdesk problems,technical,skill/competence,cross-sector,key_2205,esco,"Investigate what causes problems, test and improve solutions in order to reduce number of calls to the helpdesk."
hardware-architectures,hardware architectures,technical,knowledge,sector-specific,key_13398,esco,The designs laying out the physical hardware components and their interconnections.
hardware-components,hardware components,technical,knowledge,cross-sector,key_5348,esco,"The essential components that make up a hardware system, such as liquid-crystal displays (LCD), camera sensors, microprocessors, memories, modems, batteries and their interconnections."
hardware-platforms,hardware platforms,technical,knowledge,sector-specific,key_2192,esco,The characteristics of the hardware configuration required to process the applications software product.
hardware-testing-methods,hardware testing methods,technical,knowledge,cross-sector,key_5832,esco,"Those processes in which hardware components or systems are tested, such as the system test (ST), the ongoing reliability test (ORT), and the in-circuit test (ICT)."
haskell,Haskell,technical,knowledge,sector-specific,key_1267,esco,"The techniques and principles of software development, such as analysis, algorithms, coding, testing and compiling of programming paradigms in Haskell."
have-computer-literacy,have computer literacy,technical,skill/competence,cross-sector,key_12602,esco,"Utilise computers, IT equipment and modern day technology in an efficient way."
havok-vision,Havok Vision,technical,knowledge,sector-specific,key_10400,esco,"The game engine that consists of integrated development environments and specialised design tools, designed for the rapid iteration of user-derived computer games."
heroengine,HeroEngine,technical,knowledge,sector-specific,key_9995,esco,"The cloud-based real-time collaborative platform that consists of integrated development environments and specialised design tools, designed for the rapid iteration of user-derived computer games."
hire-new-personnel,hire new personnel,domain,skill/competence,cross-sector,key_9318,esco,Hire new personnel for a company or organisation payroll via a prepared set of procedures. Make staffing decisions and direct selection co-workers.
human-computer-interaction,human-computer interaction,technical,knowledge,sector-specific,key_9225,esco,The study of the behaviour and interaction between digital devices and human beings.
human-robot-collaboration,human-robot collaboration,technical,knowledge,sector-specific,key_2084,esco,"Human-Robot Collaboration is the study of collaborative processes in which human and robot agents work together to achieve shared goals. Human-Robot Collaboration (HRC) is an interdisciplinary research area comprising classical robotics, human-computer interaction, artificial intelligence, design, cognitive sciences and psychology. It is related to the definition of the plans and the rules for com"
hybrid-model,hybrid model,technical,knowledge,sector-specific,key_6946,esco,"The hybrid model consists of principles and fundamentals of service-oriented modelling for business and software systems that allow the design and specification of service-oriented business systems within a variety of architectural styles, such as enterprise architecture."
ibm-informix,IBM Informix,technical,knowledge,sector-specific,key_8510,esco,"The computer program IBM Informix is a tool for creating, updating and managing databases, developed by the software company IBM."
ibm-infosphere-datastage,IBM InfoSphere DataStage,technical,knowledge,sector-specific,key_2388,esco,"The computer program IBM InfoSphere DataStage is a tool for integration of information from multiple applications, created and maintained by organisations, into one consistent and transparent data structure, developed by the software company IBM."
ibm-infosphere-information-server,IBM InfoSphere Information Server,technical,knowledge,sector-specific,key_8375,esco,"The software program IBM InfoSphere Information Server is a platform for integration of information from multiple applications, created and maintained by organisations, into one consistent and transparent data structure, developed by the software company IBM."
ibm-websphere,IBM WebSphere,technical,knowledge,sector-specific,key_10259,esco,The application server IBM WebSphere provides flexible and secure Java EE runtime environments to support application infrastructure and deployments.
ict-accessibility-standards,ICT accessibility standards,technical,knowledge,sector-specific,key_4665,esco,"The recommendations for making ICT content and applications more accessible to a wider range of people, mostly with disabilities, such as blindness and low vision, deafness and hearing loss and cognitive limitations. It includes standards such as Web Content Accessibility Guidelines (WCAG)."
ict-architectural-frameworks,ICT architectural frameworks,technical,knowledge,sector-specific,key_11911,esco,The set of requirements that describe an information system's architecture.
ict-capacity-planning-strategies,ICT capacity planning strategies,technical,knowledge,sector-specific,key_6584,esco,"The methods, techniques and ICT tools used for planning the maximum amount of work that an organisation is capable of completing in a given period, based on the number of machines, workers and shifts and taking into account constraints such as quality problems, delays and material handling."
ict-communications-protocols,ICT communications protocols,technical,knowledge,sector-specific,key_7329,esco,The system of rules which allow the exchange of information between computers or other devices via computer networks.
ict-debugging-tools,ICT debugging tools,technical,knowledge,sector-specific,key_6532,esco,"The ICT tools used to test and debug programs and software code, such as GNU Debugger (GDB), Intel Debugger (IDB), Microsoft Visual Studio Debugger, Valgrind and WinDbg."
ict-encryption,ICT encryption,technical,knowledge,sector-specific,key_12708,esco,"The conversion of electronic data into a format which is readable only by authorized parties which use key encryption techniques, such as Public Key Infrastructure (PKI) and Secure Socket Layer (SSL)."
ict-environmental-policies,ICT environmental policies,domain,knowledge,occupation-specific,key_14131,esco,"The international and organisational policies which deal with the assessment of the environmental impact of innovations and developments in the field of ICT, as well as with methods for reducing negative impact and applying ICT innovations to aid the environment."
ict-hardware-specifications,ICT hardware specifications,technical,knowledge,cross-sector,key_4171,esco,"The characteristics, uses and operations of various hardware products such as printers, screens, and laptops."
ict-help-platforms,ICT help platforms,technical,knowledge,sector-specific,key_7828,esco,The platforms for delivering help systems for operating systems.
ict-infrastructure,ICT infrastructure,technical,knowledge,sector-specific,key_12569,esco,"The system, network, hardware and software applications and components, as well as devices and processes that are used in order to develop, test, deliver, monitor, control or support ICT services."
ict-market,ICT market,domain,knowledge,sector-specific,key_13658,esco,"The processes, stakeholders and the dynamics of the chain of goods and services in the ICT market sector."
ict-network-cable-limitations,ICT network cable limitations,technical,knowledge,sector-specific,key_12915,esco,"The limitations, such as distance limitations and resistance of types of cables, such as fibre cable, coax cable and ethernet cable which are used for realising networks."
ict-network-routing,ICT network routing,technical,knowledge,sector-specific,key_1993,esco,The processes and techniques for choosing the best paths within an ICT network through which a packet can travel.
ict-network-security-risks,ICT network security risks,technical,knowledge,sector-specific,key_3797,esco,"The security risk factors, such as hardware and software components, devices, interfaces and policies in ICT networks, risk assessment techniques that can be applied to assess the severity and the consequences of security threats and contingency plans for each security risk factor."
ict-network-simulation,ICT network simulation,technical,knowledge,sector-specific,key_14607,esco,The methods and tools which enable modelling of the ICT network behaviour by calculating the data exchange among entities or capturing and reproducing characteristics from a functioning network.
ict-networking-hardware,ICT networking hardware,technical,knowledge,cross-sector,key_14808,esco,"The ICT network equipment or computer networking devices, such as UPS systems, electrical systems, networking facilities and structured cabling systems."
ict-performance-analysis-methods,ICT performance analysis methods,technical,knowledge,sector-specific,key_14088,esco,"The methods used to analyse software, ICT system and network performance which provide guidance to root causes of issues within information systems. The methods can analyse resource bottlenecks, application times, wait latencies and benchmarking results."
ict-power-consumption,ICT power consumption,technical,knowledge,sector-specific,key_14733,esco,The energy consumption and types of models of software as well as hardware elements.
ict-problem-management-techniques,ICT problem management techniques,technical,knowledge,sector-specific,key_10206,esco,The techniques related to identifying the solutions of the root cause of ICT incidents.
ict-process-quality-models,ICT process quality models,domain,knowledge,sector-specific,key_14865,esco,"The quality models for ICT services which address the maturity of the processes, the adoption of recommended practices and their definition and institutionalisation that allow the organisation to reliably and sustainably produce required outcomes. It includes models in a lot of ICT areas."
ict-project-management,ICT project management,technical,knowledge,sector-specific,key_9431,esco,"The methodologies for the planning, implementation, review and follow-up of ICT projects, such as the development, integration, modification and sales of ICT products and services, as well as projects relating technological innovation in the field of ICT."
ict-project-management-methodologies,ICT project management methodologies,technical,knowledge,sector-specific,key_11583,esco,"The methodologies or models for planning, managing and overseeing of ICT resources in order to meet specific goals, such methodologies are Waterfall, Incremental, V-Model, Scrum or Agile and using project management ICT tools."
ict-quality-policy,ICT quality policy,domain,knowledge,sector-specific,key_4527,esco,"The quality policy of the organisation and its objectives, the acceptable level of quality and the techniques to measure it, its legal aspects and the duties of specific departments to ensure quality."
ict-recovery-techniques,ICT recovery techniques,technical,knowledge,sector-specific,key_12210,esco,"The techniques for recovering hardware or software components and data, after failure, corruption or damage."
ict-sales-methodologies,ICT sales methodologies,domain,knowledge,sector-specific,key_6676,esco,"The practices used in the ICT sector to promote and sell products, services or applications such as SPIN Selling, Conceptual Selling and SNAP Selling."
ict-security-legislation,ICT security legislation,domain,knowledge,sector-specific,key_7861,esco,"The set of legislative rules that safeguards information technology, ICT networks and computer systems and legal consequences which result from their misuse. Regulated measures include firewalls, intrusion detection, anti-virus software and encryption."
ict-security-standards,ICT security standards,domain,knowledge,sector-specific,key_4764,esco,The standards regarding ICT security such as ISO and the techniques required to ensure compliance of the organisation with them.
ict-software-specifications,ICT software specifications,technical,knowledge,sector-specific,key_9863,esco,"The characteristics, use and operations of various software products such as computer programmes and application software."
ict-system-integration,ICT system integration,technical,knowledge,sector-specific,key_7401,esco,"The principles of integrating ICT components and products from a number of sources to create an operational ICT system, techniques which ensure interoperability and interfaces between components and the system."
ict-system-programming,ICT system programming,technical,knowledge,sector-specific,key_10890,esco,"The methods and tools required to develop system software, specifications of system architectures and interfacing techniques between network and system modules and components."
ict-system-user-requirements,ICT system user requirements,technical,knowledge,sector-specific,key_12244,esco,"The process intended to match user and organisation's needs with system components and services, by taking into consideration the available technologies and the techniques required to elicit and specify requirements, interrogating users to establish symptoms of problem and analysing symptoms."
id-tech,id Tech,technical,knowledge,sector-specific,key_9835,esco,"The game engine id Tech which is a software framework that consists of integrated development environments and specialised design tools, designed for the rapid iteration of user-derived computer games."
identify-customer-requirements,identify customer requirements,technical,skill/competence,cross-sector,key_2012,esco,"Apply techniques and tools, such as surveys, questionnaires, ICT applications, for eliciting, defining, analysing, documenting and maintaining user requirements from system, service or product."
identify-customer-s-needs,identify customer's needs,soft,skill/competence,sector-specific,key_6994,esco,"Use appropriate questions and active listening in order to identify customer expectations, desires and requirements according to product and services."
identify-ict-security-risks,identify ICT security risks,technical,skill/competence,sector-specific,key_15049,esco,"Apply methods and techniques to identify potential security threats, security breaches and risk factors using ICT tools for surveying ICT systems, analysing risks, vulnerabilities and threats and evaluating contingency plans."
identify-ict-system-weaknesses,identify ICT system weaknesses,technical,skill/competence,sector-specific,key_13114,esco,"Analyse the system and network architecture, hardware and software components and data in order to identify weaknesses and vulnerability to intrusions or attacks. Execute diagnostic operations on cyber infrastructure including research, identification, interpretation and categorization of vulnerabilities, associated attacks and malicious code (e.g. malware forensics and malicious network activity)"
identify-ict-user-needs,identify ICT user needs,technical,skill/competence,sector-specific,key_13283,esco,"Determine the needs and requirements of ICT users of a specific system by applying analytical methods, such as target group analysis."
identify-legal-requirements,identify legal requirements,domain,skill/competence,cross-sector,key_11335,esco,"Conduct research for applicable legal and normative procedures and standards, analyse and derive legal requirements that apply to the organisation, its policies and products."
identify-market-requirements-for-ict-documentation,identify market requirements for ICT documentation,technical,skill/competence,occupation-specific,key_5743,esco,"Conduct research and analyse the specific documentation requirements of the markets (for instance language, applicable standards or legal requirements and cultural conditions) and derive concrete specifications for ICT documentation development."
identify-new-business-opportunities,identify new business opportunities,domain,skill/competence,cross-sector,key_12645,esco,Pursue potential customers or products in order to generate additional sales and ensure growth.
identify-potential-markets-for-companies,identify potential markets for companies,domain,skill/competence,cross-sector,key_13659,esco,Observe and analyse market research findings in order to determine promising and profitable markets. Consider the firm's specific advantage and match it with markets where such value proposition is missing.
identify-software-for-warehouse-management,identify software for warehouse management,technical,skill/competence,cross-sector,key_7810,esco,"Identify relevant software and applications used for warehouse management systems, their characteristics and value added to warehouse management operations."
identify-technological-needs,identify technological needs,technical,skill/competence,cross-sector,key_4914,esco,Assess needs and identify digital tools and possible technological responses to address them. Adjust and customise digital environments to personal needs (e.g. accessibility).
identify-training-needs,identify training needs,domain,skill/competence,cross-sector,key_5497,esco,"Analyse the training problems and identify the training requirements of an organisation or individuals, so as to provide them with instruction tailored to their prior mastery, profile, means and problem."
image-formation,image formation,technical,knowledge,cross-sector,key_7597,esco,"The principles and factors determining the formation of an image such as geometry, radiometry, photometry, sampling and analog to digital conversion."
impart-business-plans-to-collaborators,impart business plans to collaborators,soft,skill/competence,cross-sector,key_10518,esco,"Diffuse, present, and communicate business plans and strategies to managers, employees making sure that objectives, actions, and important messages are properly conveyed."
implement-a-firewall,implement a firewall,technical,skill/competence,sector-specific,key_13677,esco,"Download, install and update a network security system designed to prevent unauthorized access to a private network."
implement-a-virtual-private-network,implement a virtual private network,technical,skill/competence,sector-specific,key_10686,esco,"Create an encrypted connection between private networks, such as different local networks of a company, over the internet to ensure that only authorized users can access it and that the data cannot be intercepted."
implement-anti-virus-software,implement anti-virus software,technical,skill/competence,sector-specific,key_11394,esco,"Download, install and update software to prevent, detect and remove malicious software, such as computer viruses."
implement-cloud-security-and-compliance,implement cloud security and compliance,technical,,sector-specific,key_11731,esco,Implement and manage security policies and access controls on cloud. Differentiate between the roles and responsibilities within the shared responsibility model.
implement-corporate-governance,implement corporate governance,domain,skill/competence,sector-specific,key_14416,esco,"Apply a set of principles and mechanisms by which an organisation is managed and directed, set procedures of information, control flow and decision making, distribute rights and responsibilities among departments and individuals, set corporate objectives and monitor and evaluate actions and results."
implement-customer-follow-up,implement customer follow-up,domain,skill/competence,sector-specific,key_5637,esco,Implement strategies that ensures post-sale follow up of customer satisfaction or loyalty regarding one's product or service.
implement-data-quality-processes,implement data quality processes,technical,skill/competence,cross-sector,key_7490,esco,"Apply quality analysis, validation and verification techniques on data to check data quality integrity."
implement-data-warehousing-techniques,implement data warehousing techniques,technical,skill/competence,sector-specific,key_15002,esco,"Apply models and tools such as online analytical processing (OLAP) and Online transaction processing (OLTP), to integrate structured or unstructured data from sources, in order to create a central depository of historical and current data."
implement-front-end-website-design,implement front-end website design,technical,skill/competence,sector-specific,key_11931,esco,Develop website layout and enhance user experience based on provided design concepts.
implement-ict-coding-conventions,implement ICT coding conventions,technical,skill/competence,occupation-specific,key_5359,esco,"Apply guidelines for ICT programming techniques, such as conventions, code design patterns and practices to achieve higher security, reliability, better readability and maintenance of the product."
implement-ict-network-diagnostic-tools,implement ICT network diagnostic tools,technical,skill/competence,sector-specific,key_11634,esco,"Use software tools or components that monitor ICT network parameters, such as performance and throughput, provide data and statistics, diagnose errors, failures or bottlenecks and support decision making."
implement-ict-recovery-system,implement ICT recovery system,technical,skill/competence,sector-specific,key_14925,esco,"Create, manage and implement ICT system recovery plan in case of crisis in order to retrieve information and reacquire use of the system."
implement-ict-risk-management,implement ICT risk management,technical,skill/competence,sector-specific,key_7074,esco,"Develop and implement procedures for identifying, assessing, treating and mitigating ICT risks, such as hacks or data leaks, according to the company's risk strategy, procedures and policies. Analyse and manage security risks and incidents. Recommend measures to improve digital security strategy."
implement-ict-safety-policies,implement ICT safety policies,technical,skill/competence,sector-specific,key_2374,esco,"Apply guidelines related to securing access and use of computers, networks, applications and the computer data being managed."
implement-marketing-strategies,implement marketing strategies,domain,skill/competence,cross-sector,key_2309,esco,"Implement strategies which aim to promote a specific product or service, using the developed marketing strategies."
implement-sales-strategies,implement sales strategies,domain,skill/competence,sector-specific,key_11325,esco,Carry out the plan to gain competitive advantage on the market by positioning the company's brand or product and by targeting the right audience to sell this brand or product to.
implement-spam-protection,implement spam protection,technical,skill/competence,sector-specific,key_11811,esco,Install and configure software that supports email-users to filter messages that contain malware or that are unsolicited.
implement-strategic-planning,implement strategic planning,domain,skill/competence,cross-sector,key_14691,esco,Take action on the goals and procedures defined at a strategic level in order to mobilise resources and pursue the established strategies.
improve-business-processes,improve business processes,domain,skill/competence,cross-sector,key_7733,esco,Optimise the series of operations of an organisation to achieve efficiency. Analyse and adapt existing business operations in order to set new objectives and meet new goals.
incremental-development,Incremental development,technical,knowledge,sector-specific,key_1290,esco,The incremental development model is a methodology to design software systems and applications.
industrial-software,industrial software,technical,knowledge,cross-sector,key_4864,esco,"The selection of software that aids in estimating, managing and scheduling industrial processes such as design, work flow and production improvement."
informatica-powercenter,Informatica PowerCenter,technical,knowledge,sector-specific,key_2064,esco,"The computer program Informatica PowerCenter is a tool for integration of information from multiple applications, created and maintained by organisations, into one consistent and transparent data structure, developed by the software company Informatica."
information-architecture,information architecture,technical,knowledge,sector-specific,key_2750,esco,"The methods through which information is generated, structured, stored, maintained, linked, exchanged and used."
information-categorisation,information categorisation,technical,knowledge,sector-specific,key_9362,esco,The process of classifying the information into categories and showing relationships between the data for some clearly defined purposes.
information-confidentiality,information confidentiality,technical,knowledge,sector-specific,key_10287,esco,"The mechanisms and regulations which allow for selective access control and guarantee that only authorised parties (people, processes, systems and devices) have access to data, the way to comply with confidential information and the risks of non-compliance."
information-extraction,information extraction,technical,knowledge,sector-specific,key_7047,esco,The techniques and methods used for eliciting and extracting information from unstructured or semi-structured digital documents and sources.
information-governance-compliance,information governance compliance,domain,knowledge,occupation-specific,key_9704,esco,"The policies regarding processes and procedures for use of information, the balance between information availability and information security and IPR (Intellectual Property Rights) and personal data protection."
information-security-strategy,information security strategy,technical,knowledge,sector-specific,key_2222,esco,"The plan defined by a company which sets the information security objectives and measures to mitigate risks, define control objectives, establish metrics and benchmarks while complying with legal, internal and contractual requirements."
information-structure,information structure,technical,knowledge,sector-specific,key_1438,esco,"The type of infrastructure which defines the format of data: semi-structured, unstructured and structured."
innovate-in-ict,innovate in ICT,technical,skill/competence,sector-specific,key_8462,esco,"Create and describe new original research and innovation ideas within the field of information and communication technologies, compare to the emerging technologies and trends and plan the development of new ideas."
innovation-processes,innovation processes,domain,knowledge,sector-specific,key_3898,esco,"The techniques, models, methods and strategies which contribute to the promotion of steps towards innovation."
insourcing-strategy,insourcing strategy,domain,knowledge,sector-specific,key_14242,esco,"The high level planning for managing and optimising business processes internally, usually in order to maintain control of critical aspects of work."
inspect-data,inspect data,technical,skill/competence,cross-sector,key_10289,esco,"Analyse, transform and model data in order to discover useful information and to support decision-making."
install-operating-system,install operating system,technical,skill/competence,cross-sector,key_11836,esco,"Install the operating system (OS) or software that manages the software resources and computer hardware on a computer system. The operating system is an essential component of any computer system and mediates between the hardware, the application programs, and the end user. Famous examples of computer operating systems include Microsoft Windows, Linux, and Mac OS."
install-software,install software,technical,skill/competence,cross-sector,key_12164,esco,"Install machine-readable instructions, such as computer programs, in order to direct the computer's processor to perform a certain set of actions."
instructional-design-models,instructional design models,domain,knowledge,sector-specific,key_13544,esco,The guidelines or strategies for designing and developing instructions to ensure learners achieve the intended learning outcomes.
integrate-content-into-output-media,integrate content into output media,technical,skill/competence,sector-specific,key_11706,esco,"Compile and integrate media and text content into online and offline systems, such as websites, platforms, applications and social media, for publishing and distribution."
integrate-ict-data,integrate ICT data,technical,skill/competence,sector-specific,key_5121,esco,Combine data from sources to provide unified view of the set of these data.
integrate-marketing-strategies-with-the-global-strategy,integrate marketing strategies with the global strategy,domain,skill/competence,cross-sector,key_10546,esco,"Integrate the marketing strategy and its elements such as the market definition, competitors, price strategy, and communication with the general guidelines of the global strategy of the company."
integrate-strategic-foundation-in-daily-performance,integrate strategic foundation in daily performance,soft,skill/competence,cross-sector,key_1695,esco,"Reflect on the strategic foundation of companies, meaning their mission, vision, and values in order to integrate this foundation in the performance of the job position."
integrate-system-components,integrate system components,technical,skill/competence,sector-specific,key_14106,esco,Select and use integration techniques and tools to plan and implement integration of hardware and software modules and components in a system.
integrated-circuits,integrated circuits,technical,knowledge,cross-sector,key_3671,esco,"Electronic components, made up from a set of electronic circuits which are placed on semiconductor material, such as silicon. Integrated circuits (IC) can hold billions of electronic components on a microscale and are one of basic components of electronic devices."
integrated-development-environment-software,integrated development environment software,technical,knowledge,sector-specific,key_9285,esco,"The suite of software development tools for writing programs, such as compiler, debugger, code editor, code highlights, packaged in a unified user interface, such as Visual Studio or Eclipse."
intellectual-property-law,intellectual property law,domain,knowledge,cross-sector,key_3614,esco,The regulations that govern the set of rights protecting products of the intellect from unlawful infringement.
interact-professionally-in-research-and-professional-environments,interact professionally in research and professional environments,soft,skill/competence,cross-sector,key_3014,esco,"Show consideration to others as well as collegiality. Listen, give and receive feedback and respond perceptively to others, also involving staff supervision and leadership in a professional setting."
interact-with-users-to-gather-requirements,interact with users to gather requirements,technical,skill/competence,sector-specific,key_10445,esco,Communicate with users to identify their requirements and collect them. Define all relevant user requirements and document them in an understandable and logical way for further analysis and specification.
interfacing-techniques,interfacing techniques,technical,knowledge,sector-specific,key_3187,esco,The techniques that relate to interfaces between models and components.
internal-auditing,internal auditing,domain,knowledge,cross-sector,key_8718,esco,"The practice of observing, testing, and evaluating in a systematic manner the processes of the organisation in order to improve effectivity, reduce risks, and add value to the organisation by installing a preventive culture."
internal-risk-management-policy,internal risk management policy,domain,knowledge,sector-specific,key_1994,esco,"The internal risk management policies that identify, assess and prioritise risks in an IT environment. The methods used to minimise, monitor and control the possibility and the impact of disastrous events that affect the reaching of business goals."
internet-governance,internet governance,domain,knowledge,sector-specific,key_5653,esco,"The principles, regulations, norms and programs that shape the evolution and use of internet, such as internet domain names management, registries and registrars, according to ICANN/IANA regulations and recommendations, IP addresses and names, name servers, DNS, TLDs and aspects of IDNs and DNSSEC."
internet-of-things,Internet of Things,technical,knowledge,sector-specific,key_14264,esco,"The general principles, categories, requirements, limitations and vulnerabilities of smart connected devices (most of them with intended internet connectivity)."
interpret-artistic-intentions,interpret artistic intentions,soft,skill/competence,sector-specific,key_11619,esco,Interpret the artistic intentions of the author.
interpret-current-data,interpret current data,technical,skill/competence,cross-sector,key_2900,esco,"Analyse data gathered from sources such as market data, scientific papers, customer requirements and questionnaires which are current and up-to-date in order to assess development and innovation in areas of expertise."
interpret-electronic-design-specifications,interpret electronic design specifications,technical,skill/competence,sector-specific,key_13764,esco,Analyse and understand detailed electronic design specifications.
interpret-illustration-needs,interpret illustration needs,soft,skill/competence,sector-specific,key_5126,esco,"Communicate with clients, editors and authors in order to interpret and fully understand their professional needs."
interpret-technical-requirements,interpret technical requirements,technical,skill/competence,sector-specific,key_11556,esco,"Analyse, understand and apply the information provided regarding technical conditions."
interpret-technical-texts,interpret technical texts,technical,skill/competence,sector-specific,key_8584,esco,"Read and understand technical texts that provide information on how to perform a task, usually explained in steps."
introduce-new-employees,introduce new employees,soft,skill/competence,cross-sector,key_9901,esco,"Give new employees a tour in the company, introduce them to the colleagues, explain them the corporate culture, routines and working methods and get them settled in their working place."
investment-analysis,investment analysis,domain,knowledge,sector-specific,key_11602,esco,The methods and tools for analysis of an investment compared to its potential return. Identification and calculation of profitability ratio and financial indicators in relation to associated risks to guide decision on investment.
ios,iOS,technical,knowledge,sector-specific,key_12445,esco,"The system software iOS consists of features, restrictions, architectures and other characteristics of operating systems designed to run on mobile devices."
iterative-development,Iterative development,technical,knowledge,sector-specific,key_4124,esco,The iterative development model is a methodology to design software systems and applications.
java-computer-programming,Java (computer programming),technical,knowledge,sector-specific,key_2630,esco,"The techniques and principles of software development, such as analysis, algorithms, coding, testing and compiling of programming paradigms in Java."
javascript,JavaScript,technical,knowledge,sector-specific,key_4598,esco,"The techniques and principles of software development, such as analysis, algorithms, coding, testing and compiling of programming paradigms in JavaScript."
javascript-framework,JavaScript Framework,technical,knowledge,sector-specific,key_9791,esco,"The JavaScript software development environments which provide specific features and components ( such as HTML generation tools, Canvas support or Visual design) that support and guide JavaScript web applications development."
jboss,Jboss,technical,knowledge,sector-specific,key_10911,esco,The open-source application server JBoss is a Linux based platform which supports Java applications and large websites.
jenkins-tools-for-software-configuration-management,Jenkins (tools for software configuration management),technical,knowledge,sector-specific,key_14518,esco,"The tool Jenkins is a software program to perform configuration identification, control, status accounting and audit of software during its development and maintenance."
john-the-ripper-penetration-testing-tool,John The Ripper (penetration testing tool),technical,knowledge,sector-specific,key_8052,esco,The tool John the Ripper is a password recovery tool which tests security weaknesses of the systems for potentially unauthorised access to system information. The key features of this tool are the strength-checking code and password hash code.
jsss,JSSS,technical,knowledge,sector-specific,key_8682,esco,"The computer language JSSS is a style sheet language that conveys the presentation of structured documents. These documents have to adhere to style sheets, a set of stylistic rules such as font, color and layout."
kali-linux,Kali Linux,technical,knowledge,sector-specific,key_6670,esco,"The Kali Linux tool is a penetration testing tool which tests security weaknesses of the systems for potentially unauthorised access to system information by information gathering, vulnerability analysis and wireless and passwords attacks."
kdevelop,KDevelop,technical,knowledge,sector-specific,key_1313,esco,"The computer program KDevelop is a suite of software development tools for writing programs, such as compiler, debugger, code editor, code highlights, packaged in a unified user interface. It is developed by the software community KDE."
keep-records-of-customer-interaction,keep records of customer interaction,soft,skill/competence,cross-sector,key_8905,esco,"Recording details of inquiries, comments and complaints received from customers, as well as actions to be taken."
keep-records-of-work-progress,keep records of work progress,soft,skill/competence,cross-sector,key_12394,esco,"Maintain records of the progress of the work including time, defects, malfunctions, etc."
keep-task-records,keep task records,soft,skill/competence,cross-sector,key_4958,esco,Organise and classify records of prepared reports and correspondence related to the performed work and progress records of tasks.
keep-up-to-date-on-product-knowledge,keep up to date on product knowledge,soft,skill/competence,sector-specific,key_1344,esco,"Gather the latest information on developments related to the existing or supported products, methods or techniques."
keep-up-with-digital-transformation-of-industrial-processes,keep up with digital transformation of industrial processes,domain,skill/competence,sector-specific,key_1455,esco,Keep up to date with digital innovations applicable to industrial processes. Integrate these transformations in the company's processes aiming for competitive and profitable business models.
keep-up-with-the-latest-information-systems-solutions,keep up with the latest information systems solutions,technical,skill/competence,sector-specific,key_3025,esco,"Gather the latest information on existing information systems solutions which integrate software and hardware, as well as network components."
keep-up-with-trends,keep up with trends,soft,skill/competence,cross-sector,key_14235,esco,Monitor and follow new trends and developments in specific sectors.
keep-up-to-date-with-training-subjects,keep up-to-date with training subjects,soft,skill/competence,sector-specific,key_5276,esco,Gather the latest information on the subjects of the training process in order to be updated with the required know-how.
keywords-in-digital-content,keywords in digital content,technical,knowledge,sector-specific,key_1591,esco,The digital tools to conduct keyword research. The information retrieval systems identify the content of a document guided by keywords and metadata.
labour-legislation,labour legislation,domain,knowledge,cross-sector,key_1724,esco,"Legislation, on a national or international level, that governs labour conditions in various fields between labour parties such as the government, employees, employers, and trade unions."
lams,LAMS,technical,knowledge,sector-specific,key_5901,esco,"The computer program LAMS is a e-learning platform for creating, administrating, arranging, reporting and delivering e-learning education courses or training programs. It is developed by the LAMS Foundation."
ldap,LDAP,technical,knowledge,sector-specific,key_10293,esco,The computer language LDAP is a query language for retrieval of information from a database and of documents containing the needed information.
lead-a-team,lead a team,soft,skill/competence,cross-sector,key_2927,esco,"Lead, supervise and motivate a group of people, in order to meet the expected results within a given timeline and with the foreseen resources in mind."
lead-disaster-recovery-exercises,lead disaster recovery exercises,technical,skill/competence,sector-specific,key_13270,esco,"Head exercises which educate people on what to do in case of an unforeseen disastrous event in the functioning or security of ICT systems, such as on recovery of data, protection of identity and information and which steps to take in order to prevent further problems."
lead-technology-development-of-an-organisation,lead technology development of an organisation,domain,skill/competence,sector-specific,key_11302,esco,Develop activities surrounding innovation and research in the field of technology within an organisation based on its strategic direction and growth goals. Provide guidance to colleagues how to best implement them.
leadership-principles,leadership principles,soft,knowledge,cross-sector,key_12807,esco,"Set of traits and values which guide the actions of a leader with her/his employees and the company and provide direction throughout her/his career. These principles are also an important tool for self-evaluation to identify strengths and weaknesses, and seek self-improvement."
lean-project-management,Lean project management,technical,knowledge,sector-specific,key_13099,esco,"The lean project management approach is a methodology for planning, managing and overseeing of ICT resources in order to meet specific goals and using project management ICT tools."
learning-management-systems,learning management systems,technical,knowledge,cross-sector,key_7223,esco,"The e-learning platform for creating, administrating, arranging, reporting and delivering e-learning education courses or training programs."
learning-technologies,learning technologies,technical,knowledge,sector-specific,key_8269,esco,"The technologies and channels, including digital, to enhance learning."
legal-requirements-of-ict-products,legal requirements of ICT products,domain,knowledge,cross-sector,key_10436,esco,The international regulations related to the development and use of ICT products.
less,LESS,technical,knowledge,sector-specific,key_3379,esco,"The computer language LESS is a style sheet language that conveys the presentation of structured documents. These documents have to adhere to style sheets, a set of stylistic rules such as font, color and layout."
levels-of-software-testing,levels of software testing,technical,knowledge,sector-specific,key_8592,esco,"The levels of testing in the software development process, such as unit testing, integration testing, system testing and acceptance testing."
liaise-with-engineers,liaise with engineers,soft,skill/competence,cross-sector,key_11994,esco,"Collaborate with engineers to ensure common understanding and discuss product design, development and improvement."
linq,LINQ,technical,knowledge,sector-specific,key_12105,esco,The computer language LINQ is a query language for retrieval of information from a database and of documents containing the needed information. It is developed by the software company Microsoft.
lisp,Lisp,technical,knowledge,sector-specific,key_2006,esco,"The techniques and principles of software development, such as analysis, algorithms, coding, testing and compiling of programming paradigms in Lisp."
litmos,Litmos,technical,knowledge,sector-specific,key_10446,esco,"The computer program Litmos is a e-learning platform for creating, administrating, arranging, reporting and delivering e-learning education courses or training programs. It is developed by the software company CallidusCloud."
machine-learning,machine learning,technical,knowledge,cross-sector,key_4444,esco,"The principles, methods and algorithms of machine learning, a subfield of artificial intelligence. Common machine learning models such as supervised or unsupervised models, semi- supervised models and reinforcement learning models."
maintain-a-central-project-repository,maintain a central project repository,technical,skill/competence,cross-sector,key_7800,esco,Store project files and documents in a central repository accessible to the project manager and to all the project teams. Use available online tools and dedicated software.
maintain-an-artistic-portfolio,maintain an artistic portfolio,soft,skill/competence,sector-specific,key_5136,esco,"Maintain portfolios of artistic work to show styles, interests, abilities and realisations."
maintain-computer-hardware,maintain computer hardware,technical,skill/competence,cross-sector,key_12091,esco,"Diagnose and detect malfunctions in computer hardware components and systems and remove, replace, or repair these components when necessary. Execute preventative equipment maintenance tasks, such as storing hardware components in clean, dust free, and non-humid spaces."
maintain-control-systems-for-automated-equipment,maintain control systems for automated equipment,technical,skill/competence,sector-specific,key_13340,esco,"Check, maintain and repair electrical and electronic elements. Check and update software of automated equipment."
maintain-customer-records,maintain customer records,domain,skill/competence,cross-sector,key_12082,esco,Keep and store structured data and records about customers in accordance with customer data protection and privacy regulations.
maintain-data-entry-requirements,maintain data entry requirements,technical,skill/competence,sector-specific,key_8736,esco,Uphold conditions for data entry. Follow procedures and apply data program techniques.
maintain-database-performance,maintain database performance,technical,skill/competence,sector-specific,key_12909,esco,Calculate values for database parameters. Implement new releases and execute regular maintenance tasks such as establishing backup strategies and eliminating index fragmentation.
maintain-database-security,maintain database security,technical,skill/competence,sector-specific,key_14041,esco,Master a wide variety of information security controls in order to pursue maximal database protection.
maintain-ict-identity-management,maintain ICT identity management,technical,skill/competence,sector-specific,key_10598,esco,"Administer identification, authentication and authorisation of individuals within a system and control their access to resources by associating user rights and restrictions with the established identity."
maintain-ict-server,maintain ICT server,technical,skill/competence,sector-specific,key_14567,esco,"Diagnose and eliminate hardware faults via repair or replacement. Take preventive measures, review performance, update software, review accessibility."
maintain-ict-system,maintain ICT system,technical,skill/competence,sector-specific,key_14899,esco,Select and apply system and network monitoring techniques. Identify and fix operational problems. Ensure that system's capabilities and efficiency match company specifications.
maintain-information-network-hardware,maintain information network hardware,technical,skill/competence,cross-sector,key_2638,esco,"Assess the functionality and identify faults in the infrastructure of an information network, perform routine maintenance tasks which prevent failure and repair tasks in order to ensure permanent availability to system users."
maintain-internal-communication-systems,maintain internal communication systems,soft,skill/competence,cross-sector,key_4351,esco,Maintain an effective internal communication system among employees and department managers.
maintain-internet-protocol-configuration,maintain internet protocol configuration,technical,skill/competence,sector-specific,key_11332,esco,Apply Internet Protocol Configuration (ipconfig) to gather data on Transmission Control Protocol/Internet Protocol (TCP/IP) configuration values in order to identify devices and their IP addresses.
maintain-plan-for-continuity-of-operations,maintain plan for continuity of operations,domain,skill/competence,sector-specific,key_9184,esco,"Update methodology which contains steps to ensure that facilities of an organisation are able to continue operating, in case of broad range of unforeseen events."
maintain-relationship-with-customers,maintain relationship with customers,soft,skill/competence,sector-specific,key_3114,esco,"Build a lasting and meaningful relationship with customers in order to ensure satisfaction and fidelity by providing accurate and friendly advice and support, by delivering quality products and services and by supplying after-sales information and service."
maintain-relationship-with-suppliers,maintain relationship with suppliers,soft,skill/competence,sector-specific,key_4597,esco,"Build a lasting and meaningful relationship with suppliers and service providers in order to establish a positive, profitable and enduring collaboration, co-operation and contract negotiation."
maintain-responsive-design,maintain responsive design,technical,skill/competence,occupation-specific,key_7122,esco,Ensure that the website runs on the latest technology and is multi-platform compatible and mobile-friendly.
maintain-robotic-equipment,maintain robotic equipment,technical,skill/competence,sector-specific,key_7596,esco,"Diagnose and detect malfunctions in robotic components and systems and remove, replace, or repair these components when necessary. Execute preventative equipment maintenance tasks, such as storing robotic components in clean, dust-free, and non-humid spaces."
maintain-telephony-system,maintain telephony system,technical,skill/competence,sector-specific,key_11066,esco,"Prevent telephone faults. Report to the electricians for changing of the equipment and manage telephone installations and moves. Maintain voice-mail system which includes adding, deleting mailboxes and managing security codes and provide voicemail instruction for staff."
make-strategic-business-decisions,make strategic business decisions,domain,skill/competence,cross-sector,key_14598,esco,"Analyse business information and consult directors for decision making purposes in a varied array of aspects affecting the prospect, productivity and sustainable operation of a company. Consider the options and alternatives to a challenge and make sound rational decisions based on analysis and experience."
maltego,Maltego,technical,knowledge,sector-specific,key_1365,esco,"The platform Maltego is a forensic application that uses data mining to deliver on overview of organisations' environment, testing security weaknesses of the system for potentially unauthorised access and demonstrates the complexity of infrastructure failures."
manage-a-team,manage a team,soft,skill/competence,cross-sector,key_12300,esco,"Ensure clear and effective channels of communication across all departments within the organisation and support functions, both internally and externally ensuring that the team is aware of the standards and objectives of the department/business unit. Implement the disciplinary and grievance procedures as required ensuring that a fair and consistent approach to managing performance is consistently "
manage-budgets,manage budgets,domain,skill/competence,cross-sector,key_3081,esco,"Plan, monitor and report on the budget."
manage-business-knowledge,manage business knowledge,domain,skill/competence,cross-sector,key_4856,esco,"Set up structures and distribution policies to enable or improve information exploitation using appropriate tools to extract, create and expand business mastery."
manage-changes-in-ict-system,manage changes in ICT system,technical,skill/competence,sector-specific,key_2901,esco,"Plan, realise and monitor system changes and upgrades. Maintain earlier system versions. Revert, if necessary, to a safe older system version."
manage-cloud-data-and-storage,manage cloud data and storage,technical,skill/competence,sector-specific,key_12706,esco,"Create and manage cloud data retention. Identify and implement data protection, encryption, and capacity planning needs."
manage-content-development-projects,manage content development projects,domain,skill/competence,sector-specific,key_10658,esco,"Plan and implement the creation, delivery and management of digital or printed content, develop a system that describes the entire editorial content development and publishing process and use ICT tools to support the process."
manage-content-metadata,manage content metadata,technical,skill/competence,cross-sector,key_9545,esco,"Apply content management methods and procedures to define and use metadata concepts, such as the data of creation, in order to describe, organise and archive content such as documents, video and audio files, applications and images."
manage-contracts,manage contracts,domain,skill/competence,cross-sector,key_9291,esco,"Negotiate the terms, conditions, costs and other specifications of a contract while making sure they comply with legal requirements and are legally enforceable. Oversee the execution of the contract, agree on and document any changes in line with any legal limitations."
manage-data,manage data,technical,skill/competence,sector-specific,key_10012,esco,"Administer all types of data resources through their lifecycle by performing data profiling, parsing, standardisation, identity resolution, cleansing, enhancement and auditing. Ensure the data is fit for purpose, using specialised ICT tools to fulfil the data quality criteria."
manage-data-collection-systems,manage data collection systems,technical,skill/competence,sector-specific,key_10425,esco,"Develop and manage methods and strategies used to maximise data quality and statistical efficiency in the collection of data, in order to ensure the gathered data are optimised for further processing."
manage-data-for-legal-matters,manage data for legal matters,domain,skill/competence,sector-specific,key_10451,esco,"Collect, organise and prepare data for analysis and review during investigation, regulatory filings and other legal processes."
manage-database,manage database,technical,skill/competence,cross-sector,key_3568,esco,"Apply database design schemes and models, define data dependencies, use query languages and database management systems (DBMS) to develop and manage databases."
manage-digital-archives,manage digital archives,technical,skill/competence,sector-specific,key_14827,esco,"Create and maintain computer archives and databases, incorporating latest developments in electronic information storage technology."
manage-digital-documents,manage digital documents,technical,skill/competence,cross-sector,key_11220,esco,"Manage various data formats and files by naming, publishing, transforming and sharing files and documents and transforming file formats."
manage-digital-identity,manage digital identity,technical,skill/competence,cross-sector,key_11441,esco,"Create and manage one or multiple digital identities, be able to protect one's own reputation, deal with the data that one produces through several digital tools, environments and services."
manage-digital-libraries,manage digital libraries,technical,skill/competence,sector-specific,key_2344,esco,"Collect, manage and preserve for permanent access digital content and offer to targeted user communities specialised search and retrieval functionality."
manage-disaster-recovery-plans,manage disaster recovery plans,technical,skill/competence,cross-sector,key_6780,esco,"Prepare, test and execute, when necessary, a plan of action to retrieve or compensate lost information system data."
manage-email-hosting-service,manage email hosting service,technical,skill/competence,sector-specific,key_14757,esco,"Oversee the day-to-day running of a private email platform by maintaining and refining provided services, such as spam and virus protection, blocking advertisement, website redesigns and search engine optimisation."
manage-employee-complaints,manage employee complaints,soft,skill/competence,cross-sector,key_12339,esco,"Manage and respond to employee complaints, in a correct and polite manner, offering a solution when possible or referring it to an authorized person when necessary."
manage-engineering-project,manage engineering project,domain,skill/competence,cross-sector,key_7110,esco,"Manage engineering project resources, budget, deadlines, and human resources, and plan schedules as well as any technical activities pertinent to the project."
manage-feedback,manage feedback,soft,skill/competence,cross-sector,key_1713,esco,Provide feedback to others. Evaluate and respond constructively and professionally to critical communication from colleagues and customers.
manage-findable-accessible-interoperable-and-reusable-data,manage findable accessible interoperable and reusable data,technical,skill/competence,cross-sector,key_5588,esco,"Produce, describe, store, preserve and (re) use scientific data based on FAIR (Findable, Accessible, Interoperable, and Reusable) principles, making data as open as possible, and as closed as necessary."
manage-human-resources,manage human resources,domain,skill/competence,cross-sector,key_3416,esco,"Conduct employee recruitment, helping employees to develop their personal and organisational skills, knowledge, and competencies as well as providing feedback and performance appraisals. It includes motivating employees, by implementing rewarding systems (managing pay and benefit systems) in order to maximise employee performance with regard to employer's strategic objectives."
manage-ict-change-request-process,manage ICT change request process,technical,skill/competence,sector-specific,key_1787,esco,"Specify the incentive for an ICT change request, stating which adjustment in the system needs to be accomplished and execute or supervise the execution of it."
manage-ict-data-architecture,manage ICT data architecture,technical,skill/competence,sector-specific,key_5483,esco,"Oversee regulations and use ICT techniques to define the information systems architecture and to control data gathering, storing, consolidation, arrangement and usage in an organisation."
manage-ict-data-classification,manage ICT data classification,technical,skill/competence,sector-specific,key_1424,esco,Oversee the classification system an organisation uses to organise its data. Assign an owner to each data concept or bulk of concepts and determine the value of each item of data.
manage-ict-legacy-implication,manage ICT legacy implication,technical,skill/competence,sector-specific,key_8602,esco,"Oversee the transfer process from a legacy (an outdated system) to a current system by mapping, interfacing, migrating, documenting and transforming data."
manage-ict-project,manage ICT project,domain,skill/competence,sector-specific,key_4564,esco,"Plan, organize, control and document procedures and resources, such as human capital, equipment and mastery, in order to achieve specific goals and objectives related to ICT systems, services or products, within specific constraints, such as scope, time, quality and budget."
manage-ict-semantic-integration,manage ICT semantic integration,technical,skill/competence,sector-specific,key_15023,esco,"Oversee integration of public or internal databases and other data, by using semantic technologies to produce structured semantic output."
manage-ict-virtualisation-environments,manage ICT virtualisation environments,technical,skill/competence,sector-specific,key_10750,esco,"Oversee tools, such as VMware, kvm, Xen, Docker, Kubernetes, and others, used to enable a virtual environments for different purposes such as hardware virtualization, desktop virtualisation, and operating system level virtualisation."
manage-information-sources,manage information sources,domain,skill/competence,cross-sector,key_14861,esco,Identify relevant internal and external information sources and providers. Organise the information workflow and define information deliverables.
manage-intellectual-property-rights,manage intellectual property rights,domain,skill/competence,sector-specific,key_5732,esco,Deal with the private legal rights that protect the products of the intellect from unlawful infringement.
manage-it-security-compliances,manage IT security compliances,domain,skill/competence,sector-specific,key_1554,esco,"Guide application and fulfilment of relevant industry standards, best practices and legal requirements for information security."
manage-keys-for-data-protection,manage keys for data protection,technical,skill/competence,sector-specific,key_13679,esco,"Select appropriate authentication and authorization mechanisms. Design, implement and troubleshoot key management and use. Design and implement a data encryption solution for data at rest and data in transit."
manage-localisation,manage localisation,domain,skill/competence,cross-sector,key_10516,esco,Modify content or a product for the transference from one locale to another through the use of content translation or localisation service providers.
manage-online-content,manage online content,technical,skill/competence,sector-specific,key_11766,esco,"Ensure the website content is up to date, organised, attractive and meets the target audience needs, the requirements of the company and international standards by checking the links, setting the publishing time framework and order."
manage-open-publications,manage open publications,domain,skill/competence,cross-sector,key_13106,esco,"Be familiar with Open Publication strategies, with the use of information technology to support research, and with the development and management of CRIS (current research information systems) and institutional repositories. Provide licensing and copyright advice, use bibliometric indicators, and measure and report research impact."
manage-operational-budgets,manage operational budgets,domain,skill/competence,cross-sector,key_5746,esco,"Prepare, monitor and adjust operational budgets together with the economical/administrative manager/professionals in the arts institute/unit/project."
manage-personal-professional-development,manage personal professional development,soft,skill/competence,cross-sector,key_10461,esco,Take responsibility for lifelong learning and continuous professional development. Engage in learning to support and update professional competence. Identify priority areas for professional development based on reflection about own practice and through contact with peers and stakeholders. Pursue a cycle of self-improvement and develop credible career plans.
manage-portfolio,manage portfolio,soft,skill/competence,cross-sector,key_11299,esco,Maintain a personal portfolio by selecting your best photos or work and regularly adding new ones in order to show your professional skills and development.
manage-profitability,manage profitability,domain,skill/competence,cross-sector,key_5454,esco,Regularly review sales and profit performance.
manage-project-changes,manage project changes,domain,skill/competence,cross-sector,key_5511,esco,"Manage requested or identified changes to the original project planning, assess the need to implement the changes and communicate them to the different project stakeholders. Update the relevant project documentation."
manage-project-information,manage project information,domain,skill/competence,sector-specific,key_3129,esco,Provide accurate and relevant information to all the parties involved in a project on time.
manage-project-metrics,manage project metrics,domain,skill/competence,cross-sector,key_11985,esco,"Gather, report, analyse and create key metrics for a project to help measure its success."
manage-quantitative-data,manage quantitative data,technical,skill/competence,cross-sector,key_6036,esco,"Gather, process and present quantitative data. Use the appropriate programs and methods for validating, organising and interpreting data."
manage-research-data,manage research data,technical,skill/competence,cross-sector,key_1703,esco,Produce and analyse scientific data originating from qualitative and quantitative research methods. Store and maintain the data in research databases. Support the re-use of scientific data and be familiar with open data management principles.
manage-schedule-of-tasks,manage schedule of tasks,soft,skill/competence,cross-sector,key_2017,esco,"Maintain an overview of all the incoming tasks in order to prioritise the tasks, plan their execution, and integrate new tasks as they present themselves."
manage-signoff-of-an-installed-system,manage signoff of an installed system,technical,skill/competence,sector-specific,key_11286,esco,Make sure an installed technical system is adequately transferred and signed off for.
manage-software-localisation,manage software localisation,technical,skill/competence,occupation-specific,key_11607,esco,"Organise the transference process of a certain software from one locale to another, in order to expand the number of users, by modifying content through the use of user interface translation, while taking into consideration the properties of the future country the software will be introduced into."
manage-software-releases,manage software releases,technical,skill/competence,occupation-specific,key_9573,esco,Examine and approve suggested software development releases. Manage further release process.
manage-staff,manage staff,soft,skill/competence,cross-sector,key_4116,esco,"Manage employees and subordinates, working in a team or individually, to maximise their performance and contribution. Schedule their work and activities, give instructions, motivate and direct the workers to meet the company objectives. Monitor and measure how an employee undertakes their responsibilities and how well these activities are executed. Identify areas for improvement and make suggestio"
manage-standard-enterprise-resource-planning-system,manage standard enterprise resource planning system,technical,skill/competence,sector-specific,key_14260,esco,"Collect, manage and interpret data relevant for companies related to shipping, payment, inventory, resources and manufacturing using specific business management software. Such software as Microsoft Dynamics​, SAP ERP, Oracle ERP."
manage-standards-for-data-exchange,manage standards for data exchange,technical,skill/competence,sector-specific,key_12297,esco,Set and maintain standards for transforming data from source schemas into the necessary data structure of a result schema.
manage-system-security,manage system security,technical,skill/competence,sector-specific,key_3581,esco,Analyse the critical assets of a company and identify weaknesses and vulnerabilities that lead to intrusion or attack. Apply security detection techniques. Understand cyber attack techniques and implement effective countermeasures.
manage-system-testing,manage system testing,technical,skill/competence,sector-specific,key_12447,esco,"Select, perform and track testings on software or hardware to detect system defects both within the integrated system units, the inter-assemblages and the system as a whole. Organise testings such as installation testing, security testing and graphical user interface testing."
manage-tender-processes,manage tender processes,domain,skill/competence,cross-sector,key_5338,esco,Organise the process of writing and designing proposals or bids for tenders.
manage-workflow-processes,manage workflow processes,domain,skill/competence,cross-sector,key_7998,esco,"Develop, document and implement traffic and workflow processes across the company for different functions. Liaise with several departments and services such as account management and the creative director to plan and resource work."
market-analysis,market analysis,domain,knowledge,cross-sector,key_10839,esco,The field of market analysis and research and its particular research methods.
market-pricing,market pricing,domain,knowledge,sector-specific,key_12805,esco,"Price volatility according to market and price elasticity, and the factors which influence pricing trends and changes in the market in the long and short term."
market-research,market research,domain,knowledge,cross-sector,key_8678,esco,"The processes, techniques, and purposes comprised in the first step for developing marketing strategies such as the collection of information about customers and the definition of segments and targets."
marketing-mix,marketing mix,domain,knowledge,cross-sector,key_12747,esco,"Principle of marketing that describes the four fundamental elements in marketing strategies which are the product, the place, the price and the promotion."
marketing-principles,marketing principles,domain,knowledge,cross-sector,key_13285,esco,The principles of managing the relationship between consumers and products or services for the purpose of increasing sales and improving advertising techniques.
marklogic,MarkLogic,technical,knowledge,sector-specific,key_13800,esco,"The NoSQL enterprise non-relational database used for creating, updating and managing large amounts of unstructured data stored in the cloud and which provides features such as semantics, flexible data models and Hadoop integration."
mathematics,mathematics,technical,knowledge,cross-sector,key_4933,esco,"Mathematics is the study of topics such as quantity, structure, space, and change. It involves the identification of patterns and formulating new conjectures based on them. Mathematicians strive to prove the truth or falsity of these conjectures. There are many fields of mathematics, some of which are widely used for practical applications."
matlab,MATLAB,technical,knowledge,sector-specific,key_11866,esco,"The techniques and principles of software development, such as analysis, algorithms, coding, testing and compiling of programming paradigms in MATLAB."
mdx,MDX,technical,knowledge,sector-specific,key_2736,esco,The computer language MDX is a query language for retrieval of information from a database and of documents containing the needed information. It is developed by the software company Microsoft.
measure-customer-feedback,measure customer feedback,domain,skill/competence,cross-sector,key_8812,esco,Evaluate customer's comments in order to find out whether customers feel satisfied or dissatisfied with the product or service.
measure-software-usability,measure software usability,technical,skill/competence,sector-specific,key_11544,esco,Check the convenience of the software product for the end user. Identify user problems and make adjustments to improve usability practice. Collect input data on how users evaluate software products.
mechatronics,mechatronics,technical,knowledge,cross-sector,key_13004,esco,"Multidisciplinary field of engineering that combines principles of electrical engineering, telecommunications engineering, control engineering, computer engineering, and mechanical engineering in the design of products and manufacturing processes. The combination of these areas of engineering allows for the design and development of ""smart"" devices and the achievement of an optimal balance between"
media-formats,media formats,domain,knowledge,sector-specific,key_10078,esco,"The various formats in which media can be made available to the audience, such as paper books, e-books, tapes, and analogue signal."
medical-informatics,medical informatics,domain,knowledge,cross-sector,key_10951,esco,The processes and tools used for the analysis and dissemination of medical data through computerized systems.
meet-deadlines,meet deadlines,soft,skill/competence,cross-sector,key_9258,esco,Ensure operative processes are finished at a previously agreed-upon time.
meet-expectations-of-target-audience,meet expectations of target audience,soft,skill/competence,cross-sector,key_5012,esco,Research the needs and expectations of the target audience to ensure the program's theme meets both.
mentor-individuals,mentor individuals,soft,skill/competence,cross-sector,key_10297,esco,"Mentor individuals by providing emotional support, sharing experiences and giving advice to the individual to help them in their personal development, as well as adapting the support to the specific needs of the individual and heeding their requests and expectations."
metasploit,Metasploit,technical,knowledge,sector-specific,key_5651,esco,The framework Metasploit is a penetration testing tool which tests security weaknesses of the system for potentially unauthorised access to system information. The tool is based on the concept of 'exploit' which implies executing code on the target machine this way taking advantage of the bugs and vulnerabilities of the target machine.
microelectronics,microelectronics,technical,knowledge,cross-sector,key_5332,esco,"Microelectronics is a subdiscipline of electronics and relates the study, design, and manufacture of small electronic components, such as microchips."
microprocessors,microprocessors,technical,knowledge,cross-sector,key_8841,esco,Computer processors on a microscale that integrate the computer central processing unit (CPU) on a single chip.
microsoft-access,Microsoft Access,technical,knowledge,sector-specific,key_4608,esco,"The computer program Access is a tool for creating, updating and managing databases, developed by the software company Microsoft."
microsoft-visio,Microsoft Visio,technical,knowledge,sector-specific,key_8643,esco,The computer program Microsoft Visio is a graphical ICT tool which enables digital editing and composition of graphics to generate both 2D raster or 2D vector graphics. It is developed by the software company Microsoft.
microsoft-visual-c,Microsoft Visual C++,technical,knowledge,sector-specific,key_8477,esco,"The computer program Visual C++ is a suite of software development tools for writing programs, such as compiler, debugger, code editor, code highlights, packaged in a unified user interface. It is developed by the software company Microsoft."
migrate-existing-data,migrate existing data,technical,skill/competence,sector-specific,key_1353,esco,"Apply migration and conversion methods for existing data, in order to transfer or convert data between formats, storage or computer systems."
mix-live-images,mix live images,technical,skill/competence,sector-specific,key_11413,esco,Follow different video streams of a live event and mix them together using specialised equipment and software.
ml-computer-programming,ML (computer programming),technical,knowledge,sector-specific,key_10255,esco,"The techniques and principles of software development, such as analysis, algorithms, coding, testing and compiling of programming paradigms in ML."
mobile-device-management,mobile device management,technical,knowledge,sector-specific,key_12504,esco,"The methods for managing the use of mobile devices within an organisation, while ensuring security."
mobile-device-software-frameworks,mobile device software frameworks,technical,knowledge,sector-specific,key_11287,esco,"The API (Application Program Interfaces), such as Android, iOS, windows phone which enables programmers to quickly and easily write applications for mobile devices."
mobile-marketing,mobile marketing,domain,knowledge,sector-specific,key_14183,esco,"The study of marketing which uses mobile devices as a communication channel. This approach can provide potential customers with personalised information (using location or time context) which promotes products, services or ideas."
mobile-operating-systems,mobile operating systems,technical,knowledge,sector-specific,key_9562,esco,"The features, restrictions, architectures and other characteristics of operating systems designed to run on mobile devices, such as Android or iOS."
model-based-system-engineering,model based system engineering,technical,knowledge,cross-sector,key_3311,esco,"Model-based systems engineering (MBSE) is a methodology for systems engineering that uses visual modelling as the primary means of communicating information. It is focused on creating and exploiting domain models as the primary means of information exchange between engineers and engineering technicians, rather than on document-based information exchange. Therefore, it eliminates the communication "
model-hardware,model hardware,technical,skill/competence,sector-specific,key_11419,esco,Model and simulate computer hardware using technical design software. Assess the viability of the product and examine the physical parameters to ensure a successful production process.
monitor-communication-channels-performance,monitor communication channels' performance,technical,skill/competence,sector-specific,key_13413,esco,Search for possible faults. Perform visual checks. Analyse system indicators and use diagnostic devices.
monitor-developments-in-field-of-expertise,monitor developments in field of expertise,soft,skill/competence,cross-sector,key_3185,esco,"Keep up with new research, regulations, and other significant changes, labour market related or otherwise, occurring within the field of specialisation."
monitor-ict-research,monitor ICT research,technical,skill/competence,sector-specific,key_12361,esco,Survey and investigate recent trends and developments in ICT research. Observe and anticipate mastery evolution.
monitor-legislation-developments,monitor legislation developments,domain,skill/competence,cross-sector,key_8943,esco,"Monitor changes in rules, policies and legislation, and identify how they may influence the organisation, existing operations, or a specific case or situation."
monitor-system-performance,monitor system performance,technical,skill/competence,sector-specific,key_9251,esco,"Measure system reliability and performance before, during and after component integration and during system operation and maintenance. Select and use performance monitoring tools and techniques, such as special software."
monitor-technology-trends,monitor technology trends,soft,skill/competence,cross-sector,key_7962,esco,"Survey and investigate recent trends and developments in technology. Observe and anticipate their evolution, according to current or future market and business conditions."
moodle,Moodle,technical,knowledge,sector-specific,key_11587,esco,"The computer program Moodle is a e-learning platform for creating, administrating, arranging, reporting and delivering e-learning education courses or training programs."
motion-capture,motion capture,technical,knowledge,sector-specific,key_3287,esco,The process and techniques for capturing the movement of human actors in order to create and animate digital characters that look and move as humanly as possible.
motion-graphics,motion graphics,technical,knowledge,cross-sector,key_8888,esco,"The techniques and software for creating the illusion of motion such as keyframing, Adobe After Effects, and Nuke."
motivate-employees,motivate employees,soft,skill/competence,cross-sector,key_3136,esco,"Communicate with employees in order to ensure that their personal ambitions are in line with the business goals, and that they work to meet them."
multimedia-systems,multimedia systems,technical,knowledge,cross-sector,key_10300,esco,"The methods, procedures and techniques pertaining to the operation of multimedia systems, usually a combination of software and hardware, presenting various types of media such as video and audio."
mysql,MySQL,technical,knowledge,sector-specific,key_5492,esco,"The computer program MySQL is a tool for creating, updating and managing databases, currently developed by the software company Oracle."
n1ql,N1QL,technical,knowledge,sector-specific,key_14564,esco,The computer language N1QL is a query language for retrieval of information from a database and of documents containing the needed information. It is developed by the software company Couchbase.
natural-language-processing,natural language processing,technical,knowledge,sector-specific,key_15153,esco,The technologies which enable ICT devices to understand and interact with users through human language.
negotiate-buying-conditions,negotiate buying conditions,soft,skill/competence,cross-sector,key_15037,esco,"Negotiate terms such as price, quantity, quality, and delivery terms with vendors and suppliers in order to ensure the most beneficial buying conditions."
nessus,Nessus,technical,knowledge,sector-specific,key_3483,esco,"The computer program Nessus is a specialised ICT tool which tests security weaknesses of the system for potentially unauthorised access to system information, developed by the software company Tenable Network Security."
network-management-system-tools,network management system tools,technical,knowledge,sector-specific,key_1818,esco,"The software or hardware tools which enable monitoring, analysis and supervision of individual network components or network parts within a larger network system."
nexpose,Nexpose,technical,knowledge,sector-specific,key_14246,esco,"The computer program Nexpose is a specialised ICT tool which tests security weaknesses of the system for potentially unauthorised access to system information, developed by the software company Rapid7."
normalise-data,normalise data,technical,skill/competence,sector-specific,key_1626,esco,"Reduce data to their accurate core form (normal forms) in order to achieve such results as minimisation of dependency, elimination of redundancy, increase of consistency."
nosql,NoSQL,technical,knowledge,sector-specific,key_7795,esco,"The Not Only SQL non-relational database used for creating, updating and managing large amounts of unstructured data stored in the cloud."
object-oriented-modelling,object-oriented modelling,technical,knowledge,sector-specific,key_6296,esco,"The object-oriented paradigm, which is based on classes, objects, methods and interfaces and their application in software design and analysis, programming organisation and techniques."
objective-c,Objective-C,technical,knowledge,sector-specific,key_9674,esco,"The techniques and principles of software development, such as analysis, algorithms, coding, testing and compiling of programming paradigms in Objective-C."
objectstore,ObjectStore,technical,knowledge,sector-specific,key_5250,esco,"The computer program ObjectStore is a tool for creating, updating and managing databases, developed by the software company Object Design, Incorporated."
octopus-deploy,Octopus Deploy,technical,knowledge,sector-specific,key_3860,esco,The tool Octopus Deploy is a software program used to automate ASP.NET applications deployment to local or on the cloud servers.
office-software,office software,technical,knowledge,cross-sector,key_12498,esco,"The characteristics and functioning of software programs for office tasks such as word processing, spreadsheets, presentation, email and database."
omnipage,OmniPage,technical,knowledge,sector-specific,key_14456,esco,"The computer program OmniPage is software that electronically converts printed and typed images into machine-encoded text so that documents can be electronically stored, edited and digitally displayed."
online-ads-campaign-techniques,online ads campaign techniques,domain,knowledge,cross-sector,key_7693,esco,Techniques to plan and implement a marketing campaign on online ads platforms.
online-analytical-processing,online analytical processing,technical,knowledge,sector-specific,key_10877,esco,"The online tools which analyse, aggregate and present multi-dimensional data enabling users to interactively and selectively extract and view data from specific points of view."
online-moderation-techniques,online moderation techniques,domain,knowledge,sector-specific,key_12201,esco,The strategies and methods used to interact online and moderate online users and groups.
open-source-model,Open source model,technical,knowledge,sector-specific,key_10910,esco,"The open source model consists of principles and fundamentals of service-oriented modelling for business and software systems that allow the design and specification of service-oriented business systems within a variety of architectural styles, such as enterprise architecture."
openedge-advanced-business-language,OpenEdge Advanced Business Language,technical,knowledge,sector-specific,key_3924,esco,"The techniques and principles of software development, such as analysis, algorithms, coding, testing and compiling of programming paradigms in OpenEdge Advanced Business Language."
openedge-database,OpenEdge Database,technical,knowledge,sector-specific,key_4966,esco,"The computer program OpenEdge Database is a tool for creating, updating and managing databases, developed by the software company Progress Software Corporation."
operate-3d-computer-graphics-software,operate 3D computer graphics software,technical,skill/competence,sector-specific,key_14572,esco,"Use graphical ICT tools, such as Autodesk Maya, Blender which enable digital editing, modelling, rendering and composition of graphics. These tools are based in mathematical representation of three-dimensional objects."
operate-open-source-software,operate open source software,technical,skill/competence,sector-specific,key_3645,esco,"Operate Open Source software, knowing the main Open Source models, licensing schemes, and the coding practices commonly adopted in the production of Open Source software."
operate-private-branch-exchange,operate private branch exchange,technical,skill/competence,sector-specific,key_8082,esco,"Handle Private Branch Exchange (PBX), a telecommunication system within an organisation that switches calls between users on local lines. At the same time the system allows all users to share external phone lines."
operate-relational-database-management-system,operate relational database management system,technical,skill/competence,sector-specific,key_7606,esco,"Extract, store and verify information using database management systems based on the relational database model, which arranges data into tables of rows and columns, such as Oracle Database, Microsoft SQL Server and MySQL."
operating-systems,operating systems,technical,knowledge,sector-specific,key_14792,esco,"The features, restrictions, architectures and other characteristics of operating systems such Linux, Windows, MacOS, etc."
optical-character-recognition-software,optical character recognition software,technical,knowledge,cross-sector,key_2256,esco,"The software that electronically converts printed and typed images into machine-encoded text so that documents can be electronically stored, edited and digitally displayed."
optimise-choice-of-ict-solution,optimise choice of ICT solution,technical,skill/competence,sector-specific,key_4606,esco,"Select the appropriate solutions in the field of ICT while taking into account potential risks, benefits and overall impact."
optimise-financial-performance,optimise financial performance,domain,skill/competence,cross-sector,key_4098,esco,"Direct and coordinate the organisation's financial operations and budget activities, in order to optimise financial performance."
oracle-application-development-framework,Oracle Application Development Framework,technical,knowledge,sector-specific,key_8674,esco,"The Java framework software development environment which provide specific features and components (such as enhanced reusability features, visual and declarative programming) that support and guide enterprise applications development."
oracle-data-integrator,Oracle Data Integrator,technical,knowledge,sector-specific,key_4486,esco,"The computer program Oracle Data Integrator is a tool for integration of information from multiple applications, created and maintained by organisations, into one consistent and transparent data structure, developed by the software company Oracle."
oracle-relational-database,Oracle Relational Database,technical,knowledge,sector-specific,key_13317,esco,"The computer program Oracle Rdb is a tool for creating, updating and managing databases, developed by the software company Oracle."
oracle-warehouse-builder,Oracle Warehouse Builder,technical,knowledge,sector-specific,key_3180,esco,"The computer program Oracle Warehouse Builder is a tool for integration of information from multiple applications, created and maintained by organisations, into one consistent and transparent data structure, developed by the software company Oracle."
oracle-weblogic,Oracle WebLogic,technical,knowledge,sector-specific,key_7470,esco,The application server Oracle WebLogic is Java EE based application server which serves as a middle tier that links the back-end databases to the related applications.
organisational-policies,organisational policies,domain,knowledge,sector-specific,key_4450,esco,The policies to achieve set of goals and targets regarding the development and maintenance of an organisation.
organisational-resilience,organisational resilience,domain,knowledge,sector-specific,key_7956,esco,"The strategies, methods and techniques that increase the organisation's capacity to protect and sustain the services and operations that fulfil the organisational mission and create lasting values by effectively addressing the combined issues of security, preparedness, risk and disaster recovery."
organisational-structure,organisational structure,domain,knowledge,cross-sector,key_11895,esco,"Framework of the different departments within the organisation, as well its people, their roles and responsibilities."
organise-project-meetings,organise project meetings,soft,skill/competence,cross-sector,key_11855,esco,"Organise project meetings such as the project kick-off meeting and the project review meeting. Plan the meeting agenda, set up conference calls, address any logistical needs and prepare documentation or hand-outs needed for the meeting. Ensure the participation of the project team, the project client and other relevant stakeholders. Draft and circulate the meeting minutes."
organise-training,organise training,soft,skill/competence,cross-sector,key_9208,esco,"Make the necessary preparations to conduct a training session. Provide equipment, supplies and exercise materials. Ensure the training runs smoothly."
outsourcing-model,Outsourcing model,technical,knowledge,sector-specific,key_6751,esco,"The outsourcing model consists of principles and fundamentals of service-oriented modelling for business and software systems that allow the design and specification of service-oriented business systems within a variety of architectural styles, such as enterprise architecture."
outsourcing-strategy,outsourcing strategy,domain,knowledge,sector-specific,key_7393,esco,The high level planning for managing and optimising external services of providers to execute business processes.
oversee-clinical-information-system-activities,oversee clinical information system activities,domain,skill/competence,occupation-specific,key_10690,esco,"Supervise and oversee day-to-day operational and clinical information system activities such as CIS, which are used for collecting and storing clinical information regarding the healthcare delivery process."
oversee-development-of-software,oversee development of software,technical,skill/competence,sector-specific,key_8489,esco,"Organise, plan and supervise the development of the applications and frameworks in order to create a software product, from the earliest planning stages to the final product test."
oversee-quality-control,oversee quality control,domain,skill/competence,cross-sector,key_6371,esco,Monitor and assure the quality of the provided goods or services by overseeing that all the factors of the production meet quality requirements. Supervise product inspection and testing.
owasp-zap,OWASP ZAP,technical,knowledge,sector-specific,key_2814,esco,"The integrated testing tool OWASP Zed Attack Proxy (ZAP) is a specialised tool which tests web applications security weaknesses, replying on an automated scanner and a REST API."
parrot-security-os,Parrot Security OS,technical,knowledge,sector-specific,key_10829,esco,"The operating system Parrot Security is a Linux distribution which performs penetration cloud testing, analysing security weaknesses for potentially unauthorised access."
particle-animation,particle animation,technical,knowledge,occupation-specific,key_2285,esco,"The field of particle animation, an animation technique in which large numbers of graphic objects are used to simulate phenomena, such as flames and explosions and 'fuzzy phenomena' that are difficult to reproduce using conventional rendering methods."
pascal-computer-programming,Pascal (computer programming),technical,knowledge,sector-specific,key_13833,esco,"The techniques and principles of software development, such as analysis, algorithms, coding, testing and compiling of programming paradigms in Pascal."
penetration-testing-tool,penetration testing tool,technical,knowledge,sector-specific,key_13301,esco,"The specialised ICT tools which test security weaknesses of the system for potentially unauthorised access to system information such as Metasploit, Burp suite and Webinspect."
pentaho-data-integration,Pentaho Data Integration,technical,knowledge,sector-specific,key_4900,esco,"The computer program Pentaho Data Integration is a tool for integration of information from multiple applications, created and maintained by organisations, into one consistent and transparent data structure, developed by the software company Pentaho."
perform-backups,perform backups,technical,skill/competence,sector-specific,key_12499,esco,Implement backup procedures to backup data and systems to ensure permanent and reliable system operation. Execute data backups in order to secure information by copying and archiving to ensure integrity during system integration and after data loss occurrence.
perform-business-analysis,perform business analysis,domain,skill/competence,cross-sector,key_3440,esco,"Evaluate the condition of a business on its own and in relation to the competitive business domain, performing research, placing data in context of the business' needs and determining areas of opportunity."
perform-contract-compliance-audits,perform contract compliance audits,domain,skill/competence,cross-sector,key_6271,esco,"Execute a thorough contract compliance audit, ensuring that goods or services are being delivered in a correct and timely fashion, checking for clerical errors or missed credits and discounts and starting procedures for cash recovery."
perform-copywriting,perform copywriting,domain,skill/competence,cross-sector,key_12455,esco,Write creative texts targeted to a specific audience for marketing and advertising purposes and ensure that the message convinces potential customers to buy a product or a service and facilitates a positive outlook on the organisation.
perform-customer-management,perform customer management,soft,skill/competence,cross-sector,key_9222,esco,"Identify and understand the customer's needs. Communicate and engage with stakeholders in designing, promoting and evaluating services."
perform-customers-needs-analysis,perform customers’ needs analysis,domain,skill/competence,cross-sector,key_4013,esco,Analyse the habits and needs of customers and target groups in order to devise and apply new marketing strategies and to sell more goods in a more effective way.
perform-data-analysis,perform data analysis,technical,skill/competence,cross-sector,key_3669,esco,"Collect data and statistics to test and evaluate in order to generate assertions and pattern predictions, with the aim of discovering useful information in a decision-making process."
perform-data-cleansing,perform data cleansing,technical,skill/competence,cross-sector,key_5675,esco,"Detect and correct corrupt records from data sets, ensure that the data become and remain structured according to guidelines."
perform-data-mining,perform data mining,technical,skill/competence,sector-specific,key_4869,esco,"Explore large datasets to reveal patterns using statistics, database systems or artificial intelligence and present the information in a comprehensible way."
perform-dimensionality-reduction,perform dimensionality reduction,technical,skill/competence,cross-sector,key_4668,esco,"Reduce the number of variables or features for a dataset in machine learning algorithms through methods such as principal component analysis, matrix factorization, autoencoder methods, and others."
perform-escalation-procedure,perform escalation procedure,soft,skill/competence,cross-sector,key_9396,esco,"Assess situations in which a solution cannot be provided right away, and ensure that it is brought to the next levels of support."
perform-forensic-preservations-of-digital-devices,perform forensic preservations of digital devices,technical,skill/competence,occupation-specific,key_3485,esco,"Preserve integrity of ICT devices, such as laptops, desktops and other digital media, by storing them physically and using software such as PTK Forensics and EnCase to retrieve, store and trace digital information in a legal manner so that they can be used as evidence at an appropriate time."
perform-ict-security-testing,perform ICT security testing,technical,skill/competence,sector-specific,key_14526,esco,"Execute types of security testing, such as network penetration testing, wireless testing, code reviews, wireless and/or firewall assessments in accordance with industry-accepted methods and protocols to identify and analyse potential vulnerabilities."
perform-ict-troubleshooting,perform ICT troubleshooting,technical,skill/competence,cross-sector,key_7649,esco,"Identify problems with servers, desktops, printers, networks, and remote access, and perform actions which solve the problems."
perform-image-editing,perform image editing,technical,skill/competence,cross-sector,key_9259,esco,Edit various types of images such as analogue and digital photographs or illustrations.
perform-market-research,perform market research,domain,skill/competence,cross-sector,key_15055,esco,"Gather, assess and represent data about target market and customers in order to facilitate strategic development and feasibility studies. Identify market trends."
perform-multiple-tasks-at-the-same-time,perform multiple tasks at the same time,soft,skill/competence,cross-sector,key_1840,esco,"Execute multiple tasks at the same time, being aware of key priorities."
perform-online-data-analysis,perform online data analysis,technical,skill/competence,cross-sector,key_1550,esco,"Analyse online experiences and online data for purposes of understanding user behaviour, triggers of online attention, and other factors that could optimise webpage development and exposure."
perform-product-planning,perform product planning,domain,skill/competence,sector-specific,key_12601,esco,"Identify and articulate market requirements that define a product’s feature set. Product planning serves as the basis for decisions about price, distribution and promotion."
perform-project-management,perform project management,domain,skill/competence,cross-sector,key_12408,esco,"Manage and plan various resources, such as human resources, budget, deadline, results, and quality necessary for a specific project, and monitor the project's progress in order to achieve a specific goal within a set time and budget."
perform-quality-audits,perform quality audits,domain,skill/competence,cross-sector,key_12979,esco,"Execute regular, systematic and documented examinations of a quality system for verifying conformity with a standard based on objective evidence such as the implementation of processes, effectiveness in achieving quality goals and reduction and elimination of quality problems."
perform-resource-planning,perform resource planning,domain,skill/competence,cross-sector,key_14582,esco,"Estimate the expected input in terms of time, human and financial resources necessary to achieve the project objectives."
perform-risk-analysis,perform risk analysis,domain,skill/competence,cross-sector,key_2865,esco,Identify and assess factors that may jeopardise the success of a project or threaten the organisation's functioning. Implement procedures to avoid or minimise their impact.
perform-software-recovery-testing,perform software recovery testing,technical,skill/competence,sector-specific,key_15109,esco,Execute testing using specialised software tools to force failure of software in a variety of ways and checking how fast and better the software can recover against any type of crash or failure.
perform-software-unit-testing,perform software unit testing,technical,skill/competence,sector-specific,key_7927,esco,Test single units of source code to determine whether or not they are suitable for use by creating short code fragments.
perform-video-editing,perform video editing,technical,skill/competence,sector-specific,key_6353,esco,"Rearrange and edit video footage in the course of the post-production process. Edit the footage using a variety of sofware, tools, and techniques such as colour correction and effects, speed effects, and audio enhancing."
perl,Perl,technical,knowledge,sector-specific,key_4775,esco,"The techniques and principles of software development, such as analysis, algorithms, coding, testing and compiling of programming paradigms in Perl."
photography,photography,technical,knowledge,cross-sector,key_4354,esco,Art and practice of creating aesthetically appealing images by recording light or electromagnetic radiation.
php,PHP,technical,knowledge,sector-specific,key_4939,esco,"The techniques and principles of software development, such as analysis, algorithms, coding, testing and compiling of programming paradigms in PHP."
plan-digital-marketing,plan digital marketing,domain,skill/competence,cross-sector,key_7607,esco,"Develop digital marketing strategies for both leisure and business purposes, create websites and deal with mobile technology and social networking."
plan-ict-capacity,plan ICT capacity,technical,skill/competence,occupation-specific,key_10161,esco,"Schedule the longer-term hardware capacity, ICT infrastructure, computing resources, human resources and other aspects needed to meet changing demands for ICT products and services."
plan-marketing-campaigns,plan marketing campaigns,domain,skill/competence,cross-sector,key_9843,esco,"Develop a method to promote a product through different channels, such as television, radio, print and online platforms, social media with the aim to communicate and deliver value to customers."
plan-marketing-strategy,plan marketing strategy,domain,skill/competence,cross-sector,key_1723,esco,"Determine the objective of the marketing strategy whether it is for establishing image, implementing a pricing strategy, or raising awareness of the product. Establish approaches of marketing actions to ensure that goals are achieved efficiently and over a long term."
plan-migration-to-cloud,plan migration to cloud,technical,skill/competence,sector-specific,key_1799,esco,"Select existing workloads and processes for potential migration to the cloud and choose migration tools. Determine a new cloud architecture for an existing solution, plan a strategy for migrating existing workloads to the cloud."
plan-product-management,plan product management,domain,skill/competence,cross-sector,key_3569,esco,"Manage the scheduling of procedures which aim to maximise sales objectives, such as forecasting market trends, product placement, and sales planning."
plan-social-media-marketing-campaigns,plan social media marketing campaigns,domain,skill/competence,sector-specific,key_7680,esco,Plan and implement a marketing campaign on social media.
plan-software-testing,plan software testing,technical,skill/competence,sector-specific,key_6386,esco,"Create and supervise tests plans. Decide on allocation of resources, tools and techniques. Set testing criteria for balancing incurred risks in case of remaining defects, adapt budgets and plan additional costs."
plan-teamwork,plan teamwork,soft,skill/competence,sector-specific,key_7742,esco,Plan the working schedule of a group of people in order to meet all time and quality requirements.
post-processing-of-photographs,post-processing of photographs,technical,knowledge,cross-sector,key_13029,esco,The characteristics of software and techniques used in post-processing photographs.
postgresql,PostgreSQL,technical,knowledge,sector-specific,key_10460,esco,"The computer program PostgreSQL is a free and open-source software tool for creating, updating and managing databases, developed by the PostgreSQL Global Development Group."
prepare-digital-art-for-master-photograph,prepare digital art for master photograph,technical,skill/competence,sector-specific,key_9819,esco,"Assemble, typeset, scan and produce digital art ready to be photographed as a master copy."
prepare-licence-agreements,prepare licence agreements,domain,skill/competence,cross-sector,key_1968,esco,"Make the legal contract ready, granting permission to use equipment, services, components, applications and intellectual property."
prepare-production-prototypes,prepare production prototypes,technical,skill/competence,cross-sector,key_13860,esco,Prepare early models or prototypes in order to test concepts and replicability possibilities. Create prototypes to assess for pre-production tests.
prepare-scientific-reports,prepare scientific reports,soft,skill/competence,cross-sector,key_9700,esco,"Prepare reports that describe results and processes of scientific or technical research, or assess its progress. These reports help researchers to keep up to date with recent findings."
prepress-processes,prepress processes,domain,knowledge,cross-sector,key_9040,esco,"The processes that occur between the creation of a print layout and the final printing, such as copyediting, proofing, proofreading and others."
present-artistic-design-proposals,present artistic design proposals,soft,skill/competence,cross-sector,key_11269,esco,"Prepare and present detailed design suggestions for a specific production to a mixed group of people, including technical, artistic and management staff."
present-reports,present reports,soft,skill/competence,cross-sector,key_12577,esco,"Display results, statistics and conclusions to an audience in a transparent and straightforward way."
pricing-strategies,pricing strategies,domain,knowledge,cross-sector,key_2782,esco,"The techniques, theories, and commonly accepted strategies regarding pricing of goods. The relation between pricing strategies and outcomes in the market such as profitability maximisation, deterrence of newcomers, or increase of market share."
principles-of-animation,principles of animation,technical,knowledge,sector-specific,key_2769,esco,"The principles of 2D and 3D animation, such as body motion, kinematics, overshoot, anticipation, squash and stretch."
principles-of-artificial-intelligence,principles of artificial intelligence,technical,knowledge,sector-specific,key_13604,esco,"The artificial intelligence theories, applied principles, architectures and systems, such as intelligent agents, multi-agent systems, expert systems, rule-based systems, neural networks, ontologies and cognition theories."
principles-of-distributed-ledger-technology,principles of distributed ledger technology,technical,knowledge,sector-specific,key_4528,esco,"The distributed ledger theories, applied principles, architectures and systems, such as decentralization, consensus mechanisms, smart contracts, trust, etc."
printed-circuit-boards,printed circuit boards,technical,knowledge,cross-sector,key_7087,esco,"Printed circuit boards (PCB) are essential components to almost all electronic devices. They consist of thin wafers or substrates on which electronic components, such as microchips, are placed. The electronic components are electrically connected through conductive tracks and pads."
printed-circuit-boards-testing-methods,printed circuit boards testing methods,technical,knowledge,cross-sector,key_4688,esco,"Printed circuit board (PCB) testing methods consist of those processes in which PCB components or systems are tested, such as the in-circuit test (ICT), joint test action group (JTAG) test, and automated optical inspection (AOI)."
printing-techniques,printing techniques,domain,knowledge,cross-sector,key_4857,esco,"The techniques and processes to reproduce text and images using a master form or template such as letterpress printing, gravure, and laser printing."
prioritise-requests,prioritise requests,soft,skill/competence,cross-sector,key_14608,esco,Prioritise incidents and requests reported by customers or clients. Respond professionaly and in a timely fashion.
process-data,process data,technical,skill/competence,cross-sector,key_14419,esco,"Enter information into a data storage and data retrieval system via processes such as scanning, manual keying or electronic data transfer in order to process large amounts of data."
process-based-management,Process-based management,domain,knowledge,sector-specific,key_12842,esco,"The process-based management approach is a methodology for planning, managing and overseeing of ICT resources in order to meet specific goals and using project management ICT tools."
procurement-of-ict-network-equipment,procurement of ICT network equipment,domain,knowledge,sector-specific,key_4038,esco,The products available from network equipment providers and methods for selecting and procuring the equipment.
product-data-management,product data management,technical,knowledge,cross-sector,key_13532,esco,"The use of software to track all information concerning a product such as technical specifications, drawings, design specifications, and production costs."
product-life-cycle,product life-cycle,domain,knowledge,sector-specific,key_3090,esco,The management of the life-cycle of a product from the development stages to the market entry and market removal.
product-usage-risks-analysis,product usage risks analysis,domain,knowledge,cross-sector,key_5236,esco,"The methods to analyse product associated risks, in possible customer environment, their magnitude, consequences and likely outcomes in order to mitigate them by warning messages, safety instructions and maintenance support."
program-firmware,program firmware,technical,skill/competence,cross-sector,key_12492,esco,"Program permanent software with a read-only memory (ROM) on a hardware device, such as an integrated circuit."
programmable-logic-controller,programmable logic controller,technical,knowledge,cross-sector,key_6776,esco,Programmable logic controllers or PLC's are computer control systems used for the monitoring and control of input and output as well as the automation of electromechanical processes.
project-anarchy,Project Anarchy,technical,knowledge,sector-specific,key_10138,esco,"The mobile game engine which is a software framework that consists of integrated development environments and specialised design tools, designed for the rapid iteration of user-derived computer games."
project-configuration-management,project configuration management,technical,knowledge,cross-sector,key_12378,esco,"The process for the effective management of the key project artefacts and deliverables, ensuring that the correct versions are delivered to the project requestor and allowing project managers to identify the latest state of project artefacts and be able to gather all sources, documents, and other information for the project, prevent unauthorised changes, guarantee artefacts traceability and return"
project-management,project management,domain,knowledge,sector-specific,key_7484,esco,"Understand project management and the activities which comprise this area. Know the variables implied in project management such as time, resources, requirements, deadlines, and responding to unexpected events."
prolog-computer-programming,Prolog (computer programming),technical,knowledge,sector-specific,key_3687,esco,"The techniques and principles of software development, such as analysis, algorithms, coding, testing and compiling of programming paradigms in Prolog."
proofread-text,proofread text,soft,skill/competence,cross-sector,key_6726,esco,"Read a text thoroughly, search for, review and correct errors to ensure content is valid for publishing."
propose-ict-solutions-to-business-problems,propose ICT solutions to business problems,technical,skill/competence,cross-sector,key_1648,esco,"Suggest how to solve business issues, using ICT means, so that business processes are improved."
protect-ict-devices,protect ICT devices,technical,skill/competence,cross-sector,key_13344,esco,"Protect devices and digital content, and understand risks and threats in digital environments. Know about safety and security measures and have due regard to reliability and privacy. Make use of tools and methods which maximise security of ICT devices and information by controlling access, such as passwords, digital signatures, biometry, and protecting systems such as firewall, antivirus, spam fil"
protect-personal-data-and-privacy,protect personal data and privacy,technical,skill/competence,cross-sector,key_4119,esco,Protect personal data and privacy in digital environments. Understand how to use and share personally identifiable information while being able to protect oneself and others from damages. Understand that digital services use a “Privacy policy” to inform how personal data is used.
prototyping-development,Prototyping development,technical,knowledge,sector-specific,key_14081,esco,The prototyping development model is a methodology to design software systems and applications.
provide-cost-benefit-analysis-reports,provide cost benefit analysis reports,domain,skill/competence,cross-sector,key_5214,esco,"Prepare, compile and communicate reports with broken down cost analysis on the proposal and budget plans of the company. Analyse the financial or social costs and benefits of a project or investment in advance over a given period of time."
provide-documentation,provide documentation,technical,skill/competence,cross-sector,key_3336,esco,Prepare and distribute documentation to ensure all people involved in the production receive relevant and up-to-date information.
provide-guidelines-for-content-development,provide guidelines for content development,technical,skill/competence,sector-specific,key_11156,esco,"Develop standards and structures for content development such as formats, styles, layout, structures, content types, terminology, XML and DITA. Implement them in document type definitions and apply them during work process and evaluate results in light of established standards."
provide-ict-consulting-advice,provide ICT consulting advice,technical,skill/competence,sector-specific,key_3460,esco,"Advise on appropriate solutions in the field of ICT by selecting alternatives and optimising decisions while taking into account potential risks, benefits and overall impact to professional customers."
provide-ict-support,provide ICT support,technical,skill/competence,cross-sector,key_11777,esco,"Resolve ICT-related incidents and service requests from customers, clients or colleagues including password resets and updating databases such as Microsoft Exchange email."
provide-ict-system-training,provide ICT system training,technical,skill/competence,sector-specific,key_4844,esco,"Plan and conduct training of staff on system and network issues. Utilise training material, evaluate and report on the learning progress of trainees."
provide-multimedia-content,provide multimedia content,technical,skill/competence,sector-specific,key_13366,esco,"Develop multimedia materials such as screen shots, graphics, slide shows, animations and videos to be used as content integrated in a broader informational context."
provide-software-testing-documentation,provide software testing documentation,technical,skill/competence,sector-specific,key_7890,esco,Describe software testing procedures to technical team and analysis of test outcomes to users and clients in order to inform them about state and efficiency of software.
provide-technical-documentation,provide technical documentation,technical,skill/competence,cross-sector,key_1484,esco,"Prepare documentation for existing and upcoming products or services, describing their functionality and composition in such a way that it is understandable for a wide audience without technical background and compliant with defined requirements and standards. Keep documentation up to date."
provide-technical-training,provide technical training,technical,skill/competence,cross-sector,key_12821,esco,Explain and demonstrate the use of training equipment and system functions.
provide-training-on-technological-business-developments,provide training on technological business developments,technical,skill/competence,occupation-specific,key_5392,esco,Give training to colleagues on the technological innovation projects and functional implementations in a business which improves the organisation's business efficiency.
provide-user-documentation,provide user documentation,technical,skill/competence,cross-sector,key_4356,esco,"Develop and organise the distribution of structured documents to assist people using a particular product or system, such as written or visual information about an application system and how to use it."
provide-written-content,provide written content,soft,skill/competence,cross-sector,key_11553,esco,Communicate information in written form via digital or print media according to the needs of the target group. Structure the content according to specifications and standards. Apply grammar and spelling rules.
proxy-servers,proxy servers,technical,knowledge,sector-specific,key_5939,esco,"The proxy tools which act as an intermediary for requests from users searching for resources e.g. files and web pages from other servers such as Burp, WebScarab, Charles or Fiddler."
publishing-strategy,publishing strategy,domain,knowledge,sector-specific,key_12906,esco,"The methods, rules, media and tools of publishing content from content management systems in single sources or cross media."
puppet-tools-for-software-configuration-management,Puppet (tools for software configuration management),technical,knowledge,sector-specific,key_6760,esco,"The tool Puppet is a software program to perform configuration identification, control, status accounting and audit."
python-computer-programming,Python (computer programming),technical,knowledge,sector-specific,key_12387,esco,"The techniques and principles of software development, such as analysis, algorithms, coding, testing and compiling of programming paradigms in Python."
qlikview-expressor,QlikView Expressor,technical,knowledge,sector-specific,key_9587,esco,"The computer program QlikView Expressor is a tool for integration of information from multiple applications, created and maintained by organisations, into one consistent and transparent data structure, developed by the software company Qlik."
quality-assurance-methodologies,quality assurance methodologies,technical,knowledge,cross-sector,key_12104,esco,"Quality assurance principles, standard requirements, and the set of processes and activities used for measuring, controlling and ensuring the quality of products and processes."
quality-assurance-procedures,quality assurance procedures,technical,knowledge,cross-sector,key_2197,esco,The procedures to inspect a product or system to ensure that it is according to specifications and requirements.
quality-standards,quality standards,domain,knowledge,cross-sector,key_9001,esco,"The national and international requirements, specifications and guidelines to ensure that products, services and processes are of good quality and fit for purpose."
query-languages,query languages,technical,knowledge,sector-specific,key_9870,esco,The field of standardised computer languages for retrieval of information from a database and of documents containing the needed information.
r,R,technical,knowledge,sector-specific,key_5722,esco,"The techniques and principles of software development, such as analysis, algorithms, coding, testing and compiling of programming paradigms in R."
rage-digital-game-creation-systems,RAGE (digital game creation systems),technical,knowledge,sector-specific,key_1930,esco,"The software framework that consists of integrated development environments and specialised design tools, designed for the rapid iteration of user-derived computer games."
rapid-application-development,Rapid application development,technical,knowledge,sector-specific,key_9540,esco,The rapid application development model is a methodology to design software systems and applications.
read-engineering-drawings,read engineering drawings,technical,skill/competence,cross-sector,key_10871,esco,"Read the technical drawings of a product made by the engineer in order to suggest improvements, make models of the product or operate it."
real-time-computing,real-time computing,technical,knowledge,occupation-specific,key_11629,esco,The ICT hardware and software systems which are bound to respond to input within precisely tight constraints of time
record-test-data,record test data,technical,skill/competence,cross-sector,key_4052,esco,Record data which has been identified specifically during preceding tests in order to verify that outputs of the test produce specific results or to review the reaction of the subject under exceptional or unusual input.
recruit-employees,recruit employees,domain,skill/competence,cross-sector,key_5253,esco,"Hire new employees by scoping the job role, advertising, performing interviews and selecting staff in line with company policy and legislation."
remove-computer-virus-or-malware-from-a-computer,remove computer virus or malware from a computer,technical,skill/competence,cross-sector,key_8472,esco,Carry out actions to remove computer viruses or other types of malware from a computer.
render-3d-images,render 3D images,technical,skill/competence,cross-sector,key_13799,esco,Use specialised tools to convert 3D wire frame models into 2D images with 3D photorealistic effects or non-photorealistic rendering on a computer.
repair-equipment-on-site,repair equipment on site,technical,skill/competence,cross-sector,key_11306,esco,"Identify malfunctions and repair or replace multi-media, audio-visual and computer systems, hardware and equipment on site."
repair-ict-devices,repair ICT devices,technical,skill/competence,sector-specific,key_11071,esco,"Maintain and repair ICT related equipment such as laptops, desktops, tablets, mobile devices, communications equipment, printers and any piece of computer related peripheral. Detect faults, malfunctions and replace parts if necessary."
replicate-customer-software-issues,replicate customer software issues,technical,skill/competence,sector-specific,key_13980,esco,Use specialised tools to replicate and analyse the conditions that caused the set of software states or outputs reported by the customer in order to provide adequate solutions.
report-analysis-results,report analysis results,soft,skill/competence,cross-sector,key_11965,esco,"Produce research documents or give presentations to report the results of a conducted research and analysis project, indicating the analysis procedures and methods which led to the results, as well as potential interpretations of the results."
report-test-findings,report test findings,technical,skill/competence,cross-sector,key_5989,esco,"Report test results with a focus on findings and recommendations, differentiating results by levels of severity. Include relevant information from the test plan and outline the test methodologies, using metrics, tables, and visual methods to clarify where needed."
research-new-ideas,research new ideas,soft,skill/competence,cross-sector,key_5619,esco,Thorough research for information to develop new ideas and concepts for the design of a specific production based.
research-website-users,research website users,technical,skill/competence,cross-sector,key_6425,esco,Record and analyse website traffic by distributing surveys or using e-commerce and analytics. Identify the needs and preferences of target visitors in order to apply marketing strategies to increase website traffic.
resource-description-framework-query-language,resource description framework query language,technical,knowledge,sector-specific,key_9656,esco,The query languages such as SPARQL which are used to retrieve and manipulate data stored in Resource Description Framework format (RDF).
respect-data-protection-principles,respect data protection principles,domain,skill/competence,sector-specific,key_1755,esco,Ensure that access to personal or institutional data conforms to the legal and ethical framework governing such access.
respond-to-incidents-in-cloud,respond to incidents in cloud,technical,skill/competence,sector-specific,key_4969,esco,Troubleshoot issues with the cloud and determine how to restore operations. Design and automate disaster recovery strategies and evaluate a deployment for points of failure.
review-development-process-of-an-organisation,review development process of an organisation,domain,skill/competence,sector-specific,key_12282,esco,"Judge, review and decide on directions of innovation and development processes in an organisation in order to improve efficiency and reduce costs."
rig-3d-characters,rig 3D characters,technical,skill/competence,cross-sector,key_11890,esco,"Set up a skeleton, bound to the 3D mesh, made out of bones and joints that allow the 3D character to be bent into a desired position using specialized ICT tools."
risk-management,risk management,domain,knowledge,cross-sector,key_7364,esco,"The process of identifying, assessing, and prioritising of all types of risks and where they could come from, such as natural causes, legal changes, or uncertainty in any given context, and the methods for dealing with risks effectively."
robotic-components,robotic components,technical,knowledge,cross-sector,key_7981,esco,"The components that can be found in robotic systems, such as microprocessors, electronics, sensors, circuit boards, encoders, servomotors, controllers, pneumatics or hydraulics."
robotics,robotics,technical,knowledge,cross-sector,key_13822,esco,"The branch of engineering that involves the design, operation, manufacture, and application of robots. Robotics is part of mechanical engineering, electrical engineering, and computer science and overlaps with mechatronics and automation engineering."
ruby-computer-programming,Ruby (computer programming),technical,knowledge,sector-specific,key_1940,esco,"The techniques and principles of software development, such as analysis, algorithms, coding, testing and compiling of programming paradigms in Ruby."
run-a-media-server,run a media server,technical,skill/competence,cross-sector,key_4409,esco,Set up and run a media server.
saas-service-oriented-modelling,SaaS (service-oriented modelling),technical,knowledge,sector-specific,key_14173,esco,"The SaaS model consists of principles and fundamentals of service-oriented modelling for business and software systems that allow the design and specification of service-oriented business systems within a variety of architectural styles, such as enterprise architecture."
safeguard-online-privacy-and-identity,safeguard online privacy and identity,technical,skill/competence,cross-sector,key_10245,esco,"Apply methods and procedures to secure private information in digital spaces by limiting the sharing of personal data where possible, through use of passwords and settings on social networks, mobile device apps, cloud storage and other places, while ensuring other people's privacy; protect oneself from online fraud and threats and cyberbullying."
safety-engineering,safety engineering,domain,knowledge,cross-sector,key_12257,esco,"The engineering discipline used to ensure that systems, machines and equipment work according to the set safety standards and laws, such as environmental law."
sakai,Sakai,technical,knowledge,sector-specific,key_10495,esco,"The computer program Sakai is a e-learning platform for creating, administrating, arranging, reporting and delivering e-learning education courses or training programs. It is developed by the software company Apereo."
salt-tools-for-software-configuration-management,Salt (tools for software configuration management),technical,knowledge,sector-specific,key_12077,esco,"The tool Salt is a software program to perform configuration identification, control, status accounting and audit."
samurai-web-testing-framework,Samurai Web Testing Framework,technical,knowledge,sector-specific,key_11385,esco,The linux environment Samurai Web Testing Framework is a specialised penetration testing tool which tests security weaknesses of websites for potentially unauthorised access.
sap-data-services,SAP Data Services,technical,knowledge,sector-specific,key_14753,esco,"The computer program SAP Data Services is a tool for integration of information from multiple applications, created and maintained by organisations, into one consistent and transparent data structure, developed by the software company SAP."
sap-r3,SAP R3,technical,knowledge,sector-specific,key_11415,esco,"The techniques and principles of software development, such as analysis, algorithms, coding, testing and compiling of programming paradigms in SAP R3."
sas-data-management,SAS Data Management,technical,knowledge,sector-specific,key_13674,esco,"The computer program SAS Data Management is a tool for integration of information from multiple applications, created and maintained by organisations, into one consistent and transparent data structure, developed by the software company SAS."
sas-language,SAS language,technical,knowledge,sector-specific,key_1491,esco,"The techniques and principles of software development, such as analysis, algorithms, coding, testing and compiling of programming paradigms in SAS language."
sass,Sass,technical,knowledge,sector-specific,key_2170,esco,"The computer language Sass is a style sheet language that conveys the presentation of structured documents. These documents have to adhere to style sheets, a set of stylistic rules such as font, color and layout."
scala,Scala,technical,knowledge,sector-specific,key_15146,esco,"The techniques and principles of software development, such as analysis, algorithms, coding, testing and compiling of programming paradigms in Scala."
schoology,Schoology,technical,knowledge,sector-specific,key_5208,esco,"The computer program Schoology is a e-learning platform for creating, administrating, arranging, reporting and delivering e-learning education courses or training programs."
scratch-computer-programming,Scratch (computer programming),technical,knowledge,sector-specific,key_12830,esco,"The techniques and principles of software development, such as analysis, algorithms, coding, testing and compiling of programming paradigms in Scratch."
search-databases,search databases,technical,skill/competence,cross-sector,key_10072,esco,Search for information or people using databases.
secure-sensitive-customer-s-information,secure sensitive customer's information,technical,skill/competence,sector-specific,key_14279,esco,Select and apply security measures and regulations related to sensitive customer information with the aim of protecting their privacy.
seek-innovation-in-current-practices,seek innovation in current practices,soft,skill/competence,cross-sector,key_14781,esco,"Search for improvements and present innovative solutions, creativity and alternative thinking to develop new technologies, methods or ideas for and answers to work-related problems."
select-illustration-styles,select illustration styles,technical,skill/competence,sector-specific,key_10179,esco,"Select the appropriate style, medium, and techniques of illustration in line with the needs of the project and client's requests."
sensors,sensors,technical,knowledge,cross-sector,key_7455,esco,"Sensors are transducers that can detect or sense characteristics in their environment. They detect changes in the apparatus or environment and provide a corresponding optical or electrical signal. Sensors are commonly divided in six classes: mechanical, electronic, thermal, magnetic, electrochemical, and optical sensors."
service-oriented-modelling,service-oriented modelling,technical,knowledge,sector-specific,key_8460,esco,"The principles and fundamentals of service-oriented modelling for business and software systems that allow the design and specification of service-oriented business systems within a variety of architectural styles, such as enterprise architecture and application architecture."
set-quality-assurance-objectives,set quality assurance objectives,technical,skill/competence,cross-sector,key_3135,esco,"Define quality assurance targets and procedures and see to their maintenance and continued improvement by reviewing targets, protocols, supplies, processes, equipment and technologies for quality standards."
set-up-animation-elements,set up animation elements,technical,skill/competence,sector-specific,key_8685,esco,"Test and set up characters, props or environments to ensure they appear correctly from all required camera positions and angles."
shiva-digital-game-creation-systems,Shiva (digital game creation systems),technical,knowledge,sector-specific,key_2796,esco,"The cross-platform game engine which is a software framework that consists of integrated development environments and specialised design tools, designed for the rapid iteration of user-derived computer games."
signal-processing,signal processing,technical,knowledge,sector-specific,key_12519,esco,"The algorithms, applications and implementations that deal with the processing and transferring of information through analog or digital frequencies."
simulate-mechatronic-design-concepts,simulate mechatronic design concepts,technical,skill/competence,sector-specific,key_9684,esco,Simulate mechatronic design concepts through creating mechanical models and performing tolerance analysis.
sketchbook-pro,SketchBook Pro,technical,knowledge,sector-specific,key_8551,esco,The computer program SketchBook Pro is a graphical ICT tool which enables digital editing and composition of graphics to generate both 2D raster or 2D vector graphics. It is developed by the software company Autodesk.
smalltalk-computer-programming,Smalltalk (computer programming),technical,knowledge,sector-specific,key_4909,esco,"The techniques and principles of software development, such as analysis, algorithms, coding, testing and compiling of programming paradigms in Smalltalk."
smart-contract,smart contract,technical,knowledge,sector-specific,key_6920,esco,A software program in which the terms of a contract or transaction are directly coded. Smart contracts are executed automatically upon fulfilment of the terms and therefore require no third party to oversee and register the contract or transaction.
social-media-marketing-techniques,social media marketing techniques,domain,knowledge,cross-sector,key_5664,esco,The marketing methods and strategies used to increase attention and website traffic through social media channels.
software-anomalies,software anomalies,technical,knowledge,sector-specific,key_4951,esco,"The deviations of what is standard and exceptional events during software system performance, identification of incidents that can alter the flow and the process of system execution."
software-architecture-models,software architecture models,technical,knowledge,sector-specific,key_3217,esco,"The set of structures and models needed to understand or describe the software system, including the software elements, the relations between them and the properties of both elements and relations."
software-components-libraries,software components libraries,technical,knowledge,sector-specific,key_5191,esco,"The software packages, modules, web services and resources that cover a set of related functions and the databases where these reusable components can be found."
software-components-suppliers,software components suppliers,domain,knowledge,sector-specific,key_13729,esco,The suppliers who can deliver the required software components.
software-design-methodologies,software design methodologies,technical,knowledge,sector-specific,key_9148,esco,"The methodologies such as Scrum, V-model and Waterfall to design software systems and applications."
software-frameworks,software frameworks,technical,knowledge,sector-specific,key_3244,esco,The software development environments or tools used to improve the efficiency of new software development by providing specific features that support and guide the development.
software-interaction-design,software interaction design,technical,knowledge,sector-specific,key_13288,esco,The methodologies for designing interaction between users and a software product or service to satisfy the needs and preferences of most of the people who will interface with the product and to simplify the communication between product and user such as Goal-oriented design.
software-metrics,software metrics,technical,knowledge,sector-specific,key_14883,esco,The metrics that measure a characteristic of the software system in order to determine the development of the software and evaluate it.
software-ui-design-patterns,software UI design patterns,technical,knowledge,sector-specific,key_2125,esco,The reusable solutions and formalised best practices to solve common user interface tasks in software development and design.
solder-electronics,solder electronics,technical,skill/competence,cross-sector,key_3376,esco,"Operate and use soldering tools and soldering iron, which supply high temperatures to melt the solder and to join electronic components."
solidity,Solidity,technical,knowledge,sector-specific,key_6549,esco,"The techniques and principles of software development, such as analysis, algorithms, coding, testing and compiling of programming paradigms in Solidity."
solution-deployment,solution deployment,technical,knowledge,sector-specific,key_2855,esco,"The technologies and standards to be used during the installation, deployment and maintenance of software characteristics."
solve-ict-system-problems,solve ICT system problems,technical,skill/competence,cross-sector,key_9916,esco,"Identify potential component malfunctions. Monitor, document and communicate about incidents. Deploy appropriate resources with minimal outage and deploy appropriate diagnostic tools."
solve-location-and-navigation-problems-by-using-gps-tools,solve location and navigation problems by using GPS tools,technical,skill/competence,sector-specific,key_7363,esco,"Use applications and devices which provide users with accurate assessment of their location using system of satellites, such as navigation systems."
solve-technical-problems,solve technical problems,technical,skill/competence,cross-sector,key_2354,esco,"Identify technical problems when operating devices and using digital environments, and solve them (from trouble-shooting to solving more complex problems)."
source-digital-game-creation-systems,Source (digital game creation systems),technical,knowledge,sector-specific,key_12161,esco,"The game engine Source which is a software framework that consists of integrated development environments and specialised design tools, designed for the rapid iteration of user-derived computer games."
sparql,SPARQL,technical,knowledge,sector-specific,key_6401,esco,The computer language SPARQL is a query language for retrieval of information from a database and of documents containing the needed information. It is developed by the international standards organisation World Wide Web Consortium.
speak-different-languages,speak different languages,soft,skill/competence,cross-sector,key_3800,esco,Master foreign languages to be able to communicate in one or more foreign languages.
specify-digital-game-scenes,specify digital game scenes,technical,skill/competence,occupation-specific,key_10498,esco,"Describe scenes of digital games by communicating and cooperating with artistic crew, designers and artists in order to define the scope of the game's virtual environments."
spelling,spelling,soft,knowledge,cross-sector,key_11552,esco,The rules concerning the way words are spelled.
spiral-development,Spiral development,technical,knowledge,sector-specific,key_5189,esco,The spiral development model is a methodology to design software systems and applications.
sql,SQL,technical,knowledge,sector-specific,key_6161,esco,The computer language SQL is a query language for retrieval of information from a database and of documents containing the needed information. It is developed by the American National Standards Institute and the International Organization for Standardization.
sql-server,SQL Server,technical,knowledge,sector-specific,key_11671,esco,"The computer program SQL Server is a tool for creating, updating and managing databases, developed by the software company Microsoft."
sql-server-integration-services,SQL Server Integration Services,technical,knowledge,sector-specific,key_7389,esco,"The computer program SQL Server Integration Services is a tool for integration of information from multiple applications, created and maintained by organisations, into one consistent and transparent data structure, developed by the software company Microsoft."
staf,STAF,technical,knowledge,sector-specific,key_7076,esco,"The tool STAF is a software program to perform configuration identification, control, status accounting and audit."
statistical-analysis-system-software,statistical analysis system software,technical,knowledge,cross-sector,key_10706,esco,"Specific software system (SAS) used for advanced analytics, business intelligence, data management, and predictive analytics."
statistical-process-control,statistical process control,technical,knowledge,cross-sector,key_1920,esco,Method of quality control that uses statistics to monitor processes.
statistics,statistics,technical,knowledge,cross-sector,key_8223,esco,"The study of statistical theory, methods and practices such as collection, organisation, analysis, interpretation and presentation of data. It deals with all aspects of data including the planning of data collection in terms of the design of surveys and experiments in order to forecast and plan work-related activities."
store-digital-data-and-systems,store digital data and systems,technical,skill/competence,cross-sector,key_6602,esco,"Use software tools to archive data by copying and backing them up, in order to ensure their integrity and to prevent data loss."
structure-information,structure information,technical,skill/competence,cross-sector,key_12372,esco,Organise information using systematic methods such as mental models and according to given standards in order to facilitate user information processing and understanding with respect to the specific requirements and characteristics of the output media.
study-website-behaviour-patterns,study website behaviour patterns,technical,skill/competence,cross-sector,key_7410,esco,"Research, analyse and optimise business results and user experience online through the use of tracking website metric tools."
style-sheet-languages,style sheet languages,technical,knowledge,cross-sector,key_11798,esco,"The field of computer language that conveys the presentation of structured documents such as Cascading Style Sheets (CSS). These documents have to adhere to style sheets, a set of stylistic rules such as font, color and layout."
supervise-daily-information-operations,supervise daily information operations,soft,skill/competence,cross-sector,key_9155,esco,Direct daily operations of different units. Coordinate program/project activities to assure the respect of costs and time.
supervise-staff,supervise staff,soft,skill/competence,cross-sector,key_9490,esco,"Oversee the selection, training, performance and motivation of staff."
supervise-work,supervise work,soft,skill/competence,cross-sector,key_10941,esco,Direct and supervise the day-to-day activities of subordinate personnel.
supplier-management,supplier management,domain,knowledge,sector-specific,key_15050,esco,"The methods and techniques to ensure that external services and configuration items, which are necessary for the service delivery, are available as requested and as agreed at the service level."
supply-chain-management,supply chain management,domain,knowledge,cross-sector,key_14768,esco,"The flow of goods in the supply chain, movement and storage of raw materials, work-in-process inventory, and finished goods from point of origin to point of consumption."
support-a-designer-in-the-developing-process,support a designer in the developing process,soft,skill/competence,sector-specific,key_8868,esco,Support designers in the course of the developing process.
support-ict-system-users,support ICT system users,technical,skill/competence,sector-specific,key_13136,esco,"Communicate with end users, instruct them on how to progress with tasks, use ICT support tools and methods to solve problems and identify possible side effects and provide solutions."
swift-computer-programming,Swift (computer programming),technical,knowledge,sector-specific,key_11570,esco,"The techniques and principles of software development, such as analysis, algorithms, coding, testing and compiling of programming paradigms in Swift."
synchronise-sound-with-images,synchronise sound with images,technical,skill/competence,sector-specific,key_8323,esco,Synchronise recorded sound with footage.
synfig,Synfig,technical,knowledge,sector-specific,key_10879,esco,The computer program Synfig is a graphical ICT tool which enables digital editing and composition of graphics to generate both 2D raster or 2D vector graphics. It is developed by Robert Quattlebaum.
synthesise-information,synthesise information,soft,skill/competence,cross-sector,key_14653,esco,"Critically read, interpret, and summarize new and complex information from diverse sources."
system-backup-best-practice,system backup best practice,technical,knowledge,cross-sector,key_5168,esco,The procedures related to preparing for recovery or continuation of technology infrastructure vital to an organisation.
systems-development-life-cycle,systems development life-cycle,technical,knowledge,cross-sector,key_1781,esco,"The sequence of steps, such as planning, creating, testing and deploying and the models for the development and life-cycle management of a system."
systems-theory,systems theory,domain,knowledge,sector-specific,key_12433,esco,"The principles that can be applied to all types of systems at all hierarchical levels, which describe the system's internal organisation, its mechanisms of maintaining identity and stability and achieving adaptation and self-regulation and its dependencies and interaction with the environment."
systems-thinking,systems thinking,soft,knowledge,occupation-specific,key_2100,esco,"The integrated approach to understanding how various constituents of a system interrelate, interact and influence one another within a whole logistic system."
taleo,Taleo,technical,knowledge,sector-specific,key_12999,esco,"The computer program Taleo is a e-learning platform for creating, administrating, arranging, reporting and delivering e-learning education courses or training programs."
task-algorithmisation,task algorithmisation,technical,knowledge,cross-sector,key_7658,esco,The techniques to convert unstructured descriptions of a process into step-by-step sequence of actions of a finite number of steps.
teach-computer-science,teach computer science,technical,skill/competence,sector-specific,key_11254,esco,"Instruct students in the theory and practice of computer science, more specifically in the development of software systems, programming languages, artificial intelligence, and software security."
teach-digital-literacy,teach digital literacy,technical,skill/competence,cross-sector,key_12168,esco,"Instruct students in the theory and practice of (basic) digital and computer competency, such as typing efficiently, working with basic online technologies, and checking email. This also includes coaching students in the proper use of computer hardware equipment and software programmes."
teamwork-principles,teamwork principles,soft,knowledge,cross-sector,key_10308,esco,"The cooperation between people characterised by a unified commitment to achieving a given goal, participating equally, maintaining open communication, facilitating effective usage of ideas etc."
technical-drawings,technical drawings,technical,knowledge,cross-sector,key_6182,esco,"Drawing software and the various symbols, perspectives, units of measurement, notation systems, visual styles and page layouts used in technical drawings."
telecommunication-industry,telecommunication industry,domain,knowledge,cross-sector,key_6577,esco,"The major players on the telecommunications market such as organisations manufacturing and distributing telephone terminal equipment, mobile devices, accessibility, and network security."
telecommunication-trunking,telecommunication trunking,technical,knowledge,sector-specific,key_5571,esco,The method of providing network access to many clients while keeping smaller number of connection components by grouping and sharing connection circuits and frequencies.
teradata-database,Teradata Database,technical,knowledge,sector-specific,key_13074,esco,"The computer program Teradata Database is a tool for creating, updating and managing databases, developed by the software company Teradata Corporation."
test-hardware,test hardware,technical,skill/competence,cross-sector,key_5797,esco,"Test computer hardware systems and components using appropriate equipment and testing methods, such as the system test (ST), the ongoing reliability test (ORT), and the in-circuit test (ICT). Monitor and evaluate system performance and take action if needed."
test-ict-queries,test ICT queries,technical,skill/competence,occupation-specific,key_13538,esco,Assess that developed queries return and execute correct actions and data.
test-mechatronic-units,test mechatronic units,technical,skill/competence,sector-specific,key_7215,esco,Test mechatronic units using appropriate equipment. Gather and analyse data. Monitor and evaluate system performance and take action if needed.
test-microelectronics,test microelectronics,technical,skill/competence,sector-specific,key_7924,esco,Test microelectronics using appropriate equipment. Gather and analyse data. Monitor and evaluate system performance and take action if needed.
test-power-electronics,test power electronics,technical,skill/competence,occupation-specific,key_4178,esco,"Test power electronics using appropriate equipment. Gather and analyse data on systems and components, such as analogue and digital circuit tolerance, power losses and overall efficiency as electricity works its way through circuits. Monitor and evaluate system performance and take action if needed."
test-printed-circuit-boards,test printed circuit boards,technical,skill/competence,sector-specific,key_12641,esco,"Test the printed circuit board with special testing adapters to ensure optimal efficiency, functionality, and that everything works according to design. Adapt the testing devices to the type of circuit board."
test-system-accessibility-for-users-with-special-needs,test system accessibility for users with special needs,technical,skill/competence,sector-specific,key_11564,esco,Examine whether software interface complies with standards and regulations so that the system can be used by people with special needs.
test-wireless-devices,test wireless devices,technical,skill/competence,occupation-specific,key_6678,esco,"Analyse and test wireless devices and digital platforms that use power management integrated circuits (PMIC), radio frequency integrated circuits (RFIC) or wireless chipsets."
thc-hydra,THC Hydra,technical,knowledge,sector-specific,key_14414,esco,The package THC Hydra is a parallelized login cracker which tests security weaknesses of the systems' protocols for potentially unauthorised access to system information. The main features include network logon cracker and passwords reading and printing.
think-abstractly,think abstractly,soft,skill/competence,cross-sector,key_9719,esco,"Demonstrate the ability to use concepts in order to make and understand generalisations, and relate or connect them to other items, events, or experiences."
tolerate-stress,tolerate stress,soft,skill/competence,sector-specific,key_12604,esco,Maintain a temperate mental state and effective performance under pressure or adverse circumstances.
tools-for-ict-test-automation,tools for ICT test automation,technical,knowledge,sector-specific,key_7709,esco,"The specialised software to execute or control tests and compare predicted testing outputs with actual testing results such as Selenium, QTP and LoadRunner"
tools-for-software-configuration-management,tools for software configuration management,technical,knowledge,sector-specific,key_9878,esco,"The software programs to perform configuration identification, control, status accounting and audit, such as CVS, ClearCase, Subversion, GIT and TortoiseSVN perform this management."
track-key-performance-indicators,track key performance indicators,domain,skill/competence,cross-sector,key_9022,esco,"Identify the quantifiable measures that a company or industry uses to gauge or compare performance in terms of meeting their operational and strategic goals, using preset performance indicators."
train-employees,train employees,soft,skill/competence,cross-sector,key_13655,esco,Lead and guide employees through a process in which they are taught the necessary skills for the perspective job. Organise activities aimed at introducing the work and systems or improving the performance of individuals and groups in organisational settings.
training-subject-expertise,training  subject expertise,soft,knowledge,cross-sector,key_5592,esco,"The topic, content and methods of the training, acquired by doing research and following training courses."
translate-artistic-concepts-to-technical-designs,translate artistic concepts to technical designs,technical,skill/competence,cross-sector,key_8768,esco,Cooperate with the artistic team in order to facilitate the transition from the creative vision and its artistic concepts to a technical design.
translate-requirement-concepts-into-content,translate requirement concepts into content,technical,skill/competence,sector-specific,key_1999,esco,Develop digital content by following given requirements and guidelines.
translate-requirements-into-visual-design,translate requirements into visual design,technical,skill/competence,cross-sector,key_3767,esco,"Develop visual design from given specifications and requirements, based on the analysis of the scope and target audience. Create a visual representation of ideas such as logos, website graphics, digital games and layouts."
transmission-technology,transmission technology,technical,knowledge,cross-sector,key_7523,esco,"Technologies that allow the transmission of analogue or digital information signals over a point-to-point or a point-to-multipoint through the use of communication channels or transmission media, such as optical fibre, copper wire, or wireless communication channels. The information or data are usually transmitted as an electromagnetic signal, such as radio waves or microwaves."
trigonometry,trigonometry,technical,knowledge,sector-specific,key_8837,esco,The subdiscipline of mathematics which explores relationships among angles and lengths of triangles.
triplestore,TripleStore,technical,knowledge,sector-specific,key_5538,esco,The RDF store or TripleStore is a database used for storage and retrieval of Resource Description Framework triples (subject-predicate-object data entities) which can be accessed by semantic queries.
troubleshoot,troubleshoot,soft,skill/competence,cross-sector,key_4094,esco,"Identify operating problems, decide what to do about it and report accordingly."
troubleshoot-website,troubleshoot website,technical,skill/competence,occupation-specific,key_13493,esco,"Detect the flaws and malfunctions of a website. Apply troubleshooting techniques on content, structure, interface and interactions in order to find the causes and solve the malfunctions."
types-of-audiovisual-formats,types of audiovisual formats,technical,knowledge,cross-sector,key_11554,esco,"Various audio and video formats, including digital."
types-of-electronics,types of electronics,technical,knowledge,cross-sector,key_5787,esco,"The different categories of electronics, such as consumer electronics, medical devices, microelectronics, computers, information and communication equipment, and measuring equipment."
typescript,TypeScript,technical,knowledge,sector-specific,key_8619,esco,"The techniques and principles of software development, such as analysis, algorithms, coding, testing and compiling of programming paradigms in TypeScript."
typography,typography,technical,knowledge,cross-sector,key_1655,esco,The procedure of arranging written texts for printing processes.
understand-artistic-concepts,understand artistic concepts,soft,skill/competence,sector-specific,key_2455,esco,"Interpret an artist's explanation or demonstration of their artistic concepts, inceptions and processes and strive to share their vision."
unified-modelling-language,unified modelling language,technical,knowledge,sector-specific,key_7506,esco,The general-purpose modelling language used in software development to offer a standard visualisation of system designs.
unity-digital-game-creation-systems,Unity (digital game creation systems),technical,knowledge,sector-specific,key_12625,esco,"The game engine Unity which is a software framework that consists of integrated development environments and specialised design tools, designed for the rapid iteration of user-derived computer games."
unreal-engine,Unreal Engine,technical,knowledge,sector-specific,key_10857,esco,"The game engine Unreal Engine which is a software framework that consists of integrated development environments and specialised design tools, designed for the rapid iteration of user-derived computer games."
unstructured-data,unstructured data,technical,knowledge,sector-specific,key_11999,esco,The information that is not arranged in a pre-defined manner or does not have a pre-defined data model and is difficult to understand and find patterns in without using techniques such as data mining.
update-budget,update budget,domain,skill/competence,sector-specific,key_5447,esco,Make sure that a given budget remains up to date using most recent and most accurate information. Anticipate possible variations and ensure that the set budgetary goals can be reached within the given context.
upgrade-firmware,upgrade firmware,technical,skill/competence,cross-sector,key_5589,esco,"Update basic or integrated software included in devices, network components and embedded systems."
usability-engineering,usability engineering,technical,knowledge,sector-specific,key_9484,esco,The methods of assessing usability and deriving structured recommendations from the results of an usability test with respect to user needs and behaviours in order to achieve efficient and elegant user interface design.
use-access-control-software,use access control software,technical,skill/competence,sector-specific,key_6400,esco,"Utilise software to define the roles and manage user authentication, privileges and access rights to ICT systems, data and services."
use-an-application-specific-interface,use an application-specific interface,technical,skill/competence,sector-specific,key_1492,esco,Understand and use interfaces particular to an application or use case.
use-audio-reproduction-software,use audio reproduction software,technical,skill/competence,sector-specific,key_11481,esco,"Operate software and equipment that transform and reproduce digital, analogue sounds and sound waves into the desired perceivable audio to be streamed."
use-automatic-programming,use automatic programming,technical,skill/competence,sector-specific,key_8120,esco,"Utilise specialised software tools to generate computer code from specifications, such as diagrams, structured informations or other means of describing functionality."
use-back-up-and-recovery-tools,use back-up and recovery tools,technical,skill/competence,cross-sector,key_8448,esco,"Use tools which allow users to copy and archive computer software, configurations and data and recover them in case of loss."
use-cad-software,use CAD software,technical,skill/competence,cross-sector,key_11003,esco,"Use computer-aided design (CAD) systems to assist in the creation, modification, analysis, or optimisation of a design."
use-cam-software,use CAM software,technical,skill/competence,cross-sector,key_7976,esco,"Use computer-aided manufacturing (CAM) programmes to control machinery and machine tools in the creation, modification, analysis, or optimisation as part of the manufacturing processes of workpieces."
use-computer-aided-engineering-systems,use computer-aided engineering systems,technical,skill/competence,cross-sector,key_4561,esco,Use computer-aided engineering software to conduct stress analyses on engineering designs.
use-concurrent-programming,use concurrent programming,technical,skill/competence,sector-specific,key_3297,esco,"Utilise specialised ICT tools to create programs that can execute concurrent operations by splitting programs into parallel processes and, once computed, combining the outcomes together."
use-consulting-techniques,use consulting techniques,soft,skill/competence,cross-sector,key_4825,esco,Advise clients in different personal or professional matters.
use-content-management-system-software,use content management system software,technical,skill/competence,cross-sector,key_6008,esco,"Use software that allows publishing, editing and modifying content as well as maintenance from a central interface."
use-creative-suite-software,use creative suite software,technical,skill/competence,occupation-specific,key_2754,esco,Use a creative software suite such as ''Adobe'' to aid in graphic designing.
use-customer-relationship-management-software,use customer relationship management software,technical,skill/competence,cross-sector,key_9621,esco,"Use specialised software to manage company’s interactions with current and future customers. Organise, automate and synchronise sales, marketing, customer service, and technical support, to increase targeted sales."
use-data-processing-techniques,use data processing techniques,technical,skill/competence,cross-sector,key_2732,esco,"Gather, process and analyse relevant data and information, properly store and update data and represent figures and data using charts and statistical diagrams."
use-databases,use databases,technical,skill/competence,cross-sector,key_4990,esco,"Use software tools for managing and organising data in a structured environment which consists of attributes, tables and relationships in order to query and modify the stored data."
use-different-communication-channels,use different communication channels,soft,skill/competence,cross-sector,key_4832,esco,"Make use of various types of communication channels such as verbal, handwritten, digital and telephonic communication with the purpose of constructing and sharing ideas or information."
use-digital-illustration-techniques,use digital illustration techniques,technical,skill/competence,sector-specific,key_9149,esco,Create drawings using digital illustration programmes and techniques.
use-e-procurement,use e-procurement ,domain,skill/competence,sector-specific,key_11439,esco,"Use digital procurement technologies and e-procurement applications and tools in order to reduce administrative burden, improve efficiency, and strengthen transparency and accountability of procurement procedures."
use-experience-map,use experience map,technical,skill/competence,sector-specific,key_1607,esco,"Examine all the interactions and touchpoints people have with a product, brand or service. Determine key variables such as duration and frequency of every touchpoint."
use-functional-programming,use functional programming,technical,skill/competence,sector-specific,key_12705,esco,"Utilise specialised ICT tools to create computer code which treats computation as the evaluation of mathematical functions and seeks to avoid state and mutable data. Use programming languages which support this method such as LISP, PROLOG and Haskell."
use-ict-ticketing-system,use ICT ticketing system,technical,skill/competence,cross-sector,key_6763,esco,"Utilise a specialised system to track registration, processing and resolution of issues in an organisation by assigning each of these issues a ticket, registering inputs from involved persons, tracking changes and displaying the status of the ticket, until it is completed."
use-interface-description-language,use interface description language,technical,skill/competence,occupation-specific,key_1794,esco,Utilise specification language for describing interface connection among software components or programs in a programming-language-independent way. The languages which support this method are among others CORBA and WSDL.
use-it-tools,use IT tools,technical,skill/competence,cross-sector,key_14605,esco,"Application of computers, computer networks and other information technologies and equipment to storing, retrieving, transmitting and manipulating data, in the context of a business or enterprise."
use-logic-programming,use logic programming,technical,skill/competence,sector-specific,key_3714,esco,"Utilise specialised ICT tools to create computer code composed of series of sentences in logical form, expressing rules and facts about some problem domain. Use programming languages which support this method such as Prolog, Answer Set Programming and Datalog."
use-markup-languages,use markup languages,technical,skill/competence,sector-specific,key_1829,esco,"Utilise computer languages that are syntactically distinguishable from the text, to add annotations to a document, specify layout and process types of documents such as HTML."
use-methodologies-for-user-centered-design,use methodologies for user-centered design,technical,skill/competence,sector-specific,key_7605,esco,"Use design methodologies in which the needs, wishes and limitations of end users of a product, service or process are given extensive attention at each stage of the design process."
use-object-oriented-programming,use object-oriented programming,technical,skill/competence,sector-specific,key_6280,esco,"Utilise specialised ICT tools for programming paradigm based on the concept of objects, which can contain data in the form of fields and code in the form of procedures. Use programming languages which support this method such as JAVA and C++."
use-personal-organization-software,use personal organization software,soft,skill/competence,cross-sector,key_15040,esco,"Use software tools, such as calendars, to-do lists, time-tracking, contact lists, to help in managing personal efficiency."
use-polygonal-modelling,use polygonal modelling,technical,skill/competence,occupation-specific,key_4087,esco,Represent 3D models by using line segments to connect vertices in order to create polygonal mesh on surfaces.
use-presentation-software,use presentation software,technical,skill/competence,cross-sector,key_3162,esco,"Use software tools to create digital presentations which combine various elements, such as graphs, images, text and other multimedia."
use-query-languages,use query languages,technical,skill/competence,sector-specific,key_7747,esco,Retrieve information from a database or information system using computer languages designed for the retrieval of data.
use-scripting-programming,use scripting programming,technical,skill/competence,sector-specific,key_6457,esco,"Utilise specialised ICT tools to create computer code that is interpreted by the corresponding run-time environments in order to extend applications and automate common computer operations. Use programming languages which support this method such as Unix Shell scripts, JavaScript, Python and Ruby."
use-session-border-controller,use session border controller,technical,skill/competence,sector-specific,key_13971,esco,Manage calls during a given voice over Internet Protocol (VoIP) session and ensure security and quality of service by operating a session border controller (SBC).
use-software-design-patterns,use software design patterns,technical,skill/competence,sector-specific,key_3663,esco,"Utilise reusable solutions, formalised best practices, to solve common ICT development tasks in software development and design."
use-software-for-data-preservation,use software for data preservation,technical,skill/competence,cross-sector,key_4553,esco,Utilise specialised applications and software to collect and preserve digital information.
use-software-libraries,use software libraries,technical,skill/competence,sector-specific,key_8916,esco,Utilise collections of codes and software packages which capture frequently used routines to help programmers simplify their work.
use-specialised-design-software,use specialised design software,technical,skill/competence,cross-sector,key_4541,esco,Developing new designs mastering specialised software.
use-spreadsheets-software,use spreadsheets software,technical,skill/competence,cross-sector,key_2616,esco,"Use software tools to create and edit tabular data to carry out mathematical calculations, organise data and information, create diagrams based on data and to retrieve them."
use-storyboards,use storyboards,technical,skill/competence,sector-specific,key_10227,esco,"Use a graphic presentation to convey, shot by shot, your creative vision and ideas on how a motion picture should look in terms of light, sound, visuals, costumes or make-up."
use-technical-documentation,use technical documentation,technical,skill/competence,cross-sector,key_12536,esco,Understand and use technical documentation in the overall technical process.
use-technical-drawing-software,use technical drawing software,technical,skill/competence,cross-sector,key_5870,esco,Create technical designs and technical drawings using specialised software.
use-traditional-illustration-techniques,use traditional illustration techniques,technical,skill/competence,sector-specific,key_4044,esco,"Create drawings using traditional illustration techniques such as watercolour, pen and ink, airbrush art, oil painting, pastels, wood engraving, and linoleum cuts."
use-word-processing-software,use word processing software,technical,skill/competence,cross-sector,key_8356,esco,"Use computer software applications for composition, editing, formatting, and printing of any sort of written material."
utilise-computer-aided-software-engineering-tools,utilise computer-aided software engineering tools,technical,skill/competence,sector-specific,key_2509,esco,"Use software tools (CASE) to support the development lifecycle, design and implementation of software and applications of high-quality that can be easily maintained."
utilise-content-types,utilise content types,technical,skill/competence,cross-sector,key_7532,esco,"Use MIME types and subtypes as standard identifier to indicate the type of data that a file contains such as the type of link, object, script and style elements and the media type."
utilise-decision-support-system,utilise decision support system,technical,skill/competence,sector-specific,key_13335,esco,Use the available ICT systems that can be used to support business or organisational decision making.
utilise-machine-learning,utilise machine learning,technical,skill/competence,sector-specific,key_8476,esco,"Use techniques and algorithms that are able to extract mastery out of data, learn from it and make predictions, to be used for program optimisation, application adaptation, pattern recognition, filtering, search engines and computer vision."
utilise-regular-expressions,utilise regular expressions,technical,skill/competence,occupation-specific,key_7050,esco,Combine characters from a specific alphabet using well defined rules to generate character strings that can be used to describe a language or a pattern.
vagrant,Vagrant,technical,knowledge,sector-specific,key_7144,esco,"The tool Vagrant is a software program to perform configuration identification, control, status accounting and audit."
vbscript,VBScript,technical,knowledge,sector-specific,key_13232,esco,"The techniques and principles of software development, such as analysis, algorithms, coding, testing and compiling of programming paradigms in VBScript."
verify-formal-ict-specifications,verify formal ICT specifications,technical,skill/competence,sector-specific,key_14142,esco,"Check capabilities, correctness and efficiency of intended algorithm or system to match certain formal specifications."
visual-presentation-techniques,visual presentation techniques,technical,knowledge,sector-specific,key_4165,esco,"The visual representation and interaction techniques, such as histograms, scatter plots, surface plots, tree maps and parallel coordinate plots, that can be used to present abstract numerical and non-numerical data, in order to reinforce the human understanding of this information."
visual-studio-net,Visual Studio .NET,technical,knowledge,sector-specific,key_2302,esco,"The techniques and principles of software development, such as analysis, algorithms, coding, testing and compiling of programming paradigms in Visual Basic."
vyper,Vyper,technical,knowledge,sector-specific,key_5841,esco,"The techniques and principles of software development, such as analysis, algorithms, coding, testing and compiling of programming paradigms in Vyper."
waterfall-development,Waterfall development,technical,knowledge,sector-specific,key_7109,esco,The waterfall development model is a methodology to design software systems and applications.
web-analytics,web analytics,technical,knowledge,cross-sector,key_2441,esco,"The characteristics, tools and techniques for measurement, collection, analysis and reporting of web data to get information on the users' behaviour and to improve the performance of a website."
web-application-security-threats,web application security threats,technical,knowledge,sector-specific,key_9159,esco,"The attacks, vectors, emergent threats on websites, web applications and web services, the rankings of their severity identified by dedicated communities such as OWASP."
web-programming,web programming,technical,knowledge,sector-specific,key_7067,esco,"The programming paradigm that is based on combining markup (which adds context and structure to text) and other web programming code, such as AJAX, javascript and PHP, in order to carry out appropriate actions and visualise the content."
web-strategy-assessment,web strategy assessment,domain,knowledge,sector-specific,key_10240,esco,Techniques for conducting a deep analysis of a company's web presence.
webcms,WebCMS,technical,knowledge,sector-specific,key_6326,esco,"The web-based software systems used for creating, editing, publishing and archiving blogs, articles, web pages or press releases which are mostly managed by users with limited web programming knowledge."
whitehat-sentinel,WhiteHat Sentinel,technical,knowledge,sector-specific,key_13776,esco,"The computer program WhiteHat Sentinel is a specialised ICT tool which tests security weaknesses of the system for potentially unauthorised access to system information, developed by the software company WhiteHat Security."
windows-phone,Windows Phone,technical,knowledge,sector-specific,key_9516,esco,"The system software Windows Phone consists of features, restrictions, architectures and other characteristics of operating systems designed to run on mobile devices."
wireshark,Wireshark,technical,knowledge,sector-specific,key_9130,esco,"The Wireshark tool is a penetration testing tool which evaluates security weaknesses, analysing network protocols through deep protocol inspection, live capture, display filters, offline analysis, VoIP analysis, protocol decryption."
wiziq,WizIQ,technical,knowledge,sector-specific,key_1679,esco,"The computer program WizIQ is a e-learning platform for creating, administrating, arranging, reporting and delivering e-learning education courses or training programs."
wordpress,WordPress,technical,knowledge,sector-specific,key_7266,esco,"The open-source web-based software systems used for creating, editing, publishing and archiving blogs, articles, web pages or press releases which are mostly managed by users with limited web programming knowledge."
work-with-virtual-learning-environments,work with virtual learning environments,technical,skill/competence,cross-sector,key_11227,esco,Incorporate the use of online learning environments and platforms into the process of instruction.
world-wide-web-consortium-standards,World Wide Web Consortium standards,technical,knowledge,cross-sector,key_8628,esco,"The standards, technical specifications and guidelines developed by the international organisation World Wide Web Consortium (W3C) which allow the design and development of web applications."
write-database-documentation,write database documentation,technical,skill/competence,sector-specific,key_6803,esco,Develop documentation containing information about the database that is relevant to end users.
write-technical-reports,write technical reports,soft,skill/competence,cross-sector,key_9373,esco,Compose technical customer reports understandable for people without technical background.
write-work-related-reports,write work-related reports,soft,skill/competence,cross-sector,key_9250,esco,Compose work-related reports that support effective relationship management and a high standard of documentation and record keeping. Write and present results and conclusions in a clear and intelligible way so they are comprehensible to a non-expert audience.
xcode,Xcode,technical,knowledge,sector-specific,key_5002,esco,"The computer program Xcode is a suite of software development tools for writing programs, such as compiler, debugger, code editor, code highlights, packaged in a unified user interface. It is developed by the software company Apple."
xquery,XQuery,technical,knowledge,sector-specific,key_4730,esco,The computer language XQuery is a query language for retrieval of information from a database and of documents containing the needed information. It is developed by the international standards organisation World Wide Web Consortium.
